{"type":"Topology","arcs":[[[610,431],[-14,-57]],[[596,374],[-55,70]],[[541,444],[13,11]],[[554,455],[56,-24]],[[566,363],[-21,-35]],[[545,328],[-33,4]],[[512,332],[-61,37]],[[451,369],[-6,63]],[[445,432],[49,-8],[22,23],[52,-51],[-2,-33]],[[393,217],[-36,-83]],[[357,134],[-23,55]],[[334,189],[13,94]],[[347,283],[13,9]],[[360,292],[33,-75]],[[385,458],[-53,-77]],[[332,381],[5,-17]],[[337,364],[-61,20],[-11,62]],[[265,446],[72,105]],[[337,551],[48,-93]],[[431,243],[17,-107]],[[448,136],[-64,-40]],[[384,96],[-11,6]],[[373,102],[-16,32]],[[393,217],[38,26]],[[373,102],[-24,-34]],[[349,68],[4,-43]],[[353,25],[-25,-25],[-83,65],[-17,44]],[[228,109],[65,91]],[[293,200],[41,-11]],[[438,445],[7,-13]],[[451,369],[-94,-40]],[[357,329],[-25,52]],[[385,458],[53,-13]],[[189,346],[4,-19]],[[193,327],[-39,-41]],[[154,286],[-11,0]],[[143,286],[-64,8]],[[79,294],[13,105],[82,11]],[[174,410],[15,-64]],[[293,200],[-19,80]],[[274,280],[73,3]],[[143,286],[-19,-58],[7,-122]],[[131,106],[-131,9],[18,103],[61,76]],[[193,327],[81,-47]],[[228,109],[-37,-23]],[[191,86],[-5,149],[-32,51]],[[533,165],[25,-35]],[[558,130],[-8,-17]],[[550,113],[-34,20],[-100,-81],[-32,44]],[[448,136],[85,29]],[[550,113],[-74,-68],[-84,2]],[[392,47],[-43,21]],[[1068,361],[-17,-136],[-200,-30],[-69,10]],[[782,205],[-156,75],[-65,-28]],[[561,252],[-16,76]],[[566,363],[30,11]],[[610,431],[53,-48],[39,29],[106,-56],[260,5]],[[392,47],[-39,-22]],[[512,332],[-81,-89]],[[360,292],[-3,37]],[[191,86],[-60,20]],[[189,346],[121,-15],[27,33]],[[174,410],[91,36]],[[625,715],[8,-93],[-23,-85]],[[610,537],[-122,-9],[-89,66]],[[399,594],[-54,59],[78,85]],[[423,738],[78,-40],[92,39],[32,-22]],[[782,205],[-100,-95],[-124,20]],[[533,165],[28,87]],[[702,1002],[-62,-17],[9,-87],[-24,-183]],[[423,738],[-40,65],[12,110],[93,20],[31,34],[115,40],[68,-5]],[[610,537],[-56,-82]],[[541,444],[-20,9],[-31,-19],[-52,11]],[[337,551],[62,43]],[[702,1002],[113,0],[34,-81],[169,-53],[16,-135],[46,-216],[-12,-156]]],"transform":{"scale":[0.0006118743703703339,0.0005545386425024477],"translate":[120.68703221300007,14.709949052000068]},"objects":{"municities-provdist-301400000":{"type":"GeometryCollection","geometries":[{"arcs":[[[0,1,2,3]],[[4,5,6,7,8]]],"type":"MultiPolygon","properties":{"adm1_psgc":300000000,"adm2_psgc":301400000,"adm3_psgc":301401000,"adm3_en":"Angat","geo_level":"Mun","len_crs":61524,"area_crs":49424835,"len_km":61,"area_km2":49},"id":301401000},{"arcs":[[9,10,11,12,13]],"type":"Polygon","properties":{"adm1_psgc":300000000,"adm2_psgc":301400000,"adm3_psgc":301402000,"adm3_en":"Balagtas","geo_level":"Mun","len_crs":31861,"area_crs":21490346,"len_km":31,"area_km2":21},"id":301402000},{"arcs":[[14,15,16,17,18]],"type":"Polygon","properties":{"adm1_psgc":300000000,"adm2_psgc":301400000,"adm3_psgc":301403000,"adm3_en":"City of Baliwag","geo_level":"City","len_crs":44173,"area_crs":45781993,"len_km":44,"area_km2":45},"id":301403000},{"arcs":[[19,20,21,22,-10,23]],"type":"Polygon","properties":{"adm1_psgc":300000000,"adm2_psgc":301400000,"adm3_psgc":301404000,"adm3_en":"Bocaue","geo_level":"Mun","len_crs":32852,"area_crs":26363708,"len_km":32,"area_km2":26},"id":301404000},{"arcs":[[-11,-23,24,25,26,27,28]],"type":"Polygon","properties":{"adm1_psgc":300000000,"adm2_psgc":301400000,"adm3_psgc":301405000,"adm3_en":"Bulacan","geo_level":"Mun","len_crs":51308,"area_crs":72373254,"len_km":51,"area_km2":72},"id":301405000},{"arcs":[[29,-8,30,31,-15,32]],"type":"Polygon","properties":{"adm1_psgc":300000000,"adm2_psgc":301400000,"adm3_psgc":301406000,"adm3_en":"Bustos","geo_level":"Mun","len_crs":34195,"area_crs":39882083,"len_km":34,"area_km2":39},"id":301406000},{"arcs":[[33,34,35,36,37,38]],"type":"Polygon","properties":{"adm1_psgc":300000000,"adm2_psgc":301400000,"adm3_psgc":301407000,"adm3_en":"Calumpit","geo_level":"Mun","len_crs":35613,"area_crs":46830108,"len_km":35,"area_km2":46},"id":301407000},{"arcs":[[-12,-29,39,40]],"type":"Polygon","properties":{"adm1_psgc":300000000,"adm2_psgc":301400000,"adm3_psgc":301408000,"adm3_en":"Guiguinto","geo_level":"Mun","len_crs":27394,"area_crs":22328398,"len_km":27,"area_km2":22},"id":301408000},{"arcs":[[41,42,-37]],"type":"Polygon","properties":{"adm1_psgc":300000000,"adm2_psgc":301400000,"adm3_psgc":301409000,"adm3_en":"Hagonoy","geo_level":"Mun","len_crs":59736,"area_crs":83450373,"len_km":59,"area_km2":83},"id":301409000},{"arcs":[[43,-40,-28,44,45,-35]],"type":"Polygon","properties":{"adm1_psgc":300000000,"adm2_psgc":301400000,"adm3_psgc":301410000,"adm3_en":"City of Malolos","geo_level":"City","len_crs":67577,"area_crs":70877342,"len_km":67,"area_km2":70},"id":301410000},{"arcs":[[46,47,48,-21,49]],"type":"Polygon","properties":{"adm1_psgc":300000000,"adm2_psgc":301400000,"adm3_psgc":301411000,"adm3_en":"Marilao","geo_level":"Mun","len_crs":44282,"area_crs":28353727,"len_km":44,"area_km2":28},"id":301411000},{"arcs":[[50,51,-25,-22,-49]],"type":"Polygon","properties":{"adm1_psgc":300000000,"adm2_psgc":301400000,"adm3_psgc":301412000,"adm3_en":"City of Meycauayan","geo_level":"City","len_crs":52104,"area_crs":31794854,"len_km":52,"area_km2":31},"id":301412000},{"arcs":[[52,53,54,-5,55,-1,56]],"type":"Polygon","properties":{"adm1_psgc":300000000,"adm2_psgc":301400000,"adm3_psgc":301413000,"adm3_en":"Norzagaray","geo_level":"Mun","len_crs":129322,"area_crs":297426794,"len_km":129,"area_km2":297},"id":301413000},{"arcs":[[57,-26,-52]],"type":"Polygon","properties":{"adm1_psgc":300000000,"adm2_psgc":301400000,"adm3_psgc":301414000,"adm3_en":"Obando","geo_level":"Mun","len_crs":27634,"area_crs":16214719,"len_km":27,"area_km2":16},"id":301414000},{"arcs":[[58,-24,-14,59,-31,-7]],"type":"Polygon","properties":{"adm1_psgc":300000000,"adm2_psgc":301400000,"adm3_psgc":301415000,"adm3_en":"Pandi","geo_level":"Mun","len_crs":44562,"area_crs":50438115,"len_km":44,"area_km2":50},"id":301415000},{"arcs":[[-46,60,-42,-36]],"type":"Polygon","properties":{"adm1_psgc":300000000,"adm2_psgc":301400000,"adm3_psgc":301416000,"adm3_en":"Paombong","geo_level":"Mun","len_crs":44506,"area_crs":45312548,"len_km":44,"area_km2":45},"id":301416000},{"arcs":[[-60,-13,-41,-44,-34,61,-16,-32]],"type":"Polygon","properties":{"adm1_psgc":300000000,"adm2_psgc":301400000,"adm3_psgc":301417000,"adm3_en":"Plaridel","geo_level":"Mun","len_crs":39787,"area_crs":35760318,"len_km":39,"area_km2":35},"id":301417000},{"arcs":[[-17,-62,-39,62]],"type":"Polygon","properties":{"adm1_psgc":300000000,"adm2_psgc":301400000,"adm3_psgc":301418000,"adm3_en":"Pulilan","geo_level":"Mun","len_crs":36879,"area_crs":42667426,"len_km":36,"area_km2":42},"id":301418000},{"arcs":[[63,64,65,66]],"type":"Polygon","properties":{"adm1_psgc":300000000,"adm2_psgc":301400000,"adm3_psgc":301419000,"adm3_en":"San Ildefonso","geo_level":"Mun","len_crs":79696,"area_crs":166633476,"len_km":79,"area_km2":166},"id":301419000},{"arcs":[[67,-47,68,-54]],"type":"Polygon","properties":{"adm1_psgc":300000000,"adm2_psgc":301400000,"adm3_psgc":301420000,"adm3_en":"City of San Jose Del Monte","geo_level":"City","len_crs":65870,"area_crs":107884047,"len_km":65,"area_km2":107},"id":301420000},{"arcs":[[69,-67,70]],"type":"Polygon","properties":{"adm1_psgc":300000000,"adm2_psgc":301400000,"adm3_psgc":301421000,"adm3_en":"San Miguel","geo_level":"Mun","len_crs":92225,"area_crs":232016956,"len_km":92,"area_km2":232},"id":301421000},{"arcs":[[71,-3,72,-33,-19,73,-65]],"type":"Polygon","properties":{"adm1_psgc":300000000,"adm2_psgc":301400000,"adm3_psgc":301422000,"adm3_en":"San Rafael","geo_level":"Mun","len_crs":75088,"area_crs":101695289,"len_km":75,"area_km2":101},"id":301422000},{"arcs":[[-6,-55,-69,-50,-20,-59]],"type":"Polygon","properties":{"adm1_psgc":300000000,"adm2_psgc":301400000,"adm3_psgc":301423000,"adm3_en":"Santa Maria","geo_level":"Mun","len_crs":44737,"area_crs":79146847,"len_km":44,"area_km2":79},"id":301423000},{"arcs":[[-57,-4,-72,-64,-70,74]],"type":"Polygon","properties":{"adm1_psgc":300000000,"adm2_psgc":301400000,"adm3_psgc":301424000,