{"type":"Topology","arcs":[[[418,153],[-7,-4]],[[411,149],[-34,60]],[[377,209],[5,1]],[[382,210],[36,-57]],[[386,140],[-18,4]],[[368,144],[-25,58]],[[343,202],[12,2]],[[355,204],[31,-64]],[[479,244],[-19,-16]],[[460,228],[-48,10]],[[412,238],[-29,6]],[[383,244],[-17,4]],[[366,248],[-13,2]],[[353,250],[-318,343]],[[35,593],[-35,75]],[[0,668],[401,-362],[78,-62]],[[368,144],[-25,13]],[[343,157],[-40,65]],[[303,222],[40,-20]],[[444,177],[4,-2]],[[448,175],[-8,-13]],[[440,162],[-49,51]],[[391,213],[5,2]],[[396,215],[48,-38]],[[331,159],[-30,1]],[[301,160],[-54,87]],[[247,247],[17,8]],[[264,255],[67,-96]],[[366,248],[83,-65]],[[449,183],[-5,-6]],[[396,215],[-43,35]],[[455,180],[-7,-5]],[[449,183],[6,-3]],[[428,155],[-3,-6]],[[425,149],[-7,4]],[[382,210],[6,2]],[[388,212],[40,-57]],[[274,261],[-10,-6]],[[247,247],[-21,-11]],[[226,236],[-134,135],[12,60]],[[104,431],[170,-170]],[[412,238],[57,-38]],[[469,200],[-8,-10]],[[461,190],[-78,54]],[[401,140],[-6,-1]],[[395,139],[-31,67]],[[364,206],[3,0]],[[367,206],[3,1]],[[370,207],[31,-67]],[[343,157],[-12,2]],[[274,261],[29,-39]],[[460,228],[29,-24]],[[489,204],[-20,-4]],[[440,162],[-12,-7]],[[388,212],[3,1]],[[395,139],[-9,1]],[[355,204],[9,2]],[[301,160],[-75,76]],[[411,149],[1,-8]],[[412,141],[-11,-1]],[[370,207],[7,2]],[[461,190],[-6,-10]],[[104,431],[-17,50]],[[87,481],[280,-275]],[[382,210],[-327,339]],[[55,549],[-20,44]],[[523,215],[-44,29]],[[0,668],[45,10],[484,-422],[-6,-41]],[[87,481],[-32,68]],[[523,215],[-34,-11]],[[425,149],[-13,-8]]],"transform":{"scale":[0.00010941040211645671,0.00014582605457231568],"translate":[124.09577995200006,7.834605873000043]},"objects":{"bgysubmuns-municity-1903601000":{"type":"GeometryCollection","geometries":[{"arcs":[[0,1,2,3]],"type":"Polygon","properties":{"adm1_psgc":1900000000,"adm2_psgc":1903600000,"adm3_psgc":1903601000,"adm4_psgc":1903601001,"adm4_en":"Ampao","geo_level":"Bgy","len_crs":2264,"area_crs":67022,"len_km":2,"area_km2":0},"id":1903601001},{"arcs":[[4,5,6,7]],"type":"Polygon","properties":{"adm1_psgc":1900000000,"adm2_psgc":1903600000,"adm3_psgc":1903601000,"adm4_psgc":1903601002,"adm4_en":"Bagoaingud","geo_level":"Bgy","len_crs":2547,"area_crs":176998,"len_km":2,"area_km2":0},"id":1903601002},{"type":null,"properties":{"adm1_psgc":1900000000,"adm2_psgc":1903600000,"adm3_psgc":1903601000,"adm4_psgc":1903601004,"adm4_en":"Balut","geo_level":"Bgy","len_crs":1149,"area_crs":63046,"len_km":1,"area_km2":0},"id":1903601004},{"arcs":[[8,9,10,11,12,13,14,15]],"type":"Polygon","properties":{"adm1_psgc":1900000000,"adm2_psgc":1903600000,"adm3_psgc":1903601000,"adm4_psgc":1903601005,"adm4_en":"Barua","geo_level":"Bgy","len_crs":18638,"area_crs":5942005,"len_km":18,"area_km2":5},"id":1903601005},{"arcs":[[-6,16,17,18]],"type":"Polygon","properties":{"adm1_psgc":1900000000,"adm2_psgc":1903600000,"adm3_psgc":1903601000,"adm4_psgc":1903601006,"adm4_en":"Buadiawani","geo_level":"Bgy","len_crs":3232,"area_crs":294413,"len_km":3,"area_km2":0},"id":1903601006},{"arcs":[[19,20,21,22,23]],"type":"Polygon","properties":{"adm1_psgc":1900000000,"adm2_psgc":1903600000,"adm3_psgc":1903601000,"adm4_psgc":1903601007,"adm4_en":"Bubong","geo_level":"Bgy","len_crs":2326,"area_crs":118421,"len_km":2,"area_km2":0},"id":1903601007},{"arcs":[[24,25,26,27]],"type":"Polygon","properties":{"adm1_psgc":1900000000,"adm2_psgc":1903600000,"adm3_psgc":1903601000,"adm4_psgc":1903601008,"adm4_en":"Dilabayan","geo_level":"Bgy","len_crs":4033,"area_crs":481515,"len_km":4,"area_km2":0},"id":1903601008},{"arcs":[[28,29,-24,30,-13]],"type":"Polygon","properties":{"adm1_psgc":1900000000,"adm2_psgc":1903600000,"adm3_psgc":1903601000,"adm4_psgc":1903601009,"adm4_en":"Dipatuan","geo_level":"Bgy","len_crs":3332,"area_crs":151588,"len_km":3,"area_km2":0},"id":1903601009},{"arcs":[[31,-20,-30,32]],"type":"Polygon","properties":{"adm1_psgc":1900000000,"adm2_psgc":1903600000,"adm3_psgc":1903601000,"adm4_psgc":1903601010,"adm4_en":"Daramoyod","geo_level":"Bgy","len_crs":410,"area_crs":8942,"len_km":0,"area_km2":0},"id":1903601010},{"arcs":[[33,34,-4,35,36]],"type":"Polygon","properties":{"adm1_psgc":1900000000,"adm2_psgc":1903600000,"adm3_psgc":1903601000,"adm4_psgc":1903601011,"adm4_en":"Gandamato","geo_level":"Bgy","len_crs":2380,"area_crs":99975,"len_km":2,"area_km2":0},"id":1903601011},{"arcs":[[37,-27,38,39,40]],"type":"Polygon","properties":{"adm1_psgc":1900000000,"adm2_psgc":1903600000,"adm3_psgc":1903601000,"adm4_psgc":1903601012,"adm4_en":"Gurain","geo_level":"Bgy","len_crs":7863,"area_crs":2200235,"len_km":7,"area_km2":2},"id":1903601012},{"arcs":[[41,42,43,-11]],"type":"Polygon","properties":{"adm1_psgc":1900000000,"adm2_psgc":1903600000,"adm3_psgc":1903601000,"adm4_psgc":1903601013,"adm4_en":"Ilian","geo_level":"Bgy","len_crs":2786,"area_crs":201280,"len_km":2,"area_km2":0},"id":1903601013},{"arcs":[[44,45,46,47,48]],"type":"Polygon","properties":{"adm1_psgc":1900000000,"adm2_psgc":1903600000,"adm3_psgc":1903601000,"adm4_psgc":1903601014,"adm4_en":"Lama","geo_level":"Bgy","len_crs":2538,"area_crs":83099,"len_km":2,"area_km2":0},"id":1903601014},{"arcs":[[-18,49,-28,-38,50]],"type":"Polygon","properties":{"adm1_psgc":1900000000,"adm2_psgc":1903600000,"adm3_psgc":1903601000,"adm4_psgc":1903601015,"adm4_en":"Liawao","geo_level":"Bgy","len_crs":4060,"area_crs":289397,"len_km":4,"area_km2":0},"id":1903601015},{"arcs":[[51,52,-42,-10]],"type":"Polygon","properties":{"adm1_psgc":1900000000,"adm2_psgc":1903600000,"adm3_psgc":1903601000,"adm4_psgc":1903601016,"adm4_en":"Lumbaca-Ingud","geo_level":"Bgy","len_crs":2331,"area_crs":178979,"len_km":2,"area_km2":0},"id":1903601016},{"arcs":[[53,-37,54,-22]],"type":"Polygon","properties":{"adm1_psgc":1900000000,"adm2_psgc":1903600000,"adm3_psgc":1903601000,"adm4_psgc":1903601018,"adm4_en":"Madanding","geo_level":"Bgy","len_crs":2322,"area_crs":135221,"len_km":2,"area_km2":0},"id":1903601018},{"arcs":[[55,-8,56,-46]],"type":"Polygon","properties":{"adm1_psgc":1900000000,"adm2_psgc":1903600000,"adm3_psgc":1903601000,"adm4_psgc":1903601019,"adm4_en":"Orong","geo_level":"Bgy","len_crs":2517,"area_crs":108686,"len_km":2,"area_km2":0},"id":1903601019},{"arcs":[[57,-39,-26]],"type":"Polygon","properties":{"adm1_psgc":1900000000,"adm2_psgc":1903600000,"adm3_psgc":1903601000,"adm4_psgc":1903601020,"adm4_en":"Pindolonan","geo_level":"Bgy","len_crs":3840,"area_crs":479768,"len_km":3,"area_km2":0},"id":1903601020},{"arcs":[[58,59,-49,60,-2]],"type":"Polygon","properties":{"adm1_psgc":1900000000,"adm2_psgc":1903600000,"adm3_psgc":1903601000,"adm4_psgc":1903601021,"adm4_en":"Poblacion I","geo_level":"Bgy","len_crs":2649,"area_crs":120467,"len_km":2,"area_km2":0},"id":1903601021},{"arcs":[[-44,61,-33,-29,-12]],"type":"Polygon","properties":{"adm1_psgc":1900000000,"adm2_psgc":1903600000,"adm3_psgc":1903601000,"adm4_psgc":1903601022,"adm4_en":"Poblacion II","geo_level":"Bgy","len_crs":3235,"area_crs":202016,"len_km":3,"area_km2":0},"id":1903601022},{"arcs":[[-47,-57,-7,-19,-51,-41,62,63]],"type":"Polygon","properties":{"adm1_psgc":1900000000,"adm2_psgc":1903600000,"adm3_psgc":1903601000,"adm4_psgc":1903601023,"adm4_en":"Raya","geo_level":"Bgy","len_crs":11424,"area_crs":1777254,"len_km":11,"area_km2":1},"id":1903601023},{"arcs":[[-31,-23,-55,-36,64,65,-14]],"type":"Polygon","properties":{"adm1_psgc":1900000000,"adm2_psgc":1903600000,"adm3_psgc":1903601000,"adm4_psgc":1903601024,"adm4_en":"Rorowan","geo_level":"Bgy","len_crs":15166,"area_crs":1095892,"len_km":15,"area_km2":1},"id":1903601024},{"arcs":[[66,-16,67]],"type":"Polygon","properties":{"adm1_psgc":1900000000,"adm2_psgc":1903600000,"adm3_psgc":1903601000,"adm4_psgc":1903601025,"adm4_en":"Sugod","geo_level":"Bgy","len_crs":20108,"area_crs":5449607,"len_km":20,"area_km2":5},"id":1903601025},{"arcs":[[-3,-61,-48,-64,68,-65]],"type":"Polygon","properties":{"adm1_psgc":1900000000,"adm2_psgc":1903600000,"adm3_psgc":1903601000,"adm4_psgc":1903601026,"adm4_en":"Tambo","geo_level":"Bgy","len_crs":13669,"area_crs":1614825,