{"type":"Topology","arcs":[[[489,421],[-25,-19],[-75,-11],[-39,28]],[[350,419],[-7,55]],[[343,474],[146,-36],[0,-17]],[[524,419],[9,-38]],[[533,381],[-36,-16]],[[497,365],[-16,-7]],[[481,358],[-55,-11],[-47,22]],[[379,369],[-29,50]],[[489,421],[35,-2]],[[279,160],[3,-21]],[[282,139],[-91,-76]],[[191,63],[-74,87]],[[117,150],[114,60]],[[231,210],[48,-50]],[[696,1164],[-13,-14],[35,-102],[-17,-35],[40,-40],[72,-46],[-2,-18]],[[811,909],[-362,-20]],[[449,889],[-43,111],[19,44],[56,22]],[[481,1066],[116,91],[99,7]],[[333,314],[34,-28]],[[367,286],[-3,-68],[37,-74]],[[401,144],[-51,-16],[-44,-46]],[[306,82],[-24,57]],[[279,160],[20,64],[-60,128]],[[239,352],[30,9]],[[269,361],[64,-47]],[[449,889],[27,-55],[-39,-83],[-6,-113],[13,-45]],[[444,593],[-227,74]],[[217,667],[-80,95],[1,82],[-13,61],[-110,41]],[[15,946],[22,29],[-3,49],[28,53],[138,162],[101,10],[127,39]],[[428,1288],[-21,-78],[22,-39],[-13,-32],[65,-73]],[[231,210],[-26,110],[-60,-54],[-28,-116]],[[117,150],[-46,30],[66,113],[-22,109],[-67,65]],[[48,467],[27,5],[60,-29],[64,-72],[40,-19]],[[536,330],[30,-45]],[[566,285],[-65,4]],[[501,289],[-20,69]],[[497,365],[39,-35]],[[379,369],[-9,-47],[-37,-8]],[[269,361],[-43,67],[61,-13],[63,4]],[[643,447],[-12,-62]],[[631,385],[-98,-4]],[[524,419],[35,25],[84,3]],[[501,161],[-14,32],[14,96]],[[566,285],[89,20]],[[655,305],[18,-64],[-35,-13],[-57,-72],[-80,5]],[[501,289],[-134,-3]],[[501,161],[-100,-17]],[[217,667],[92,-123],[26,-13],[8,-57]],[[48,467],[-10,125],[-33,87],[-1,76],[17,70],[-21,86],[15,35]],[[536,330],[107,10]],[[643,340],[12,-35]],[[306,82],[-28,-12],[-64,-70],[-23,63]],[[631,385],[12,-45]],[[444,593],[25,-87],[86,4],[34,17]],[[589,527],[54,-80]],[[811,909],[-13,-24],[-131,-81],[-73,-84],[-28,-93],[23,-100]],[[428,1288],[110,42],[119,35],[60,32],[48,-78],[-44,-17],[10,-73],[-35,-65]]],"transform":{"scale":[0.00007225195571948566,0.00008018066785968957],"translate":[120.9005410960001,13.909093193000047]},"objects":{"bgysubmuns-municity-401001000":{"type":"GeometryCollection","geometries":[{"arcs":[[0,1,2]],"type":"Polygon","properties":{"adm1_psgc":400000000,"adm2_psgc":401000000,"adm3_psgc":401001000,"adm4_psgc":401001001,"adm4_en":"Adia","geo_level":"Bgy","len_crs":3106,"area_crs":533630,"len_km":3,"area_km2":0},"id":401001001},{"arcs":[[3,4,5,6,7,-1,8]],"type":"Polygon","properties":{"adm1_psgc":400000000,"adm2_psgc":401000000,"adm3_psgc":401001000,"adm4_psgc":401001002,"adm4_en":"Bagong Sikat","geo_level":"Bgy","len_crs":3737,"area_crs":487982,"len_km":3,"area_km2":0},"id":401001002},{"arcs":[[9,10,11,12,13]],"type":"Polygon","properties":{"adm1_psgc":400000000,"adm2_psgc":401000000,"adm3_psgc":401001000,"adm4_psgc":401001004,"adm4_en":"Balangon","geo_level":"Bgy","len_crs":3830,"area_crs":887600,"len_km":3,"area_km2":0},"id":401001004},{"arcs":[[14,15,16,17]],"type":"Polygon","properties":{"adm1_psgc":400000000,"adm2_psgc":401000000,"adm3_psgc":401001000,"adm4_psgc":401001005,"adm4_en":"Bilibinwang","geo_level":"Bgy","len_crs":10112,"area_crs":4678255,"len_km":10,"area_km2":4},"id":401001005},{"arcs":[[18,19,20,21,-10,22,23,24]],"type":"Polygon","properties":{"adm1_psgc":400000000,"adm2_psgc":401000000,"adm3_psgc":401001000,"adm4_psgc":401001006,"adm4_en":"Bangin","geo_level":"Bgy","len_crs":6356,"area_crs":1396211,"len_km":6,"area_km2":1},"id":401001006},{"arcs":[[-17,25,26,27,28,29]],"type":"Polygon","properties":{"adm1_psgc":400000000,"adm2_psgc":401000000,"adm3_psgc":401001000,"adm4_psgc":401001007,"adm4_en":"Barigon","geo_level":"Bgy","len_crs":17266,"area_crs":13599571,"len_km":17,"area_km2":13},"id":401001007},{"arcs":[[-23,-14,30,31,32]],"type":"Polygon","properties":{"adm1_psgc":400000000,"adm2_psgc":401000000,"adm3_psgc":401001000,"adm4_psgc":401001008,"adm4_en":"Coral Na Munti","geo_level":"Bgy","len_crs":10611,"area_crs":1782370,"len_km":10,"area_km2":1},"id":401001008},{"arcs":[[33,34,35,-6,36]],"type":"Polygon","properties":{"adm1_psgc":400000000,"adm2_psgc":401000000,"adm3_psgc":401001000,"adm4_psgc":401001009,"adm4_en":"Guitna","geo_level":"Bgy","len_crs":2237,"area_crs":211496,"len_km":2,"area_km2":0},"id":401001009},{"arcs":[[-13,-31]],"type":"Polygon","properties":{"adm1_psgc":400000000,"adm2_psgc":401000000,"adm3_psgc":401001000,"adm4_psgc":401001010,"adm4_en":"Mabini","geo_level":"Bgy","len_crs":3841,"area_crs":734749,"len_km":3,"area_km2":0},"id":401001010},{"arcs":[[-8,37,-25,38]],"type":"Polygon","properties":{"adm1_psgc":400000000,"adm2_psgc":401000000,"adm3_psgc":401001000,"adm4_psgc":401001012,"adm4_en":"Pamiga","geo_level":"Bgy","len_crs":3582,"area_crs":716911,"len_km":3,"area_km2":0},"id":401001012},{"arcs":[[39,40,-4,41]],"type":"Polygon","properties":{"adm1_psgc":400000000,"adm2_psgc":401000000,"adm3_psgc":401001000,"adm4_psgc":401001013,"adm4_en":"Panhulan","geo_level":"Bgy","len_crs":2829,"area_crs":400132,"len_km":2,"area_km2":0},"id":401001013},{"arcs":[[42,-35,43,44]],"type":"Polygon","properties":{"adm1_psgc":400000000,"adm2_psgc":401000000,"adm3_psgc":401001000,"adm4_psgc":401001014,"adm4_en":"Pansipit","geo_level":"Bgy","len_crs":5016,"area_crs":1391525,"len_km":5,"area_km2":1},"id":401001014},{"arcs":[[-36,45,-19,-38,-7]],"type":"Polygon","properties":{"adm1_psgc":400000000,"adm2_psgc":401000000,"adm3_psgc":401001000,"adm4_psgc":401001015,"adm4_en":"Poblacion","geo_level":"Bgy","len_crs":3752,"area_crs":582768,"len_km":3,"area_km2":0},"id":401001015},{"arcs":[[-43,46,-20,-46]],"type":"Polygon","properties":{"adm1_psgc":400000000,"adm2_psgc":401000000,"adm3_psgc":401001000,"adm4_psgc":401001016,"adm4_en":"Pook","geo_level":"Bgy","len_crs":4456,"area_crs":1161088,"len_km":4,"area_km2":1},"id":401001016},{"arcs":[[47,-2,-39,-24,-33,48,-28]],"type":"Polygon","properties":{"adm1_psgc":400000000,"adm2_psgc":401000000,"adm3_psgc":401001000,"adm4_psgc":401001017,"adm4_en":"San Jacinto","geo_level":"Bgy","len_crs":14034,"area_crs":7060045,"len_km":14,"area_km2":7},"id":401001017},{"arcs":[[-44,-34,49,50]],"type":"Polygon","properties":{"adm1_psgc":400000000,"adm2_psgc":401000000,"adm3_psgc":401001000,"adm4_psgc":401001018,"adm4_en":"San Teodoro","geo_level":"Bgy","len_crs":2489,"area_crs":248366,"len_km":2,"area_km2":0},"id":401001018},{"arcs":[[51,-11,-22]],"type":"Polygon","properties":{"adm1_psgc":400000000,"adm2_psgc":401000000,"adm3_psgc":401001000,"adm4_psgc":401001019,"adm4_en":"Santa Cruz","geo_level":"Bgy","len_crs":3305,"area_crs":471257,"len_km":3,"area_km2":0},"id":401001019},{"arcs":[[52,-50,-37,-5,-41]],"type":"Polygon","properties":{"adm1_psgc":400000000,"adm2_psgc":401000000,"adm3_psgc":401001000,"adm4_psgc":401001020,"adm4_en":"Santo Tomas","geo_level":"Bgy","len_crs":2828,"area_crs":476194,"len_km":2,"area_km2":0},"id":401001020},{"arcs":[[53,54,-42,-9,-3,-48,-27]],"type":"Polygon","properties":{"adm1_psgc":400000000,"adm2_psgc":401000000,"adm3_psgc":401001000,"adm4_psgc":401001021,"adm4_en":"Subic Ibaba","geo_level":"Bgy","len_crs":9520,"area_crs":2566847,"len_km":9,"area_km2":2},"id":401001021},{"arcs":[[55,-54,-26,-16]],"type":"Polygon","properties":{"adm1_psgc":400000000,"adm2_psgc":401000000,"adm3_psgc":401001000,"adm4_psgc":401001022,"adm4_en":"Subic Ilaya","geo_level":"Bgy","len_crs":12114,"area_crs":4892285,"len_km":12,"area_km2":4},"id":401001022},{"arcs":[[-18,-30,56]],"type":"Polygon","properties":{"adm1_psgc":400000000,"adm2_psgc":401000000,"adm3_psgc":401001000,"adm4_psgc":401001023,"adm4_en":"Banyaga","geo_level":"Bgy","len_crs":9802,"area_crs":4528283,"len_km":9,"area_km2":4},"id":401001023}]}}}