{"type":"Topology","arcs":[[[949,1244],[-42,-103],[6,-69]],[[913,1072],[-32,-8]],[[881,1064],[-52,37]],[[829,1101],[6,14]],[[835,1115],[-10,79]],[[825,1194],[23,73]],[[848,1267],[101,-23]],[[669,1341],[-5,-36],[-63,-56]],[[601,1249],[-47,7]],[[554,1256],[-24,98]],[[530,1354],[47,-16],[92,3]],[[377,1012],[-12,-45]],[[365,967],[-42,-79]],[[323,888],[-8,1]],[[315,889],[-67,-20],[-50,18],[-71,79]],[[127,966],[100,81]],[[227,1047],[24,-24],[75,10],[51,-21]],[[557,655],[-92,-11]],[[465,644],[-91,73],[21,38]],[[395,755],[214,57]],[[609,812],[31,-38],[-83,-119]],[[315,889],[-31,-47],[-1,-70]],[[283,772],[-111,-84]],[[172,688],[-68,22],[-57,54],[-45,1],[-2,97],[127,104]],[[825,1194],[-63,67],[-68,9]],[[694,1270],[72,41]],[[766,1311],[64,-9],[18,-35]],[[451,1098],[-3,-48]],[[448,1050],[-71,-38]],[[227,1047],[62,53]],[[289,1100],[44,11],[118,-13]],[[512,1184],[6,-19]],[[518,1165],[-67,-67]],[[289,1100],[17,44],[51,22]],[[357,1166],[80,20],[75,-2]],[[882,773],[-70,2]],[[812,775],[8,121]],[[820,896],[90,44]],[[910,940],[-5,-88],[-23,-79]],[[694,1270],[-1,-51]],[[693,1219],[-11,11]],[[682,1230],[-44,-24]],[[638,1206],[-42,33]],[[596,1239],[5,10]],[[669,1341],[101,15],[-4,-45]],[[881,1064],[41,-96],[-9,-24]],[[913,944],[-3,-4]],[[820,896],[11,45],[-43,38]],[[788,979],[41,122]],[[966,1055],[29,-109],[-82,-2]],[[913,1072],[53,-17]],[[665,1155],[-20,-32],[14,-102]],[[659,1021],[-38,2]],[[621,1023],[-35,81],[40,27]],[[626,1131],[39,24]],[[365,967],[74,-14],[-3,-44]],[[436,909],[-113,-21]],[[554,1256],[-42,-72]],[[357,1166],[64,92],[109,96]],[[682,1230],[-17,-75]],[[626,1131],[-29,31]],[[597,1162],[41,44]],[[659,1021],[61,-14]],[[720,1007],[68,-28]],[[812,775],[-93,41],[-110,-4]],[[609,812],[-3,91]],[[606,903],[-10,47],[25,73]],[[448,1050],[52,-8],[50,-134]],[[550,908],[-114,1]],[[693,1219],[35,-25]],[[728,1194],[-11,-39],[15,-85],[-12,-63]],[[465,644],[-42,-84]],[[423,560],[-86,82],[-165,46]],[[283,772],[53,15],[59,-32]],[[597,1162],[-45,30]],[[552,1192],[44,47]],[[550,908],[56,-5]],[[518,1165],[34,27]],[[882,773],[-16,-30],[20,-68],[75,-40],[34,19],[62,-58],[65,-12],[49,-50],[10,-49],[-42,-32],[11,-45],[-89,-48],[51,-35],[-18,-135],[-74,-1],[-4,-56],[-48,-43],[-106,-3],[-24,-87],[-88,78]],[[750,78],[-82,378],[-105,128],[-6,71]],[[949,1244],[19,-72],[-2,-117]],[[835,1115],[-62,71],[-45,8]],[[750,78],[-221,175],[-96,30],[-75,-5],[-53,129],[27,20],[40,100],[51,33]]],"transform":{"scale":[0.00016595376460632318,0.0001543642853982438],"translate":[122.86911989700002,13.879259786000036]},"objects":{"bgysubmuns-municity-501601000":{"type":"GeometryCollection","geometries":[{"arcs":[[0,1,2,3,4,5,6]],"type":"Polygon","properties":{"adm1_psgc":500000000,"adm2_psgc":501600000,"adm3_psgc":501601000,"adm4_psgc":501601001,"adm4_en":"Angas","geo_level":"Bgy","len_crs":12218,"area_crs":4955625,"len_km":12,"area_km2":4},"id":501601001},{"arcs":[[7,8,9,10]],"type":"Polygon","properties":{"adm1_psgc":500000000,"adm2_psgc":501600000,"adm3_psgc":501601000,"adm4_psgc":501601002,"adm4_en":"Bactas","geo_level":"Bgy","len_crs":7552,"area_crs":3009218,"len_km":7,"area_km2":3},"id":501601002},{"arcs":[[11,12,13,14,15,16]],"type":"Polygon","properties":{"adm1_psgc":500000000,"adm2_psgc":501600000,"adm3_psgc":501601000,"adm4_psgc":501601003,"adm4_en":"Binatagan","geo_level":"Bgy","len_crs":14580,"area_crs":8662233,"len_km":14,"area_km2":8},"id":501601003},{"arcs":[[17,18,19,20]],"type":"Polygon","properties":{"adm1_psgc":500000000,"adm2_psgc":501600000,"adm3_psgc":501601000,"adm4_psgc":501601004,"adm4_en":"Caayunan","geo_level":"Bgy","len_crs":13436,"area_crs":7948780,"len_km":13,"area_km2":7},"id":501601004},{"arcs":[[21,22,23,-15]],"type":"Polygon","properties":{"adm1_psgc":500000000,"adm2_psgc":501600000,"adm3_psgc":501601000,"adm4_psgc":501601005,"adm4_en":"Guinatungan","geo_level":"Bgy","len_crs":20652,"area_crs":15229853,"len_km":20,"area_km2":15},"id":501601005},{"arcs":[[-6,24,25,26]],"type":"Polygon","properties":{"adm1_psgc":500000000,"adm2_psgc":501600000,"adm3_psgc":501601000,"adm4_psgc":501601006,"adm4_en":"Hinampacan","geo_level":"Bgy","len_crs":9782,"area_crs":3012638,"len_km":9,"area_km2":3},"id":501601006},{"arcs":[[27,28,-17,29,30]],"type":"Polygon","properties":{"adm1_psgc":500000000,"adm2_psgc":501600000,"adm3_psgc":501601000,"adm4_psgc":501601007,"adm4_en":"Langa","geo_level":"Bgy","len_crs":11464,"area_crs":4415519,"len_km":11,"area_km2":4},"id":501601007},{"arcs":[[31,32,-31,33,34]],"type":"Polygon","properties":{"adm1_psgc":500000000,"adm2_psgc":501600000,"adm3_psgc":501601000,"adm4_psgc":501601008,"adm4_en":"Laniton","geo_level":"Bgy","len_crs":10196,"area_crs":3911320,"len_km":10,"area_km2":3},"id":501601008},{"arcs":[[35,36,37,38]],"type":"Polygon","properties":{"adm1_psgc":500000000,"adm2_psgc":501600000,"adm3_psgc":501601000,"adm4_psgc":501601009,"adm4_en":"Lidong","geo_level":"Bgy","len_crs":12104,"area_crs":3572475,"len_km":12,"area_km2":3},"id":501601009},{"arcs":[[-26,39,40,41,42,43,-8,44]],"type":"Polygon","properties":{"adm1_psgc":500000000,"adm2_psgc":501600000,"adm3_psgc":501601000,"adm4_psgc":501601010,"adm4_en":"Mampili","geo_level":"Bgy","len_crs":10977,"area_crs":2945672,"len_km":10,"area_km2":2},"id":501601010},{"arcs":[[-3,45,46,-38,47,48]],"type":"Polygon","properties":{"adm1_psgc":500000000,"adm2_psgc":501600000,"adm3_psgc":501601000,"adm4_psgc":501601011,"adm4_en":"Mandazo","geo_level":"Bgy","len_crs":16624,"area_crs":4997517,"len_km":16,"area_km2":4},"id":501601011},{"arcs":[[49,-46,-2,50]],"type":"Polygon","properties":{"adm1_psgc":500000000,"adm2_psgc":501600000,"adm3_psgc":501601000,"adm4_psgc":501601012,"adm4_en":"Mangcamagong","geo_level":"Bgy","len_crs":9740,"area_crs":2663182,"len_km":9,"area_km2":2},"id":501601012},{"arcs":[[51,52,53,54]],"type":"Polygon","properties":{"adm1_psgc":500000000,"adm2_psgc":501600000,"adm3_psgc":501601000,"adm4_psgc":501601014,"adm4_en":"Manmuntay","geo_level":"Bgy","len_crs":10153,"area_crs":2026832,"len_km":10,"area_km2":2},"id":501601014},{"arcs":[[55,56,-13]],"type":"Polygon","properties":{"adm1_psgc":500000000,"adm2_psgc":501600000,"adm3_psgc":501601000,"adm4_psgc":501601015,"adm4_en":"Mantugawe","geo_level":"Bgy","len_crs":7181,"area_crs":1662017,"len_km":7,"area_km2":1},"id":501601015},{"arcs":[[57,-35,58,-10]],"type":"Polygon","properties":{"adm1_psgc":500000000,"adm2_psgc":501600000,"adm3_psgc":501601000,"adm4_psgc":501601016,"adm4_en":"Matnog","geo_level":"Bgy","len_crs":10956,"area_crs":5118489,"len_km":10,"area_km2":5},"id":501601016},{"arcs":[[59,-55,60,61,-42]],"type":"Polygon","properties":{"adm1_psgc":500000000,"adm2_psgc":501600000,"adm3_psgc":501601000,"adm4_psgc":501601017,"adm4_en":"Mocong","geo_level":"Bgy","len_crs":6410,"area_crs":1266743,"len_km":6,"area_km2":1},"id":501601017},{"arcs":[[62,63,-48,-37,64,65,66,-53]],"type":"Polygon","properties":{"adm1_psgc":500000000,"adm2_psgc":501600000,"adm3_psgc":501601000,"adm4_psgc":501601018,"adm4_en":"Oliva","geo_level":"Bgy","len_crs":20087,"area_crs":12560075,"len_km":20,"area_km2":12},"id":501601018},{"arcs":[[67,68,-56,-12,-29]],"type":"Polygon","properties":{"adm1_psgc":500000000,"adm2_psgc":501600000,"adm3_psgc":501601000,"adm4_psgc":501601019,"adm4_en":"Pagsangahan","geo_level":"Bgy","len_crs":12945,"area_crs":5343480,"len_km":12,"area_km2":5},"id":501601019},{"arcs":[[69,70,-63,-52,-60,-41]],"type":"Polygon","properties":{"adm1_psgc":500000000,"adm2_psgc":501600000,"adm3_psgc":501601000,"adm4_psgc":501601020,"adm4_en":"Pinagwarasan","geo_level":"Bgy","len_crs":12962,"area_crs":4069207,"len_km":12,"area_km2":4},"id":501601020},{"arcs":[[-19,71,72,-23,73]],"type":"Polygon","properties":{"adm1_psgc":500000000,"adm2_psgc":501600000,"adm3_psgc":501601000,"adm4_psgc":501601021,"adm4_en":"Plaridel","geo_level":"Bgy","len_crs":15156,"area_crs":8592788,"len_km":15,"area_km2":8},"id":501601021},{"arcs":[[-62,74,75,-43]],"type":"Polygon","properties":{"adm1_psgc":500000000,"adm2_psgc":501600000,"adm3_psgc":501601000,"adm4_psgc":501601022,