{"type":"Topology","arcs":[[[622,414],[-34,-25]],[[588,389],[-76,16]],[[512,405],[-10,15]],[[502,420],[15,29]],[[517,449],[62,14]],[[579,463],[43,-49]],[[452,556],[33,-88]],[[485,468],[-17,-10]],[[468,458],[-162,72]],[[306,530],[106,56]],[[412,586],[40,-30]],[[449,352],[58,-30]],[[507,322],[17,-71]],[[524,251],[-74,-69]],[[450,182],[-74,118]],[[376,300],[55,51]],[[431,351],[18,1]],[[702,366],[-72,52]],[[630,418],[43,30]],[[673,448],[29,-82]],[[0,484],[37,-65],[90,-32],[59,-96]],[[186,291],[-61,-68]],[[125,223],[-116,92],[-9,169]],[[468,458],[22,-33]],[[490,425],[-6,-32]],[[484,393],[-29,34],[-133,26]],[[322,453],[-47,64]],[[275,517],[31,13]],[[242,169],[-36,-29]],[[206,140],[-81,83]],[[186,291],[56,-122]],[[450,182],[-13,-29]],[[437,153],[-76,130]],[[361,283],[15,17]],[[484,393],[-1,-4]],[[483,389],[-34,-37]],[[431,351],[-109,102]],[[702,366],[-56,-62],[-67,25]],[[579,329],[-13,29]],[[566,358],[22,31]],[[622,414],[8,4]],[[344,265],[-56,-57]],[[288,208],[-37,-50]],[[251,158],[-9,11]],[[0,484],[211,10]],[[211,494],[77,-173],[56,-56]],[[251,158],[85,-69]],[[336,89],[-25,-89],[-77,41],[-28,99]],[[579,329],[-55,-78]],[[507,322],[0,59]],[[507,381],[59,-23]],[[355,107],[-19,-18]],[[288,208],[67,-101]],[[490,425],[12,-5]],[[512,405],[-5,-24]],[[507,381],[-24,8]],[[437,153],[-82,-46]],[[344,265],[17,18]],[[560,515],[19,-52]],[[517,449],[-32,19]],[[452,556],[108,-41]],[[560,515],[2,3]],[[562,518],[78,-9],[33,-61]],[[412,586],[123,51],[27,-119]],[[211,494],[64,23]]],"transform":{"scale":[0.000188579819088314,0.00014661248508638394],"translate":[123.40345823100006,13.573794709000024]},"objects":{"bgysubmuns-municity-501736000":{"type":"GeometryCollection","geometries":[{"arcs":[[0,1,2,3,4,5]],"type":"Polygon","properties":{"adm1_psgc":500000000,"adm2_psgc":501700000,"adm3_psgc":501736000,"adm4_psgc":501736001,"adm4_en":"Abo","geo_level":"Bgy","len_crs":6309,"area_crs":1898407,"len_km":6,"area_km2":1},"id":501736001},{"arcs":[[6,7,8,9,10]],"type":"Polygon","properties":{"adm1_psgc":500000000,"adm2_psgc":501700000,"adm3_psgc":501736000,"adm4_psgc":501736002,"adm4_en":"Cabalinadan","geo_level":"Bgy","len_crs":10435,"area_crs":3378915,"len_km":10,"area_km2":3},"id":501736002},{"arcs":[[11,12,13,14,15,16]],"type":"Polygon","properties":{"adm1_psgc":500000000,"adm2_psgc":501700000,"adm3_psgc":501736000,"adm4_psgc":501736003,"adm4_en":"Caraycayon","geo_level":"Bgy","len_crs":8970,"area_crs":4633015,"len_km":8,"area_km2":4},"id":501736003},{"arcs":[[17,18,19]],"type":"Polygon","properties":{"adm1_psgc":500000000,"adm2_psgc":501700000,"adm3_psgc":501736000,"adm4_psgc":501736004,"adm4_en":"Casuna","geo_level":"Bgy","len_crs":4800,"area_crs":1104585,"len_km":4,"area_km2":1},"id":501736004},{"arcs":[[20,21,22]],"type":"Polygon","properties":{"adm1_psgc":500000000,"adm2_psgc":501700000,"adm3_psgc":501736000,"adm4_psgc":501736005,"adm4_en":"Consocep","geo_level":"Bgy","len_crs":13591,"area_crs":8413844,"len_km":13,"area_km2":8},"id":501736005},{"arcs":[[23,24,25,26,27,-9]],"type":"Polygon","properties":{"adm1_psgc":500000000,"adm2_psgc":501700000,"adm3_psgc":501736000,"adm4_psgc":501736006,"adm4_en":"Coyaoyao","geo_level":"Bgy","len_crs":11938,"area_crs":3379208,"len_km":11,"area_km2":3},"id":501736006},{"arcs":[[28,29,-22,30]],"type":"Polygon","properties":{"adm1_psgc":500000000,"adm2_psgc":501700000,"adm3_psgc":501736000,"adm4_psgc":501736007,"adm4_en":"Gaao","geo_level":"Bgy","len_crs":7429,"area_crs":2691937,"len_km":7,"area_km2":2},"id":501736007},{"arcs":[[31,32,33,-15]],"type":"Polygon","properties":{"adm1_psgc":500000000,"adm2_psgc":501700000,"adm3_psgc":501736000,"adm4_psgc":501736008,"adm4_en":"Gingaroy","geo_level":"Bgy","len_crs":7100,"area_crs":1575828,"len_km":7,"area_km2":1},"id":501736008},{"arcs":[[34,35,-17,36,-26]],"type":"Polygon","properties":{"adm1_psgc":500000000,"adm2_psgc":501700000,"adm3_psgc":501736000,"adm4_psgc":501736009,"adm4_en":"Gubat","geo_level":"Bgy","len_crs":8256,"area_crs":2789546,"len_km":8,"area_km2":2},"id":501736009},{"arcs":[[37,38,39,-1,40,-18]],"type":"Polygon","properties":{"adm1_psgc":500000000,"adm2_psgc":501700000,"adm3_psgc":501736000,"adm4_psgc":501736010,"adm4_en":"Huyonhuyon","geo_level":"Bgy","len_crs":8121,"area_crs":3098804,"len_km":8,"area_km2":3},"id":501736010},{"arcs":[[41,42,43,-31,-21,44,45]],"type":"Polygon","properties":{"adm1_psgc":500000000,"adm2_psgc":501700000,"adm3_psgc":501736000,"adm4_psgc":501736011,"adm4_en":"Libod","geo_level":"Bgy","len_crs":19980,"area_crs":13826066,"len_km":19,"area_km2":13},"id":501736011},{"arcs":[[46,47,-29,-44]],"type":"Polygon","properties":{"adm1_psgc":500000000,"adm2_psgc":501700000,"adm3_psgc":501736000,"adm4_psgc":501736012,"adm4_en":"Mabalodbalod","geo_level":"Bgy","len_crs":10433,"area_crs":4280624,"len_km":10,"area_km2":4},"id":501736012},{"arcs":[[-39,48,-13,49,50]],"type":"Polygon","properties":{"adm1_psgc":500000000,"adm2_psgc":501700000,"adm3_psgc":501736000,"adm4_psgc":501736013,"adm4_en":"May-Anao","geo_level":"Bgy","len_crs":5883,"area_crs":2022581,"len_km":5,"area_km2":2},"id":501736013},{"arcs":[[51,-47,-43,52]],"type":"Polygon","properties":{"adm1_psgc":500000000,"adm2_psgc":501700000,"adm3_psgc":501736000,"adm4_psgc":501736014,"adm4_en":"Panagan","geo_level":"Bgy","len_crs":6805,"area_crs":2064235,"len_km":6,"area_km2":2},"id":501736014},{"arcs":[[53,-3,54,55,-35,-25]],"type":"Polygon","properties":{"adm1_psgc":500000000,"adm2_psgc":501700000,"adm3_psgc":501736000,"adm4_psgc":501736015,"adm4_en":"Poblacion","geo_level":"Bgy","len_crs":2604,"area_crs":262719,"len_km":2,"area_km2":0},"id":501736015},{"arcs":[[56,-53,-42,57,-33]],"type":"Polygon","properties":{"adm1_psgc":500000000,"adm2_psgc":501700000,"adm3_psgc":501736000,"adm4_psgc":501736016,"adm4_en":"Salvacion","geo_level":"Bgy","len_crs":10356,"area_crs":3960653,"len_km":10,"area_km2":3},"id":501736016},{"arcs":[[58,-5,59,-7,60]],"type":"Polygon","properties":{"adm1_psgc":500000000,"adm2_psgc":501700000,"adm3_psgc":501736000,"adm4_psgc":501736018,"adm4_en":"San Antonio","geo_level":"Bgy","len_crs":7577,"area_crs":2497314,"len_km":7,"area_km2":2},"id":501736018},{"arcs":[[-4,-54,-24,-8,-60]],"type":"Polygon","properties":{"adm1_psgc":500000000,"adm2_psgc":501700000,"adm3_psgc":501736000,"adm4_psgc":501736019,"adm4_en":"San Francisco","geo_level":"Bgy","len_crs":2890,"area_crs":495467,"len_km":2,"area_km2":0},"id":501736019},{"arcs":[[-19,-41,-6,-59,61,62]],"type":"Polygon","properties":{"adm1_psgc":500000000,"adm2_psgc":501700000,"adm3_psgc":501736000,"adm4_psgc":501736020,"adm4_en":"San Miguel","geo_level":"Bgy","len_crs":7580,"area_crs":2411484,"len_km":7,"area_km2":2},"id":501736020},{"arcs":[[-62,-61,-11,63]],"type":"Polygon","properties":{"adm1_psgc":500000000,"adm2_psgc":501700000,"adm3_psgc":501736000,"adm4_psgc":501736021,"adm4_en":"San Rafael","geo_level":"Bgy","len_crs":8994,"area_crs":3594000,"len_km":8,"area_km2":3},"id":501736021},{"arcs":[[-50,-12,-36,-56]],"type":"Polygon","properties":{"adm1_psgc":500000000,"adm2_psgc":501700000,"adm3_psgc":501736000,"adm4_psgc":501736022,"adm4_en":"Talojongon","geo_level":"Bgy","len_crs":3804,"area_crs":776755,"len_km":3,"area_km2":0},"id":501736022},{"arcs":[[-37,-16,-34,-58,-46,64,-27]],"type":"Polygon","properties":{"adm1_psgc":500000000,"adm2_psgc":501700000,"adm3_psgc":501736000,"adm4_psgc":501736023,"adm4_en":"Tinawagan","geo_level":"Bgy","len_crs":12774,"area_crs":7944983,"len_km":12,"area_km2":7},"id":501736023},{"arcs":[[-40,-51,-55,-2]],"type":"Polygon","properties":{"adm1_psgc":500000000,"adm2_psgc":501700000,"adm3_psgc":501736000,"adm4_psgc":501736024,"adm4_en":"Vinagre","geo_level":"Bgy","len_crs":4370,"area_crs":743758,"len_km":4,"area_km2":0},"id":501736024}]}}}