{"type":"Topology","arcs":[[[536,269],[-14,-27]],[[522,242],[-80,-86]],[[442,156],[-88,13]],[[354,169],[-15,31]],[[339,200],[141,98]],[[480,298],[56,-29]],[[481,532],[-94,-33]],[[387,499],[-42,1]],[[345,500],[4,84]],[[349,584],[17,41],[119,29]],[[485,654],[-4,-122]],[[339,200],[-8,-2]],[[331,198],[-22,102]],[[309,300],[8,34]],[[317,334],[81,-1],[82,-35]],[[442,156],[22,-57]],[[464,99],[11,-33]],[[475,66],[-66,-44]],[[409,22],[-51,31]],[[358,53],[-4,116]],[[358,53],[-108,13],[-1,116]],[[249,182],[82,16]],[[345,500],[-41,-22]],[[304,478],[-44,32]],[[260,510],[1,53]],[[261,563],[51,31]],[[312,594],[37,-10]],[[304,478],[1,-37]],[[305,441],[-67,-3]],[[238,438],[-29,57]],[[209,495],[51,15]],[[99,300],[49,-60]],[[148,240],[3,-44]],[[151,196],[-71,-30],[-80,98],[22,30]],[[22,294],[77,6]],[[476,405],[69,-35],[-9,-101]],[[317,334],[8,35]],[[325,369],[56,39]],[[381,408],[95,-3]],[[182,361],[41,-10]],[[223,351],[-9,-39]],[[214,312],[-66,-72]],[[99,300],[83,61]],[[615,104],[-140,-38]],[[464,99],[120,103]],[[584,202],[31,-98]],[[153,440],[29,-79]],[[22,294],[-4,71],[63,77]],[[81,442],[72,-2]],[[387,499],[-6,-91]],[[325,369],[-20,72]],[[522,242],[62,-40]],[[223,640],[38,-77]],[[209,495],[-56,-55]],[[81,442],[43,145],[99,53]],[[249,182],[-98,14]],[[214,312],[95,-12]],[[312,594],[11,66]],[[323,660],[61,97],[98,15],[28,-63],[-25,-55]],[[238,438],[-15,-87]],[[223,640],[100,20]],[[615,104],[-101,-42],[-28,-62],[-77,22]],[[481,532],[-5,-127]]],"transform":{"scale":[0.00011213993658531571,0.00011469139637300849],"translate":[120.50718808400006,16.002152264000074]},"objects":{"bgysubmuns-municity-105548000":{"type":"GeometryCollection","geometries":[{"arcs":[[0,1,2,3,4,5]],"type":"Polygon","properties":{"adm1_psgc":100000000,"adm2_psgc":105500000,"adm3_psgc":105548000,"adm4_psgc":105548001,"adm4_en":"Anis","geo_level":"Bgy","len_crs":6563,"area_crs":2127733,"len_km":6,"area_km2":2},"id":105548001},{"arcs":[[6,7,8,9,10]],"type":"Polygon","properties":{"adm1_psgc":100000000,"adm2_psgc":105500000,"adm3_psgc":105548000,"adm4_psgc":105548002,"adm4_en":"Botigue","geo_level":"Bgy","len_crs":7701,"area_crs":2365235,"len_km":7,"area_km2":2},"id":105548002},{"arcs":[[-5,11,12,13,14]],"type":"Polygon","properties":{"adm1_psgc":100000000,"adm2_psgc":105500000,"adm3_psgc":105548000,"adm4_psgc":105548003,"adm4_en":"Caaringayan","geo_level":"Bgy","len_crs":6265,"area_crs":2142901,"len_km":6,"area_km2":2},"id":105548003},{"arcs":[[15,16,17,18,19,-3]],"type":"Polygon","properties":{"adm1_psgc":100000000,"adm2_psgc":105500000,"adm3_psgc":105548000,"adm4_psgc":105548004,"adm4_en":"Domingo Alarcio","geo_level":"Bgy","len_crs":6219,"area_crs":1936558,"len_km":6,"area_km2":1},"id":105548004},{"arcs":[[-20,20,21,-12,-4]],"type":"Polygon","properties":{"adm1_psgc":100000000,"adm2_psgc":105500000,"adm3_psgc":105548000,"adm4_psgc":105548005,"adm4_en":"Cabilaoan West","geo_level":"Bgy","len_crs":5872,"area_crs":2251959,"len_km":5,"area_km2":2},"id":105548005},{"arcs":[[-9,22,23,24,25,26]],"type":"Polygon","properties":{"adm1_psgc":100000000,"adm2_psgc":105500000,"adm3_psgc":105548000,"adm4_psgc":105548006,"adm4_en":"Cabulalaan","geo_level":"Bgy","len_crs":4991,"area_crs":1312784,"len_km":4,"area_km2":1},"id":105548006},{"arcs":[[-24,27,28,29,30]],"type":"Polygon","properties":{"adm1_psgc":100000000,"adm2_psgc":105500000,"adm3_psgc":105548000,"adm4_psgc":105548007,"adm4_en":"Calaoagan","geo_level":"Bgy","len_crs":4074,"area_crs":852628,"len_km":4,"area_km2":0},"id":105548007},{"arcs":[[31,32,33,34]],"type":"Polygon","properties":{"adm1_psgc":100000000,"adm2_psgc":105500000,"adm3_psgc":105548000,"adm4_psgc":105548008,"adm4_en":"Calmay","geo_level":"Bgy","len_crs":7933,"area_crs":2606067,"len_km":7,"area_km2":2},"id":105548008},{"arcs":[[35,-6,-15,36,37,38]],"type":"Polygon","properties":{"adm1_psgc":100000000,"adm2_psgc":105500000,"adm3_psgc":105548000,"adm4_psgc":105548009,"adm4_en":"Casampagaan","geo_level":"Bgy","len_crs":7923,"area_crs":2667429,"len_km":7,"area_km2":2},"id":105548009},{"arcs":[[39,40,41,-32,42]],"type":"Polygon","properties":{"adm1_psgc":100000000,"adm2_psgc":105500000,"adm3_psgc":105548000,"adm4_psgc":105548010,"adm4_en":"Casanestebanan","geo_level":"Bgy","len_crs":5090,"area_crs":1237705,"len_km":5,"area_km2":1},"id":105548010},{"arcs":[[43,-17,44,45]],"type":"Polygon","properties":{"adm1_psgc":100000000,"adm2_psgc":105500000,"adm3_psgc":105548000,"adm4_psgc":105548011,"adm4_en":"Casantiagoan","geo_level":"Bgy","len_crs":6275,"area_crs":1695765,"len_km":6,"area_km2":1},"id":105548011},{"arcs":[[46,-43,-35,47,48]],"type":"Polygon","properties":{"adm1_psgc":100000000,"adm2_psgc":105500000,"adm3_psgc":105548000,"adm4_psgc":105548012,"adm4_en":"Inmanduyan","geo_level":"Bgy","len_crs":7502,"area_crs":2293480,"len_km":7,"area_km2":2},"id":105548012},{"arcs":[[49,-38,50,-28,-23,-8]],"type":"Polygon","properties":{"adm1_psgc":100000000,"adm2_psgc":105500000,"adm3_psgc":105548000,"adm4_psgc":105548013,"adm4_en":"Poblacion","geo_level":"Bgy","len_crs":5354,"area_crs":1434322,"len_km":5,"area_km2":1},"id":105548013},{"arcs":[[-45,-16,-2,51]],"type":"Polygon","properties":{"adm1_psgc":100000000,"adm2_psgc":105500000,"adm3_psgc":105548000,"adm4_psgc":105548014,"adm4_en":"Lebueg","geo_level":"Bgy","len_crs":5592,"area_crs":1361903,"len_km":5,"area_km2":1},"id":105548014},{"arcs":[[52,-25,-31,53,-49,54]],"type":"Polygon","properties":{"adm1_psgc":100000000,"adm2_psgc":105500000,"adm3_psgc":105548000,"adm4_psgc":105548015,"adm4_en":"Maraboc","geo_level":"Bgy","len_crs":9611,"area_crs":2710237,"len_km":9,"area_km2":2},"id":105548015},{"arcs":[[-13,-22,55,-33,-42,56]],"type":"Polygon","properties":{"adm1_psgc":100000000,"adm2_psgc":105500000,"adm3_psgc":105548000,"adm4_psgc":105548016,"adm4_en":"Nanbagatan","geo_level":"Bgy","len_crs":7372,"area_crs":2341409,"len_km":7,"area_km2":2},"id":105548016},{"arcs":[[-10,-27,57,58]],"type":"Polygon","properties":{"adm1_psgc":100000000,"adm2_psgc":105500000,"adm3_psgc":105548000,"adm4_psgc":105548017,"adm4_en":"Panaga","geo_level":"Bgy","len_crs":9175,"area_crs":3248296,"len_km":9,"area_km2":3},"id":105548017},{"arcs":[[59,-40,-47,-54,-30]],"type":"Polygon","properties":{"adm1_psgc":100000000,"adm2_psgc":105500000,"adm3_psgc":105548000,"adm4_psgc":105548018,"adm4_en":"Talogtog","geo_level":"Bgy","len_crs":5315,"area_crs":1264339,"len_km":5,"area_km2":1},"id":105548018},{"arcs":[[-58,-26,-53,60]],"type":"Polygon","properties":{"adm1_psgc":100000000,"adm2_psgc":105500000,"adm3_psgc":105548000,"adm4_psgc":105548019,"adm4_en":"Turko","geo_level":"Bgy","len_crs":4501,"area_crs":1071932,"len_km":4,"area_km2":1},"id":105548019},{"arcs":[[-18,-44,61]],"type":"Polygon","properties":{"adm1_psgc":100000000,"adm2_psgc":105500000,"adm3_psgc":105548000,"adm4_psgc":105548020,"adm4_en":"Yatyat","geo_level":"Bgy","len_crs":9078,"area_crs":1418689,"len_km":9,"area_km2":1},"id":105548020},{"arcs":[[-39,-50,-7,62]],"type":"Polygon","properties":{"adm1_psgc":100000000,"adm2_psgc":105500000,"adm3_psgc":105548000,"adm4_psgc":105548021,"adm4_en":"Balligi","geo_level":"Bgy","len_crs":5589,"area_crs":1558418,"len_km":5,"area_km2":1},"id":105548021},{"arcs":[[-37,-14,-57,-41,-60,-29,-51]],"type":"Polygon","properties":{"adm1_psgc":100000000,"adm2_psgc":105500000,"adm3_psgc":105548000,"adm4_psgc":105548022,"adm4_en":"Banuar","geo_level":"Bgy","len_crs":6080,"area_crs":1726618,"len_km":6,"area_km2":1},"id":105548022}]}}}