{"type":"Topology","arcs":[[[784,948],[-15,-31],[-8,-98],[-123,77],[-37,16],[-11,33],[-182,-3],[-81,-6],[-57,33],[-45,2],[-5,-54],[-22,-29],[-12,-81]],[[186,807],[1,-36]],[[187,771],[-11,-9],[-30,155],[22,1],[22,79]],[[190,997],[36,83],[72,17],[32,90],[33,42],[11,-69],[20,-32],[2,-51],[29,-18],[29,22],[39,-66],[39,20],[9,53],[37,-18],[57,83],[39,2],[34,-45],[25,-68],[37,-28],[14,-66]],[[251,494],[86,-24],[10,-76],[66,-72]],[[413,322],[-106,4],[-53,-35],[-13,21],[-20,-54],[-23,2],[-18,-57]],[[180,203],[-10,61],[17,34],[45,44],[18,85],[1,67]],[[185,1060],[-42,25],[-49,-33],[-12,-92],[-32,24],[-2,74],[12,61],[-1,68],[-18,136],[19,-9],[21,-84],[22,6],[5,67],[23,42]],[[131,1345],[0,-98],[16,-85],[-4,-75],[40,6],[2,-33]],[[220,748],[-4,-46]],[[216,702],[-19,1]],[[197,703],[-6,36]],[[191,739],[-4,32]],[[186,807],[34,-59]],[[216,702],[14,2],[26,-56],[59,-50],[65,-96],[35,-16],[196,48],[389,89],[175,19]],[[1175,642],[-30,-141],[-186,-105]],[[959,396],[-450,-77],[-96,3]],[[251,494],[-49,72],[-11,66]],[[191,632],[8,53]],[[199,685],[-2,18]],[[199,685],[-26,25]],[[173,710],[18,29]],[[179,156],[9,10],[90,3],[312,104],[155,33]],[[745,306],[-121,-76],[-123,-41],[-31,-28],[-79,5],[-71,-149],[-21,-17],[-65,21],[-26,69],[-18,-19],[-11,85]],[[82,612],[27,-47],[-44,-64],[6,-74],[-27,-42],[-26,-4],[-18,157],[6,58],[28,-17],[48,33]],[[1199,757],[-24,-115]],[[220,748],[88,65],[38,-21],[122,-4],[554,-26],[102,2],[75,-7]],[[179,156],[1,47]],[[959,396],[-125,-47],[-89,-43]],[[191,632],[-18,78]],[[785,947],[-1,1]],[[190,997],[-5,63]],[[131,1345],[39,-33],[20,-125],[66,-71],[23,80],[21,3],[17,82],[29,16],[33,-33],[19,-79],[2,-74],[14,-26],[31,26],[32,-60],[34,-16],[13,59],[50,-16],[24,45],[65,61],[59,-54],[2,-51],[33,-51],[25,-11],[3,-70]],[[785,947],[47,-43],[25,5],[73,156],[18,15],[323,19],[-72,-342]]],"transform":{"scale":[0.00025127071518492224,0.00009388802007431666],"translate":[119.90321687700008,15.472064820000066]},"objects":{"bgysubmuns-municity-307106000":{"type":"GeometryCollection","geometries":[{"arcs":[[0,1,2,3]],"type":"Polygon","properties":{"adm1_psgc":300000000,"adm2_psgc":307100000,"adm3_psgc":307106000,"adm4_psgc":307106001,"adm4_en":"Baloganon","geo_level":"Bgy","len_crs":51221,"area_crs":29977854,"len_km":51,"area_km2":29},"id":307106001},{"arcs":[[4,5,6]],"type":"Polygon","properties":{"adm1_psgc":300000000,"adm2_psgc":307100000,"adm3_psgc":307106000,"adm4_psgc":307106002,"adm4_en":"Bamban","geo_level":"Bgy","len_crs":23419,"area_crs":6673378,"len_km":23,"area_km2":6},"id":307106002},{"arcs":[[7,8]],"type":"Polygon","properties":{"adm1_psgc":300000000,"adm2_psgc":307100000,"adm3_psgc":307106000,"adm4_psgc":307106003,"adm4_en":"Bani","geo_level":"Bgy","len_crs":21171,"area_crs":6535983,"len_km":21,"area_km2":6},"id":307106003},{"arcs":[[9,10,11,12,-2,13]],"type":"Polygon","properties":{"adm1_psgc":300000000,"adm2_psgc":307100000,"adm3_psgc":307106000,"adm4_psgc":307106004,"adm4_en":"Collat","geo_level":"Bgy","len_crs":4221,"area_crs":669727,"len_km":4,"area_km2":0},"id":307106004},{"arcs":[[14,15,16,-5,17,18,19,-11]],"type":"Polygon","properties":{"adm1_psgc":300000000,"adm2_psgc":307100000,"adm3_psgc":307106000,"adm4_psgc":307106005,"adm4_en":"Inhobol","geo_level":"Bgy","len_crs":59265,"area_crs":49255192,"len_km":59,"area_km2":49},"id":307106005},{"arcs":[[-20,20,21,-12]],"type":"Polygon","properties":{"adm1_psgc":300000000,"adm2_psgc":307100000,"adm3_psgc":307106000,"adm4_psgc":307106006,"adm4_en":"North Poblacion","geo_level":"Bgy","len_crs":2196,"area_crs":175540,"len_km":2,"area_km2":0},"id":307106006},{"arcs":[[22,23]],"type":"Polygon","properties":{"adm1_psgc":300000000,"adm2_psgc":307100000,"adm3_psgc":307106000,"adm4_psgc":307106007,"adm4_en":"San Lorenzo","geo_level":"Bgy","len_crs":34003,"area_crs":11820245,"len_km":34,"area_km2":11},"id":307106007},{"arcs":[[24]],"type":"Polygon","properties":{"adm1_psgc":300000000,"adm2_psgc":307100000,"adm3_psgc":307106000,"adm4_psgc":307106008,"adm4_en":"San Salvador","geo_level":"Bgy","len_crs":9862,"area_crs":4364121,"len_km":9,"area_km2":4},"id":307106008},{"arcs":[[25,-15,-10,26]],"type":"Polygon","properties":{"adm1_psgc":300000000,"adm2_psgc":307100000,"adm3_psgc":307106000,"adm4_psgc":307106009,"adm4_en":"Santa Rita","geo_level":"Bgy","len_crs":55767,"area_crs":54241358,"len_km":55,"area_km2":54},"id":307106009},{"arcs":[[-23,27,-6,-17,28]],"type":"Polygon","properties":{"adm1_psgc":300000000,"adm2_psgc":307100000,"adm3_psgc":307106000,"adm4_psgc":307106010,"adm4_en":"Santo Rosario","geo_level":"Bgy","len_crs":44494,"area_crs":15975078,"len_km":44,"area_km2":15},"id":307106010},{"arcs":[[-19,29,-21]],"type":"Polygon","properties":{"adm1_psgc":300000000,"adm2_psgc":307100000,"adm3_psgc":307106000,"adm4_psgc":307106011,"adm4_en":"South Poblacion","geo_level":"Bgy","len_crs":3707,"area_crs":386490,"len_km":3,"area_km2":0},"id":307106011},{"arcs":[[30,-4,31,-9,32]],"type":"Polygon","properties":{"adm1_psgc":300000000,"adm2_psgc":307100000,"adm3_psgc":307106000,"adm4_psgc":307106012,"adm4_en":"Taltal","geo_level":"Bgy","len_crs":53047,"area_crs":10930183,"len_km":53,"area_km2":10},"id":307106012},{"arcs":[[-27,-14,-1,-31,33]],"type":"Polygon","properties":{"adm1_psgc":300000000,"adm2_psgc":307100000,"adm3_psgc":307106000,"adm4_psgc":307106013,"adm4_en":"Tapuac","geo_level":"Bgy","len_crs":66875,"area_crs":57816596,"len_km":66,"area_km2":57},"id":307106013}]}}}