{"type":"Topology","arcs":[[[1415,859],[-178,-76]],[[1237,783],[14,315]],[[1251,1098],[116,69]],[[1367,1167],[48,-308]],[[1928,1026],[-107,-20]],[[1821,1006],[-13,7]],[[1808,1013],[1,3]],[[1809,1016],[11,6],[41,39],[24,-4],[21,-20],[22,-11]],[[1251,1098],[-688,-370]],[[563,728],[105,125],[101,132],[166,203],[242,152]],[[1177,1340],[47,-95],[27,-147]],[[1860,719],[35,-135]],[[1895,584],[-10,-12],[-17,0],[-24,26],[-15,-5],[-31,-22],[-26,3],[-29,26],[-4,22],[-13,8],[0,40],[-50,-1],[-3,-35],[19,-25],[-7,-21],[-50,74],[-138,199]],[[1497,861],[28,3]],[[1525,864],[168,-66]],[[1693,798],[43,-21],[124,-58]],[[1847,981],[4,-77]],[[1851,904],[-58,60]],[[1793,964],[23,15]],[[1816,979],[31,2]],[[1237,783],[-427,-315],[-725,-468],[-85,431],[563,297]],[[1808,1013],[-5,-25]],[[1803,988],[-22,-17]],[[1781,971],[-11,-10],[-44,-9]],[[1726,952],[-30,29],[-32,9],[-25,1],[-5,17],[31,24],[-11,23]],[[1654,1055],[-2,14],[16,18]],[[1668,1087],[17,-13],[60,-31],[64,-27]],[[1816,987],[0,-8]],[[1793,964],[-12,7]],[[1803,988],[13,-1]],[[1851,904],[9,-185]],[[1693,798],[33,154]],[[1944,978],[-8,-17],[4,-11],[-9,-29],[53,-62],[34,-15],[5,-15],[4,-40],[-4,-40],[-9,-32],[-14,-33],[-36,-40],[-21,-7],[-40,-58],[-8,5]],[[1847,981],[97,-3]],[[1642,1324],[-36,-15]],[[1606,1309],[-133,176]],[[1473,1485],[178,27],[27,-12],[-13,-31],[-14,-4],[-11,-24],[6,-36],[12,-10],[-17,-41],[1,-30]],[[1554,1098],[-29,-234]],[[1497,861],[-82,-2]],[[1367,1167],[204,122]],[[1571,1289],[-17,-191]],[[1554,1098],[85,-48],[15,5]],[[1974,1488],[34,-4],[31,-13],[31,-35],[8,-27],[-6,-26],[-16,-19],[-29,2],[-46,32],[-17,18],[-34,-1],[-36,-35],[-30,-2],[-12,-8],[-29,1],[-20,12],[-15,41],[5,27],[26,9],[51,-31],[30,2],[17,13],[-1,12],[23,9],[16,18],[19,5]],[[1874,1531],[-14,-2],[14,-37],[-17,-3],[-50,17],[12,13],[44,39],[13,-4],[-2,-23]],[[1974,1672],[18,-18],[0,-15],[-15,-11],[-22,0],[-21,14],[7,14],[22,17],[11,-1]],[[1571,1289],[35,20]],[[1642,1324],[30,-36],[5,-25],[-16,-25],[-7,-38],[-6,-8],[-8,-50],[5,-21],[23,-34]],[[1177,1340],[211,133],[85,12]],[[1821,1006],[-5,-19]],[[1928,1026],[16,-48]]],"transform":{"scale":[0.00010046316458128829,0.00009935853556487231],"translate":[125.27049977100013,11.714472447000045]},"objects":{"bgysubmuns-municity-802622000":{"type":"GeometryCollection","geometries":[{"arcs":[[0,1,2,3]],"type":"Polygon","properties":{"adm1_psgc":800000000,"adm2_psgc":802600000,"adm3_psgc":802622000,"adm4_psgc":802622001,"adm4_en":"A-et","geo_level":"Bgy","len_crs":10487,"area_crs":5639977,"len_km":10,"area_km2":5},"id":802622001},{"arcs":[[4,5,6,7]],"type":"Polygon","properties":{"adm1_psgc":800000000,"adm2_psgc":802600000,"adm3_psgc":802622000,"adm4_psgc":802622002,"adm4_en":"Baybay","geo_level":"Bgy","len_crs":3639,"area_crs":382009,"len_km":3,"area_km2":0},"id":802622002},{"arcs":[[8,9,10]],"type":"Polygon","properties":{"adm1_psgc":800000000,"adm2_psgc":802600000,"adm3_psgc":802622000,"adm4_psgc":802622003,"adm4_en":"Kandalakit","geo_level":"Bgy","len_crs":20996,"area_crs":15231204,"len_km":20,"area_km2":15},"id":802622003},{"arcs":[[11,12,13,14,15]],"type":"Polygon","properties":{"adm1_psgc":800000000,"adm2_psgc":802600000,"adm3_psgc":802622000,"adm4_psgc":802622004,"adm4_en":"Del Remedio","geo_level":"Bgy","len_crs":16774,"area_crs":6029156,"len_km":16,"area_km2":6},"id":802622004},{"arcs":[[16,17,18,19]],"type":"Polygon","properties":{"adm1_psgc":800000000,"adm2_psgc":802600000,"adm3_psgc":802622000,"adm4_psgc":802622005,"adm4_en":"Loyola Heights","geo_level":"Bgy","len_crs":2407,"area_crs":284311,"len_km":2,"area_km2":0},"id":802622005},{"arcs":[[20,-9,-2]],"type":"Polygon","properties":{"adm1_psgc":800000000,"adm2_psgc":802600000,"adm3_psgc":802622000,"adm4_psgc":802622006,"adm4_en":"Mabini","geo_level":"Bgy","len_crs":39128,"area_crs":58515481,"len_km":39,"area_km2":58},"id":802622006},{"arcs":[[-7,21,22,23,24,25,26]],"type":"Polygon","properties":{"adm1_psgc":800000000,"adm2_psgc":802600000,"adm3_psgc":802622000,"adm4_psgc":802622007,"adm4_en":"Maglipay","geo_level":"Bgy","len_crs":5941,"area_crs":1497554,"len_km":5,"area_km2":1},"id":802622007},{"arcs":[[27,-19,28,-23,29]],"type":"Polygon","properties":{"adm1_psgc":800000000,"adm2_psgc":802600000,"adm3_psgc":802622000,"adm4_psgc":802622008,"adm4_en":"Maramara","geo_level":"Bgy","len_crs":1058,"area_crs":54695,"len_km":1,"area_km2":0},"id":802622008},{"arcs":[[-18,30,-16,31,-24,-29]],"type":"Polygon","properties":{"adm1_psgc":800000000,"adm2_psgc":802600000,"adm3_psgc":802622000,"adm4_psgc":802622009,"adm4_en":"Riverside","geo_level":"Bgy","len_crs":7562,"area_crs":3372939,"len_km":7,"area_km2":3},"id":802622009},{"arcs":[[32,-12,-31,-17,33]],"type":"Polygon","properties":{"adm1_psgc":800000000,"adm2_psgc":802600000,"adm3_psgc":802622000,"adm4_psgc":802622010,"adm4_en":"San Francisco","geo_level":"Bgy","len_crs":12389,"area_crs":5579463,"len_km":12,"area_km2":5},"id":802622010},{"arcs":[[34,35,36]],"type":"Polygon","properties":{"adm1_psgc":800000000,"adm2_psgc":802600000,"adm3_psgc":802622000,"adm4_psgc":802622011,"adm4_en":"San Isidro","geo_level":"Bgy","len_crs":9511,"area_crs":2665038,"len_km":9,"area_km2":2},"id":802622011},{"arcs":[[37,-14,38,-4,39,40]],"type":"Polygon","properties":{"adm1_psgc":800000000,"adm2_psgc":802600000,"adm3_psgc":802622000,"adm4_psgc":802622012,"adm4_en":"San Juan","geo_level":"Bgy","len_crs":11942,"area_crs":7048445,"len_km":11,"area_km2":7},"id":802622012},{"arcs":[[-25,-32,-15,-38,41]],"type":"Polygon","properties":{"adm1_psgc":800000000,"adm2_psgc":802600000,"adm3_psgc":802622000,"adm4_psgc":802622013,"adm4_en":"San Mateo","geo_level":"Bgy","len_crs":9551,"area_crs":4474935,"len_km":9,"area_km2":4},"id":802622013},{"arcs":[[[42]],[[43]],[[44]]],"type":"MultiPolygon","properties":{"adm1_psgc":800000000,"adm2_psgc":802600000,"adm3_psgc":802622000,"adm4_psgc":802622014,"adm4_en":"San Vicente","geo_level":"Bgy","len_crs":13702,"area_crs":3029538,"len_km":13,"area_km2":3},"id":802622014},{"arcs":[[-26,-42,-41,45,-35,46]],"type":"Polygon","properties":{"adm1_psgc":800000000,"adm2_psgc":802600000,"adm3_psgc":802622000,"adm4_psgc":802622015,"adm4_en":"Santo Niño","geo_level":"Bgy","len_crs":8558,"area_crs":2716731,"len_km":8,"area_km2":2},"id":802622015},{"arcs":[[-46,-40,-3,-11,47,-36]],"type":"Polygon","properties":{"adm1_psgc":800000000,"adm2_psgc":802600000,"adm3_psgc":802622000,"adm4_psgc":802622016,"adm4_en":"Santo Tomas","geo_level":"Bgy","len_crs":13441,"area_crs":10667683,"len_km":13,"area_km2":10},"id":802622016},{"arcs":[[48,-30,-22,-6]],"type":"Polygon","properties":{"adm1_psgc":800000000,"adm2_psgc":802600000,"adm3_psgc":802622000,"adm4_psgc":802622017,"adm4_en":"Tabi","geo_level":"Bgy","len_crs":926,"area_crs":46050,"len_km":0,"area_km2":0},"id":802622017},{"arcs":[[-34,-20,-28,-49,-5,49]],"type":"Polygon","properties":{"adm1_psgc":800000000,"adm2_psgc":802600000,"adm3_psgc":802622000,"adm4_psgc":802622018,"adm4_en":"Abucay","geo_level":"Bgy","len_crs":3620,"area_crs":514550,"len_km":3,"area_km2":0},"id":802622018}]}}}