{"type":"Topology","arcs":[[[4959,167],[151,-125]],[[5110,42],[-103,-11],[-59,-31],[-40,18],[5,61],[46,88]],[[7767,778],[21,-6],[-21,-111],[-44,-17],[-41,23],[-20,89],[105,22]],[[1169,2639],[32,-21],[-34,-80],[-98,-48],[-64,57],[123,103],[41,-11]],[[118,3657],[33,-42],[-1,-45],[-50,-15],[-76,-70],[-24,30],[118,142]],[[293,4862],[56,-42],[12,-64],[-26,-55],[-99,-16],[-33,-31],[-84,29],[105,79],[25,84],[44,16]],[[4959,167],[82,58],[-11,80],[58,34],[55,0],[38,-93],[-17,-51],[-51,-55],[-3,-98]]],"transform":{"scale":[0.00004956014971751123,0.00004500260468942987],"translate":[118.06462332500006,6.071399445000054]},"objects":{"bgysubmuns-municity-1907008000":{"type":"GeometryCollection","geometries":[{"arcs":[[[0,1]],[[2]],[[3]],[[4]],[[5]]],"type":"MultiPolygon","properties":{"adm1_psgc":1900000000,"adm2_psgc":1907000000,"adm3_psgc":1907008000,"adm4_psgc":1907008001,"adm4_en":"Taganak Poblacion","geo_level":"Bgy","len_crs":18044,"area_crs":2569951,"len_km":18,"area_km2":2},"id":1907008001},{"arcs":[[-1,6]],"type":"Polygon","properties":{"adm1_psgc":1900000000,"adm2_psgc":1907000000,"adm3_psgc":1907008000,"adm4_psgc":1907008002,"adm4_en":"Likud Bakkao","geo_level":"Bgy","len_crs":4533,"area_crs":912813,"len_km":4,"area_km2":0},"id":1907008002}]}}}