{"type":"Topology","arcs":[[[1711,1144],[159,-110],[-84,-167],[-49,-27],[-94,2],[-35,68],[23,62],[69,76],[11,96]],[[153,465],[4,-92]],[[157,373],[-118,-50]],[[39,323],[16,151]],[[55,474],[98,-9]],[[153,734],[-7,-56]],[[146,678],[-55,26],[-58,-82]],[[33,622],[-33,37],[55,130]],[[55,789],[98,-55]],[[146,678],[-38,-53]],[[108,625],[2,-38]],[[110,587],[-1,-15]],[[109,572],[-70,-9]],[[39,563],[-6,59]],[[301,437],[106,-4]],[[407,433],[74,-21]],[[481,412],[-82,-221]],[[399,191],[-47,76],[-72,18]],[[280,285],[-19,34]],[[261,319],[-20,115]],[[241,434],[60,3]],[[280,285],[4,-22]],[[284,263],[-81,3]],[[203,266],[-1,38]],[[202,304],[59,15]],[[254,766],[-46,-37]],[[208,729],[-55,5]],[[55,789],[66,49],[114,1]],[[235,839],[19,-73]],[[203,266],[-130,-43]],[[73,223],[-34,100]],[[157,373],[45,-69]],[[332,632],[-17,-47]],[[315,585],[-2,-21]],[[313,564],[-204,8]],[[110,587],[53,23]],[[163,610],[41,37]],[[204,647],[15,2]],[[219,649],[125,23]],[[344,672],[-12,-40]],[[209,675],[10,-26]],[[204,647],[-35,-4]],[[169,643],[0,42]],[[169,685],[40,-10]],[[646,819],[15,-24]],[[661,795],[-100,-149]],[[561,646],[1,3]],[[562,649],[-36,61]],[[526,710],[-1,107]],[[525,817],[84,33],[37,-31]],[[562,649],[-67,-15],[-100,14],[-63,-16]],[[344,672],[70,46]],[[414,718],[11,-31],[101,23]],[[153,465],[88,-31]],[[561,646],[-50,-111]],[[511,535],[-53,18]],[[458,553],[-143,32]],[[414,718],[-3,26]],[[411,744],[3,76]],[[414,820],[111,-3]],[[209,675],[-1,54]],[[254,766],[157,-22]],[[322,6],[-49,32],[-56,74]],[[217,112],[81,91]],[[298,203],[24,-197]],[[313,564],[-12,-127]],[[55,474],[-16,89]],[[646,819],[15,-24]],[[284,263],[14,-60]],[[217,112],[-82,25],[-62,86]],[[163,644],[0,-34]],[[108,625],[47,21]],[[155,646],[8,-2]],[[163,644],[6,-1]],[[155,646],[3,24]],[[158,670],[11,15]],[[158,670],[-12,8]],[[399,191],[-59,-191],[-18,6]],[[458,553],[-51,-120]],[[511,535],[-30,-123]],[[235,839],[103,3],[76,-22]]],"transform":{"scale":[0.00011209443422457789,0.00010016840909093355],"translate":[123.49976892600013,13.635531158000047]},"objects":{"bgysubmuns-municity-501733000":{"type":"GeometryCollection","geometries":[{"arcs":[[0]],"type":"Polygon","properties":{"adm1_psgc":500000000,"adm2_psgc":501700000,"adm3_psgc":501733000,"adm4_psgc":501733001,"adm4_en":"Adiangao","geo_level":"Bgy","len_crs":13964,"area_crs":6701697,"len_km":13,"area_km2":6},"id":501733001},{"arcs":[[1,2,3,4]],"type":"Polygon","properties":{"adm1_psgc":500000000,"adm2_psgc":501700000,"adm3_psgc":501733000,"adm4_psgc":501733002,"adm4_en":"Bagacay","geo_level":"Bgy","len_crs":5554,"area_crs":1830154,"len_km":5,"area_km2":1},"id":501733002},{"arcs":[[5,6,7,8]],"type":"Polygon","properties":{"adm1_psgc":500000000,"adm2_psgc":501700000,"adm3_psgc":501733000,"adm4_psgc":501733003,"adm4_en":"Bahay","geo_level":"Bgy","len_crs":6092,"area_crs":1532595,"len_km":6,"area_km2":1},"id":501733003},{"arcs":[[9,10,11,12,13,-7]],"type":"Polygon","properties":{"adm1_psgc":500000000,"adm2_psgc":501700000,"adm3_psgc":501733000,"adm4_psgc":501733004,"adm4_en":"Boclod","geo_level":"Bgy","len_crs":4981,"area_crs":1124479,"len_km":4,"area_km2":1},"id":501733004},{"arcs":[[14,15,16,17,18,19,20]],"type":"Polygon","properties":{"adm1_psgc":500000000,"adm2_psgc":501700000,"adm3_psgc":501733000,"adm4_psgc":501733005,"adm4_en":"Calalahan","geo_level":"Bgy","len_crs":10802,"area_crs":4344817,"len_km":10,"area_km2":4},"id":501733005},{"arcs":[[21,22,23,24,-19]],"type":"Polygon","properties":{"adm1_psgc":500000000,"adm2_psgc":501700000,"adm3_psgc":501733000,"adm4_psgc":501733006,"adm4_en":"Calawit","geo_level":"Bgy","len_crs":2959,"area_crs":348742,"len_km":2,"area_km2":0},"id":501733006},{"arcs":[[25,26,-9,27,28]],"type":"Polygon","properties":{"adm1_psgc":500000000,"adm2_psgc":501700000,"adm3_psgc":501733000,"adm4_psgc":501733007,"adm4_en":"Camagong","geo_level":"Bgy","len_crs":6197,"area_crs":2101613,"len_km":6,"area_km2":2},"id":501733007},{"arcs":[[-24,29,30,-3,31]],"type":"Polygon","properties":{"adm1_psgc":500000000,"adm2_psgc":501700000,"adm3_psgc":501733000,"adm4_psgc":501733008,"adm4_en":"Catalotoan","geo_level":"Bgy","len_crs":5878,"area_crs":1960426,"len_km":5,"area_km2":1},"id":501733008},{"arcs":[[32,33,34,-12,35,36,37,38,39]],"type":"Polygon","properties":{"adm1_psgc":500000000,"adm2_psgc":501700000,"adm3_psgc":501733000,"adm4_psgc":501733009,"adm4_en":"Danlog","geo_level":"Bgy","len_crs":7341,"area_crs":1824647,"len_km":7,"area_km2":1},"id":501733009},{"arcs":[[40,-38,41,42,43]],"type":"Polygon","properties":{"adm1_psgc":500000000,"adm2_psgc":501700000,"adm3_psgc":501733000,"adm4_psgc":501733010,"adm4_en":"Del Carmen","geo_level":"Bgy","len_crs":1926,"area_crs":234041,"len_km":1,"area_km2":0},"id":501733010},{"arcs":[[44,45,46,47,48,49]],"type":"Polygon","properties":{"adm1_psgc":500000000,"adm2_psgc":501700000,"adm3_psgc":501733000,"adm4_psgc":501733011,"adm4_en":"Dolo","geo_level":"Bgy","len_crs":6637,"area_crs":2012494,"len_km":6,"area_km2":2},"id":501733011},{"arcs":[[-48,50,-40,51,52]],"type":"Polygon","properties":{"adm1_psgc":500000000,"adm2_psgc":501700000,"adm3_psgc":501733000,"adm4_psgc":501733012,"adm4_en":"Kinalansan","geo_level":"Bgy","len_crs":6742,"area_crs":1531981,"len_km":6,"area_km2":1},"id":501733012},{"arcs":[[-20,-25,-32,-2,53]],"type":"Polygon","properties":{"adm1_psgc":500000000,"adm2_psgc":501700000,"adm3_psgc":501733000,"adm4_psgc":501733013,"adm4_en":"Mampirao","geo_level":"Bgy","len_crs":5562,"area_crs":1883209,"len_km":5,"area_km2":1},"id":501733013},{"arcs":[[54,55,56,-33,-51,-47]],"type":"Polygon","properties":{"adm1_psgc":500000000,"adm2_psgc":501700000,"adm3_psgc":501733000,"adm4_psgc":501733014,"adm4_en":"Manzana","geo_level":"Bgy","len_crs":7265,"area_crs":2289121,"len_km":7,"area_km2":2},"id":501733014},{"arcs":[[-49,-53,57,58,59]],"type":"Polygon","properties":{"adm1_psgc":500000000,"adm2_psgc":501700000,"adm3_psgc":501733000,"adm4_psgc":501733015,"adm4_en":"Minoro","geo_level":"Bgy","len_crs":5385,"area_crs":1806493,"len_km":5,"area_km2":1},"id":501733015},{"arcs":[[-58,-52,-39,-41,60,-26,61]],"type":"Polygon","properties":{"adm1_psgc":500000000,"adm2_psgc":501700000,"adm3_psgc":501733000,"adm4_psgc":501733016,"adm4_en":"Palale","geo_level":"Bgy","len_crs":6585,"area_crs":2258058,"len_km":6,"area_km2":2},"id":501733016},{"arcs":[[62,63,64]],"type":"Polygon","properties":{"adm1_psgc":500000000,"adm2_psgc":501700000,"adm3_psgc":501733000,"adm4_psgc":501733017,"adm4_en":"Ponglon","geo_level":"Bgy","len_crs":5754,"area_crs":1288328,"len_km":5,"area_km2":1},"id":501733017},{"arcs":[[65,-21,-54,-5,66,-13,-35]],"type":"Polygon","properties":{"adm1_psgc":500000000,"adm2_psgc":501700000,"adm3_psgc":501733000,"adm4_psgc":501733018,"adm4_en":"Pugay","geo_level":"Bgy","len_crs":9205,"area_crs":3934682,"len_km":9,"area_km2":3},"id":501733018},{"arcs":[[-45,67]],"type":"Polygon","properties":{"adm1_psgc":500000000,"adm2_psgc":501700000,"adm3_psgc":501733000,"adm4_psgc":501733019,"adm4_en":"Sabang","geo_level":"Bgy","len_crs":4709,"area_crs":406255,"len_km":4,"area_km2":0},"id":501733019},{"arcs":[[68,-64,69,-30,-23]],"type":"Polygon","properties":{"adm1_psgc":500000000,"adm2_psgc":501700000,"adm3_psgc":501733000,"adm4_psgc":501733020,"adm4_en":"Salogon","geo_level":"Bgy","len_crs":8254,"area_crs":2960837,"len_km":8,"area_km2":2},"id":501733020},{"arcs":[[70,-36,-11,71,72]],"type":"Polygon","properties":{"adm1_psgc":500000000,"adm2_psgc":501700000,"adm3_psgc":501733000,"adm4_psgc":501733021,"adm4_en":"San Antonio","geo_level":"Bgy","len_crs":2360,"area_crs":187943,"len_km":2,"area_km2":0},"id":501733021},{"arcs":[[-71,73,-42,-37]],"type":"Polygon","properties":{"adm1_psgc":500000000,"adm2_psgc":501700000,"adm3_psgc":501733000,"adm4_psgc":501733023,"adm4_en":"San Juan","geo_level":"Bgy","len_crs":1857,"area_crs":208161,"len_km":1,"area_km2":0},"id":501733023},{"arcs":[[-74,-73,74,75,-43]],"type":"Polygon","properties":{"adm1_psgc":500000000,"adm2_psgc":501700000,"adm3_psgc":501733000,"adm4_psgc":501733024,"adm4_en":"San Vicente",