{"type":"Topology","arcs":[[[127,580],[-1,-17]],[[126,563],[-45,-18]],[[81,545],[0,62]],[[81,607],[25,42]],[[106,649],[21,-69]],[[641,633],[-214,-16]],[[427,617],[7,74],[50,76]],[[484,767],[157,-134]],[[152,653],[20,-25]],[[172,628],[3,-7]],[[175,621],[-48,-41]],[[106,649],[16,27]],[[122,676],[30,-23]],[[180,637],[-8,-9]],[[152,653],[14,47]],[[166,700],[14,-63]],[[399,615],[6,-87]],[[405,528],[-46,-4]],[[359,524],[-8,72]],[[351,596],[47,34]],[[398,630],[1,-15]],[[317,530],[-16,-120]],[[301,410],[-16,30]],[[285,440],[1,83]],[[286,523],[31,7]],[[351,596],[-8,31]],[[343,627],[-15,22]],[[328,649],[99,148]],[[427,797],[-29,-167]],[[271,564],[-101,-73]],[[170,491],[-6,22]],[[164,513],[43,38]],[[207,551],[21,19]],[[228,570],[31,25]],[[259,595],[12,-31]],[[309,284],[271,-176]],[[580,108],[-121,-108],[-295,231],[46,80]],[[210,311],[99,-27]],[[268,682],[41,-90]],[[309,592],[-29,-23]],[[280,569],[-9,-5]],[[259,595],[-24,62]],[[235,657],[29,28]],[[264,685],[4,-3]],[[359,524],[-25,-9]],[[334,515],[-17,15]],[[286,523],[-6,46]],[[309,592],[34,35]],[[298,694],[30,-45]],[[268,682],[30,12]],[[348,405],[37,-41],[401,-64]],[[786,300],[-206,-192]],[[309,284],[5,96]],[[314,380],[34,25]],[[228,570],[-23,64]],[[205,634],[30,23]],[[301,410],[0,-29]],[[301,381],[-95,1]],[[206,382],[-5,25]],[[201,407],[75,28]],[[276,435],[9,5]],[[201,407],[-12,34]],[[189,441],[87,-6]],[[387,818],[-89,-124]],[[264,685],[4,70],[65,66],[54,-3]],[[63,642],[-25,-95]],[[38,547],[-38,28],[29,105]],[[29,680],[34,-38]],[[387,818],[40,-21]],[[207,551],[-32,70]],[[180,637],[25,-3]],[[301,381],[13,-1]],[[210,311],[-4,71]],[[797,514],[121,-94],[-132,-120]],[[348,405],[-14,110]],[[405,528],[392,-14]],[[189,441],[-19,50]],[[81,545],[-43,2]],[[63,642],[18,-35]],[[427,617],[-28,-2]],[[427,797],[57,-30]],[[104,724],[-1,-8]],[[103,716],[3,-20]],[[106,696],[-38,41]],[[68,737],[6,10]],[[74,747],[30,-23]],[[122,676],[-16,20]],[[103,716],[63,-16]],[[29,680],[39,57]],[[104,724],[52,31]],[[156,755],[10,-55]],[[74,747],[43,74],[39,-66]],[[164,513],[-38,50]],[[641,633],[156,-119]]],"transform":{"scale":[0.00009300715359475729,0.00006425282704018075],"translate":[124.35199871100009,7.922532235000062]},"objects":{"bgysubmuns-municity-1903633000":{"type":"GeometryCollection","geometries":[{"arcs":[[0,1,2,3,4]],"type":"Polygon","properties":{"adm1_psgc":1900000000,"adm2_psgc":1903600000,"adm3_psgc":1903633000,"adm4_psgc":1903633001,"adm4_en":"Bacolod","geo_level":"Bgy","len_crs":2152,"area_crs":195484,"len_km":2,"area_km2":0},"id":1903633001},{"arcs":[[5,6,7]],"type":"Polygon","properties":{"adm1_psgc":1900000000,"adm2_psgc":1903600000,"adm3_psgc":1903633000,"adm4_psgc":1903633003,"adm4_en":"Bangon","geo_level":"Bgy","len_crs":5343,"area_crs":1289979,"len_km":5,"area_km2":1},"id":1903633003},{"arcs":[[8,9,10,-5,11,12]],"type":"Polygon","properties":{"adm1_psgc":1900000000,"adm2_psgc":1903600000,"adm3_psgc":1903633000,"adm4_psgc":1903633005,"adm4_en":"Buadiposo Lilod","geo_level":"Bgy","len_crs":2074,"area_crs":270606,"len_km":2,"area_km2":0},"id":1903633005},{"arcs":[[13,-9,14,15]],"type":"Polygon","properties":{"adm1_psgc":1900000000,"adm2_psgc":1903600000,"adm3_psgc":1903633000,"adm4_psgc":1903633006,"adm4_en":"Buadiposo Proper","geo_level":"Bgy","len_crs":1451,"area_crs":136449,"len_km":1,"area_km2":0},"id":1903633006},{"arcs":[[16,17,18,19,20]],"type":"Polygon","properties":{"adm1_psgc":1900000000,"adm2_psgc":1903600000,"adm3_psgc":1903633000,"adm4_psgc":1903633007,"adm4_en":"Bubong","geo_level":"Bgy","len_crs":2304,"area_crs":287252,"len_km":2,"area_km2":0},"id":1903633007},{"arcs":[[21,22,23,24]],"type":"Polygon","properties":{"adm1_psgc":1900000000,"adm2_psgc":1903600000,"adm3_psgc":1903633000,"adm4_psgc":1903633008,"adm4_en":"Buntong Proper","geo_level":"Bgy","len_crs":2375,"area_crs":220698,"len_km":2,"area_km2":0},"id":1903633008},{"arcs":[[-20,25,26,27,28]],"type":"Polygon","properties":{"adm1_psgc":1900000000,"adm2_psgc":1903600000,"adm3_psgc":1903633000,"adm4_psgc":1903633009,"adm4_en":"Cadayonan","geo_level":"Bgy","len_crs":3691,"area_crs":581850,"len_km":3,"area_km2":0},"id":1903633009},{"arcs":[[29,30,31,32,33,34]],"type":"Polygon","properties":{"adm1_psgc":1900000000,"adm2_psgc":1903600000,"adm3_psgc":1903633000,"adm4_psgc":1903633010,"adm4_en":"Dansalan","geo_level":"Bgy","len_crs":2737,"area_crs":247663,"len_km":2,"area_km2":0},"id":1903633010},{"arcs":[[35,36,37]],"type":"Polygon","properties":{"adm1_psgc":1900000000,"adm2_psgc":1903600000,"adm3_psgc":1903633000,"adm4_psgc":1903633011,"adm4_en":"Gata","geo_level":"Bgy","len_crs":9917,"area_crs":3998396,"len_km":9,"area_km2":3},"id":1903633011},{"arcs":[[38,39,40,-35,41,42,43]],"type":"Polygon","properties":{"adm1_psgc":1900000000,"adm2_psgc":1903600000,"adm3_psgc":1903633000,"adm4_psgc":1903633013,"adm4_en":"Kalakala","geo_level":"Bgy","len_crs":2400,"area_crs":331237,"len_km":2,"area_km2":0},"id":1903633013},{"arcs":[[-19,44,45,-25,46,-40,47,-26]],"type":"Polygon","properties":{"adm1_psgc":1900000000,"adm2_psgc":1903600000,"adm3_psgc":1903633000,"adm4_psgc":1903633014,"adm4_en":"Katogonan","geo_level":"Bgy","len_crs":2849,"area_crs":395929,"len_km":2,"area_km2":0},"id":1903633014},{"arcs":[[48,-27,-48,-39,49]],"type":"Polygon","properties":{"adm1_psgc":1900000000,"adm2_psgc":1903600000,"adm3_psgc":1903633000,"adm4_psgc":1903633015,"adm4_en":"Lumbac","geo_level":"Bgy","len_crs":2346,"area_crs":280773,"len_km":2,"area_km2":0},"id":1903633015},{"arcs":[[50,51,-36,52,53]],"type":"Polygon","properties":{"adm1_psgc":1900000000,"adm2_psgc":1903600000,"adm3_psgc":1903633000,"adm4_psgc":1903633017,"adm4_en":"Lumbatan Manacab","geo_level":"Bgy","len_crs":11396,"area_crs":4896193,"len_km":11,"area_km2":4},"id":1903633017},{"arcs":[[-34,54,55,-42]],"type":"Polygon","properties":{"adm1_psgc":1900000000,"adm2_psgc":1903600000,"adm3_psgc":1903633000,"adm4_psgc":1903633018,"adm4_en":"Lumbatan Pataingud","geo_level":"Bgy","len_crs":1753,"area_crs":174286,"len_km":1,"area_km2":0},"id":1903633018},{"arcs":[[-23,56,57,58,59,60]],"type":"Polygon","properties":{"adm1_psgc":1900000000,"adm2_psgc":1903600000,"adm3_psgc":1903633000,"adm4_psgc":1903633019,"adm4_en":"Manacab","geo_level":"Bgy","len_crs":2644,"area_crs":284193,"len_km":2,"area_km2":0},"id":1903633019},{"arcs":[[-60,61,62]],"type":"Polygon","properties":{"adm1_psgc":1900000000,"adm2_psgc":1903600000,"adm3_psgc":1903633000,"adm4_psgc":1903633020,"adm4_en":"Minanga","geo_level":"Bgy","len_crs":2200,"area_crs":203758,"len_km":2,"area_km2":0},"id":1903633020},{"arcs":[[63,-50,-44,64]],"type":"Polygon","properties":{"adm1_psgc":1900000000,"adm2_psgc":1903600000,"adm3_psgc":1903633000,"adm4_psgc":1903633021,"adm4_en":"Paling","geo_level":"Bgy","len_crs":3690,"area_crs":555378,"len_km":3,"area_km2":0},"id":1903633021},{"arcs":[[65,66,67]],"type":"Polygon","properties":{"adm1_psgc":1900000000,"adm2_psgc":1903600000,"adm3_psgc":1903633000,"adm4_psgc":1903633022,"adm4_en":"Pindolonan","geo_level":"Bgy","len_crs":2431,"area_crs":330359,"len_km":2,"area_km2":0},"id":1903633022},{"arcs":[[-28,-49,-64,68]],"type":"Polygon","properties":{"adm1_psgc":1900000000,"adm2_psgc":1903600000,"adm3_psgc":1903633000,"adm4_psgc":1903633023,"adm4_en":"Pualas","geo_level":"Bgy","len_crs":3613,"area_crs":554744,"len_km":3,"area_km2":0},"id":1903633023},{"arcs":[[-55,-33,69,-10,-14,70]],"type":"Polygon","properties":{"adm1_psgc":1900000000,"adm2_psgc":1903600000,"adm3_psgc":1903633000,"adm4_psgc":1903633025,"adm4_en":"Buadiposo Raya","geo_level":"Bgy","len_crs":1858,"area_crs":162433,"len_km":1,"area_km2":0},"id":1903633025},{"arcs":[[71,-53,-38,72,-58]],"type":"Polygon","properties":{"adm1_psgc":1900000000,"adm2_psgc":1903600000,"adm3_psgc":1903633000,"adm4_psgc":1903633026,"adm4_en":"Sapot","geo_level":"Bgy","len_crs":3355,"area_crs":628921,"len_km":3,"area_km2":0},"id":1903633026},{"arcs":[[73,-51,74,-45,-18,75]],"type":"Polygon","properties":{"adm1_psgc":1900000000,"adm2_psgc":1903600000,"adm3_psgc":1903633000,"adm4_psgc":1903633029,