{"type":"Topology","arcs":[[[0,295],[30,-11],[37,-38],[38,-8],[31,18],[261,104]],[[397,360],[-122,-169],[-46,-188],[-76,3],[-53,7],[-72,-13],[6,45],[-7,52],[7,37],[-6,53],[-28,108]],[[477,472],[-378,-172],[-91,12]],[[8,312],[57,72],[22,18]],[[87,402],[23,-14],[21,14],[39,3],[26,18],[102,38],[111,160]],[[409,621],[154,-68],[-86,-81]],[[87,402],[12,18],[-16,28],[5,40],[11,23],[56,83],[0,24],[15,75],[1,31],[12,37],[-15,39],[21,14],[22,-25],[27,-11],[42,27],[11,22],[35,22],[42,-120],[41,-108]],[[0,295],[8,17]],[[477,472],[-41,-40],[-39,-72]]],"transform":{"scale":[0.00007486061456487506,0.00007381720730270083],"translate":[121.9131743160001,20.349173445000076]},"objects":{"bgysubmuns-municity-200903000":{"type":"GeometryCollection","geometries":[{"arcs":[[0,1]],"type":"Polygon","properties":{"adm1_psgc":200000000,"adm2_psgc":200900000,"adm3_psgc":200903000,"adm4_psgc":200903001,"adm4_en":"Radiwan","geo_level":"Bgy","len_crs":11919,"area_crs":4459400,"len_km":11,"area_km2":4},"id":200903001},{"arcs":[[2,3,4,5]],"type":"Polygon","properties":{"adm1_psgc":200000000,"adm2_psgc":200900000,"adm3_psgc":200903000,"adm4_psgc":200903002,"adm4_en":"Salagao","geo_level":"Bgy","len_crs":10912,"area_crs":3219046,"len_km":10,"area_km2":3},"id":200903002},{"arcs":[[-5,6]],"type":"Polygon","properties":{"adm1_psgc":200000000,"adm2_psgc":200900000,"adm3_psgc":200903000,"adm4_psgc":200903003,"adm4_en":"San Vicente","geo_level":"Bgy","len_crs":11623,"area_crs":5342636,"len_km":11,"area_km2":5},"id":200903003},{"arcs":[[-1,7,-3,8]],"type":"Polygon","properties":{"adm1_psgc":200000000,"adm2_psgc":200900000,"adm3_psgc":200903000,"adm4_psgc":200903004,"adm4_en":"Tuhel","geo_level":"Bgy","len_crs":8828,"area_crs":1676514,"len_km":8,"area_km2":1},"id":200903004}]}}}