{"type":"Topology","arcs":[[[107,485],[104,-69],[112,-23],[126,-7],[111,31]],[[560,417],[25,-147]],[[585,270],[-136,-22],[-127,-5],[-126,27]],[[196,270],[-57,48]],[[139,318],[-45,57]],[[94,375],[-25,59]],[[69,434],[3,43],[35,8]],[[59,976],[-2,-70]],[[57,906],[-1,-47]],[[56,859],[-2,-48]],[[54,811],[-32,-5]],[[22,806],[-15,66],[-3,120]],[[4,992],[55,-16]],[[205,53],[7,52],[-16,165]],[[585,270],[44,-253],[-174,-17],[-150,45],[-100,8]],[[58,1017],[1,-41]],[[4,992],[-4,30],[58,-5]],[[312,590],[7,-132]],[[319,458],[-112,25],[-44,23],[-58,7]],[[105,513],[-5,1]],[[100,514],[6,107]],[[106,621],[171,-13],[35,-18]],[[319,458],[126,-4],[102,41]],[[547,495],[13,-78]],[[107,485],[-2,28]],[[56,749],[1,-39]],[[57,710],[-33,8]],[[24,718],[-2,88]],[[54,811],[2,-62]],[[139,318],[-65,-25],[-20,-83]],[[54,210],[-36,-2],[0,132],[-10,37]],[[8,377],[86,-2]],[[312,590],[62,-24],[56,14]],[[430,580],[47,77],[30,76],[40,-238]],[[106,621],[-48,4]],[[58,625],[-1,85]],[[56,749],[102,23],[99,-9],[101,10],[34,17]],[[392,790],[38,-210]],[[69,434],[-67,14]],[[2,448],[4,51]],[[6,499],[18,-5],[41,31],[35,-11]],[[234,1045],[-80,-38],[-37,-28],[-60,-73]],[[58,1017],[28,-15],[49,46],[61,34],[38,-37]],[[6,499],[12,133]],[[18,632],[40,-7]],[[18,632],[6,86]],[[56,859],[46,17],[225,63]],[[327,939],[65,-149]],[[205,53],[-43,5],[-52,27],[0,59],[-15,40],[-41,26]],[[234,1045],[73,-70],[20,-36]],[[8,377],[-6,71]]],"transform":{"scale":[0.0001734045643879061,0.000080087508317924],"translate":[124.78506961300003,8.821928794000032]},"objects":{"bgysubmuns-municity-1004322000":{"type":"GeometryCollection","geometries":[{"arcs":[[0,1,2,3,4,5,6]],"type":"Polygon","properties":{"adm1_psgc":1000000000,"adm2_psgc":1004300000,"adm3_psgc":1004322000,"adm4_psgc":1004322001,"adm4_en":"Alipuaton","geo_level":"Bgy","len_crs":21699,"area_crs":12034532,"len_km":21,"area_km2":12},"id":1004322001},{"arcs":[[7,8,9,10,11,12]],"type":"Polygon","properties":{"adm1_psgc":1000000000,"adm2_psgc":1004300000,"adm3_psgc":1004322000,"adm4_psgc":1004322002,"adm4_en":"Ampenican","geo_level":"Bgy","len_crs":5322,"area_crs":1444614,"len_km":5,"area_km2":1},"id":1004322002},{"arcs":[[13,-3,14]],"type":"Polygon","properties":{"adm1_psgc":1000000000,"adm2_psgc":1004300000,"adm3_psgc":1004322000,"adm4_psgc":1004322003,"adm4_en":"Bunal","geo_level":"Bgy","len_crs":19925,"area_crs":15642060,"len_km":19,"area_km2":15},"id":1004322003},{"arcs":[[15,-13,16]],"type":"Polygon","properties":{"adm1_psgc":1000000000,"adm2_psgc":1004300000,"adm3_psgc":1004322000,"adm4_psgc":1004322004,"adm4_en":"Dinagsaan","geo_level":"Bgy","len_crs":2909,"area_crs":338243,"len_km":2,"area_km2":0},"id":1004322004},{"arcs":[[17,18,19,20,21]],"type":"Polygon","properties":{"adm1_psgc":1000000000,"adm2_psgc":1004300000,"adm3_psgc":1004322000,"adm4_psgc":1004322005,"adm4_en":"Guinalaban","geo_level":"Bgy","len_crs":10315,"area_crs":4442247,"len_km":10,"area_km2":4},"id":1004322005},{"arcs":[[22,23,-1,24,-19]],"type":"Polygon","properties":{"adm1_psgc":1000000000,"adm2_psgc":1004300000,"adm3_psgc":1004322000,"adm4_psgc":1004322006,"adm4_en":"Ili-ilihon","geo_level":"Bgy","len_crs":18245,"area_crs":4924672,"len_km":18,"area_km2":4},"id":1004322006},{"arcs":[[25,26,27,-11,28]],"type":"Polygon","properties":{"adm1_psgc":1000000000,"adm2_psgc":1004300000,"adm3_psgc":1004322000,"adm4_psgc":1004322007,"adm4_en":"Inobulan","geo_level":"Bgy","len_crs":3009,"area_crs":496772,"len_km":3,"area_km2":0},"id":1004322007},{"arcs":[[-5,29,30,31]],"type":"Polygon","properties":{"adm1_psgc":1000000000,"adm2_psgc":1004300000,"adm3_psgc":1004322000,"adm4_psgc":1004322008,"adm4_en":"Looc","geo_level":"Bgy","len_crs":7247,"area_crs":2107894,"len_km":7,"area_km2":2},"id":1004322008},{"arcs":[[-23,-18,32,33]],"type":"Polygon","properties":{"adm1_psgc":1000000000,"adm2_psgc":1004300000,"adm3_psgc":1004322000,"adm4_psgc":1004322009,"adm4_en":"Matampa","geo_level":"Bgy","len_crs":12080,"area_crs":5640058,"len_km":12,"area_km2":5},"id":1004322009},{"arcs":[[-33,-22,34,35,-26,36,37]],"type":"Polygon","properties":{"adm1_psgc":1000000000,"adm2_psgc":1004300000,"adm3_psgc":1004322000,"adm4_psgc":1004322010,"adm4_en":"Membuli","geo_level":"Bgy","len_crs":16685,"area_crs":9837657,"len_km":16,"area_km2":9},"id":1004322010},{"arcs":[[-20,-25,-7,38,39,40]],"type":"Polygon","properties":{"adm1_psgc":1000000000,"adm2_psgc":1004300000,"adm3_psgc":1004322000,"adm4_psgc":1004322011,"adm4_en":"Poblacion","geo_level":"Bgy","len_crs":5609,"area_crs":902324,"len_km":5,"area_km2":0},"id":1004322011},{"arcs":[[41,-8,-16,42]],"type":"Polygon","properties":{"adm1_psgc":1000000000,"adm2_psgc":1004300000,"adm3_psgc":1004322000,"adm4_psgc":1004322012,"adm4_en":"Salagsag","geo_level":"Bgy","len_crs":8214,"area_crs":1571020,"len_km":8,"area_km2":1},"id":1004322012},{"arcs":[[-35,-21,-41,43,44]],"type":"Polygon","properties":{"adm1_psgc":1000000000,"adm2_psgc":1004300000,"adm3_psgc":1004322000,"adm4_psgc":1004322014,"adm4_en":"Salay River I","geo_level":"Bgy","len_crs":5987,"area_crs":1780396,"len_km":5,"area_km2":1},"id":1004322014},{"arcs":[[-36,-45,45,-27]],"type":"Polygon","properties":{"adm1_psgc":1000000000,"adm2_psgc":1004300000,"adm3_psgc":1004322000,"adm4_psgc":1004322015,"adm4_en":"Salay River II","geo_level":"Bgy","len_crs":3023,"area_crs":533846,"len_km":3,"area_km2":0},"id":1004322015},{"arcs":[[-37,-29,-10,46,47]],"type":"Polygon","properties":{"adm1_psgc":1000000000,"adm2_psgc":1004300000,"adm3_psgc":1004322000,"adm4_psgc":1004322016,"adm4_en":"Saray","geo_level":"Bgy","len_crs":14443,"area_crs":7204025,"len_km":14,"area_km2":7},"id":1004322016},{"arcs":[[-14,48,-30,-4]],"type":"Polygon","properties":{"adm1_psgc":1000000000,"adm2_psgc":1004300000,"adm3_psgc":1004322000,"adm4_psgc":1004322017,"adm4_en":"Tinagaan","geo_level":"Bgy","len_crs":8860,"area_crs":4615611,"len_km":8,"area_km2":4},"id":1004322017},{"arcs":[[-47,-9,-42,49]],"type":"Polygon","properties":{"adm1_psgc":1000000000,"adm2_psgc":1004300000,"adm3_psgc":1004322000,"adm4_psgc":1004322018,"adm4_en":"Yungod","geo_level":"Bgy","len_crs":11269,"area_crs":4226529,"len_km":11,"area_km2":4},"id":1004322018},{"arcs":[[-6,-32,50,-39]],"type":"Polygon","properties":{"adm1_psgc":1000000000,"adm2_psgc":1004300000,"adm3_psgc":1004322000,"adm4_psgc":1004322019,"adm4_en":"Casulog","geo_level":"Bgy","len_crs":4822,"area_crs":882352,"len_km":4,"area_km2":0},"id":1004322019}]}}}