{"type":"Topology","arcs":[[[399,673],[-34,-34],[-46,-104]],[[319,535],[-33,-17]],[[286,518],[-18,-6]],[[268,512],[-22,67],[73,80]],[[319,659],[80,14]],[[472,774],[-50,4],[-103,-57]],[[319,721],[-31,-21]],[[288,700],[-78,16]],[[210,716],[123,66],[152,33],[65,28]],[[550,843],[-78,-69]],[[672,493],[-137,-83],[-42,12]],[[493,422],[30,55]],[[523,477],[95,107],[54,-91]],[[221,605],[4,-8]],[[225,597],[-21,6]],[[204,603],[17,2]],[[225,597],[0,-4]],[[225,593],[-22,8]],[[203,601],[1,2]],[[225,593],[-1,-4]],[[224,589],[-22,9]],[[202,598],[1,3]],[[224,589],[-3,-3]],[[221,586],[-19,9]],[[202,595],[0,3]],[[221,586],[-1,-2]],[[220,584],[-18,11]],[[288,700],[-67,-95]],[[220,584],[-56,-100]],[[164,484],[-37,22],[-87,-58],[-16,54]],[[24,502],[101,159],[17,66],[68,-11]],[[629,798],[-205,-222],[-51,-16]],[[373,560],[-54,-25]],[[399,673],[67,44],[6,57]],[[550,843],[79,-45]],[[373,560],[1,-10]],[[374,550],[-87,-158]],[[287,392],[-10,1]],[[277,393],[9,125]],[[682,492],[-10,1]],[[523,477],[8,42],[-86,11]],[[445,530],[-71,20]],[[629,798],[101,-78],[59,-23],[-8,-56],[-99,-149]],[[164,484],[6,-4]],[[170,480],[33,-97]],[[203,383],[-66,-9],[-52,28],[-85,-17]],[[0,385],[24,117]],[[203,383],[-1,-8]],[[202,375],[-54,-78],[-111,31],[-37,57]],[[277,393],[-72,-49]],[[205,344],[63,168]],[[445,530],[-99,-167]],[[346,363],[-32,2]],[[314,365],[-27,27]],[[569,381],[97,-64],[-24,-138],[22,-44],[-39,-135],[-188,64],[-62,38],[-16,46],[5,125]],[[364,273],[70,22],[25,54]],[[459,349],[12,48]],[[471,397],[34,-38],[64,22]],[[682,492],[-113,-111]],[[471,397],[22,25]],[[346,363],[113,-14]],[[364,273],[-50,92]],[[319,659],[0,62]],[[268,512],[-98,-32]],[[205,344],[-3,31]]],"transform":{"scale":[0.0002875950342205001,0.0002196313475681667],"translate":[122.98103987800003,10.474484732000064]},"objects":{"bgysubmuns-municity-604520000":{"type":"GeometryCollection","geometries":[{"arcs":[[0,1,2,3,4]],"type":"Polygon","properties":{"adm1_psgc":600000000,"adm2_psgc":604500000,"adm3_psgc":604520000,"adm4_psgc":604520001,"adm4_en":"Abo-abo","geo_level":"Bgy","len_crs":21502,"area_crs":8218227,"len_km":21,"area_km2":8},"id":604520001},{"arcs":[[5,6,7,8,9]],"type":"Polygon","properties":{"adm1_psgc":600000000,"adm2_psgc":604500000,"adm3_psgc":604520000,"adm4_psgc":604520002,"adm4_en":"Alegria","geo_level":"Bgy","len_crs":24767,"area_crs":9030205,"len_km":24,"area_km2":9},"id":604520002},{"arcs":[[10,11,12]],"type":"Polygon","properties":{"adm1_psgc":600000000,"adm2_psgc":604500000,"adm3_psgc":604520000,"adm4_psgc":604520003,"adm4_en":"Amayco","geo_level":"Bgy","len_crs":17902,"area_crs":10266727,"len_km":17,"area_km2":10},"id":604520003},{"arcs":[[13,14,15]],"type":"Polygon","properties":{"adm1_psgc":600000000,"adm2_psgc":604500000,"adm3_psgc":604520000,"adm4_psgc":604520004,"adm4_en":"Zone I","geo_level":"Bgy","len_crs":1844,"area_crs":86060,"len_km":1,"area_km2":0},"id":604520004},{"arcs":[[16,17,18,-15]],"type":"Polygon","properties":{"adm1_psgc":600000000,"adm2_psgc":604500000,"adm3_psgc":604520000,"adm4_psgc":604520005,"adm4_en":"Zone II","geo_level":"Bgy","len_crs":1606,"area_crs":67154,"len_km":1,"area_km2":0},"id":604520005},{"arcs":[[19,20,21,-18]],"type":"Polygon","properties":{"adm1_psgc":600000000,"adm2_psgc":604500000,"adm3_psgc":604520000,"adm4_psgc":604520006,"adm4_en":"Zone III","geo_level":"Bgy","len_crs":1664,"area_crs":67489,"len_km":1,"area_km2":0},"id":604520006},{"arcs":[[22,23,24,-21]],"type":"Polygon","properties":{"adm1_psgc":600000000,"adm2_psgc":604500000,"adm3_psgc":604520000,"adm4_psgc":604520007,"adm4_en":"Zone IV","geo_level":"Bgy","len_crs":1570,"area_crs":58473,"len_km":1,"area_km2":0},"id":604520007},{"arcs":[[25,26,-24]],"type":"Polygon","properties":{"adm1_psgc":600000000,"adm2_psgc":604500000,"adm3_psgc":604520000,"adm4_psgc":604520008,"adm4_en":"Zone V","geo_level":"Bgy","len_crs":1570,"area_crs":54478,"len_km":1,"area_km2":0},"id":604520008},{"arcs":[[-8,27,-16,-19,-22,-25,-27,28,29,30]],"type":"Polygon","properties":{"adm1_psgc":600000000,"adm2_psgc":604500000,"adm3_psgc":604520000,"adm4_psgc":604520009,"adm4_en":"Blumentritt","geo_level":"Bgy","len_crs":29672,"area_crs":26100235,"len_km":29,"area_km2":26},"id":604520009},{"arcs":[[31,32,-1,33,-10,34]],"type":"Polygon","properties":{"adm1_psgc":600000000,"adm2_psgc":604500000,"adm3_psgc":604520000,"adm4_psgc":604520010,"adm4_en":"Buenavista","geo_level":"Bgy","len_crs":30731,"area_crs":20158870,"len_km":30,"area_km2":20},"id":604520010},{"arcs":[[35,36,37,38,-2,-33]],"type":"Polygon","properties":{"adm1_psgc":600000000,"adm2_psgc":604500000,"adm3_psgc":604520000,"adm4_psgc":604520011,"adm4_en":"Caliban","geo_level":"Bgy","len_crs":16904,"area_crs":6297505,"len_km":16,"area_km2":6},"id":604520011},{"arcs":[[39,-13,40,41,-36,-32,42]],"type":"Polygon","properties":{"adm1_psgc":600000000,"adm2_psgc":604500000,"adm3_psgc":604520000,"adm4_psgc":604520012,"adm4_en":"Canlandog","geo_level":"Bgy","len_crs":40816,"area_crs":48724779,"len_km":40,"area_km2":48},"id":604520012},{"arcs":[[43,44,45,46,-30]],"type":"Polygon","properties":{"adm1_psgc":600000000,"adm2_psgc":604500000,"adm3_psgc":604520000,"adm4_psgc":604520013,"adm4_en":"Cansilayan","geo_level":"Bgy","len_crs":20798,"area_crs":12890674,"len_km":20,"area_km2":12},"id":604520013},{"arcs":[[47,48,-46]],"type":"Polygon","properties":{"adm1_psgc":600000000,"adm2_psgc":604500000,"adm3_psgc":604520000,"adm4_psgc":604520014,"adm4_en":"Damsite","geo_level":"Bgy","len_crs":19648,"area_crs":10587851,"len_km":19,"area_km2":10},"id":604520014},{"arcs":[[49,50,-3,-39]],"type":"Polygon","properties":{"adm1_psgc":600000000,"adm2_psgc":604500000,"adm3_psgc":604520000,"adm4_psgc":604520015,"adm4_en":"Iglau-an","geo_level":"Bgy","len_crs":13096,"area_crs":5038183,"len_km":13,"area_km2":5},"id":604520015},{"arcs":[[51,52,53,-37,-42]],"type":"Polygon","properties":{"adm1_psgc":600000000,"adm2_psgc":604500000,"adm3_psgc":604520000,"adm4_psgc":604520018,"adm4_en":"Lopez Jaena","geo_level":"Bgy","len_crs":18060,"area_crs":9178187,"len_km":18,"area_km2":9},"id":604520018},{"arcs":[[54,55,56,57]],"type":"Polygon","properties":{"adm1_psgc":600000000,"adm2_psgc":604500000,"adm3_psgc":604520000,"adm4_psgc":604520019,"adm4_en":"Minoyan","geo_level":"Bgy","len_crs":38852,"area_crs":62253954,"len_km":38,"area_km2":62},"id":604520019},{"arcs":[[58,-58,59,-11,-40]],"type":"Polygon","properties":{"adm1_psgc":600000000,"adm2_psgc":604500000,"adm3_psgc":604520000,"adm4_psgc":604520020,"adm4_en":"Pandanon","geo_level":"Bgy","len_crs":19447,"area_crs":6320228,"len_km":19,"area_km2":6},"id":604520020},{"arcs":[[60,-56,61,-53]],"type":"Polygon","properties":{"adm1_psgc":600000000,"adm2_psgc":604500000,"adm3_psgc":604520000,"adm4_psgc":604520021,"adm4_en":"San Miguel","geo_level":"Bgy","len_crs":14765,"area_crs":7513230,"len_km":14,"area_km2":7},"id":604520021},{"arcs":[[-34,-5,62,-6]],"type":"Polygon","properties":{"adm1_psgc":600000000,"adm2_psgc":604500000,"adm3_psgc":604520000,"adm4_psgc":604520022,"adm4_en":"Santa Cruz","geo_level":"Bgy","len_crs":20340,"area_crs":7997433,"len_km":20,"area_km2":7},"id":604520022},{"arcs":[[-12,-60,-57,-61,-52,-41]],"type":"Polygon","properties":{"adm1_psgc":600000000,"adm2_psgc":604500000,"adm3_psgc":604520000,"adm4_psgc":604520023,"adm4_en":"Santa Rosa","geo_level":"Bgy","len_crs":18882,"area_crs":14245823,"len_km":18,"area_km2":14},"id":604520023},{"arcs":[[-63,-4,63,-44,-29,-26,-23,-20,-17,-14,-28,-7]],"type":"Polygon","properties":{"adm1_psgc":600000000,"adm2_psgc":604500000,"adm3_psgc":604520000,"adm4_psgc":604520024,"adm4_en":"Salvacion","geo_level":"Bgy","len_crs":23067,"area_crs":8160750,"len_km":23,"area_km2":8},"id":604520024},{"arcs":[[-51,64,-48,-45,-64]],"type":"Polygon","properties":{"adm1_psgc":600000000,"adm2_psgc":604500000,"adm3_psgc":604520000,"adm4_psgc":604520025,"adm4_en":"Talotog","geo_level":"Bgy","len_crs":13129,"area_crs":5887498,"len_km":13,"area_km2":5},"id":604520025}]}}}