{"type":"Topology","arcs":[[[475,165],[-72,67],[-10,99]],[[393,331],[41,16]],[[434,347],[170,-123],[-129,-59]],[[103,278],[-8,-84]],[[95,194],[-37,-7]],[[58,187],[-58,145]],[[0,332],[103,-54]],[[295,177],[-39,42]],[[256,219],[22,13]],[[278,232],[17,-55]],[[269,268],[9,-36]],[[256,219],[-3,5]],[[253,224],[-19,27]],[[234,251],[35,17]],[[176,250],[-15,-68]],[[161,182],[-66,12]],[[103,278],[73,-28]],[[161,182],[21,-44]],[[182,138],[-12,-21]],[[170,117],[-79,17]],[[91,134],[-33,53]],[[393,331],[-99,-3]],[[294,328],[44,170]],[[338,498],[124,-20],[-28,-131]],[[130,494],[28,-26]],[[158,468],[70,9]],[[228,477],[-3,-41]],[[225,436],[-193,30]],[[32,466],[98,28]],[[158,468],[-31,108]],[[127,576],[101,-99]],[[225,436],[-34,-70]],[[191,366],[-8,-29]],[[183,337],[-170,84]],[[13,421],[19,45]],[[130,494],[-3,82]],[[223,117],[118,-19]],[[341,98],[-168,-98],[-28,52]],[[145,52],[25,65]],[[182,138],[41,-21]],[[145,52],[-54,82]],[[297,487],[-46,-126]],[[251,361],[-60,5]],[[228,477],[69,10]],[[251,361],[16,-35]],[[267,326],[-6,-31]],[[261,295],[-13,7]],[[248,302],[-65,35]],[[261,295],[8,-27]],[[234,251],[-34,-7]],[[200,244],[48,58]],[[295,177],[46,-79]],[[223,117],[-2,70]],[[221,187],[32,37]],[[294,328],[-27,-2]],[[297,487],[41,11]],[[475,165],[-134,-67]],[[183,337],[-10,-37]],[[173,300],[3,-50]],[[0,332],[13,89]],[[176,250],[45,-63]],[[173,300],[27,-56]]],"transform":{"scale":[0.00032979231456942224,0.0002503279774306126],"translate":[121.68809978200011,16.393169809000025]},"objects":{"bgysubmuns-municity-203127000":{"type":"GeometryCollection","geometries":[{"arcs":[[0,1,2]],"type":"Polygon","properties":{"adm1_psgc":200000000,"adm2_psgc":203100000,"adm3_psgc":203127000,"adm4_psgc":203127001,"adm4_en":"Bautista","geo_level":"Bgy","len_crs":20321,"area_crs":18978971,"len_km":20,"area_km2":18},"id":203127001},{"arcs":[[3,4,5,6]],"type":"Polygon","properties":{"adm1_psgc":200000000,"adm2_psgc":203100000,"adm3_psgc":203127000,"adm4_psgc":203127002,"adm4_en":"Calaocan","geo_level":"Bgy","len_crs":12986,"area_crs":8948160,"len_km":12,"area_km2":8},"id":203127002},{"arcs":[[7,8,9]],"type":"Polygon","properties":{"adm1_psgc":200000000,"adm2_psgc":203100000,"adm3_psgc":203127000,"adm4_psgc":203127003,"adm4_en":"Dabubu Grande","geo_level":"Bgy","len_crs":4829,"area_crs":1274549,"len_km":4,"area_km2":1},"id":203127003},{"arcs":[[10,-9,11,12,13]],"type":"Polygon","properties":{"adm1_psgc":200000000,"adm2_psgc":203100000,"adm3_psgc":203127000,"adm4_psgc":203127004,"adm4_en":"Dabubu Pequeño","geo_level":"Bgy","len_crs":4923,"area_crs":1173648,"len_km":4,"area_km2":1},"id":203127004},{"arcs":[[14,15,-4,16]],"type":"Polygon","properties":{"adm1_psgc":200000000,"adm2_psgc":203100000,"adm3_psgc":203127000,"adm4_psgc":203127005,"adm4_en":"Dappig","geo_level":"Bgy","len_crs":9617,"area_crs":4663527,"len_km":9,"area_km2":4},"id":203127005},{"arcs":[[17,18,19,20,-5,-16]],"type":"Polygon","properties":{"adm1_psgc":200000000,"adm2_psgc":203100000,"adm3_psgc":203127000,"adm4_psgc":203127006,"adm4_en":"Laoag","geo_level":"Bgy","len_crs":10721,"area_crs":5547167,"len_km":10,"area_km2":5},"id":203127006},{"arcs":[[-2,21,22,23]],"type":"Polygon","properties":{"adm1_psgc":200000000,"adm2_psgc":203100000,"adm3_psgc":203127000,"adm4_psgc":203127007,"adm4_en":"Mapalad","geo_level":"Bgy","len_crs":20737,"area_crs":20770703,"len_km":20,"area_km2":20},"id":203127007},{"arcs":[[24,25,26,27,28]],"type":"Polygon","properties":{"adm1_psgc":200000000,"adm2_psgc":203100000,"adm3_psgc":203127000,"adm4_psgc":203127008,"adm4_en":"Masaya Centro","geo_level":"Bgy","len_crs":16771,"area_crs":8802755,"len_km":16,"area_km2":8},"id":203127008},{"arcs":[[-26,29,30]],"type":"Polygon","properties":{"adm1_psgc":200000000,"adm2_psgc":203100000,"adm3_psgc":203127000,"adm4_psgc":203127009,"adm4_en":"Masaya Norte","geo_level":"Bgy","len_crs":12818,"area_crs":4432751,"len_km":12,"area_km2":4},"id":203127009},{"arcs":[[31,32,33,34,-28]],"type":"Polygon","properties":{"adm1_psgc":200000000,"adm2_psgc":203100000,"adm3_psgc":203127000,"adm4_psgc":203127010,"adm4_en":"Masaya Sur","geo_level":"Bgy","len_crs":18540,"area_crs":12725396,"len_km":18,"area_km2":12},"id":203127010},{"arcs":[[-30,-25,35]],"type":"Polygon","properties":{"adm1_psgc":200000000,"adm2_psgc":203100000,"adm3_psgc":203127000,"adm4_psgc":203127011,"adm4_en":"Nemmatan","geo_level":"Bgy","len_crs":9213,"area_crs":2636315,"len_km":9,"area_km2":2},"id":203127011},{"arcs":[[36,37,38,-19,39]],"type":"Polygon","properties":{"adm1_psgc":200000000,"adm2_psgc":203100000,"adm3_psgc":203127000,"adm4_psgc":203127012,"adm4_en":"Palacian","geo_level":"Bgy","len_crs":17584,"area_crs":15008195,"len_km":17,"area_km2":15},"id":203127012},{"arcs":[[-39,40,-20]],"type":"Polygon","properties":{"adm1_psgc":200000000,"adm2_psgc":203100000,"adm3_psgc":203127000,"adm4_psgc":203127013,"adm4_en":"Panang","geo_level":"Bgy","len_crs":8143,"area_crs":3178872,"len_km":8,"area_km2":3},"id":203127013},{"arcs":[[41,42,-32,-27,43]],"type":"Polygon","properties":{"adm1_psgc":200000000,"adm2_psgc":203100000,"adm3_psgc":203127000,"adm4_psgc":203127014,"adm4_en":"Quimalabasa Norte","geo_level":"Bgy","len_crs":12647,"area_crs":8516264,"len_km":12,"area_km2":8},"id":203127014},{"arcs":[[44,45,46,47,-33,-43]],"type":"Polygon","properties":{"adm1_psgc":200000000,"adm2_psgc":203100000,"adm3_psgc":203127000,"adm4_psgc":203127015,"adm4_en":"Quimalabasa Sur","geo_level":"Bgy","len_crs":8267,"area_crs":3153010,"len_km":8,"area_km2":3},"id":203127015},{"arcs":[[48,-14,49,50,-47]],"type":"Polygon","properties":{"adm1_psgc":200000000,"adm2_psgc":203100000,"adm3_psgc":203127000,"adm4_psgc":203127016,"adm4_en":"Rang-ay","geo_level":"Bgy","len_crs":6746,"area_crs":1647164,"len_km":6,"area_km2":1},"id":203127016},{"arcs":[[-8,51,-37,52,53,-12]],"type":"Polygon","properties":{"adm1_psgc":200000000,"adm2_psgc":203100000,"adm3_psgc":203127000,"adm4_psgc":203127017,"adm4_en":"Salay","geo_level":"Bgy","len_crs":12878,"area_crs":7160621,"len_km":12,"area_km2":7},"id":203127017},{"arcs":[[54,-45,-42,55,-23]],"type":"Polygon","properties":{"adm1_psgc":200000000,"adm2_psgc":203100000,"adm3_psgc":203127000,"adm4_psgc":203127018,"adm4_en":"San Antonio","geo_level":"Bgy","len_crs":13112,"area_crs":5778668,"len_km":13,"area_km2":5},"id":203127018},{"arcs":[[56,-52,-10,-11,-49,-46,-55,-22,-1]],"type":"Polygon","properties":{"adm1_psgc":200000000,"adm2_psgc":203100000,"adm3_psgc":203127000,"adm4_psgc":203127019,"adm4_en":"Santo Niño","geo_level":"Bgy","len_crs":23225,"area_crs":26894715,"len_km":23,"area_km2":26},"id":203127019},{"arcs":[[57,58,-17,-7,59,-34]],"type":"Polygon","properties":{"adm1_psgc":200000000,"adm2_psgc":203100000,"adm3_psgc":203127000,"adm4_psgc":203127020,"adm4_en":"Santos","geo_level":"Bgy","len_crs":18190,"area_crs":15412824,"len_km":18,"area_km2":15},"id":203127020},{"arcs":[[-53,-40,-18,-15,60]],"type":"Polygon","properties":{"adm1_psgc":200000000,"adm2_psgc":203100000,"adm3_psgc":203127000,"adm4_psgc":203127021,"adm4_en":"Sinaoangan Norte","geo_level":"Bgy","len_crs":10267,"area_crs":4563373,"len_km":10,"area_km2":4},"id":203127021},{"arcs":[[-50,-13,-54,-61,-59,61]],"type":"Polygon","properties":{"adm1_psgc":200000000,"adm2_psgc":203100000,"adm3_psgc":203127000,"adm4_psgc":203127022,"adm4_en":"Sinaoangan Sur","geo_level":"Bgy","len_crs":10225,"area_crs":3390577,"len_km":10,"area_km2":3},"id":203127022},{"arcs":[[-51,-62,-58,-48]],"type":"Polygon","properties":{"adm1_psgc":200000000,"adm2_psgc":203100000,"adm3_psgc":203127000,"adm4_psgc":203127023,"adm4_en":"Virgoneza","geo_level":"Bgy","len_crs":7916,"area_crs":3609760,"len_km":7,"area_km2":3},"id":203127023}]}}}