{"type":"Topology","arcs":[[[391,466],[47,-62]],[[438,404],[-8,-9]],[[430,395],[3,-37],[-37,-100],[-84,54]],[[312,312],[23,95],[-2,58]],[[333,465],[58,1]],[[386,638],[-32,-64],[-58,-26]],[[296,548],[-55,67]],[[241,615],[28,67],[41,18]],[[310,700],[18,16]],[[328,716],[58,-78]],[[776,496],[0,-25]],[[776,471],[-44,-68]],[[732,403],[-202,-76],[-46,-37]],[[484,290],[-28,32]],[[456,322],[106,139],[58,39]],[[620,500],[19,-5],[101,51],[36,-50]],[[198,452],[10,-77],[-13,-73]],[[195,302],[-152,92],[1,34],[-44,147]],[[0,575],[98,-106],[100,-17]],[[484,290],[7,-33]],[[491,257],[-32,-77]],[[459,180],[-9,-83]],[[450,97],[-45,84],[-49,4],[-39,68],[-5,59]],[[430,395],[26,-73]],[[919,209],[-71,-99],[-147,44]],[[701,154],[-44,37]],[[657,191],[24,32],[-1,104],[52,76]],[[732,403],[22,-63],[51,-65],[114,-66]],[[296,548],[13,-79]],[[309,469],[-111,-17]],[[0,575],[1,55],[48,18]],[[49,648],[101,-60],[91,27]],[[898,498],[-3,-67],[-46,-28]],[[849,403],[-73,68]],[[776,496],[7,7]],[[783,503],[65,19],[50,-24]],[[495,688],[40,-91]],[[535,597],[-80,-28]],[[455,569],[-69,69]],[[386,638],[73,48]],[[459,686],[36,2]],[[49,648],[82,6],[67,63],[112,-17]],[[597,542],[-65,-30],[-94,-108]],[[391,466],[64,103]],[[535,597],[62,-55]],[[584,0],[-84,22],[-2,51],[-48,24]],[[459,180],[61,19],[53,-63],[17,-81],[-6,-55]],[[328,716],[131,-30]],[[620,500],[-23,42]],[[495,688],[87,7],[18,-53],[75,56],[67,-105],[55,-42],[-14,-48]],[[956,188],[-107,215]],[[898,498],[55,-8],[6,-64],[64,-35],[-9,-67],[125,-105],[-18,-31],[-165,0]],[[657,191],[-51,1],[-76,68],[-39,-3]],[[312,312],[-48,-51],[-43,-7],[-26,48]],[[309,469],[24,-4]],[[956,188],[-37,21]],[[701,154],[-35,-23],[-39,-119],[-43,-12]]],"transform":{"scale":[0.00015596505706763088,0.00010560504184094983],"translate":[124.39800007300005,9.78633369400006]},"objects":{"bgysubmuns-municity-701211000":{"type":"GeometryCollection","geometries":[{"arcs":[[0,1,2,3,4]],"type":"Polygon","properties":{"adm1_psgc":700000000,"adm2_psgc":701200000,"adm3_psgc":701211000,"adm4_psgc":701211001,"adm4_en":"Abihilan","geo_level":"Bgy","len_crs":8791,"area_crs":3514643,"len_km":8,"area_km2":3},"id":701211001},{"arcs":[[5,6,7,8,9]],"type":"Polygon","properties":{"adm1_psgc":700000000,"adm2_psgc":701200000,"adm3_psgc":701211000,"adm4_psgc":701211002,"adm4_en":"Anoling","geo_level":"Bgy","len_crs":8006,"area_crs":2995618,"len_km":8,"area_km2":2},"id":701211002},{"arcs":[[10,11,12,13,14,15]],"type":"Polygon","properties":{"adm1_psgc":700000000,"adm2_psgc":701200000,"adm3_psgc":701211000,"adm4_psgc":701211003,"adm4_en":"Boyo-an","geo_level":"Bgy","len_crs":15627,"area_crs":7011996,"len_km":15,"area_km2":7},"id":701211003},{"arcs":[[16,17,18]],"type":"Polygon","properties":{"adm1_psgc":700000000,"adm2_psgc":701200000,"adm3_psgc":701211000,"adm4_psgc":701211004,"adm4_en":"Cadapdapan","geo_level":"Bgy","len_crs":11134,"area_crs":4352611,"len_km":11,"area_km2":4},"id":701211004},{"arcs":[[-14,19,20,21,22,-3,23]],"type":"Polygon","properties":{"adm1_psgc":700000000,"adm2_psgc":701200000,"adm3_psgc":701211000,"adm4_psgc":701211005,"adm4_en":"Cambane","geo_level":"Bgy","len_crs":12063,"area_crs":4335125,"len_km":12,"area_km2":4},"id":701211005},{"arcs":[[24,25,26,27]],"type":"Polygon","properties":{"adm1_psgc":700000000,"adm2_psgc":701200000,"adm3_psgc":701211000,"adm4_psgc":701211006,"adm4_en":"Can-olin","geo_level":"Bgy","len_crs":12919,"area_crs":7336269,"len_km":12,"area_km2":7},"id":701211006},{"arcs":[[-7,28,29,-19,30,31]],"type":"Polygon","properties":{"adm1_psgc":700000000,"adm2_psgc":701200000,"adm3_psgc":701211000,"adm4_psgc":701211007,"adm4_en":"Canawa","geo_level":"Bgy","len_crs":14706,"area_crs":7952630,"len_km":14,"area_km2":7},"id":701211007},{"arcs":[[32,33,-11,34,35]],"type":"Polygon","properties":{"adm1_psgc":700000000,"adm2_psgc":701200000,"adm3_psgc":701211000,"adm4_psgc":701211008,"adm4_en":"Cogtong","geo_level":"Bgy","len_crs":6921,"area_crs":1813975,"len_km":6,"area_km2":1},"id":701211008},{"arcs":[[36,37,38,39,40]],"type":"Polygon","properties":{"adm1_psgc":700000000,"adm2_psgc":701200000,"adm3_psgc":701211000,"adm4_psgc":701211009,"adm4_en":"La Union","geo_level":"Bgy","len_crs":7150,"area_crs":2032408,"len_km":7,"area_km2":2},"id":701211009},{"arcs":[[-8,-32,41]],"type":"Polygon","properties":{"adm1_psgc":700000000,"adm2_psgc":701200000,"adm3_psgc":701211000,"adm4_psgc":701211010,"adm4_en":"Luan","geo_level":"Bgy","len_crs":10296,"area_crs":3099937,"len_km":10,"area_km2":3},"id":701211010},{"arcs":[[42,-1,43,-38,44]],"type":"Polygon","properties":{"adm1_psgc":700000000,"adm2_psgc":701200000,"adm3_psgc":701211000,"adm4_psgc":701211011,"adm4_en":"Lungsoda-an","geo_level":"Bgy","len_crs":9432,"area_crs":3215531,"len_km":9,"area_km2":3},"id":701211011},{"arcs":[[45,-22,46]],"type":"Polygon","properties":{"adm1_psgc":700000000,"adm2_psgc":701200000,"adm3_psgc":701211000,"adm4_psgc":701211012,"adm4_en":"Mahangin","geo_level":"Bgy","len_crs":9422,"area_crs":3698586,"len_km":9,"area_km2":3},"id":701211012},{"arcs":[[-40,-10,47]],"type":"Polygon","properties":{"adm1_psgc":700000000,"adm2_psgc":701200000,"adm3_psgc":701211000,"adm4_psgc":701211013,"adm4_en":"Pagahat","geo_level":"Bgy","len_crs":6054,"area_crs":898181,"len_km":6,"area_km2":0},"id":701211013},{"arcs":[[-35,-16,48,-45,-37,49]],"type":"Polygon","properties":{"adm1_psgc":700000000,"adm2_psgc":701200000,"adm3_psgc":701211000,"adm4_psgc":701211014,"adm4_en":"Panadtaran","geo_level":"Bgy","len_crs":19882,"area_crs":6542218,"len_km":19,"area_km2":6},"id":701211014},{"arcs":[[50,-33,51]],"type":"Polygon","properties":{"adm1_psgc":700000000,"adm2_psgc":701200000,"adm3_psgc":701211000,"adm4_psgc":701211015,"adm4_en":"Panas","geo_level":"Bgy","len_crs":29433,"area_crs":9389926,"len_km":29,"area_km2":9},"id":701211015},{"arcs":[[52,-20,-13,-27]],"type":"Polygon","properties":{"adm1_psgc":700000000,"adm2_psgc":701200000,"adm3_psgc":701211000,"adm4_psgc":701211016,"adm4_en":"Poblacion","geo_level":"Bgy","len_crs":13140,"area_crs":5083170,"len_km":13,"area_km2":5},"id":701211016},{"arcs":[[-15,-24,-2,-43,-49]],"type":"Polygon","properties":{"adm1_psgc":700000000,"adm2_psgc":701200000,"adm3_psgc":701211000,"adm4_psgc":701211017,"adm4_en":"San Isidro","geo_level":"Bgy","len_crs":10240,"area_crs":3082345,"len_km":10,"area_km2":3},"id":701211017},{"arcs":[[-4,53,-17,-30,54]],"type":"Polygon","properties":{"adm1_psgc":700000000,"adm2_psgc":701200000,"adm3_psgc":701211000,"adm4_psgc":701211018,"adm4_en":"Tambongan","geo_level":"Bgy","len_crs":9662,"area_crs":4599255,"len_km":9,"area_km2":4},"id":701211018},{"arcs":[[-51,55,-28,-12,-34]],"type":"Polygon","properties":{"adm1_psgc":700000000,"adm2_psgc":701200000,"adm3_psgc":701211000,"adm4_psgc":701211019,"adm4_en":"Tawid","geo_level":"Bgy","len_crs":11295,"area_crs":4709754,"len_km":11,"area_km2":4},"id":701211019},{"arcs":[[-26,56,-47,-21,-53]],"type":"Polygon","properties":{"adm1_psgc":700000000,"adm2_psgc":701200000,"adm3_psgc":701211000,"adm4_psgc":701211021,"adm4_en":"Tugas","geo_level":"Bgy","len_crs":14235,"area_crs":4142046,"len_km":14,"area_km2":4},"id":701211021},{"arcs":[[-44,-5,-55,-29,-6,-39]],"type":"Polygon","properties":{"adm1_psgc":700000000,"adm2_psgc":701200000,"adm3_psgc":701211000,"adm4_psgc":701211022,"adm4_en":"Tubod","geo_level":"Bgy","len_crs":9168,"area_crs":2952644,"len_km":9,"area_km2":2},"id":701211022}]}}}