{"type":"Topology","arcs":[[[500,425],[22,-46]],[[522,379],[-57,22],[-60,3],[-10,-37]],[[395,367],[-43,-20]],[[352,347],[-31,15]],[[321,362],[39,33]],[[360,395],[86,65]],[[446,460],[54,-35]],[[582,385],[4,-37],[35,-53],[27,-274]],[[648,21],[-131,-6]],[[517,15],[-1,296],[6,68]],[[500,425],[60,-17],[22,-23]],[[764,354],[41,-2]],[[805,352],[21,-89],[-17,-231],[-161,-11]],[[582,385],[-5,8]],[[577,393],[119,15]],[[696,408],[4,-44],[64,-10]],[[352,347],[-23,-27],[-72,-4]],[[257,316],[-16,28],[80,18]],[[549,482],[28,-89]],[[446,460],[-33,24]],[[413,484],[39,24]],[[452,508],[97,-26]],[[517,15],[-36,0]],[[481,15],[-7,255]],[[474,270],[4,70],[-83,27]],[[608,497],[-59,-15]],[[452,508],[68,53]],[[520,561],[42,-46],[46,-18]],[[769,608],[-2,-40],[-34,-73]],[[733,495],[-75,39]],[[658,534],[3,21]],[[661,555],[28,48]],[[689,603],[80,5]],[[230,227],[43,-58],[24,-163]],[[297,6],[-75,-6],[-2,36],[-77,2],[-48,41],[57,74],[-3,37],[58,47],[23,-10]],[[360,395],[-42,110]],[[318,505],[50,11],[45,-32]],[[677,617],[12,-14]],[[661,555],[-43,7],[-43,50]],[[575,612],[79,24],[23,-19]],[[658,534],[-50,-37]],[[520,561],[55,51]],[[878,459],[-51,-19]],[[827,440],[-69,61]],[[758,501],[99,10]],[[857,511],[21,-52]],[[695,439],[1,-31]],[[608,497],[87,-58]],[[481,15],[-184,-9]],[[230,227],[3,30]],[[233,257],[21,11]],[[254,268],[220,2]],[[254,268],[3,48]],[[800,606],[42,-19]],[[842,587],[44,-50]],[[886,537],[-29,-26]],[[758,501],[-25,-6]],[[769,608],[31,-2]],[[800,606],[43,35]],[[843,641],[54,-43],[-55,-11]],[[916,452],[9,-20],[-43,-87],[-77,7]],[[764,354],[63,86]],[[878,459],[38,-7]],[[886,537],[47,-54],[-17,-31]],[[733,495],[-38,-56]],[[677,617],[145,42],[21,-18]],[[233,257],[-53,76],[-122,310],[-58,179],[69,1],[249,-318]]],"transform":{"scale":[0.00021924300964623424,0.00028138362089910184],"translate":[126.03949111900012,8.854151063000074]},"objects":{"bgysubmuns-municity-1606818000":{"type":"GeometryCollection","geometries":[{"arcs":[[0,1,2,3,4,5,6]],"type":"Polygon","properties":{"adm1_psgc":1600000000,"adm2_psgc":1606800000,"adm3_psgc":1606818000,"adm4_psgc":1606818001,"adm4_en":"Alba","geo_level":"Bgy","len_crs":16948,"area_crs":5708455,"len_km":16,"area_km2":5},"id":1606818001},{"arcs":[[7,8,9,-1,10]],"type":"Polygon","properties":{"adm1_psgc":1600000000,"adm2_psgc":1606800000,"adm3_psgc":1606818000,"adm4_psgc":1606818002,"adm4_en":"Anahao Bag-o","geo_level":"Bgy","len_crs":33073,"area_crs":31332273,"len_km":33,"area_km2":31},"id":1606818002},{"arcs":[[11,12,-8,13,14,15]],"type":"Polygon","properties":{"adm1_psgc":1600000000,"adm2_psgc":1606800000,"adm3_psgc":1606818000,"adm4_psgc":1606818003,"adm4_en":"Anahao Daan","geo_level":"Bgy","len_crs":35130,"area_crs":50449316,"len_km":35,"area_km2":50},"id":1606818003},{"arcs":[[-4,16,17]],"type":"Polygon","properties":{"adm1_psgc":1600000000,"adm2_psgc":1606800000,"adm3_psgc":1606818000,"adm4_psgc":1606818004,"adm4_en":"Badong","geo_level":"Bgy","len_crs":9770,"area_crs":3058149,"len_km":9,"area_km2":3},"id":1606818004},{"arcs":[[18,-14,-11,-7,19,20,21]],"type":"Polygon","properties":{"adm1_psgc":1600000000,"adm2_psgc":1606800000,"adm3_psgc":1606818000,"adm4_psgc":1606818005,"adm4_en":"Bajao","geo_level":"Bgy","len_crs":14512,"area_crs":6830074,"len_km":14,"area_km2":6},"id":1606818005},{"arcs":[[-10,22,23,24,-2]],"type":"Polygon","properties":{"adm1_psgc":1600000000,"adm2_psgc":1606800000,"adm3_psgc":1606818000,"adm4_psgc":1606818006,"adm4_en":"Bangsud","geo_level":"Bgy","len_crs":30866,"area_crs":14153041,"len_km":30,"area_km2":14},"id":1606818006},{"arcs":[[25,-22,26,27]],"type":"Polygon","properties":{"adm1_psgc":1600000000,"adm2_psgc":1606800000,"adm3_psgc":1606818000,"adm4_psgc":1606818007,"adm4_en":"Cagdapao","geo_level":"Bgy","len_crs":9511,"area_crs":4266274,"len_km":9,"area_km2":4},"id":1606818007},{"arcs":[[28,29,30,31,32]],"type":"Polygon","properties":{"adm1_psgc":1600000000,"adm2_psgc":1606800000,"adm3_psgc":1606818000,"adm4_psgc":1606818008,"adm4_en":"Camagong","geo_level":"Bgy","len_crs":13054,"area_crs":6788694,"len_km":13,"area_km2":6},"id":1606818008},{"arcs":[[33,34]],"type":"Polygon","properties":{"adm1_psgc":1600000000,"adm2_psgc":1606800000,"adm3_psgc":1606818000,"adm4_psgc":1606818009,"adm4_en":"Caras-an","geo_level":"Bgy","len_crs":25205,"area_crs":22073558,"len_km":25,"area_km2":22},"id":1606818009},{"arcs":[[-20,-6,35,36]],"type":"Polygon","properties":{"adm1_psgc":1600000000,"adm2_psgc":1606800000,"adm3_psgc":1606818000,"adm4_psgc":1606818010,"adm4_en":"Cayale","geo_level":"Bgy","len_crs":11005,"area_crs":5838819,"len_km":11,"area_km2":5},"id":1606818010},{"arcs":[[37,-32,38,39]],"type":"Polygon","properties":{"adm1_psgc":1600000000,"adm2_psgc":1606800000,"adm3_psgc":1606818000,"adm4_psgc":1606818011,"adm4_en":"Dayo-an","geo_level":"Bgy","len_crs":9966,"area_crs":4248308,"len_km":9,"area_km2":4},"id":1606818011},{"arcs":[[-31,40,-28,41,-39]],"type":"Polygon","properties":{"adm1_psgc":1600000000,"adm2_psgc":1606800000,"adm3_psgc":1606818000,"adm4_psgc":1606818012,"adm4_en":"Gamut","geo_level":"Bgy","len_crs":10797,"area_crs":6072207,"len_km":10,"area_km2":6},"id":1606818012},{"arcs":[[42,43,44,45]],"type":"Polygon","properties":{"adm1_psgc":1600000000,"adm2_psgc":1606800000,"adm3_psgc":1606818000,"adm4_psgc":1606818013,"adm4_en":"Jubang","geo_level":"Bgy","len_crs":9082,"area_crs":4226937,"len_km":9,"area_km2":4},"id":1606818013},{"arcs":[[46,-15,-19,-26,47]],"type":"Polygon","properties":{"adm1_psgc":1600000000,"adm2_psgc":1606800000,"adm3_psgc":1606818000,"adm4_psgc":1606818014,"adm4_en":"Kinabigtasan","geo_level":"Bgy","len_crs":11811,"area_crs":7406195,"len_km":11,"area_km2":7},"id":1606818014},{"arcs":[[48,-34,49,50,51,-24]],"type":"Polygon","properties":{"adm1_psgc":1600000000,"adm2_psgc":1606800000,"adm3_psgc":1606818000,"adm4_psgc":1606818015,"adm4_en":"Layog","geo_level":"Bgy","len_crs":29041,"area_crs":39651681,"len_km":29,"area_km2":39},"id":1606818015},{"arcs":[[-52,52,-17,-3,-25]],"type":"Polygon","properties":{"adm1_psgc":1600000000,"adm2_psgc":1606800000,"adm3_psgc":1606818000,"adm4_psgc":1606818016,"adm4_en":"Lindoy","geo_level":"Bgy","len_crs":17038,"area_crs":12057621,"len_km":17,"area_km2":12},"id":1606818016},{"arcs":[[53,54,55,-45,56,-29,57]],"type":"Polygon","properties":{"adm1_psgc":1600000000,"adm2_psgc":1606800000,"adm3_psgc":1606818000,"adm4_psgc":1606818017,"adm4_en":"Mercedes","geo_level":"Bgy","len_crs":13007,"area_crs":8202634,"len_km":13,"area_km2":8},"id":1606818017},{"arcs":[[-54,58,59]],"type":"Polygon","properties":{"adm1_psgc":1600000000,"adm2_psgc":1606800000,"adm3_psgc":1606818000,"adm4_psgc":1606818018,"adm4_en":"Purisima","geo_level":"Bgy","len_crs":8701,"area_crs":2699947,"len_km":8,"area_km2":2},"id":1606818018},{"arcs":[[60,-12,61,-43,62]],"type":"Polygon","properties":{"adm1_psgc":1600000000,"adm2_psgc":1606800000,"adm3_psgc":1606818000,"adm4_psgc":1606818019,"adm4_en":"Sumo-sumo","geo_level":"Bgy","len_crs":12619,"area_crs":8226500,"len_km":12,"area_km2":8},"id":1606818019},{"arcs":[[-63,-46,-56,63]],"type":"Polygon","properties":{"adm1_psgc":1600000000,"adm2_psgc":1606800000,"adm3_psgc":1606818000,"adm4_psgc":1606818020,"adm4_en":"Umbay","geo_level":"Bgy","len_crs":9143,"area_crs":2737559,"len_km":9,"area_km2":2},"id":1606818020},{"arcs":[[64,-48,-41,-30]],"type":"Polygon","properties":{"adm1_psgc":1600000000,"adm2_psgc":1606800000,"adm3_psgc":1606818000,"adm4_psgc":1606818021,"adm4_en":"Unaban","geo_level":"Bgy","len_crs":11185,"area_crs":4677448,"len_km":11,"area_km2":4},"id":1606818021},{"arcs":[[-62,-16,-47,-65,-57,-44]],"type":"Polygon","properties":{"adm1_psgc":1600000000,"adm2_psgc":1606800000,"adm3_psgc":1606818000,"adm4_psgc":1606818022,"adm4_en":"Unidos","geo_level":"Bgy","len_crs":15610,"area_crs":8595800,"len_km":15,"area_km2":8},"id":1606818022},{"arcs":[[-59,-58,-33,-38,65]],"type":"Polygon","properties":{"adm1_psgc":1600000000,"adm2_psgc":1606800000,"adm3_psgc":1606818000,"adm4_psgc":1606818023,"adm4_en":"Victoria","geo_level":"Bgy","len_crs":10735,