{"type":"Topology","arcs":[[[807,843],[-45,-74],[3,-38],[-78,-93],[-89,56],[-55,-99],[2,-67]],[[545,528],[-111,-1]],[[434,527],[-83,2]],[[351,529],[-1,7]],[[350,536],[-14,83],[21,85]],[[357,704],[46,25],[67,-32],[103,20],[11,24]],[[584,741],[28,-10],[149,125]],[[761,856],[46,-13]],[[545,528],[23,-104]],[[568,424],[-23,-28],[-74,-4]],[[471,392],[-58,-2]],[[413,390],[21,137]],[[413,390],[-51,-46]],[[362,344],[-21,-13]],[[341,331],[-42,43]],[[299,374],[52,155]],[[387,216],[6,-40]],[[393,176],[-43,-64],[-64,3]],[[286,115],[-23,40]],[[263,155],[119,61]],[[382,216],[5,1]],[[387,217],[0,-1]],[[761,856],[-75,17]],[[686,873],[135,107],[21,-52],[-35,-85]],[[131,540],[-83,-43]],[[48,497],[-48,99],[66,58],[65,-3],[43,33]],[[174,684],[-38,-37],[-5,-107]],[[623,182],[-41,-74]],[[582,108],[-93,13]],[[489,121],[1,78]],[[490,199],[2,1]],[[492,200],[76,21],[55,-39]],[[582,108],[-19,-108],[-77,2],[-21,38]],[[465,40],[24,81]],[[236,535],[-10,-54],[-53,-100]],[[173,381],[-86,-38],[-45,28],[6,126]],[[131,540],[70,30],[35,-35]],[[465,40],[-23,121],[-42,17]],[[400,178],[0,38]],[[400,216],[90,-17]],[[584,741],[13,61]],[[597,802],[8,48],[81,23]],[[522,269],[-30,-69]],[[400,216],[-13,0]],[[387,217],[14,37]],[[401,254],[121,15]],[[357,704],[-140,107]],[[217,811],[380,-9]],[[254,375],[-6,-68],[15,-152]],[[263,155],[-49,10],[-45,57],[16,133]],[[185,355],[69,20]],[[400,178],[-7,-2]],[[465,40],[-114,-37],[-65,112]],[[382,216],[-72,50],[31,65]],[[362,344],[39,-90]],[[471,392],[68,-66],[-17,-57]],[[616,277],[45,-17]],[[661,260],[17,-33],[-55,-45]],[[522,269],[94,8]],[[613,377],[3,-100]],[[568,424],[45,-47]],[[613,377],[84,-43],[-36,-74]],[[254,375],[45,-1]],[[185,355],[-12,26]],[[236,535],[114,1]],[[174,684],[-17,94],[60,33]]],"transform":{"scale":[0.0001352084204275905,0.00013244489591833164],"translate":[120.82441743700006,15.559851271000069]},"objects":{"bgysubmuns-municity-304929000":{"type":"GeometryCollection","geometries":[{"arcs":[[0,1,2,3,4,5,6,7]],"type":"Polygon","properties":{"adm1_psgc":300000000,"adm2_psgc":304900000,"adm3_psgc":304929000,"adm4_psgc":304929002,"adm4_en":"Baloc","geo_level":"Bgy","len_crs":24796,"area_crs":12779639,"len_km":24,"area_km2":12},"id":304929002},{"arcs":[[8,9,10,11,-2]],"type":"Polygon","properties":{"adm1_psgc":300000000,"adm2_psgc":304900000,"adm3_psgc":304929000,"adm4_psgc":304929004,"adm4_en":"Buasao","geo_level":"Bgy","len_crs":8589,"area_crs":3766505,"len_km":8,"area_km2":3},"id":304929004},{"arcs":[[-12,12,13,14,15,-3]],"type":"Polygon","properties":{"adm1_psgc":300000000,"adm2_psgc":304900000,"adm3_psgc":304929000,"adm4_psgc":304929005,"adm4_en":"Burgos","geo_level":"Bgy","len_crs":9260,"area_crs":3564158,"len_km":9,"area_km2":3},"id":304929005},{"arcs":[[16,17,18,19,20,21]],"type":"Polygon","properties":{"adm1_psgc":300000000,"adm2_psgc":304900000,"adm3_psgc":304929000,"adm4_psgc":304929006,"adm4_en":"Cabugao","geo_level":"Bgy","len_crs":5897,"area_crs":1375631,"len_km":5,"area_km2":1},"id":304929006},{"arcs":[[-8,22,23]],"type":"Polygon","properties":{"adm1_psgc":300000000,"adm2_psgc":304900000,"adm3_psgc":304929000,"adm4_psgc":304929007,"adm4_en":"Casulucan","geo_level":"Bgy","len_crs":9516,"area_crs":2188872,"len_km":9,"area_km2":2},"id":304929007},{"arcs":[[24,25,26]],"type":"Polygon","properties":{"adm1_psgc":300000000,"adm2_psgc":304900000,"adm3_psgc":304929000,"adm4_psgc":304929008,"adm4_en":"Comitang","geo_level":"Bgy","len_crs":11530,"area_crs":3627227,"len_km":11,"area_km2":3},"id":304929008},{"arcs":[[27,28,29,30,31]],"type":"Polygon","properties":{"adm1_psgc":300000000,"adm2_psgc":304900000,"adm3_psgc":304929000,"adm4_psgc":304929009,"adm4_en":"Concepcion","geo_level":"Bgy","len_crs":6842,"area_crs":2517703,"len_km":6,"area_km2":2},"id":304929009},{"arcs":[[32,33,-29]],"type":"Polygon","properties":{"adm1_psgc":300000000,"adm2_psgc":304900000,"adm3_psgc":304929000,"adm4_psgc":304929011,"adm4_en":"Dolores","geo_level":"Bgy","len_crs":8246,"area_crs":2681930,"len_km":8,"area_km2":2},"id":304929011},{"arcs":[[34,35,-25,36]],"type":"Polygon","properties":{"adm1_psgc":300000000,"adm2_psgc":304900000,"adm3_psgc":304929000,"adm4_psgc":304929012,"adm4_en":"General Luna","geo_level":"Bgy","len_crs":13224,"area_crs":5882862,"len_km":13,"area_km2":5},"id":304929012},{"arcs":[[-30,-34,37,38,39]],"type":"Polygon","properties":{"adm1_psgc":300000000,"adm2_psgc":304900000,"adm3_psgc":304929000,"adm4_psgc":304929014,"adm4_en":"Hulo","geo_level":"Bgy","len_crs":7745,"area_crs":1757024,"len_km":7,"area_km2":1},"id":304929014},{"arcs":[[-7,40,41,-23]],"type":"Polygon","properties":{"adm1_psgc":300000000,"adm2_psgc":304900000,"adm3_psgc":304929000,"adm4_psgc":304929016,"adm4_en":"Mabini","geo_level":"Bgy","len_crs":7997,"area_crs":2596717,"len_km":7,"area_km2":2},"id":304929016},{"arcs":[[42,-31,-40,43,-22,44,45]],"type":"Polygon","properties":{"adm1_psgc":300000000,"adm2_psgc":304900000,"adm3_psgc":304929000,"adm4_psgc":304929017,"adm4_en":"Malasin","geo_level":"Bgy","len_crs":6221,"area_crs":1631769,"len_km":6,"area_km2":1},"id":304929017},{"arcs":[[-41,-6,46,47]],"type":"Polygon","properties":{"adm1_psgc":300000000,"adm2_psgc":304900000,"adm3_psgc":304929000,"adm4_psgc":304929019,"adm4_en":"Malayantoc","geo_level":"Bgy","len_crs":13786,"area_crs":6207542,"len_km":13,"area_km2":6},"id":304929019},{"arcs":[[48,49,50]],"type":"Polygon","properties":{"adm1_psgc":300000000,"adm2_psgc":304900000,"adm3_psgc":304929000,"adm4_psgc":304929020,"adm4_en":"Mambarao","geo_level":"Bgy","len_crs":8700,"area_crs":3323191,"len_km":8,"area_km2":3},"id":304929020},{"arcs":[[51,-17,-44,-39]],"type":"Polygon","properties":{"adm1_psgc":300000000,"adm2_psgc":304900000,"adm3_psgc":304929000,"adm4_psgc":304929023,"adm4_en":"Poblacion","geo_level":"Bgy","len_crs":1450,"area_crs":85246,"len_km":1,"area_km2":0},"id":304929023},{"arcs":[[52,-18,-52,-38]],"type":"Polygon","properties":{"adm1_psgc":300000000,"adm2_psgc":304900000,"adm3_psgc":304929000,"adm4_psgc":304929024,"adm4_en":"Malaya","geo_level":"Bgy","len_crs":9606,"area_crs":3830759,"len_km":9,"area_km2":3},"id":304929024},{"arcs":[[-45,-21,53,-14,54]],"type":"Polygon","properties":{"adm1_psgc":300000000,"adm2_psgc":304900000,"adm3_psgc":304929000,"adm4_psgc":304929026,"adm4_en":"Pulong Buli","geo_level":"Bgy","len_crs":5771,"area_crs":988792,"len_km":5,"area_km2":0},"id":304929026},{"arcs":[[55,-46,-55,-13,-11]],"type":"Polygon","properties":{"adm1_psgc":300000000,"adm2_psgc":304900000,"adm3_psgc":304929000,"adm4_psgc":304929029,"adm4_en":"Sagaba","geo_level":"Bgy","len_crs":9330,"area_crs":3791740,"len_km":9,"area_km2":3},"id":304929029},{"arcs":[[56,57,-32,-43,58]],"type":"Polygon","properties":{"adm1_psgc":300000000,"adm2_psgc":304900000,"adm3_psgc":304929000,"adm4_psgc":304929030,"adm4_en":"San Agustin","geo_level":"Bgy","len_crs":7760,"area_crs":2161739,"len_km":7,"area_km2":2},"id":304929030},{"arcs":[[59,-59,-56,-10,60]],"type":"Polygon","properties":{"adm1_psgc":300000000,"adm2_psgc":304900000,"adm3_psgc":304929000,"adm4_psgc":304929031,"adm4_en":"San Fabian","geo_level":"Bgy","len_crs":8860,"area_crs":2562179,"len_km":8,"area_km2":2},"id":304929031},{"arcs":[[-57,-60,61]],"type":"Polygon","properties":{"adm1_psgc":300000000,"adm2_psgc":304900000,"adm3_psgc":304929000,"adm4_psgc":304929032,"adm4_en":"San Francisco","geo_level":"Bgy","len_crs":5421,"area_crs":1669880,"len_km":5,"area_km2":1},"id":304929032},{"arcs":[[-15,-54,-20,-49,62]],"type":"Polygon","properties":{"adm1_psgc":300000000,"adm2_psgc":304900000,"adm3_psgc":304929000,"adm4_psgc":304929033,"adm4_en":"San Pascual","geo_level":"Bgy","len_crs":9846,"area_crs":3312889,"len_km":9,"area_km2":3},"id":304929033},{"arcs":[[-16,-63,-51,63,-35,64,-4]],"type":"Polygon","properties":{"adm1_psgc":300000000,"adm2_psgc":304900000,"adm3_psgc":304929000,"adm4_psgc":304929034,"adm4_en":"Santa Rita","geo_level":"Bgy","len_crs":10769,"area_crs":4367033,"len_km":10,"area_km2":4},"id":304929034},{"arcs":[[-5,-65,-37,-27,65,-47]],"type":"Polygon",