{"type":"Topology","arcs":[[[337,648],[-40,-109],[29,-32]],[[326,507],[-66,-55],[-75,-20]],[[185,432],[-26,51],[-47,-12]],[[112,471],[-23,49],[76,-3],[31,29],[-1,64],[81,109]],[[276,719],[61,-71]],[[648,650],[-10,-12]],[[638,638],[-29,-47]],[[609,591],[-154,23]],[[455,614],[47,65]],[[502,679],[71,8],[75,-37]],[[892,735],[-49,-148]],[[843,587],[-24,-25]],[[819,562],[-40,29]],[[779,591],[16,61]],[[795,652],[14,47]],[[809,699],[-9,47]],[[800,746],[22,49]],[[822,795],[70,-60]],[[698,935],[-117,-135]],[[581,800],[-59,-10]],[[522,790],[-126,33],[-83,3]],[[313,826],[44,58],[44,95],[-17,52],[-71,29],[-25,117],[126,82],[145,38],[58,-122],[49,-24],[-19,-79],[18,-136],[33,-1]],[[388,231],[-86,-142],[-41,-17]],[[261,72],[12,77]],[[273,149],[20,119]],[[293,268],[95,-37]],[[741,358],[4,-70],[34,-36]],[[779,252],[-83,-60],[-56,11]],[[640,203],[-21,66],[-73,40]],[[546,309],[89,89]],[[635,398],[106,-40]],[[761,914],[-36,-133]],[[725,781],[-11,-28]],[[714,753],[-133,47]],[[698,935],[63,-21]],[[822,795],[21,55],[54,38]],[[897,888],[60,2],[-65,-155]],[[422,210],[79,-110]],[[501,100],[-244,-100],[4,72]],[[388,231],[34,-21]],[[575,463],[60,-65]],[[546,309],[-72,41],[20,82]],[[494,432],[32,52],[49,-21]],[[546,309],[-124,-99]],[[293,268],[-45,26]],[[248,294],[100,85],[37,57]],[[385,436],[109,-4]],[[185,432],[63,-138]],[[248,294],[-136,-43]],[[112,251],[-80,71],[-32,87],[32,48],[80,14]],[[843,587],[17,-41],[60,-59]],[[920,487],[-60,-57],[-41,42],[-24,-37]],[[795,435],[-51,25]],[[744,460],[75,102]],[[609,591],[17,-21]],[[626,570],[25,-39]],[[651,531],[-76,-68]],[[385,436],[21,32]],[[406,468],[49,146]],[[809,699],[-14,-47]],[[779,591],[-24,11]],[[755,602],[-41,17]],[[714,619],[-26,2]],[[688,621],[-20,12]],[[668,633],[46,120]],[[725,781],[75,-35]],[[522,790],[10,-30],[-30,-81]],[[455,614],[-48,-18],[-70,52]],[[276,719],[31,33],[6,74]],[[727,566],[-22,-58]],[[705,508],[-29,24]],[[676,532],[27,55]],[[703,587],[24,-21]],[[761,914],[86,-1],[50,-25]],[[688,621],[-8,-11]],[[680,610],[-6,4]],[[674,614],[-36,24]],[[648,650],[20,-17]],[[680,610],[10,-9]],[[690,601],[-29,-68]],[[661,533],[-10,-2]],[[626,570],[48,44]],[[714,619],[-14,-27]],[[700,592],[-10,9]],[[700,592],[3,-5]],[[676,532],[-15,1]],[[744,460],[-39,48]],[[727,566],[28,36]],[[273,149],[-42,49],[-71,-4],[-48,57]],[[640,203],[-4,-48],[-135,-55]],[[406,468],[-80,39]],[[741,358],[67,32],[-13,45]],[[920,487],[6,-29],[76,-112],[-155,-26],[-68,-68]]],"transform":{"scale":[0.0001068930159680396,0.00009495336237470477],"translate":[124.9171417570001,11.10216805600004]},"objects":{"bgysubmuns-municity-803739000":{"type":"GeometryCollection","geometries":[{"arcs":[[0,1,2,3,4]],"type":"Polygon","properties":{"adm1_psgc":800000000,"adm2_psgc":803700000,"adm3_psgc":803739000,"adm4_psgc":803739001,"adm4_en":"Anahaway","geo_level":"Bgy","len_crs":13637,"area_crs":3930933,"len_km":13,"area_km2":3},"id":803739001},{"arcs":[[5,6,7,8,9]],"type":"Polygon","properties":{"adm1_psgc":800000000,"adm2_psgc":803700000,"adm3_psgc":803739000,"adm4_psgc":803739002,"adm4_en":"Arado","geo_level":"Bgy","len_crs":5760,"area_crs":1483268,"len_km":5,"area_km2":1},"id":803739002},{"arcs":[[10,11,12,13,14,15,16,17]],"type":"Polygon","properties":{"adm1_psgc":800000000,"adm2_psgc":803700000,"adm3_psgc":803739000,"adm4_psgc":803739004,"adm4_en":"Baras","geo_level":"Bgy","len_crs":7687,"area_crs":1364443,"len_km":7,"area_km2":1},"id":803739004},{"arcs":[[18,19,20,21]],"type":"Polygon","properties":{"adm1_psgc":800000000,"adm2_psgc":803700000,"adm3_psgc":803739000,"adm4_psgc":803739005,"adm4_en":"Barayong","geo_level":"Bgy","len_crs":18623,"area_crs":16930651,"len_km":18,"area_km2":16},"id":803739005},{"arcs":[[22,23,24,25]],"type":"Polygon","properties":{"adm1_psgc":800000000,"adm2_psgc":803700000,"adm3_psgc":803739000,"adm4_psgc":803739006,"adm4_en":"Cabarasan Daku","geo_level":"Bgy","len_crs":5916,"area_crs":1553347,"len_km":5,"area_km2":1},"id":803739006},{"arcs":[[26,27,28,29,30]],"type":"Polygon","properties":{"adm1_psgc":800000000,"adm2_psgc":803700000,"adm3_psgc":803739000,"adm4_psgc":803739007,"adm4_en":"Cabarasan Guti","geo_level":"Bgy","len_crs":7962,"area_crs":3168259,"len_km":7,"area_km2":3},"id":803739007},{"arcs":[[31,32,33,-19,34]],"type":"Polygon","properties":{"adm1_psgc":800000000,"adm2_psgc":803700000,"adm3_psgc":803739000,"adm4_psgc":803739008,"adm4_en":"Campetik","geo_level":"Bgy","len_crs":6645,"area_crs":2304144,"len_km":6,"area_km2":2},"id":803739008},{"arcs":[[-18,35,36]],"type":"Polygon","properties":{"adm1_psgc":800000000,"adm2_psgc":803700000,"adm3_psgc":803739000,"adm4_psgc":803739009,"adm4_en":"Candahug","geo_level":"Bgy","len_crs":5052,"area_crs":1376685,"len_km":5,"area_km2":1},"id":803739009},{"arcs":[[37,38,-23,39]],"type":"Polygon","properties":{"adm1_psgc":800000000,"adm2_psgc":803700000,"adm3_psgc":803739000,"adm4_psgc":803739010,"adm4_en":"Cangumbang","geo_level":"Bgy","len_crs":8467,"area_crs":3050466,"len_km":8,"area_km2":3},"id":803739010},{"arcs":[[40,-30,41,42]],"type":"Polygon","properties":{"adm1_psgc":800000000,"adm2_psgc":803700000,"adm3_psgc":803739000,"adm4_psgc":803739011,"adm4_en":"Canhidoc","geo_level":"Bgy","len_crs":5580,"area_crs":2131620,"len_km":5,"area_km2":2},"id":803739011},{"arcs":[[-42,43,-40,-26,44,45,46]],"type":"Polygon","properties":{"adm1_psgc":800000000,"adm2_psgc":803700000,"adm3_psgc":803739000,"adm4_psgc":803739012,"adm4_en":"Capirawan","geo_level":"Bgy","len_crs":9578,"area_crs":4411862,"len_km":9,"area_km2":4},"id":803739012},{"arcs":[[47,48,49,-3]],"type":"Polygon","properties":{"adm1_psgc":800000000,"adm2_psgc":803700000,"adm3_psgc":803739000,"adm4_psgc":803739013,"adm4_en":"Castilla","geo_level":"Bgy","len_crs":9913,"area_crs":4348028,"len_km":9,"area_km2":4},"id":803739013},{"arcs":[[50,51,52,53,-12]],"type":"Polygon","properties":{"adm1_psgc":800000000,"adm2_psgc":803700000,"adm3_psgc":803739000,"adm4_psgc":803739014,"adm4_en":"Cogon","geo_level":"Bgy","len_crs":7533,"area_crs":1708445,"len_km":7,"area_km2":1},"id":803739014},{"arcs":[[54,55,56,-43,-47,57,58,-8]],"type":"Polygon","properties":{"adm1_psgc":800000000,"adm2_psgc":803700000,"adm3_psgc":803739000,"adm4_psgc":803739015,"adm4_en":"Gacao","geo_level":"Bgy","len_crs":8559,"area_crs":3707851,"len_km":8,"area_km2":3},"id":803739015},{"arcs":[[-16,59,-14,60,61,62,63,64,-33,65]],"type":"Polygon","properties":{"adm1_psgc":800000000,"adm2_psgc":803700000,"adm3_psgc":803739000,"adm4_psgc":803739016,"adm4_en":"Guindapunan","geo_level":"Bgy","len_crs":6632,"area_crs":2009267,"len_km":6,"area_km2":2},"id":803739016},{"arcs":[[66,-9,67,-5,68,-21]],"type":"Polygon","properties":{"adm1_psgc":800000000,"adm2_psgc":803700000,"adm3_psgc":803739000,"adm4_psgc":803739017,"adm4_en":"Libertad","geo_level":"Bgy","len_crs":9067,"area_crs":4800619,"len_km":9,"area_km2":4},"id":803739017},{"arcs":[[69,70,71,72]],"type":"Polygon","properties":{"adm1_psgc":800000000,"adm2_psgc":803700000,"adm3_psgc":803739000,"adm4_psgc":803739018,"adm4_en":"Naga-naga","geo_level":"Bgy","len_crs":2410,"area_crs":284604,"len_km":2,"area_km2":0},"id":803739018},{"arcs":[[-36,-17,-66,-32,73]],"type":"Polygon","properties":{"adm1_psgc":800000000,"adm2_psgc":803700000,"adm3_psgc":803739000,"adm4_psgc":803739019,"adm4_en":"Pawing","geo_level":"Bgy","len_crs":6015,"area_crs":1840631,"len_km":6,"area_km2":1},"id":803739019},{"arcs":[[-64,74,75,76,-6,77]],"type":"Polygon","properties":{"adm1_psgc":800000000,"adm2_psgc":803700000,"adm3_psgc":803739000,"adm4_psgc":803739020,"adm4_en":"Buri","geo_level":"Bgy","len_crs":1542,"area_crs":94129,"len_km":1,"area_km2":0},"id":803739020},{"arcs":[[78,79,80,-56,81,-76]],"type":"Polygon","properties":{"adm1_psgc":800000000,"adm2_psgc":803700000,"adm3_psgc":803739000,"adm4_psgc":803739021,"adm4_en":"Cavite East","geo_level":"Bgy","len_crs":2560,"area_crs":281181,"len_km":2,"area_km2":0},"id":803739021},{"arcs":[[-82,-55,-7,-77]],"type":"Polygon","properties":{"adm1_psgc":800000000,"adm2_psgc":803700000,"adm3_psgc":803739000,