{"type":"Topology","arcs":[[[178,317],[28,-23]],[[206,294],[-22,-27],[-125,32],[-42,43]],[[17,342],[-17,168]],[[0,510],[59,-136],[119,-57]],[[374,410],[48,-80]],[[422,330],[-32,-26]],[[390,304],[-44,-42]],[[346,262],[-31,-21]],[[315,241],[-25,130]],[[290,371],[84,39]],[[581,252],[-82,39]],[[499,291],[-23,37]],[[476,328],[11,30]],[[487,358],[87,49]],[[574,407],[-25,-61],[32,-94]],[[590,185],[-14,-132]],[[576,53],[-64,-14]],[[512,39],[-34,133]],[[478,172],[112,13]],[[288,372],[-82,-10],[-28,-45]],[[0,510],[30,100],[123,-35],[51,-82],[18,-91],[66,-30]],[[438,241],[6,-83]],[[444,158],[-108,46]],[[336,204],[10,58]],[[390,304],[48,-63]],[[612,182],[108,-39]],[[720,143],[18,-112]],[[738,31],[-60,-31],[-102,53]],[[590,185],[22,-3]],[[392,156],[-10,-63]],[[382,93],[-104,-12]],[[278,81],[1,69]],[[279,150],[113,6]],[[720,143],[41,-8],[56,-75],[-79,-29]],[[278,81],[-68,29],[4,67]],[[214,177],[59,6]],[[273,183],[6,-33]],[[512,39],[-79,-7],[-51,61]],[[392,156],[52,2]],[[444,158],[34,14]],[[206,294],[87,-55]],[[293,239],[-7,-30]],[[286,209],[-13,-26]],[[214,177],[-156,85],[-41,80]],[[288,372],[2,-1]],[[315,241],[-22,-2]],[[336,204],[-50,5]],[[487,358],[17,110]],[[504,468],[70,-61]],[[476,328],[-28,12]],[[448,340],[14,109]],[[462,449],[42,19]],[[448,340],[-26,-10]],[[374,410],[88,39]],[[499,291],[-61,-50]],[[581,252],[31,-70]]],"transform":{"scale":[0.0001634526536108061,0.00014067155737703145],"translate":[121.23724036700003,13.862572201000031]},"objects":{"bgysubmuns-municity-405641000":{"type":"GeometryCollection","geometries":[{"arcs":[[0,1,2,3]],"type":"Polygon","properties":{"adm1_psgc":400000000,"adm2_psgc":405600000,"adm3_psgc":405641000,"adm4_psgc":405641001,"adm4_en":"Arawan","geo_level":"Bgy","len_crs":14046,"area_crs":4494315,"len_km":14,"area_km2":4},"id":405641001},{"arcs":[[4,5,6,7,8,9]],"type":"Polygon","properties":{"adm1_psgc":400000000,"adm2_psgc":405600000,"adm3_psgc":405641000,"adm4_psgc":405641002,"adm4_en":"Bagong Niing","geo_level":"Bgy","len_crs":8984,"area_crs":3433541,"len_km":8,"area_km2":3},"id":405641002},{"arcs":[[10,11,12,13,14]],"type":"Polygon","properties":{"adm1_psgc":400000000,"adm2_psgc":405600000,"adm3_psgc":405641000,"adm4_psgc":405641003,"adm4_en":"Balat Atis","geo_level":"Bgy","len_crs":8169,"area_crs":2314880,"len_km":8,"area_km2":2},"id":405641003},{"arcs":[[15,16,17,18]],"type":"Polygon","properties":{"adm1_psgc":400000000,"adm2_psgc":405600000,"adm3_psgc":405641000,"adm4_psgc":405641004,"adm4_en":"Briones","geo_level":"Bgy","len_crs":8059,"area_crs":3479730,"len_km":8,"area_km2":3},"id":405641004},{"arcs":[[19,-4,20]],"type":"Polygon","properties":{"adm1_psgc":400000000,"adm2_psgc":405600000,"adm3_psgc":405641000,"adm4_psgc":405641005,"adm4_en":"Bulihan","geo_level":"Bgy","len_crs":16792,"area_crs":11278359,"len_km":16,"area_km2":11},"id":405641005},{"arcs":[[21,22,23,-7,24]],"type":"Polygon","properties":{"adm1_psgc":400000000,"adm2_psgc":405600000,"adm3_psgc":405641000,"adm4_psgc":405641006,"adm4_en":"Buliran","geo_level":"Bgy","len_crs":7872,"area_crs":2007048,"len_km":7,"area_km2":2},"id":405641006},{"arcs":[[25,26,27,-16,28]],"type":"Polygon","properties":{"adm1_psgc":400000000,"adm2_psgc":405600000,"adm3_psgc":405641000,"adm4_psgc":405641007,"adm4_en":"Callejon","geo_level":"Bgy","len_crs":10433,"area_crs":5722375,"len_km":10,"area_km2":5},"id":405641007},{"arcs":[[29,30,31,32]],"type":"Polygon","properties":{"adm1_psgc":400000000,"adm2_psgc":405600000,"adm3_psgc":405641000,"adm4_psgc":405641008,"adm4_en":"Corazon","geo_level":"Bgy","len_crs":6458,"area_crs":2256875,"len_km":6,"area_km2":2},"id":405641008},{"arcs":[[-27,33]],"type":"Polygon","properties":{"adm1_psgc":400000000,"adm2_psgc":405600000,"adm3_psgc":405641000,"adm4_psgc":405641009,"adm4_en":"Manuel del Valle, Sr.","geo_level":"Bgy","len_crs":7297,"area_crs":2038756,"len_km":7,"area_km2":2},"id":405641009},{"arcs":[[-32,34,35,36]],"type":"Polygon","properties":{"adm1_psgc":400000000,"adm2_psgc":405600000,"adm3_psgc":405641000,"adm4_psgc":405641010,"adm4_en":"Loob","geo_level":"Bgy","len_crs":5301,"area_crs":1363627,"len_km":5,"area_km2":1},"id":405641010},{"arcs":[[-18,37,-30,38,39]],"type":"Polygon","properties":{"adm1_psgc":400000000,"adm2_psgc":405600000,"adm3_psgc":405641000,"adm4_psgc":405641011,"adm4_en":"Magsaysay","geo_level":"Bgy","len_crs":7787,"area_crs":3753938,"len_km":7,"area_km2":3},"id":405641011},{"arcs":[[40,41,42,-36,43,-2]],"type":"Polygon","properties":{"adm1_psgc":400000000,"adm2_psgc":405600000,"adm3_psgc":405641000,"adm4_psgc":405641012,"adm4_en":"Matipunso","geo_level":"Bgy","len_crs":15466,"area_crs":5106669,"len_km":15,"area_km2":5},"id":405641012},{"arcs":[[44,-9,45,-41,-1,-20]],"type":"Polygon","properties":{"adm1_psgc":400000000,"adm2_psgc":405600000,"adm3_psgc":405641000,"adm4_psgc":405641013,"adm4_en":"Niing","geo_level":"Bgy","len_crs":8586,"area_crs":2494929,"len_km":8,"area_km2":2},"id":405641013},{"arcs":[[46,-42,-46,-8,-24]],"type":"Polygon","properties":{"adm1_psgc":400000000,"adm2_psgc":405600000,"adm3_psgc":405641000,"adm4_psgc":405641014,"adm4_en":"Poblacion","geo_level":"Bgy","len_crs":4169,"area_crs":773450,"len_km":4,"area_km2":0},"id":405641014},{"arcs":[[-14,47,48]],"type":"Polygon","properties":{"adm1_psgc":400000000,"adm2_psgc":405600000,"adm3_psgc":405641000,"adm4_psgc":405641015,"adm4_en":"Pulo","geo_level":"Bgy","len_crs":5539,"area_crs":1549852,"len_km":5,"area_km2":1},"id":405641015},{"arcs":[[-48,-13,49,50,51]],"type":"Polygon","properties":{"adm1_psgc":400000000,"adm2_psgc":405600000,"adm3_psgc":405641000,"adm4_psgc":405641016,"adm4_en":"Pury","geo_level":"Bgy","len_crs":5784,"area_crs":1353253,"len_km":5,"area_km2":1},"id":405641016},{"arcs":[[52,-5,53,-51]],"type":"Polygon","properties":{"adm1_psgc":400000000,"adm2_psgc":405600000,"adm3_psgc":405641000,"adm4_psgc":405641017,"adm4_en":"Sampaga","geo_level":"Bgy","len_crs":6877,"area_crs":1529776,"len_km":6,"area_km2":1},"id":405641017},{"arcs":[[-23,-39,-33,-37,-43,-47]],"type":"Polygon","properties":{"adm1_psgc":400000000,"adm2_psgc":405600000,"adm3_psgc":405641000,"adm4_psgc":405641018,"adm4_en":"Sampaguita","geo_level":"Bgy","len_crs":7663,"area_crs":1697218,"len_km":7,"area_km2":1},"id":405641018},{"arcs":[[-50,-12,54,-25,-6,-53]],"type":"Polygon","properties":{"adm1_psgc":400000000,"adm2_psgc":405600000,"adm3_psgc":405641000,"adm4_psgc":405641019,"adm4_en":"San Jose","geo_level":"Bgy","len_crs":5716,"area_crs":2143762,"len_km":5,"area_km2":2},"id":405641019},{"arcs":[[55,-29,-19,-40,-22,-55,-11]],"type":"Polygon","properties":{"adm1_psgc":400000000,"adm2_psgc":405600000,"adm3_psgc":405641000,"adm4_psgc":405641020,"adm4_en":"Sinturisan","geo_level":"Bgy","len_crs":9191,"area_crs":3589394,"len_km":9,"area_km2":3},"id":405641020}]}}}