{"type":"Topology","arcs":[[[702,1053],[24,-98],[-9,-64],[19,-186]],[[736,705],[-5,-89]],[[731,616],[-68,80],[-173,-42]],[[490,654],[-101,-110],[-10,-43],[-47,-16]],[[332,485],[-1,35],[-71,-1]],[[260,519],[-64,-1]],[[196,518],[20,76]],[[216,594],[30,52],[-41,43],[40,98]],[[245,787],[30,17],[35,56],[89,84],[46,27],[11,84],[36,49],[38,4],[56,-41],[58,8],[21,-36],[37,14]],[[515,334],[-33,-15]],[[482,319],[-35,42],[-148,1]],[[299,362],[-1,78],[34,45]],[[490,654],[1,-123],[16,-47],[-3,-92],[11,-58]],[[196,518],[-69,-24],[-22,-29],[-74,-45]],[[31,420],[-3,57],[-28,55],[5,56]],[[5,588],[83,1],[74,-14],[13,34],[41,-15]],[[1274,725],[-67,32],[-52,-38],[-104,-50],[-18,20],[-91,-19],[-66,-24],[-53,12],[-24,33],[-41,-10],[-22,24]],[[702,1053],[26,98]],[[728,1151],[542,-213],[13,-158],[-9,-55]],[[245,787],[-216,-20]],[[29,767],[-16,48],[47,72],[55,161],[44,28],[8,55],[75,90],[69,-1],[62,58],[-22,24],[377,-151]],[[252,248],[15,-36],[96,-33]],[[363,179],[-40,-107],[-40,-18],[-48,-54],[-45,94],[20,57],[-29,86]],[[181,237],[71,11]],[[214,303],[-51,-42]],[[163,261],[-58,42],[-70,22],[-16,53],[12,42]],[[260,519],[-3,-116],[-57,-5],[-11,-34],[25,-61]],[[1274,725],[-26,-146]],[[1248,579],[-47,18],[-51,-19],[-63,-79],[-35,-14],[-55,-63]],[[997,422],[-32,45],[-67,4],[-50,-19],[-26,-62],[-22,-1],[-42,-61],[-79,-80],[-102,-14],[-21,33],[-57,-5]],[[499,262],[-17,57]],[[515,334],[50,37],[46,1],[70,64],[89,37],[21,61],[-60,82]],[[299,362],[-1,-56],[-59,-16]],[[239,290],[-25,13]],[[499,262],[-25,-20],[-76,-12],[-35,-51]],[[252,248],[-13,42]],[[5,588],[24,179]],[[181,237],[-18,24]],[[1248,579],[25,-24],[-36,-95],[22,-76],[-18,-35],[-81,-1],[-49,48],[-86,-20],[-28,46]]],"transform":{"scale":[0.0002116582494153961,0.00018664474654377398],"translate":[125.2342588680001,6.03646646800007]},"objects":{"bgysubmuns-municity-1208001000":{"type":"GeometryCollection","geometries":[{"arcs":[[0,1,2,3,4,5,6,7,8]],"type":"Polygon","properties":{"adm1_psgc":1200000000,"adm2_psgc":1208000000,"adm3_psgc":1208001000,"adm4_psgc":1208001001,"adm4_en":"Alegria","geo_level":"Bgy","len_crs":66233,"area_crs":92305346,"len_km":66,"area_km2":92},"id":1208001001},{"arcs":[[9,10,11,-4,12]],"type":"Polygon","properties":{"adm1_psgc":1200000000,"adm2_psgc":1208000000,"adm3_psgc":1208001000,"adm4_psgc":1208001002,"adm4_en":"Bagacay","geo_level":"Bgy","len_crs":23638,"area_crs":18747927,"len_km":23,"area_km2":18},"id":1208001002},{"arcs":[[-7,13,14,15]],"type":"Polygon","properties":{"adm1_psgc":1200000000,"adm2_psgc":1208000000,"adm3_psgc":1208001000,"adm4_psgc":1208001003,"adm4_en":"Baluntay","geo_level":"Bgy","len_crs":18247,"area_crs":11493233,"len_km":18,"area_km2":11},"id":1208001003},{"arcs":[[16,-1,17,18]],"type":"Polygon","properties":{"adm1_psgc":1200000000,"adm2_psgc":1208000000,"adm3_psgc":1208001000,"adm4_psgc":1208001004,"adm4_en":"Datal Anggas","geo_level":"Bgy","len_crs":44903,"area_crs":95021547,"len_km":44,"area_km2":95},"id":1208001004},{"arcs":[[-18,-9,19,20]],"type":"Polygon","properties":{"adm1_psgc":1200000000,"adm2_psgc":1208000000,"adm3_psgc":1208001000,"adm4_psgc":1208001005,"adm4_en":"Domolok","geo_level":"Bgy","len_crs":65879,"area_crs":82079526,"len_km":65,"area_km2":82},"id":1208001005},{"arcs":[[21,22,23]],"type":"Polygon","properties":{"adm1_psgc":1200000000,"adm2_psgc":1208000000,"adm3_psgc":1208001000,"adm4_psgc":1208001006,"adm4_en":"Kawas","geo_level":"Bgy","len_crs":23549,"area_crs":12828936,"len_km":23,"area_km2":12},"id":1208001006},{"arcs":[[24,25,-14,-6,26]],"type":"Polygon","properties":{"adm1_psgc":1200000000,"adm2_psgc":1208000000,"adm3_psgc":1208001000,"adm4_psgc":1208001007,"adm4_en":"Maribulan","geo_level":"Bgy","len_crs":21500,"area_crs":18070513,"len_km":21,"area_km2":18},"id":1208001007},{"arcs":[[27,28,29,30,-10,31,-2,-17]],"type":"Polygon","properties":{"adm1_psgc":1200000000,"adm2_psgc":1208000000,"adm3_psgc":1208001000,"adm4_psgc":1208001008,"adm4_en":"Pag-asa","geo_level":"Bgy","len_crs":63866,"area_crs":65923202,"len_km":63,"area_km2":65},"id":1208001008},{"arcs":[[-32,-13,-3]],"type":"Polygon","properties":{"adm1_psgc":1200000000,"adm2_psgc":1208000000,"adm3_psgc":1208001000,"adm4_psgc":1208001009,"adm4_en":"Paraiso","geo_level":"Bgy","len_crs":28595,"area_crs":35060973,"len_km":28,"area_km2":35},"id":1208001009},{"arcs":[[-12,32,33,-27,-5]],"type":"Polygon","properties":{"adm1_psgc":1200000000,"adm2_psgc":1208000000,"adm3_psgc":1208001000,"adm4_psgc":1208001010,"adm4_en":"Poblacion","geo_level":"Bgy","len_crs":15163,"area_crs":7682200,"len_km":15,"area_km2":7},"id":1208001010},{"arcs":[[-31,34,-22,35,-33,-11]],"type":"Polygon","properties":{"adm1_psgc":1200000000,"adm2_psgc":1208000000,"adm3_psgc":1208001000,"adm4_psgc":1208001011,"adm4_en":"Spring","geo_level":"Bgy","len_crs":18366,"area_crs":15517714,"len_km":18,"area_km2":15},"id":1208001011},{"arcs":[[-16,36,-20,-8]],"type":"Polygon","properties":{"adm1_psgc":1200000000,"adm2_psgc":1208000000,"adm3_psgc":1208001000,"adm4_psgc":1208001012,"adm4_en":"Tokawal","geo_level":"Bgy","len_crs":21675,"area_crs":18445910,"len_km":21,"area_km2":18},"id":1208001012},{"arcs":[[-36,-24,37,-25,-34]],"type":"Polygon","properties":{"adm1_psgc":1200000000,"adm2_psgc":1208000000,"adm3_psgc":1208001000,"adm4_psgc":1208001013,"adm4_en":"Ladol","geo_level":"Bgy","len_crs":6104,"area_crs":1550332,"len_km":6,"area_km2":1},"id":1208001013},{"arcs":[[38,-29]],"type":"Polygon","properties":{"adm1_psgc":1200000000,"adm2_psgc":1208000000,"adm3_psgc":1208001000,"adm4_psgc":1208001014,"adm4_en":"New Canaan","geo_level":"Bgy","len_crs":21719,"area_crs":19722432,"len_km":21,"area_km2":19},"id":1208001014}]}}}