{"type":"Topology","arcs":[[[134,657],[-105,15]],[[29,672],[61,74]],[[90,746],[55,-22],[-11,-67]],[[255,837],[-22,-1]],[[233,836],[-23,7]],[[210,843],[28,102]],[[238,945],[51,-6],[-34,-102]],[[210,843],[-125,37]],[[85,880],[54,84]],[[139,964],[99,-19]],[[139,964],[5,63],[106,-25],[-12,-57]],[[174,705],[116,-28]],[[290,677],[-11,-51]],[[279,626],[-70,-3]],[[209,623],[-62,33]],[[147,656],[27,49]],[[233,836],[-8,-67]],[[225,769],[-46,-7]],[[179,762],[-83,23]],[[96,785],[-11,95]],[[147,656],[18,-46]],[[165,610],[-134,-48]],[[31,562],[-31,36]],[[0,598],[134,59]],[[134,657],[13,-1]],[[209,623],[19,-79]],[[228,544],[-45,14]],[[183,558],[-18,52]],[[183,558],[-138,-22]],[[45,536],[-14,26]],[[279,626],[-1,-98]],[[278,528],[-50,16]],[[261,491],[7,-55]],[[268,436],[-49,-19],[-80,58]],[[139,475],[122,16]],[[268,436],[20,-62]],[[288,374],[-39,-33]],[[249,341],[-144,55]],[[105,396],[-20,65]],[[85,461],[54,14]],[[0,598],[29,74]],[[409,145],[-133,6],[-20,120]],[[256,271],[-7,70]],[[288,374],[70,-40],[71,-102],[-20,-87]],[[409,145],[-42,-89],[-84,-56],[-125,45]],[[158,45],[34,95]],[[192,140],[-67,47]],[[125,187],[56,84],[75,0]],[[192,140],[-80,11]],[[112,151],[13,36]],[[285,773],[-60,-4]],[[255,837],[30,-64]],[[174,705],[5,57]],[[285,773],[5,-96]],[[90,746],[6,39]],[[112,151],[-13,-5]],[[99,146],[-32,196],[38,54]],[[158,45],[-59,101]],[[278,528],[-17,-37]],[[85,461],[-40,75]]],"transform":{"scale":[0.00020437940093239989,0.0002329469698149987],"translate":[120.83511924800008,16.821064410000073]},"objects":{"bgysubmuns-municity-1404402000":{"type":"GeometryCollection","geometries":[{"arcs":[[0,1,2]],"type":"Polygon","properties":{"adm1_psgc":1400000000,"adm2_psgc":1404400000,"adm3_psgc":1404402000,"adm4_psgc":1404402001,"adm4_en":"Abatan","geo_level":"Bgy","len_crs":7894,"area_crs":2991405,"len_km":7,"area_km2":2},"id":1404402001},{"arcs":[[3,4,5,6]],"type":"Polygon","properties":{"adm1_psgc":1400000000,"adm2_psgc":1404400000,"adm3_psgc":1404402000,"adm4_psgc":1404402002,"adm4_en":"Bagnen Oriente","geo_level":"Bgy","len_crs":7710,"area_crs":2487220,"len_km":7,"area_km2":2},"id":1404402002},{"arcs":[[-6,7,8,9]],"type":"Polygon","properties":{"adm1_psgc":1400000000,"adm2_psgc":1404400000,"adm3_psgc":1404402000,"adm4_psgc":1404402003,"adm4_en":"Bagnen Proper","geo_level":"Bgy","len_crs":10543,"area_crs":7653902,"len_km":10,"area_km2":7},"id":1404402003},{"arcs":[[-10,10]],"type":"Polygon","properties":{"adm1_psgc":1400000000,"adm2_psgc":1404400000,"adm3_psgc":1404402000,"adm4_psgc":1404402004,"adm4_en":"Balintaugan","geo_level":"Bgy","len_crs":7935,"area_crs":3046575,"len_km":7,"area_km2":3},"id":1404402004},{"arcs":[[11,12,13,14,15]],"type":"Polygon","properties":{"adm1_psgc":1400000000,"adm2_psgc":1404400000,"adm3_psgc":1404402000,"adm4_psgc":1404402005,"adm4_en":"Banao","geo_level":"Bgy","len_crs":9056,"area_crs":4250813,"len_km":9,"area_km2":4},"id":1404402005},{"arcs":[[-5,16,17,18,19,-8]],"type":"Polygon","properties":{"adm1_psgc":1400000000,"adm2_psgc":1404400000,"adm3_psgc":1404402000,"adm4_psgc":1404402006,"adm4_en":"Bila","geo_level":"Bgy","len_crs":10745,"area_crs":6462618,"len_km":10,"area_km2":6},"id":1404402006},{"arcs":[[20,21,22,23,24]],"type":"Polygon","properties":{"adm1_psgc":1400000000,"adm2_psgc":1404400000,"adm3_psgc":1404402000,"adm4_psgc":1404402007,"adm4_en":"Guinzadan Central","geo_level":"Bgy","len_crs":9702,"area_crs":4404133,"len_km":9,"area_km2":4},"id":1404402007},{"arcs":[[25,26,27,-21,-15]],"type":"Polygon","properties":{"adm1_psgc":1400000000,"adm2_psgc":1404400000,"adm3_psgc":1404402000,"adm4_psgc":1404402008,"adm4_en":"Guinzadan Norte","geo_level":"Bgy","len_crs":7881,"area_crs":2295831,"len_km":7,"area_km2":2},"id":1404402008},{"arcs":[[-28,28,29,-22]],"type":"Polygon","properties":{"adm1_psgc":1400000000,"adm2_psgc":1404400000,"adm3_psgc":1404402000,"adm4_psgc":1404402009,"adm4_en":"Guinzadan Sur","geo_level":"Bgy","len_crs":9029,"area_crs":3201617,"len_km":9,"area_km2":3},"id":1404402009},{"arcs":[[30,31,-26,-14]],"type":"Polygon","properties":{"adm1_psgc":1400000000,"adm2_psgc":1404400000,"adm3_psgc":1404402000,"adm4_psgc":1404402010,"adm4_en":"Lagawa","geo_level":"Bgy","len_crs":7895,"area_crs":3887808,"len_km":7,"area_km2":3},"id":1404402010},{"arcs":[[32,33,34]],"type":"Polygon","properties":{"adm1_psgc":1400000000,"adm2_psgc":1404400000,"adm3_psgc":1404402000,"adm4_psgc":1404402011,"adm4_en":"Leseb","geo_level":"Bgy","len_crs":8209,"area_crs":3899498,"len_km":8,"area_km2":3},"id":1404402011},{"arcs":[[35,36,37,38,39,-34]],"type":"Polygon","properties":{"adm1_psgc":1400000000,"adm2_psgc":1404400000,"adm3_psgc":1404402000,"adm4_psgc":1404402012,"adm4_en":"Mabaay","geo_level":"Bgy","len_crs":13697,"area_crs":7321342,"len_km":13,"area_km2":7},"id":1404402012},{"arcs":[[-24,40,-1]],"type":"Polygon","properties":{"adm1_psgc":1400000000,"adm2_psgc":1404400000,"adm3_psgc":1404402000,"adm4_psgc":1404402013,"adm4_en":"Mayag","geo_level":"Bgy","len_crs":7919,"area_crs":2495865,"len_km":7,"area_km2":2},"id":1404402013},{"arcs":[[41,42,-37,43]],"type":"Polygon","properties":{"adm1_psgc":1400000000,"adm2_psgc":1404400000,"adm3_psgc":1404402000,"adm4_psgc":1404402014,"adm4_en":"Monamon Norte","geo_level":"Bgy","len_crs":16529,"area_crs":15596700,"len_km":16,"area_km2":15},"id":1404402014},{"arcs":[[44,45,46,47,-42]],"type":"Polygon","properties":{"adm1_psgc":1400000000,"adm2_psgc":1404400000,"adm3_psgc":1404402000,"adm4_psgc":1404402015,"adm4_en":"Monamon Sur","geo_level":"Bgy","len_crs":24142,"area_crs":22009446,"len_km":24,"area_km2":22},"id":1404402015},{"arcs":[[48,49,-47]],"type":"Polygon","properties":{"adm1_psgc":1400000000,"adm2_psgc":1404400000,"adm3_psgc":1404402000,"adm4_psgc":1404402016,"adm4_en":"Mount Data","geo_level":"Bgy","len_crs":7176,"area_crs":2588531,"len_km":7,"area_km2":2},"id":1404402016},{"arcs":[[50,-17,-4,51]],"type":"Polygon","properties":{"adm1_psgc":1400000000,"adm2_psgc":1404400000,"adm3_psgc":1404402000,"adm4_psgc":1404402018,"adm4_en":"Otucan Norte","geo_level":"Bgy","len_crs":5338,"area_crs":1590021,"len_km":5,"area_km2":1},"id":1404402018},{"arcs":[[-12,52,-18,-51,53]],"type":"Polygon","properties":{"adm1_psgc":1400000000,"adm2_psgc":1404400000,"adm3_psgc":1404402000,"adm4_psgc":1404402019,"adm4_en":"Otucan Sur","geo_level":"Bgy","len_crs":9100,"area_crs":4666451,"len_km":9,"area_km2":4},"id":1404402019},{"arcs":[[-53,-16,-25,-3,54,-19]],"type":"Polygon","properties":{"adm1_psgc":1400000000,"adm2_psgc":1404400000,"adm3_psgc":1404402000,"adm4_psgc":1404402020,"adm4_en":"Poblacion","geo_level":"Bgy","len_crs":9944,"area_crs":3493699,"len_km":9,"area_km2":3},"id":1404402020},{"arcs":[[-43,-48,-50,55,56,-38]],"type":"Polygon","properties":{"adm1_psgc":1400000000,"adm2_psgc":1404400000,"adm3_psgc":1404402000,"adm4_psgc":1404402021,"adm4_en":"Sadsadan","geo_level":"Bgy","len_crs":18393,"area_crs":14345981,"len_km":18,"area_km2":14},"id":1404402021},{"arcs":[[-46,57,-56,-49]],"type":"Polygon","properties":{"adm1_psgc":1400000000,"adm2_psgc":1404400000,"adm3_psgc":1404402000,"adm4_psgc":1404402022,"adm4_en":"Sinto","geo_level":"Bgy","len_crs":8761,"area_crs":2769875,"len_km":8,"area_km2":2},"id":1404402022},{"arcs":[[-27,-32,58,-35,-40,59,-29]],"type":"Polygon","properties":{"adm1_psgc":1400000000,"adm2_psgc":1404400000,"adm3_psgc":1404402000,"adm4_psgc":1404402023,"adm4_en":"Tapapan","geo_level":"Bgy","len_crs":12810,"area_crs":7857355,"len_km":12,"area_km2":7},"id":1404402023}]}}}