{"type":"Topology","arcs":[[[236,710],[-17,-47]],[[219,663],[-38,6]],[[181,669],[-68,68]],[[113,737],[32,108],[91,-135]],[[181,669],[-82,-2]],[[99,667],[14,70]],[[472,141],[-52,-74]],[[420,67],[-108,60],[-19,37]],[[293,164],[10,31]],[[303,195],[169,-54]],[[160,553],[29,-79]],[[189,474],[-52,-66]],[[137,408],[-51,15]],[[86,423],[-79,49],[-7,67],[52,46]],[[52,585],[108,-32]],[[285,324],[-19,-57]],[[266,267],[-25,-18]],[[241,249],[-37,59]],[[204,308],[0,29]],[[204,337],[23,28]],[[227,365],[58,-41]],[[181,575],[-8,-13]],[[173,562],[-13,-9]],[[52,585],[29,41]],[[81,626],[100,-51]],[[203,219],[51,-86]],[[254,133],[-31,-29]],[[223,104],[-94,95],[68,35]],[[197,234],[6,-15]],[[85,413],[119,-105]],[[241,249],[-38,-30]],[[197,234],[-7,39],[-159,107],[54,33]],[[302,524],[32,-85]],[[334,439],[-34,-55]],[[300,384],[-62,84]],[[238,468],[2,74]],[[240,542],[62,-18]],[[314,602],[53,-78]],[[367,524],[-65,0]],[[240,542],[9,43]],[[249,585],[65,17]],[[238,468],[-45,-8]],[[193,460],[-4,14]],[[173,562],[76,23]],[[536,49],[-32,-49],[-109,38]],[[395,38],[25,29]],[[420,67],[116,-18]],[[249,585],[-30,78]],[[236,710],[78,-108]],[[293,164],[-39,-31]],[[266,267],[37,-72]],[[81,626],[18,41]],[[181,669],[0,-94]],[[395,38],[-120,14],[-52,52]],[[367,524],[49,-84],[-82,-1]],[[472,141],[64,-92]],[[193,460],[34,-95]],[[204,337],[-67,71]],[[300,384],[-15,-60]],[[85,413],[1,10]]],"transform":{"scale":[0.00022598974067171407,0.000254438897041423],"translate":[123.39545343600004,8.320096276000072]},"objects":{"bgysubmuns-municity-907209000":{"type":"GeometryCollection","geometries":[{"arcs":[[0,1,2,3]],"type":"Polygon","properties":{"adm1_psgc":900000000,"adm2_psgc":907200000,"adm3_psgc":907209000,"adm4_psgc":907209001,"adm4_en":"Adante","geo_level":"Bgy","len_crs":13821,"area_crs":7270616,"len_km":13,"area_km2":7},"id":907209001},{"arcs":[[4,5,-3]],"type":"Polygon","properties":{"adm1_psgc":900000000,"adm2_psgc":907200000,"adm3_psgc":907209000,"adm4_psgc":907209002,"adm4_en":"Bacuyong","geo_level":"Bgy","len_crs":6830,"area_crs":2815642,"len_km":6,"area_km2":2},"id":907209002},{"arcs":[[6,7,8,9]],"type":"Polygon","properties":{"adm1_psgc":900000000,"adm2_psgc":907200000,"adm3_psgc":907209000,"adm4_psgc":907209003,"adm4_en":"Bagong Silang","geo_level":"Bgy","len_crs":14546,"area_crs":8860667,"len_km":14,"area_km2":8},"id":907209003},{"arcs":[[10,11,12,13,14]],"type":"Polygon","properties":{"adm1_psgc":900000000,"adm2_psgc":907200000,"adm3_psgc":907209000,"adm4_psgc":907209004,"adm4_en":"Calican","geo_level":"Bgy","len_crs":19874,"area_crs":13885465,"len_km":19,"area_km2":13},"id":907209004},{"arcs":[[15,16,17,18,19,20]],"type":"Polygon","properties":{"adm1_psgc":900000000,"adm2_psgc":907200000,"adm3_psgc":907209000,"adm4_psgc":907209005,"adm4_en":"Ubay","geo_level":"Bgy","len_crs":8334,"area_crs":4545042,"len_km":8,"area_km2":4},"id":907209005},{"arcs":[[21,22,-15,23,24]],"type":"Polygon","properties":{"adm1_psgc":900000000,"adm2_psgc":907200000,"adm3_psgc":907209000,"adm4_psgc":907209006,"adm4_en":"Del Pilar","geo_level":"Bgy","len_crs":9798,"area_crs":4025787,"len_km":9,"area_km2":4},"id":907209006},{"arcs":[[25,26,27,28]],"type":"Polygon","properties":{"adm1_psgc":900000000,"adm2_psgc":907200000,"adm3_psgc":907209000,"adm4_psgc":907209007,"adm4_en":"Dilawa","geo_level":"Bgy","len_crs":10672,"area_crs":5169893,"len_km":10,"area_km2":5},"id":907209007},{"arcs":[[29,-18,30,-29,31]],"type":"Polygon","properties":{"adm1_psgc":900000000,"adm2_psgc":907200000,"adm3_psgc":907209000,"adm4_psgc":907209008,"adm4_en":"Desin","geo_level":"Bgy","len_crs":17778,"area_crs":6757505,"len_km":17,"area_km2":6},"id":907209008},{"arcs":[[32,33,34,35,36]],"type":"Polygon","properties":{"adm1_psgc":900000000,"adm2_psgc":907200000,"adm3_psgc":907209000,"adm4_psgc":907209009,"adm4_en":"Dionum","geo_level":"Bgy","len_crs":12286,"area_crs":5879238,"len_km":12,"area_km2":5},"id":907209009},{"arcs":[[37,38,-37,39,40]],"type":"Polygon","properties":{"adm1_psgc":900000000,"adm2_psgc":907200000,"adm3_psgc":907209000,"adm4_psgc":907209010,"adm4_en":"Lapu-lapu","geo_level":"Bgy","len_crs":9803,"area_crs":4149910,"len_km":9,"area_km2":4},"id":907209010},{"arcs":[[-36,41,42,-11,-23,43,-40]],"type":"Polygon","properties":{"adm1_psgc":900000000,"adm2_psgc":907200000,"adm3_psgc":907209000,"adm4_psgc":907209011,"adm4_en":"Lower Gumay","geo_level":"Bgy","len_crs":10865,"area_crs":4275786,"len_km":10,"area_km2":4},"id":907209011},{"arcs":[[44,45,46]],"type":"Polygon","properties":{"adm1_psgc":900000000,"adm2_psgc":907200000,"adm3_psgc":907209000,"adm4_psgc":907209012,"adm4_en":"Luzvilla","geo_level":"Bgy","len_crs":8761,"area_crs":3864712,"len_km":8,"area_km2":3},"id":907209012},{"arcs":[[-41,47,-1,48]],"type":"Polygon","properties":{"adm1_psgc":900000000,"adm2_psgc":907200000,"adm3_psgc":907209000,"adm4_psgc":907209013,"adm4_en":"Poblacion North","geo_level":"Bgy","len_crs":9997,"area_crs":3813120,"len_km":9,"area_km2":3},"id":907209013},{"arcs":[[-9,49,-26,-31,-17,50]],"type":"Polygon","properties":{"adm1_psgc":900000000,"adm2_psgc":907200000,"adm3_psgc":907209000,"adm4_psgc":907209015,"adm4_en":"Santa Fe","geo_level":"Bgy","len_crs":10051,"area_crs":5109415,"len_km":10,"area_km2":5},"id":907209015},{"arcs":[[-25,51,-5,52]],"type":"Polygon","properties":{"adm1_psgc":900000000,"adm2_psgc":907200000,"adm3_psgc":907209000,"adm4_psgc":907209016,"adm4_en":"Segabe","geo_level":"Bgy","len_crs":9275,"area_crs":4380896,"len_km":9,"area_km2":4},"id":907209016},{"arcs":[[-46,53,-27,-50,-8]],"type":"Polygon","properties":{"adm1_psgc":900000000,"adm2_psgc":907200000,"adm3_psgc":907209000,"adm4_psgc":907209017,"adm4_en":"Sikitan","geo_level":"Bgy","len_crs":14268,"area_crs":9181185,"len_km":14,"area_km2":9},"id":907209017},{"arcs":[[54,-33,-39]],"type":"Polygon","properties":{"adm1_psgc":900000000,"adm2_psgc":907200000,"adm3_psgc":907209000,"adm4_psgc":907209018,"adm4_en":"Silano","geo_level":"Bgy","len_crs":10453,"area_crs":5494200,"len_km":10,"area_km2":5},"id":907209018},{"arcs":[[-47,-7,55]],"type":"Polygon","properties":{"adm1_psgc":900000000,"adm2_psgc":907200000,"adm3_psgc":907209000,"adm4_psgc":907209019,"adm4_en":"Teresita","geo_level":"Bgy","len_crs":14374,"area_crs":6661759,"len_km":14,"area_km2":6},"id":907209019},{"arcs":[[56,-20,57,-12,-43]],"type":"Polygon","properties":{"adm1_psgc":900000000,"adm2_psgc":907200000,"adm3_psgc":907209000,"adm4_psgc":907209020,"adm4_en":"Tinaytayan","geo_level":"Bgy","len_crs":9676,"area_crs":3706439,"len_km":9,"area_km2":3},"id":907209020},{"arcs":[[-35,58,-21,-57,-42]],"type":"Polygon","properties":{"adm1_psgc":900000000,"adm2_psgc":907200000,"adm3_psgc":907209000,"adm4_psgc":907209022,"adm4_en":"Upper Gumay","geo_level":"Bgy","len_crs":11281,"area_crs":4975666,"len_km":11,"area_km2":4},"id":907209022},{"arcs":[[-58,-19,-30,59,-13]],"type":"Polygon","properties":{"adm1_psgc":900000000,"adm2_psgc":907200000,"adm3_psgc":907209000,"adm4_psgc":907209023,"adm4_en":"Villarico","geo_level":"Bgy","len_crs":10018,"area_crs":3987510,"len_km":10,"area_km2":3},"id":907209023},{"arcs":[[-48,-44,-22,-53,-2]],"type":"Polygon","properties":{"adm1_psgc":900000000,"adm2_psgc":907200000,"adm3_psgc":907209000,"adm4_psgc":907209024,"adm4_en":"Poblacion South","geo_level":"Bgy","len_crs":9894,"area_crs":4228837,"len_km":9,"area_km2":4},"id":907209024}]}}}