{"type":"Topology","arcs":[[[220,257],[21,-57]],[[241,200],[-14,-29]],[[227,171],[-103,-26]],[[124,145],[-33,101]],[[91,246],[95,40]],[[186,286],[34,-29]],[[267,538],[1,-51]],[[268,487],[-75,-24]],[[193,463],[-11,21]],[[182,484],[3,88]],[[185,572],[82,-34]],[[343,381],[-19,-83]],[[324,298],[-17,10]],[[307,308],[-87,106]],[[220,414],[70,24]],[[290,438],[53,-57]],[[398,450],[19,-9]],[[417,441],[-74,-60]],[[290,438],[30,18]],[[320,456],[78,-6]],[[376,646],[-64,-18]],[[312,628],[-50,62]],[[262,690],[18,6]],[[280,696],[61,21]],[[341,717],[35,-71]],[[312,628],[0,-75]],[[312,553],[-45,-15]],[[185,572],[11,91]],[[196,663],[8,24]],[[204,687],[58,3]],[[430,242],[-60,14]],[[370,256],[-46,42]],[[417,441],[79,12]],[[496,453],[24,-86],[-90,-125]],[[193,463],[18,-36]],[[211,427],[-50,-73],[25,-68]],[[91,246],[-91,243],[20,32]],[[20,521],[131,-11],[31,-26]],[[268,487],[43,-10]],[[311,477],[9,-21]],[[220,414],[-9,13]],[[20,521],[123,42],[-28,73],[81,27]],[[430,242],[-3,-54],[76,-136],[-91,-9],[-116,-39]],[[296,4],[-69,167]],[[241,200],[129,56]],[[315,545],[-4,-68]],[[312,553],[3,-8]],[[296,4],[-76,-4],[-93,81],[-3,64]],[[204,687],[51,60]],[[255,747],[25,-51]],[[398,450],[-42,86]],[[356,536],[62,22]],[[418,558],[78,-105]],[[315,545],[41,-9]],[[307,308],[-87,-51]],[[376,646],[42,-88]],[[255,747],[86,-30]]],"transform":{"scale":[0.0002017413269230089,0.00024042464257030685],"translate":[124.61802286300008,6.56877268200003]},"objects":{"bgysubmuns-municity-1206511000":{"type":"GeometryCollection","geometries":[{"arcs":[[0,1,2,3,4,5]],"type":"Polygon","properties":{"adm1_psgc":1200000000,"adm2_psgc":1206500000,"adm3_psgc":1206511000,"adm4_psgc":1206511001,"adm4_en":"Baras","geo_level":"Bgy","len_crs":12725,"area_crs":7782320,"len_km":12,"area_km2":7},"id":1206511001},{"arcs":[[6,7,8,9,10]],"type":"Polygon","properties":{"adm1_psgc":1200000000,"adm2_psgc":1206500000,"adm3_psgc":1206511000,"adm4_psgc":1206511002,"adm4_en":"Buenaflor","geo_level":"Bgy","len_crs":9816,"area_crs":4586371,"len_km":9,"area_km2":4},"id":1206511002},{"arcs":[[11,12,13,14,15]],"type":"Polygon","properties":{"adm1_psgc":1200000000,"adm2_psgc":1206500000,"adm3_psgc":1206511000,"adm4_psgc":1206511003,"adm4_en":"Calean","geo_level":"Bgy","len_crs":10720,"area_crs":5461378,"len_km":10,"area_km2":5},"id":1206511003},{"arcs":[[16,17,-16,18,19]],"type":"Polygon","properties":{"adm1_psgc":1200000000,"adm2_psgc":1206500000,"adm3_psgc":1206511000,"adm4_psgc":1206511004,"adm4_en":"Carmen","geo_level":"Bgy","len_crs":8100,"area_crs":2735972,"len_km":8,"area_km2":2},"id":1206511004},{"arcs":[[20,21,22,23,24]],"type":"Polygon","properties":{"adm1_psgc":1200000000,"adm2_psgc":1206500000,"adm3_psgc":1206511000,"adm4_psgc":1206511005,"adm4_en":"D'Ledesma","geo_level":"Bgy","len_crs":7816,"area_crs":3395752,"len_km":7,"area_km2":3},"id":1206511005},{"arcs":[[25,26,-11,27,28,29,-22]],"type":"Polygon","properties":{"adm1_psgc":1200000000,"adm2_psgc":1206500000,"adm3_psgc":1206511000,"adm4_psgc":1206511006,"adm4_en":"Virginia Griño","geo_level":"Bgy","len_crs":13777,"area_crs":7277896,"len_km":13,"area_km2":7},"id":1206511006},{"arcs":[[30,31,-12,-18,32,33]],"type":"Polygon","properties":{"adm1_psgc":1200000000,"adm2_psgc":1206500000,"adm3_psgc":1206511000,"adm4_psgc":1206511007,"adm4_en":"Kalandagan","geo_level":"Bgy","len_crs":17285,"area_crs":15624503,"len_km":17,"area_km2":15},"id":1206511007},{"arcs":[[-9,34,35,-5,36,37]],"type":"Polygon","properties":{"adm1_psgc":1200000000,"adm2_psgc":1206500000,"adm3_psgc":1206511000,"adm4_psgc":1206511008,"adm4_en":"Enrique J.C. Montilla","geo_level":"Bgy","len_crs":20733,"area_crs":20204692,"len_km":20,"area_km2":20},"id":1206511008},{"arcs":[[38,39,-19,-15,40,-35,-8]],"type":"Polygon","properties":{"adm1_psgc":1200000000,"adm2_psgc":1206500000,"adm3_psgc":1206511000,"adm4_psgc":1206511010,"adm4_en":"New Isabela","geo_level":"Bgy","len_crs":7863,"area_crs":3001378,"len_km":7,"area_km2":3},"id":1206511010},{"arcs":[[-10,-38,41,-28]],"type":"Polygon","properties":{"adm1_psgc":1200000000,"adm2_psgc":1206500000,"adm3_psgc":1206511000,"adm4_psgc":1206511011,"adm4_en":"New Lagao","geo_level":"Bgy","len_crs":16360,"area_crs":7087740,"len_km":16,"area_km2":7},"id":1206511011},{"arcs":[[42,43,-2,44,-31]],"type":"Polygon","properties":{"adm1_psgc":1200000000,"adm2_psgc":1206500000,"adm3_psgc":1206511000,"adm4_psgc":1206511012,"adm4_en":"New Passi","geo_level":"Bgy","len_crs":21211,"area_crs":24268794,"len_km":21,"area_km2":24},"id":1206511012},{"arcs":[[45,-39,-7,-27,46]],"type":"Polygon","properties":{"adm1_psgc":1200000000,"adm2_psgc":1206500000,"adm3_psgc":1206511000,"adm4_psgc":1206511013,"adm4_en":"Poblacion","geo_level":"Bgy","len_crs":6866,"area_crs":2621330,"len_km":6,"area_km2":2},"id":1206511013},{"arcs":[[47,-3,-44]],"type":"Polygon","properties":{"adm1_psgc":1200000000,"adm2_psgc":1206500000,"adm3_psgc":1206511000,"adm4_psgc":1206511014,"adm4_en":"Rajah Nuda","geo_level":"Bgy","len_crs":14926,"area_crs":10976289,"len_km":14,"area_km2":10},"id":1206511014},{"arcs":[[-23,-30,48,49]],"type":"Polygon","properties":{"adm1_psgc":1200000000,"adm2_psgc":1206500000,"adm3_psgc":1206511000,"adm4_psgc":1206511015,"adm4_en":"San Antonio","geo_level":"Bgy","len_crs":6316,"area_crs":2027396,"len_km":6,"area_km2":2},"id":1206511015},{"arcs":[[-33,-17,50,51,52]],"type":"Polygon","properties":{"adm1_psgc":1200000000,"adm2_psgc":1206500000,"adm3_psgc":1206511000,"adm4_psgc":1206511016,"adm4_en":"San Emmanuel","geo_level":"Bgy","len_crs":10387,"area_crs":5484219,"len_km":10,"area_km2":5},"id":1206511016},{"arcs":[[-51,-20,-40,-46,53]],"type":"Polygon","properties":{"adm1_psgc":1200000000,"adm2_psgc":1206500000,"adm3_psgc":1206511000,"adm4_psgc":1206511019,"adm4_en":"San Pablo","geo_level":"Bgy","len_crs":9086,"area_crs":3532767,"len_km":9,"area_km2":3},"id":1206511019},{"arcs":[[-14,54,-6,-36,-41]],"type":"Polygon","properties":{"adm1_psgc":1200000000,"adm2_psgc":1206500000,"adm3_psgc":1206511000,"adm4_psgc":1206511020,"adm4_en":"Upper Katungal","geo_level":"Bgy","len_crs":12138,"area_crs":7586384,"len_km":12,"area_km2":7},"id":1206511020},{"arcs":[[-52,-54,-47,-26,-21,55]],"type":"Polygon","properties":{"adm1_psgc":1200000000,"adm2_psgc":1206500000,"adm3_psgc":1206511000,"adm4_psgc":1206511021,"adm4_en":"Tina","geo_level":"Bgy","len_crs":9463,"area_crs":4869988,"len_km":9,"area_km2":4},"id":1206511021},{"arcs":[[-24,-50,56]],"type":"Polygon","properties":{"adm1_psgc":1200000000,"adm2_psgc":1206500000,"adm3_psgc":1206511000,"adm4_psgc":1206511022,"adm4_en":"San Rafael","geo_level":"Bgy","len_crs":7182,"area_crs":2609778,"len_km":7,"area_km2":2},"id":1206511022},{"arcs":[[-32,-45,-1,-55,-13]],"type":"Polygon","properties":{"adm1_psgc":1200000000,"adm2_psgc":1206500000,"adm3_psgc":1206511000,"adm4_psgc":1206511023,"adm4_en":"Lancheta","geo_level":"Bgy","len_crs":10342,"area_crs":5428979,"len_km":10,"area_km2":5},"id":1206511023}]}}}