{"type":"Topology","arcs":[[[187,828],[157,-203]],[[344,625],[-22,-125]],[[322,500],[-155,75],[-11,29],[-134,3]],[[22,607],[27,14],[8,34],[-9,21],[-18,5],[-28,27],[-2,39],[22,20],[18,44],[37,-34],[18,-30],[10,1],[24,30],[13,4],[19,25],[26,21]],[[234,1207],[-5,-20],[-18,-110]],[[211,1077],[-14,21],[-34,10],[2,28],[-27,1],[-18,28]],[[120,1165],[-7,13],[22,25],[17,40],[21,-31],[16,-6],[45,1]],[[205,1028],[-25,-79]],[[180,949],[-9,1]],[[171,950],[-20,19],[-84,32]],[[67,1001],[9,25],[-8,33]],[[68,1059],[80,-37],[36,-14],[4,26],[17,-6]],[[706,851],[-6,-53],[-3,-92],[94,-70],[-69,-233],[-181,9]],[[541,412],[-105,234]],[[436,646],[-3,107]],[[433,753],[-25,107]],[[408,860],[81,2],[217,-11]],[[433,753],[-126,111],[-76,49],[-51,36]],[[205,1028],[6,49]],[[211,1077],[14,-19],[21,-9],[5,24],[99,-90],[39,-41],[19,-82]],[[705,1196],[-1,-125],[2,-220]],[[234,1207],[10,-5],[185,9],[276,-15]],[[85,125],[-11,16],[-27,16],[-13,56],[9,9],[22,-13],[7,-24],[15,-3],[7,35],[-4,38],[3,21],[-3,36],[-14,3],[-20,19],[28,26]],[[84,360],[182,36]],[[266,396],[58,-116],[-239,-155]],[[171,950],[-28,-23],[-2,-10]],[[141,917],[-17,9],[-31,34],[-26,41]],[[541,412],[0,-396]],[[541,16],[-438,-12],[8,24],[-1,26],[-14,61],[-11,10]],[[266,396],[56,104]],[[344,625],[92,21]],[[68,1059],[22,10],[14,28],[7,45],[9,23]],[[84,360],[-3,26],[7,20],[-6,39],[-12,11],[9,28],[-14,46],[-34,-2],[-14,51],[5,28]],[[1235,754],[1,-409],[3,-345],[-259,6],[-439,10]],[[706,851],[105,-38],[62,-27],[362,-32]],[[187,828],[16,27],[-8,31],[-18,8]],[[177,894],[6,42],[-3,13]],[[705,1196],[160,-1],[163,1],[204,-1],[3,-441]],[[177,894],[-36,23]]],"transform":{"scale":[0.0002128160363195941,0.00013300034754625082],"translate":[124.02062453700013,6.42981343100007]},"objects":{"bgysubmuns-municity-1206505000":{"type":"GeometryCollection","geometries":[{"arcs":[[0,1,2,3]],"type":"Polygon","properties":{"adm1_psgc":1200000000,"adm2_psgc":1206500000,"adm3_psgc":1206505000,"adm4_psgc":1206505001,"adm4_en":"Bantogon","geo_level":"Bgy","len_crs":28325,"area_crs":20816281,"len_km":28,"area_km2":20},"id":1206505001},{"arcs":[[4,5,6]],"type":"Polygon","properties":{"adm1_psgc":1200000000,"adm2_psgc":1206500000,"adm3_psgc":1206505000,"adm4_psgc":1206505004,"adm4_en":"Cadiz","geo_level":"Bgy","len_crs":9196,"area_crs":3437653,"len_km":9,"area_km2":3},"id":1206505004},{"arcs":[[7,8,9,10,11]],"type":"Polygon","properties":{"adm1_psgc":1200000000,"adm2_psgc":1206500000,"adm3_psgc":1206505000,"adm4_psgc":1206505006,"adm4_en":"Dumangas Nuevo","geo_level":"Bgy","len_crs":9003,"area_crs":2374965,"len_km":9,"area_km2":2},"id":1206505006},{"arcs":[[12,13,14,15,16]],"type":"Polygon","properties":{"adm1_psgc":1200000000,"adm2_psgc":1206500000,"adm3_psgc":1206505000,"adm4_psgc":1206505007,"adm4_en":"Hinalaan","geo_level":"Bgy","len_crs":27135,"area_crs":42889467,"len_km":27,"area_km2":42},"id":1206505007},{"arcs":[[-16,17,-8,18,19]],"type":"Polygon","properties":{"adm1_psgc":1200000000,"adm2_psgc":1206500000,"adm3_psgc":1206505000,"adm4_psgc":1206505011,"adm4_en":"Limulan","geo_level":"Bgy","len_crs":16753,"area_crs":11476188,"len_km":16,"area_km2":11},"id":1206505011},{"arcs":[[20,-17,-20,-5,21]],"type":"Polygon","properties":{"adm1_psgc":1200000000,"adm2_psgc":1206500000,"adm3_psgc":1206505000,"adm4_psgc":1206505013,"adm4_en":"Obial","geo_level":"Bgy","len_crs":31631,"area_crs":48467955,"len_km":31,"area_km2":48},"id":1206505013},{"arcs":[[22,23,24]],"type":"Polygon","properties":{"adm1_psgc":1200000000,"adm2_psgc":1206500000,"adm3_psgc":1206505000,"adm4_psgc":1206505014,"adm4_en":"Paril","geo_level":"Bgy","len_crs":22209,"area_crs":14556270,"len_km":22,"area_km2":14},"id":1206505014},{"arcs":[[25,26,-10]],"type":"Polygon","properties":{"adm1_psgc":1200000000,"adm2_psgc":1206500000,"adm3_psgc":1206505000,"adm4_psgc":1206505015,"adm4_en":"Poblacion","geo_level":"Bgy","len_crs":8687,"area_crs":1330089,"len_km":8,"area_km2":1},"id":1206505015},{"arcs":[[27,28,-25,29,-2,30,-14]],"type":"Polygon","properties":{"adm1_psgc":1200000000,"adm2_psgc":1206500000,"adm3_psgc":1206505000,"adm4_psgc":1206505016,"adm4_en":"Sangay","geo_level":"Bgy","len_crs":36926,"area_crs":59910852,"len_km":36,"area_km2":59},"id":1206505016},{"arcs":[[-19,-12,31,-6]],"type":"Polygon","properties":{"adm1_psgc":1200000000,"adm2_psgc":1206500000,"adm3_psgc":1206505000,"adm4_psgc":1206505017,"adm4_en":"Santa Maria","geo_level":"Bgy","len_crs":10664,"area_crs":3881983,"len_km":10,"area_km2":3},"id":1206505017},{"arcs":[[-30,-24,32,-3]],"type":"Polygon","properties":{"adm1_psgc":1200000000,"adm2_psgc":1206500000,"adm3_psgc":1206505000,"adm4_psgc":1206505018,"adm4_en":"Datu Ito Andong","geo_level":"Bgy","len_crs":19694,"area_crs":15618824,"len_km":19,"area_km2":15},"id":1206505018},{"arcs":[[33,-28,-13,34]],"type":"Polygon","properties":{"adm1_psgc":1200000000,"adm2_psgc":1206500000,"adm3_psgc":1206505000,"adm4_psgc":1206505019,"adm4_en":"Datu Wasay","geo_level":"Bgy","len_crs":58582,"area_crs":160997470,"len_km":58,"area_km2":160},"id":1206505019},{"arcs":[[-15,-31,-1,35,36,-18]],"type":"Polygon","properties":{"adm1_psgc":1200000000,"adm2_psgc":1206500000,"adm3_psgc":1206505000,"adm4_psgc":1206505020,"adm4_en":"Nalilidan","geo_level":"Bgy","len_crs":17851,"area_crs":13621139,"len_km":17,"area_km2":13},"id":1206505020},{"arcs":[[-35,-21,37]],"type":"Polygon","properties":{"adm1_psgc":1200000000,"adm2_psgc":1206500000,"adm3_psgc":1206505000,"adm4_psgc":1206505021,"adm4_en":"Sabanal","geo_level":"Bgy","len_crs":36550,"area_crs":75044632,"len_km":36,"area_km2":75},"id":1206505021},{"arcs":[[38,-26,-9,-37]],"type":"Polygon","properties":{"adm1_psgc":1200000000,"adm2_psgc":1206500000,"adm3_psgc":1206505000,"adm4_psgc":1206505022,"adm4_en":"Pag-asa","geo_level":"Bgy","len_crs":3393,"area_crs":525893,"len_km":3,"area_km2":0},"id":1206505022}]}}}