{"type":"Topology","arcs":[[[483,143],[-46,-66]],[[437,77],[-64,69]],[[373,146],[21,39]],[[394,185],[89,-42]],[[437,77],[-54,-31]],[[383,46],[-40,47]],[[343,93],[30,53]],[[326,190],[-53,-43]],[[273,147],[-66,19],[-80,68]],[[127,234],[7,28]],[[134,262],[118,-57],[74,-15]],[[452,590],[-54,-169]],[[398,421],[-105,38]],[[293,459],[108,141]],[[401,600],[51,-10]],[[398,421],[-11,-20]],[[387,401],[-44,-84]],[[343,317],[-97,42]],[[246,359],[27,80]],[[273,439],[20,20]],[[273,439],[-83,36]],[[190,475],[-12,85]],[[178,560],[74,47],[24,-22],[125,15]],[[383,46],[-29,-46],[-36,48]],[[318,48],[25,45]],[[615,415],[-37,-29],[-23,27],[-61,-52]],[[494,361],[-107,40]],[[452,590],[25,41],[36,-24],[-36,-79],[49,-25],[54,17],[6,-72],[29,-33]],[[494,361],[-8,-37]],[[486,324],[-12,-19]],[[474,305],[-122,-8]],[[352,297],[-9,20]],[[671,227],[-76,-7],[-82,-45]],[[513,175],[-39,130]],[[486,324],[185,-97]],[[216,315],[79,-82]],[[295,233],[31,-43]],[[134,262],[26,99]],[[160,361],[56,-46]],[[371,195],[-45,-5]],[[295,233],[57,64]],[[474,305],[-58,-80],[-45,-30]],[[318,48],[-45,99]],[[371,195],[23,-10]],[[190,475],[-30,-114]],[[127,234],[-100,77],[-27,67],[1,61],[21,58],[40,23],[116,40]],[[615,415],[45,-5],[30,-40],[55,-33],[50,32],[35,-37],[-8,-101],[-36,-101],[-41,4],[-48,123],[-26,-30]],[[513,175],[-30,-32]],[[216,315],[30,44]]],"transform":{"scale":[0.00010743437228907156,0.000087225431061843],"translate":[122.55747182600012,10.760200426000042]},"objects":{"bgysubmuns-municity-603026000":{"type":"GeometryCollection","geometries":[{"arcs":[[0,1,2,3]],"type":"Polygon","properties":{"adm1_psgc":600000000,"adm2_psgc":603000000,"adm3_psgc":603026000,"adm4_psgc":603026001,"adm4_en":"M.V. Hechanova","geo_level":"Bgy","len_crs":3664,"area_crs":672300,"len_km":3,"area_km2":0},"id":603026001},{"arcs":[[4,5,6,-2]],"type":"Polygon","properties":{"adm1_psgc":600000000,"adm2_psgc":603000000,"adm3_psgc":603026000,"adm4_psgc":603026002,"adm4_en":"Bigke","geo_level":"Bgy","len_crs":3250,"area_crs":537675,"len_km":3,"area_km2":0},"id":603026002},{"arcs":[[7,8,9,10]],"type":"Polygon","properties":{"adm1_psgc":600000000,"adm2_psgc":603000000,"adm3_psgc":603026000,"adm4_psgc":603026003,"adm4_en":"Buntatala","geo_level":"Bgy","len_crs":5579,"area_crs":957184,"len_km":5,"area_km2":0},"id":603026003},{"arcs":[[11,12,13,14]],"type":"Polygon","properties":{"adm1_psgc":600000000,"adm2_psgc":603000000,"adm3_psgc":603026000,"adm4_psgc":603026004,"adm4_en":"Cagamutan Norte","geo_level":"Bgy","len_crs":5783,"area_crs":1624078,"len_km":5,"area_km2":1},"id":603026004},{"arcs":[[15,16,17,18,19,-13]],"type":"Polygon","properties":{"adm1_psgc":600000000,"adm2_psgc":603000000,"adm3_psgc":603026000,"adm4_psgc":603026005,"adm4_en":"Cagamutan Sur","geo_level":"Bgy","len_crs":4833,"area_crs":1480107,"len_km":4,"area_km2":1},"id":603026005},{"arcs":[[-14,-20,20,21,22]],"type":"Polygon","properties":{"adm1_psgc":600000000,"adm2_psgc":603000000,"adm3_psgc":603026000,"adm4_psgc":603026007,"adm4_en":"Calaboa","geo_level":"Bgy","len_crs":7207,"area_crs":2453799,"len_km":7,"area_km2":2},"id":603026007},{"arcs":[[23,24,-6]],"type":"Polygon","properties":{"adm1_psgc":600000000,"adm2_psgc":603000000,"adm3_psgc":603026000,"adm4_psgc":603026008,"adm4_en":"Camangay","geo_level":"Bgy","len_crs":3277,"area_crs":376000,"len_km":3,"area_km2":0},"id":603026008},{"arcs":[[25,26,-16,-12,27]],"type":"Polygon","properties":{"adm1_psgc":600000000,"adm2_psgc":603000000,"adm3_psgc":603026000,"adm4_psgc":603026009,"adm4_en":"Cari Mayor","geo_level":"Bgy","len_crs":13066,"area_crs":3375913,"len_km":13,"area_km2":3},"id":603026009},{"arcs":[[28,29,30,31,-17,-27]],"type":"Polygon","properties":{"adm1_psgc":600000000,"adm2_psgc":603000000,"adm3_psgc":603026000,"adm4_psgc":603026010,"adm4_en":"Cari Minor","geo_level":"Bgy","len_crs":4608,"area_crs":1170150,"len_km":4,"area_km2":1},"id":603026010},{"arcs":[[32,33,-30,34]],"type":"Polygon","properties":{"adm1_psgc":600000000,"adm2_psgc":603000000,"adm3_psgc":603026000,"adm4_psgc":603026011,"adm4_en":"Gua-an","geo_level":"Bgy","len_crs":7096,"area_crs":1410904,"len_km":7,"area_km2":1},"id":603026011},{"arcs":[[35,36,-11,37,38]],"type":"Polygon","properties":{"adm1_psgc":600000000,"adm2_psgc":603000000,"adm3_psgc":603026000,"adm4_psgc":603026012,"adm4_en":"Guihaman","geo_level":"Bgy","len_crs":5970,"area_crs":1541754,"len_km":5,"area_km2":1},"id":603026012},{"arcs":[[39,-37,40,-31,41]],"type":"Polygon","properties":{"adm1_psgc":600000000,"adm2_psgc":603000000,"adm3_psgc":603026000,"adm4_psgc":603026013,"adm4_en":"Guinobatan","geo_level":"Bgy","len_crs":5270,"area_crs":1264177,"len_km":5,"area_km2":1},"id":603026013},{"arcs":[[-3,-7,-25,42,-8,-40,43]],"type":"Polygon","properties":{"adm1_psgc":600000000,"adm2_psgc":603000000,"adm3_psgc":603026000,"adm4_psgc":603026014,"adm4_en":"Guintas","geo_level":"Bgy","len_crs":4530,"area_crs":893882,"len_km":4,"area_km2":0},"id":603026014},{"arcs":[[44,-38,-10,45,-22]],"type":"Polygon","properties":{"adm1_psgc":600000000,"adm2_psgc":603000000,"adm3_psgc":603026000,"adm4_psgc":603026015,"adm4_en":"Lapayon","geo_level":"Bgy","len_crs":8543,"area_crs":4574502,"len_km":8,"area_km2":4},"id":603026015},{"arcs":[[-35,-29,-26,46]],"type":"Polygon","properties":{"adm1_psgc":600000000,"adm2_psgc":603000000,"adm3_psgc":603026000,"adm4_psgc":603026016,"adm4_en":"Nabitasan","geo_level":"Bgy","len_crs":14343,"area_crs":5764272,"len_km":14,"area_km2":5},"id":603026016},{"arcs":[[47,-4,-44,-42,-34]],"type":"Polygon","properties":{"adm1_psgc":600000000,"adm2_psgc":603000000,"adm3_psgc":603026000,"adm4_psgc":603026017,"adm4_en":"Napnud","geo_level":"Bgy","len_crs":5270,"area_crs":1245536,"len_km":5,"area_km2":1},"id":603026017},{"arcs":[[-32,-41,-36,48,-18]],"type":"Polygon","properties":{"adm1_psgc":600000000,"adm2_psgc":603000000,"adm3_psgc":603026000,"adm4_psgc":603026019,"adm4_en":"Poblacion","geo_level":"Bgy","len_crs":4118,"area_crs":998432,"len_km":4,"area_km2":0},"id":603026019},{"arcs":[[-19,-49,-39,-45,-21]],"type":"Polygon","properties":{"adm1_psgc":600000000,"adm2_psgc":603000000,"adm3_psgc":603026000,"adm4_psgc":603026020,"adm4_en":"San Vicente","geo_level":"Bgy","len_crs":4381,"area_crs":1176452,"len_km":4,"area_km2":1},"id":603026020}]}}}