{"type":"Topology","arcs":[[[340,145],[43,-46]],[[383,99],[-15,-47],[-103,-52]],[[265,0],[-4,101],[37,36]],[[298,137],[42,8]],[[638,452],[-54,-91]],[[584,361],[-58,10]],[[526,371],[10,77]],[[536,448],[102,4]],[[400,335],[36,-44]],[[436,291],[-59,-64]],[[377,227],[-20,8]],[[357,235],[-49,28],[7,46]],[[315,309],[85,26]],[[377,227],[2,-31]],[[379,196],[-39,-51]],[[298,137],[-44,7]],[[254,144],[-31,13]],[[223,157],[-2,62]],[[221,219],[136,16]],[[254,144],[-87,-76]],[[167,68],[-28,21],[-139,0],[50,55]],[[50,144],[109,-12],[64,25]],[[584,361],[-33,-91]],[[551,270],[-37,19]],[[514,289],[12,82]],[[428,501],[42,0]],[[470,501],[29,-32]],[[499,469],[-48,-104],[-51,-30]],[[315,309],[-10,33]],[[305,342],[1,17]],[[306,359],[36,79]],[[342,438],[86,63]],[[265,0],[-90,29],[-8,39]],[[275,442],[23,-5]],[[298,437],[-30,-85]],[[268,352],[-51,4]],[[217,356],[58,86]],[[305,342],[-37,10]],[[298,437],[16,2]],[[314,439],[-8,-80]],[[314,439],[28,-1]],[[561,780],[-20,-131],[-48,-56],[-23,-92]],[[428,501],[-97,56]],[[331,557],[60,34],[51,72],[-26,36],[53,166]],[[469,865],[92,-85]],[[50,144],[19,73],[52,8]],[[121,225],[100,-6]],[[536,448],[-37,21]],[[561,780],[114,-47],[-114,-71],[23,-99],[64,-25],[-10,-86]],[[121,225],[96,131]],[[514,289],[-78,2]],[[551,270],[-68,-66]],[[483,204],[-104,-8]],[[483,204],[-4,-82],[-96,-23]],[[331,557],[-19,-4]],[[312,553],[58,181],[99,131]],[[275,442],[37,111]]],"transform":{"scale":[0.00011920616740738935,0.00011063795144503657],"translate":[124.8809838530001,11.140600790000063]},"objects":{"bgysubmuns-municity-803744000":{"type":"GeometryCollection","geometries":[{"arcs":[[0,1,2,3]],"type":"Polygon","properties":{"adm1_psgc":800000000,"adm2_psgc":803700000,"adm3_psgc":803744000,"adm4_psgc":803744001,"adm4_en":"Baculanad","geo_level":"Bgy","len_crs":9218,"area_crs":1920528,"len_km":9,"area_km2":1},"id":803744001},{"arcs":[[4,5,6,7]],"type":"Polygon","properties":{"adm1_psgc":800000000,"adm2_psgc":803700000,"adm3_psgc":803744000,"adm4_psgc":803744002,"adm4_en":"Badiangay","geo_level":"Bgy","len_crs":5960,"area_crs":1205628,"len_km":5,"area_km2":1},"id":803744002},{"arcs":[[8,9,10,11,12]],"type":"Polygon","properties":{"adm1_psgc":800000000,"adm2_psgc":803700000,"adm3_psgc":803744000,"adm4_psgc":803744003,"adm4_en":"Bulod","geo_level":"Bgy","len_crs":6131,"area_crs":1408434,"len_km":6,"area_km2":1},"id":803744003},{"arcs":[[-11,13,14,-4,15,16,17,18]],"type":"Polygon","properties":{"adm1_psgc":800000000,"adm2_psgc":803700000,"adm3_psgc":803744000,"adm4_psgc":803744004,"adm4_en":"Catoogan","geo_level":"Bgy","len_crs":7389,"area_crs":1917932,"len_km":7,"area_km2":1},"id":803744004},{"arcs":[[19,20,21,-17]],"type":"Polygon","properties":{"adm1_psgc":800000000,"adm2_psgc":803700000,"adm3_psgc":803744000,"adm4_psgc":803744005,"adm4_en":"Katipunan","geo_level":"Bgy","len_crs":10962,"area_crs":1867045,"len_km":10,"area_km2":1},"id":803744005},{"arcs":[[22,23,24,-6]],"type":"Polygon","properties":{"adm1_psgc":800000000,"adm2_psgc":803700000,"adm3_psgc":803744000,"adm4_psgc":803744006,"adm4_en":"Milagrosa","geo_level":"Bgy","len_crs":4861,"area_crs":871064,"len_km":4,"area_km2":0},"id":803744006},{"arcs":[[25,26,27,-13,28,29,30,31]],"type":"Polygon","properties":{"adm1_psgc":800000000,"adm2_psgc":803700000,"adm3_psgc":803744000,"adm4_psgc":803744007,"adm4_en":"Pilit","geo_level":"Bgy","len_crs":10940,"area_crs":3337530,"len_km":10,"area_km2":3},"id":803744007},{"arcs":[[-3,32,-20,-16]],"type":"Polygon","properties":{"adm1_psgc":800000000,"adm2_psgc":803700000,"adm3_psgc":803744000,"adm4_psgc":803744008,"adm4_en":"Pitogo","geo_level":"Bgy","len_crs":7694,"area_crs":1742287,"len_km":7,"area_km2":1},"id":803744008},{"arcs":[[33,34,35,36]],"type":"Polygon","properties":{"adm1_psgc":800000000,"adm2_psgc":803700000,"adm3_psgc":803744000,"adm4_psgc":803744009,"adm4_en":"Zone 1","geo_level":"Bgy","len_crs":4097,"area_crs":542650,"len_km":4,"area_km2":0},"id":803744009},{"arcs":[[-30,37,-35,38,39]],"type":"Polygon","properties":{"adm1_psgc":800000000,"adm2_psgc":803700000,"adm3_psgc":803744000,"adm4_psgc":803744010,"adm4_en":"Zone 2","geo_level":"Bgy","len_crs":3763,"area_crs":374401,"len_km":3,"area_km2":0},"id":803744010},{"arcs":[[-31,-40,40]],"type":"Polygon","properties":{"adm1_psgc":800000000,"adm2_psgc":803700000,"adm3_psgc":803744000,"adm4_psgc":803744011,"adm4_en":"Zone 3","geo_level":"Bgy","len_crs":3245,"area_crs":288734,"len_km":3,"area_km2":0},"id":803744011},{"arcs":[[41,-26,42,43,44]],"type":"Polygon","properties":{"adm1_psgc":800000000,"adm2_psgc":803700000,"adm3_psgc":803744000,"adm4_psgc":803744012,"adm4_en":"San Isidro","geo_level":"Bgy","len_crs":16258,"area_crs":6502235,"len_km":16,"area_km2":6},"id":803744012},{"arcs":[[-18,-22,45,46]],"type":"Polygon","properties":{"adm1_psgc":800000000,"adm2_psgc":803700000,"adm3_psgc":803744000,"adm4_psgc":803744013,"adm4_en":"San Juan","geo_level":"Bgy","len_crs":8260,"area_crs":2200452,"len_km":8,"area_km2":2},"id":803744013},{"arcs":[[-8,47,-27,-42,48]],"type":"Polygon","properties":{"adm1_psgc":800000000,"adm2_psgc":803700000,"adm3_psgc":803744000,"adm4_psgc":803744014,"adm4_en":"San Miguelay","geo_level":"Bgy","len_crs":14732,"area_crs":4780558,"len_km":14,"area_km2":4},"id":803744014},{"arcs":[[-38,-29,-12,-19,-47,49,-36]],"type":"Polygon","properties":{"adm1_psgc":800000000,"adm2_psgc":803700000,"adm3_psgc":803744000,"adm4_psgc":803744015,"adm4_en":"San Roque","geo_level":"Bgy","len_crs":9581,"area_crs":2937173,"len_km":9,"area_km2":2},"id":803744015},{"arcs":[[-7,-25,50,-9,-28,-48]],"type":"Polygon","properties":{"adm1_psgc":800000000,"adm2_psgc":803700000,"adm3_psgc":803744000,"adm4_psgc":803744016,"adm4_en":"Tibak","geo_level":"Bgy","len_crs":9097,"area_crs":2135256,"len_km":9,"area_km2":2},"id":803744016},{"arcs":[[-24,51,52,-14,-10,-51]],"type":"Polygon","properties":{"adm1_psgc":800000000,"adm2_psgc":803700000,"adm3_psgc":803744000,"adm4_psgc":803744017,"adm4_en":"Victoria","geo_level":"Bgy","len_crs":8535,"area_crs":1776166,"len_km":8,"area_km2":1},"id":803744017},{"arcs":[[53,-1,-15,-53]],"type":"Polygon","properties":{"adm1_psgc":800000000,"adm2_psgc":803700000,"adm3_psgc":803744000,"adm4_psgc":803744018,"adm4_en":"Cutay","geo_level":"Bgy","len_crs":9666,"area_crs":1848726,"len_km":9,"area_km2":1},"id":803744018},{"arcs":[[54,55,-44]],"type":"Polygon","properties":{"adm1_psgc":800000000,"adm2_psgc":803700000,"adm3_psgc":803744000,"adm4_psgc":803744019,"adm4_en":"Gapas","geo_level":"Bgy","len_crs":11383,"area_crs":2367312,"len_km":11,"area_km2":2},"id":803744019},{"arcs":[[-43,-32,-41,-39,-34,56,-55]],"type":"Polygon","properties":{"adm1_psgc":800000000,"adm2_psgc":803700000,"adm3_psgc":803744000,"adm4_psgc":803744020,"adm4_en":"Zone 4 Pob.","geo_level":"Bgy","len_crs":8483,"area_crs":1542125,"len_km":8,"area_km2":1},"id":803744020}]}}}