{"type":"Topology","arcs":[[[704,950],[45,-71],[8,-34]],[[757,845],[-134,-6]],[[623,839],[-56,50],[-63,85]],[[504,974],[19,68],[-20,15],[12,36]],[[515,1093],[9,5],[66,-72],[52,-48],[62,-28]],[[954,643],[-78,-135],[-36,-27],[-119,-120]],[[721,361],[-45,-83],[-19,13]],[[657,291],[2,178],[-113,39]],[[546,508],[79,19]],[[625,527],[53,30],[92,63],[72,79]],[[842,699],[55,1],[57,-57]],[[283,969],[16,-15],[-2,-51]],[[297,903],[7,-37]],[[304,866],[-68,-48]],[[236,818],[-4,19],[-73,44],[-55,-3],[-7,35],[-29,11]],[[68,924],[30,27],[134,-2],[8,21],[43,-1]],[[548,781],[15,-80]],[[563,701],[62,-174]],[[546,508],[-84,-55]],[[462,453],[-55,223]],[[407,676],[-20,49]],[[387,725],[46,31],[25,49]],[[458,805],[90,-24]],[[67,923],[14,-95],[31,-90],[10,-78]],[[122,660],[-27,-22]],[[95,638],[-31,42],[-51,9],[-13,82],[11,104],[15,74],[28,0],[13,-26]],[[462,453],[6,-74]],[[468,379],[-186,-1]],[[282,378],[-6,84],[-54,89]],[[222,551],[53,32]],[[275,583],[-20,35],[9,51]],[[264,669],[89,-27],[54,34]],[[415,120],[53,50],[10,30],[55,42]],[[533,242],[124,49]],[[721,361],[46,-105],[-108,-156],[-31,-34],[-1,-66],[-96,71],[-9,17],[-107,32]],[[879,746],[-37,-47]],[[842,699],[-75,25]],[[767,724],[37,137]],[[804,861],[72,14]],[[876,875],[3,-129]],[[879,746],[245,121]],[[1124,867],[47,-75],[-217,-149]],[[312,845],[-6,-49],[69,-36],[12,-35]],[[264,669],[-28,149]],[[304,866],[8,-21]],[[1083,916],[-207,-41]],[[804,861],[-47,-16]],[[704,950],[41,11],[26,-14],[31,4],[0,24],[101,39]],[[903,1014],[70,-9],[110,-89]],[[623,839],[-37,-51],[-38,-7]],[[458,805],[-53,76]],[[405,881],[39,37]],[[444,918],[60,56]],[[468,379],[0,-85],[-10,-22],[17,-19],[58,-11]],[[415,120],[-96,65],[-33,148],[-4,45]],[[222,551],[-32,-19],[-76,64],[-19,42]],[[122,660],[153,-77]],[[67,923],[1,1]],[[767,724],[-70,-32],[-48,-7],[-86,16]],[[515,1093],[-24,19],[-27,-10]],[[464,1102],[2,15],[43,19],[59,85],[34,33],[219,-175],[55,-32],[27,-33]],[[405,881],[-55,24],[-38,-60]],[[297,903],[58,26],[55,36]],[[410,965],[34,-47]],[[384,989],[26,-24]],[[283,969],[40,23],[61,-3]],[[384,989],[29,49],[18,11],[33,53]],[[1083,916],[41,-49]]],"transform":{"scale":[0.0000707069436379229,0.00007311557894734744],"translate":[124.000353989,9.894909669000072]},"objects":{"bgysubmuns-municity-701214000":{"type":"GeometryCollection","geometries":[{"arcs":[[0,1,2,3,4]],"type":"Polygon","properties":{"adm1_psgc":700000000,"adm2_psgc":701200000,"adm3_psgc":701214000,"adm4_psgc":701214001,"adm4_en":"Bacani","geo_level":"Bgy","len_crs":6997,"area_crs":1960860,"len_km":6,"area_km2":1},"id":701214001},{"arcs":[[5,6,7,8,9,10]],"type":"Polygon","properties":{"adm1_psgc":700000000,"adm2_psgc":701200000,"adm3_psgc":701214000,"adm4_psgc":701214002,"adm4_en":"Bogtongbod","geo_level":"Bgy","len_crs":10146,"area_crs":3834839,"len_km":10,"area_km2":3},"id":701214002},{"arcs":[[11,12,13,14,15]],"type":"Polygon","properties":{"adm1_psgc":700000000,"adm2_psgc":701200000,"adm3_psgc":701214000,"adm4_psgc":701214003,"adm4_en":"Bonbon","geo_level":"Bgy","len_crs":8778,"area_crs":1280146,"len_km":8,"area_km2":1},"id":701214003},{"arcs":[[16,17,-9,18,19,20,21,22]],"type":"Polygon","properties":{"adm1_psgc":700000000,"adm2_psgc":701200000,"adm3_psgc":701214000,"adm4_psgc":701214004,"adm4_en":"Bontud","geo_level":"Bgy","len_crs":7612,"area_crs":2992073,"len_km":7,"area_km2":2},"id":701214004},{"arcs":[[23,24,25]],"type":"Polygon","properties":{"adm1_psgc":700000000,"adm2_psgc":701200000,"adm3_psgc":701214000,"adm4_psgc":701214005,"adm4_en":"Buacao","geo_level":"Bgy","len_crs":6443,"area_crs":1421394,"len_km":6,"area_km2":1},"id":701214005},{"arcs":[[26,27,28,29,30,31,-20]],"type":"Polygon","properties":{"adm1_psgc":700000000,"adm2_psgc":701200000,"adm3_psgc":701214000,"adm4_psgc":701214006,"adm4_en":"Buangan","geo_level":"Bgy","len_crs":8189,"area_crs":3216265,"len_km":8,"area_km2":3},"id":701214006},{"arcs":[[32,33,-7,34]],"type":"Polygon","properties":{"adm1_psgc":700000000,"adm2_psgc":701200000,"adm3_psgc":701214000,"adm4_psgc":701214007,"adm4_en":"Cabog","geo_level":"Bgy","len_crs":8848,"area_crs":3242263,"len_km":8,"area_km2":3},"id":701214007},{"arcs":[[35,36,37,38,39]],"type":"Polygon","properties":{"adm1_psgc":700000000,"adm2_psgc":701200000,"adm3_psgc":701214000,"adm4_psgc":701214008,"adm4_en":"Caboy","geo_level":"Bgy","len_crs":3839,"area_crs":870849,"len_km":3,"area_km2":0},"id":701214008},{"arcs":[[-11,-36,40,41]],"type":"Polygon","properties":{"adm1_psgc":700000000,"adm2_psgc":701200000,"adm3_psgc":701214000,"adm4_psgc":701214009,"adm4_en":"Caluwasan","geo_level":"Bgy","len_crs":6463,"area_crs":1935582,"len_km":6,"area_km2":1},"id":701214009},{"arcs":[[42,-21,-32,43,-14,44]],"type":"Polygon","properties":{"adm1_psgc":700000000,"adm2_psgc":701200000,"adm3_psgc":701214000,"adm4_psgc":701214010,"adm4_en":"Candajec","geo_level":"Bgy","len_crs":5527,"area_crs":1291227,"len_km":5,"area_km2":1},"id":701214010},{"arcs":[[45,-39,46,-1,47,48]],"type":"Polygon","properties":{"adm1_psgc":700000000,"adm2_psgc":701200000,"adm3_psgc":701214000,"adm4_psgc":701214011,"adm4_en":"Cantoyoc","geo_level":"Bgy","len_crs":7089,"area_crs":2149924,"len_km":7,"area_km2":2},"id":701214011},{"arcs":[[49,-23,50,51,52,-3]],"type":"Polygon","properties":{"adm1_psgc":700000000,"adm2_psgc":701200000,"adm3_psgc":701214000,"adm4_psgc":701214012,"adm4_en":"Comaang","geo_level":"Bgy","len_crs":4869,"area_crs":1439357,"len_km":4,"area_km2":1},"id":701214012},{"arcs":[[53,-33,54,-28]],"type":"Polygon","properties":{"adm1_psgc":700000000,"adm2_psgc":701200000,"adm3_psgc":701214000,"adm4_psgc":701214013,"adm4_en":"Danahao","geo_level":"Bgy","len_crs":7033,"area_crs":2527256,"len_km":7,"area_km2":2},"id":701214013},{"arcs":[[-30,55,-25,56]],"type":"Polygon","properties":{"adm1_psgc":700000000,"adm2_psgc":701200000,"adm3_psgc":701214000,"adm4_psgc":701214014,"adm4_en":"Katipunan","geo_level":"Bgy","len_crs":3552,"area_crs":665657,"len_km":3,"area_km2":0},"id":701214014},{"arcs":[[-44,-31,-57,-24,57,-15]],"type":"Polygon","properties":{"adm1_psgc":700000000,"adm2_psgc":701200000,"adm3_psgc":701214000,"adm4_psgc":701214015,"adm4_en":"Lajog","geo_level":"Bgy","len_crs":7781,"area_crs":2273518,"len_km":7,"area_km2":2},"id":701214015},{"arcs":[[58,-17,-50,-2,-47,-38]],"type":"Polygon","properties":{"adm1_psgc":700000000,"adm2_psgc":701200000,"adm3_psgc":701214000,"adm4_psgc":701214016,"adm4_en":"Mataub","geo_level":"Bgy","len_crs":5682,"area_crs":1887308,"len_km":5,"area_km2":1},"id":701214016},{"arcs":[[-48,-5,59,60]],"type":"Polygon","properties":{"adm1_psgc":700000000,"adm2_psgc":701200000,"adm3_psgc":701214000,"adm4_psgc":701214017,"adm4_en":"Nahawan","geo_level":"Bgy","len_crs":10540,"area_crs":3889247,"len_km":10,"area_km2":3},"id":701214017},{"arcs":[[-52,61,-45,-13,62,63]],"type":"Polygon","properties":{"adm1_psgc":700000000,"adm2_psgc":701200000,"adm3_psgc":701214000,"adm4_psgc":701214018,"adm4_en":"Poblacion Centro","geo_level":"Bgy","len_crs":3585,"area_crs":423244,"len_km":3,"area_km2":0},"id":701214018},{"arcs":[[64,-63,-12,65]],"type":"Polygon","properties":{"adm1_psgc":700000000,"adm2_psgc":701200000,"adm3_psgc":701214000,"adm4_psgc":701214019,"adm4_en":"Poblacion Norte","geo_level":"Bgy","len_crs":4547,"area_crs":401355,"len_km":4,"area_km2":0},"id":701214019},{"arcs":[[-51,-22,-43,-62]],"type":"Polygon","properties":{"adm1_psgc":700000000,"adm2_psgc":701200000,"adm3_psgc":701214000,"adm4_psgc":701214020,"adm4_en":"Poblacion Sur","geo_level":"Bgy","len_crs":4352,"area_crs":993679,"len_km":4,"area_km2":0},"id":701214020},{"arcs":[[-4,-53,-64,-65,66,-60]],"type":"Polygon","properties":{"adm1_psgc":700000000,"adm2_psgc":701200000,"adm3_psgc":701214000,"adm4_psgc":701214021,"adm4_en":"Tangaran","geo_level":"Bgy","len_crs":6165,"area_crs":930333,"len_km":6,"area_km2":0},"id":701214021},{"arcs":[[-10,-18,-59,-37]],"type":"Polygon","properties":{"adm1_psgc":700000000,"adm2_psgc":701200000,"adm3_psgc":701214000,"adm4_psgc":701214022,"adm4_en":"Tontunan","geo_level":"Bgy","len_crs":5966,