{"type":"Topology","arcs":[[[220,244],[45,-87]],[[265,157],[-85,-39]],[[180,118],[-51,17],[0,102]],[[129,237],[91,7]],[[516,435],[23,-41]],[[539,394],[-1,-1]],[[538,393],[-47,-41]],[[491,352],[-28,-24]],[[463,328],[-91,87],[-45,-90]],[[327,325],[-114,88]],[[213,413],[6,42]],[[219,455],[77,17]],[[296,472],[21,12]],[[317,484],[120,-66],[79,17]],[[297,619],[-17,-59],[-61,7]],[[219,567],[6,34]],[[225,601],[19,50]],[[244,651],[53,-32]],[[481,75],[-146,-50]],[[335,25],[-70,132]],[[265,157],[127,109]],[[392,266],[17,-65],[72,-126]],[[549,340],[63,-172],[-87,-40],[-44,-53]],[[392,266],[71,62]],[[491,352],[58,-12]],[[560,384],[-22,9]],[[539,394],[68,114]],[[607,508],[51,-85],[-38,-65],[-60,26]],[[516,435],[-19,60]],[[497,495],[110,13]],[[225,601],[-52,-3]],[[173,598],[71,53]],[[148,522],[40,-20]],[[188,502],[-8,-17]],[[180,485],[-112,6]],[[68,491],[51,52]],[[119,543],[29,-21]],[[335,25],[-42,-25],[-123,4],[10,114]],[[340,591],[-40,-101]],[[300,490],[-94,46]],[[206,536],[13,31]],[[297,619],[43,-28]],[[109,366],[-95,-39]],[[14,327],[-14,94],[52,54]],[[52,475],[57,-109]],[[560,384],[-11,-44]],[[129,237],[-30,28]],[[99,265],[45,34],[-35,67]],[[109,366],[95,45]],[[204,411],[-11,-30],[27,-137]],[[317,484],[32,101]],[[349,585],[93,-82],[55,-8]],[[180,485],[39,-30]],[[213,413],[-9,-2]],[[52,475],[16,16]],[[99,265],[-85,62]],[[327,325],[65,-59]],[[300,490],[-4,-18]],[[188,502],[18,34]],[[119,543],[51,52]],[[170,595],[-22,-73]],[[170,595],[3,3]],[[340,591],[9,-6]]],"transform":{"scale":[0.00007737446200616706,0.00007523918125960353],"translate":[120.99905087700006,14.530205964000062]},"objects":{"bgysubmuns-municity-1380300000":{"type":"GeometryCollection","geometries":[{"arcs":[[0,1,2,3]],"type":"Polygon","properties":{"adm1_psgc":1300000000,"adm2_psgc":1380300000,"adm3_psgc":1380300000,"adm4_psgc":1380300001,"adm4_en":"Bangkal","geo_level":"Bgy","len_crs":4048,"area_crs":894842,"len_km":4,"area_km2":0},"id":1380300001},{"arcs":[[4,5,6,7,8,9,10,11,12,13]],"type":"Polygon","properties":{"adm1_psgc":1300000000,"adm2_psgc":1380300000,"adm3_psgc":1380300000,"adm4_psgc":1380300002,"adm4_en":"Bel-Air","geo_level":"Bgy","len_crs":8096,"area_crs":1716539,"len_km":8,"area_km2":1},"id":1380300002},{"arcs":[[14,15,16,17]],"type":"Polygon","properties":{"adm1_psgc":1300000000,"adm2_psgc":1380300000,"adm3_psgc":1380300000,"adm4_psgc":1380300005,"adm4_en":"Carmona","geo_level":"Bgy","len_crs":2474,"area_crs":366995,"len_km":2,"area_km2":0},"id":1380300005},{"arcs":[[18,19,20,21]],"type":"Polygon","properties":{"adm1_psgc":1300000000,"adm2_psgc":1380300000,"adm3_psgc":1380300000,"adm4_psgc":1380300006,"adm4_en":"Dasmariñas","geo_level":"Bgy","len_crs":6261,"area_crs":1960703,"len_km":6,"area_km2":1},"id":1380300006},{"arcs":[[22,-22,23,-8,24]],"type":"Polygon","properties":{"adm1_psgc":1300000000,"adm2_psgc":1380300000,"adm3_psgc":1380300000,"adm4_psgc":1380300008,"adm4_en":"Forbes Park","geo_level":"Bgy","len_crs":6969,"area_crs":2478786,"len_km":6,"area_km2":2},"id":1380300008},{"arcs":[[25,-6,26,27]],"type":"Polygon","properties":{"adm1_psgc":1300000000,"adm2_psgc":1380300000,"adm3_psgc":1380300000,"adm4_psgc":1380300009,"adm4_en":"Guadalupe Nuevo","geo_level":"Bgy","len_crs":3566,"area_crs":577481,"len_km":3,"area_km2":0},"id":1380300009},{"arcs":[[-27,-5,28,29]],"type":"Polygon","properties":{"adm1_psgc":1300000000,"adm2_psgc":1380300000,"adm3_psgc":1380300000,"adm4_psgc":1380300010,"adm4_en":"Guadalupe Viejo","geo_level":"Bgy","len_crs":2997,"area_crs":555251,"len_km":2,"area_km2":0},"id":1380300010},{"arcs":[[-17,30,31]],"type":"Polygon","properties":{"adm1_psgc":1300000000,"adm2_psgc":1380300000,"adm3_psgc":1380300000,"adm4_psgc":1380300011,"adm4_en":"Kasilawan","geo_level":"Bgy","len_crs":1863,"area_crs":101521,"len_km":1,"area_km2":0},"id":1380300011},{"arcs":[[32,33,34,35,36]],"type":"Polygon","properties":{"adm1_psgc":1300000000,"adm2_psgc":1380300000,"adm3_psgc":1380300000,"adm4_psgc":1380300012,"adm4_en":"La Paz","geo_level":"Bgy","len_crs":2388,"area_crs":250211,"len_km":2,"area_km2":0},"id":1380300012},{"arcs":[[37,-2,-20]],"type":"Polygon","properties":{"adm1_psgc":1300000000,"adm2_psgc":1380300000,"adm3_psgc":1380300000,"adm4_psgc":1380300013,"adm4_en":"Magallanes","geo_level":"Bgy","len_crs":4939,"area_crs":1222363,"len_km":4,"area_km2":1},"id":1380300013},{"arcs":[[38,39,40,-15,41]],"type":"Polygon","properties":{"adm1_psgc":1300000000,"adm2_psgc":1380300000,"adm3_psgc":1380300000,"adm4_psgc":1380300014,"adm4_en":"Olympia","geo_level":"Bgy","len_crs":3722,"area_crs":458554,"len_km":3,"area_km2":0},"id":1380300014},{"arcs":[[42,43,44]],"type":"Polygon","properties":{"adm1_psgc":1300000000,"adm2_psgc":1380300000,"adm3_psgc":1380300000,"adm4_psgc":1380300015,"adm4_en":"Palanan","geo_level":"Bgy","len_crs":3443,"area_crs":643721,"len_km":3,"area_km2":0},"id":1380300015},{"arcs":[[45,-25,-7,-26]],"type":"Polygon","properties":{"adm1_psgc":1300000000,"adm2_psgc":1380300000,"adm3_psgc":1380300000,"adm4_psgc":1380300017,"adm4_en":"Pinagkaisahan","geo_level":"Bgy","len_crs":1631,"area_crs":155635,"len_km":1,"area_km2":0},"id":1380300017},{"arcs":[[-4,46,47,48,49]],"type":"Polygon","properties":{"adm1_psgc":1300000000,"adm2_psgc":1380300000,"adm3_psgc":1380300000,"adm4_psgc":1380300018,"adm4_en":"Pio Del Pilar","geo_level":"Bgy","len_crs":4850,"area_crs":917089,"len_km":4,"area_km2":0},"id":1380300018},{"arcs":[[-29,-14,50,51]],"type":"Polygon","properties":{"adm1_psgc":1300000000,"adm2_psgc":1380300000,"adm3_psgc":1380300000,"adm4_psgc":1380300020,"adm4_en":"Poblacion","geo_level":"Bgy","len_crs":5210,"area_crs":1033605,"len_km":5,"area_km2":1},"id":1380300020},{"arcs":[[52,-11,53,-49,-45,54,-35]],"type":"Polygon","properties":{"adm1_psgc":1300000000,"adm2_psgc":1380300000,"adm3_psgc":1380300000,"adm4_psgc":1380300023,"adm4_en":"San Antonio","geo_level":"Bgy","len_crs":3891,"area_crs":917827,"len_km":3,"area_km2":0},"id":1380300023},{"arcs":[[55,-43,-48]],"type":"Polygon","properties":{"adm1_psgc":1300000000,"adm2_psgc":1380300000,"adm3_psgc":1380300000,"adm4_psgc":1380300024,"adm4_en":"San Isidro","geo_level":"Bgy","len_crs":3053,"area_crs":472896,"len_km":3,"area_km2":0},"id":1380300024},{"arcs":[[56,-21,-1,-50,-54,-10]],"type":"Polygon","properties":{"adm1_psgc":1300000000,"adm2_psgc":1380300000,"adm3_psgc":1380300000,"adm4_psgc":1380300025,"adm4_en":"San Lorenzo","geo_level":"Bgy","len_crs":5666,"area_crs":1709221,"len_km":5,"area_km2":1},"id":1380300025},{"arcs":[[57,-12,-53,-34,58,-40]],"type":"Polygon","properties":{"adm1_psgc":1300000000,"adm2_psgc":1380300000,"adm3_psgc":1380300000,"adm4_psgc":1380300026,"adm4_en":"Santa Cruz","geo_level":"Bgy","len_crs":2866,"area_crs":476648,"len_km":2,"area_km2":0},"id":1380300026},{"arcs":[[-37,59,60]],"type":"Polygon","properties":{"adm1_psgc":1300000000,"adm2_psgc":1380300000,"adm3_psgc":1380300000,"adm4_psgc":1380300027,"adm4_en":"Singkamas","geo_level":"Bgy","len_crs":1711,"area_crs":133898,"len_km":1,"area_km2":0},"id":1380300027},{"arcs":[[-41,-59,-33,-61,61,-31,-16]],"type":"Polygon","properties":{"adm1_psgc":1300000000,"adm2_psgc":1380300000,"adm3_psgc":1380300000,"adm4_psgc":1380300029,"adm4_en":"Tejeros","geo_level":"Bgy","len_crs":2565,"area_crs":284893,"len_km":2,"area_km2":0},"id":1380300029},{"arcs":[[-24,-57,-9]],"type":"Polygon","properties":{"adm1_psgc":1300000000,"adm2_psgc":1380300000,"adm3_psgc":1380300000,"adm4_psgc":1380300030,"adm4_en":"Urdaneta","geo_level":"Bgy","len_crs":3419,"area_crs":739413,"len_km":3,"area_km2":0},"id":1380300030},{"arcs":[[-51,-13,-58,-39,62]],"type":"Polygon","properties":{"adm1_psgc":1300000000,"adm2_psgc":1380300000,"adm3_psgc":1380300000,"adm4_psgc":1380300031,"adm4_en":"Valenzuela","geo_level":"Bgy","len_crs":2605,"area_crs":238026,"len_km":2,"area_km2":0},"id":1380300031}]}}}