{"type":"Topology","arcs":[[[597,401],[68,-66],[20,-51]],[[685,284],[-22,-27]],[[663,257],[-39,-19]],[[624,238],[-112,159],[-18,8]],[[494,405],[12,21]],[[506,426],[62,13]],[[568,439],[29,-38]],[[636,711],[-44,3]],[[592,714],[-126,28],[-43,-7]],[[423,735],[-6,67]],[[417,802],[245,-55],[-26,-36]],[[288,328],[27,-101]],[[315,227],[-51,-61],[-71,-1]],[[193,165],[-28,160]],[[165,325],[111,39]],[[276,364],[12,-36]],[[464,207],[-26,-41]],[[438,166],[-49,92]],[[389,258],[60,4]],[[449,262],[15,-55]],[[843,233],[-55,22]],[[788,255],[-17,32]],[[771,287],[72,-54]],[[146,168],[14,-35]],[[160,133],[-89,-19]],[[71,114],[-39,110]],[[32,224],[55,22]],[[87,246],[18,-58],[41,-20]],[[315,227],[19,-2]],[[334,225],[13,-48]],[[347,177],[-39,-68],[-102,-22]],[[206,87],[-46,46]],[[146,168],[47,-3]],[[510,549],[58,-110]],[[506,426],[-50,69],[-8,55]],[[448,550],[62,-1]],[[843,233],[-46,-89]],[[797,144],[-37,-8]],[[760,136],[-16,47]],[[744,183],[4,8]],[[748,191],[40,64]],[[494,405],[-65,-61]],[[429,344],[-52,120]],[[377,464],[-24,52]],[[353,516],[95,34]],[[429,344],[-141,-16]],[[276,364],[-34,93]],[[242,457],[135,7]],[[719,345],[-34,-61]],[[597,401],[92,31]],[[689,432],[30,-87]],[[438,166],[-1,-3]],[[437,163],[23,-130]],[[460,33],[-73,-3]],[[387,30],[-40,147]],[[334,225],[55,33]],[[586,182],[12,-35]],[[598,147],[-112,-12],[-49,28]],[[464,207],[99,33]],[[563,240],[23,-58]],[[32,224],[-32,88],[55,11]],[[55,323],[32,-77]],[[387,30],[-169,-18]],[[218,12],[-12,75]],[[592,714],[-11,-41],[25,-119]],[[606,554],[-96,-5]],[[448,550],[-25,185]],[[606,554],[35,4]],[[641,558],[48,-126]],[[55,323],[110,2]],[[760,136],[-18,-89]],[[742,47],[-70,-7]],[[672,40],[-2,60]],[[670,100],[74,83]],[[353,516],[-48,66],[1,46],[-58,149]],[[248,777],[169,25]],[[663,257],[-5,-36]],[[658,221],[-7,-4]],[[651,217],[-33,16]],[[618,233],[6,5]],[[651,217],[-65,-35]],[[563,240],[55,-7]],[[672,40],[-109,-7]],[[563,33],[3,70],[45,3]],[[611,106],[59,-6]],[[218,12],[-37,-12],[-86,50],[-24,64]],[[636,711],[5,-153]],[[242,457],[-88,303],[94,17]],[[748,191],[-46,-15],[-44,45]],[[719,345],[52,-58]],[[598,147],[13,-41]],[[563,33],[-103,0]],[[429,344],[20,-82]],[[797,144],[7,-99],[-62,2]]],"transform":{"scale":[0.00012783144958481715,0.00012094330798010137],"translate":[120.40385725100009,16.20130000300002]},"objects":{"bgysubmuns-municity-103313000":{"type":"GeometryCollection","geometries":[{"arcs":[[0,1,2,3,4,5,6]],"type":"Polygon","properties":{"adm1_psgc":100000000,"adm2_psgc":103300000,"adm3_psgc":103313000,"adm4_psgc":103313001,"adm4_en":"Alipang","geo_level":"Bgy","len_crs":8294,"area_crs":2887427,"len_km":8,"area_km2":2},"id":103313001},{"arcs":[[7,8,9,10]],"type":"Polygon","properties":{"adm1_psgc":100000000,"adm2_psgc":103300000,"adm3_psgc":103313000,"adm4_psgc":103313002,"adm4_en":"Ambangonan","geo_level":"Bgy","len_crs":8164,"area_crs":1948028,"len_km":8,"area_km2":1},"id":103313002},{"arcs":[[11,12,13,14,15]],"type":"Polygon","properties":{"adm1_psgc":100000000,"adm2_psgc":103300000,"adm3_psgc":103313000,"adm4_psgc":103313003,"adm4_en":"Amlang","geo_level":"Bgy","len_crs":7844,"area_crs":3707721,"len_km":7,"area_km2":3},"id":103313003},{"arcs":[[16,17,18,19]],"type":"Polygon","properties":{"adm1_psgc":100000000,"adm2_psgc":103300000,"adm3_psgc":103313000,"adm4_psgc":103313004,"adm4_en":"Bacani","geo_level":"Bgy","len_crs":3856,"area_crs":928432,"len_km":3,"area_km2":0},"id":103313004},{"arcs":[[20,21,22]],"type":"Polygon","properties":{"adm1_psgc":100000000,"adm2_psgc":103300000,"adm3_psgc":103313000,"adm4_psgc":103313005,"adm4_en":"Bangar","geo_level":"Bgy","len_crs":2898,"area_crs":350552,"len_km":2,"area_km2":0},"id":103313005},{"arcs":[[23,24,25,26,27]],"type":"Polygon","properties":{"adm1_psgc":100000000,"adm2_psgc":103300000,"adm3_psgc":103313000,"adm4_psgc":103313006,"adm4_en":"Bani","geo_level":"Bgy","len_crs":5741,"area_crs":1504543,"len_km":5,"area_km2":1},"id":103313006},{"arcs":[[28,29,30,31,-24,32,-13]],"type":"Polygon","properties":{"adm1_psgc":100000000,"adm2_psgc":103300000,"adm3_psgc":103313000,"adm4_psgc":103313007,"adm4_en":"Benteng-Sapilang","geo_level":"Bgy","len_crs":7972,"area_crs":2596836,"len_km":7,"area_km2":2},"id":103313007},{"arcs":[[33,-6,34,35]],"type":"Polygon","properties":{"adm1_psgc":100000000,"adm2_psgc":103300000,"adm3_psgc":103313000,"adm4_psgc":103313008,"adm4_en":"Cadumanian","geo_level":"Bgy","len_crs":5288,"area_crs":1654200,"len_km":5,"area_km2":1},"id":103313008},{"arcs":[[36,37,38,39,40,-21]],"type":"Polygon","properties":{"adm1_psgc":100000000,"adm2_psgc":103300000,"adm3_psgc":103313000,"adm4_psgc":103313009,"adm4_en":"Camp One","geo_level":"Bgy","len_crs":5225,"area_crs":1084445,"len_km":5,"area_km2":1},"id":103313009},{"arcs":[[-5,41,42,43,44,-35]],"type":"Polygon","properties":{"adm1_psgc":100000000,"adm2_psgc":103300000,"adm3_psgc":103313000,"adm4_psgc":103313010,"adm4_en":"Carunuan East","geo_level":"Bgy","len_crs":7470,"area_crs":2935055,"len_km":7,"area_km2":2},"id":103313010},{"arcs":[[-43,45,-16,46,47]],"type":"Polygon","properties":{"adm1_psgc":100000000,"adm2_psgc":103300000,"adm3_psgc":103313000,"adm4_psgc":103313011,"adm4_en":"Carunuan West","geo_level":"Bgy","len_crs":7451,"area_crs":3346378,"len_km":7,"area_km2":3},"id":103313011},{"arcs":[[48,-1,49,50]],"type":"Polygon","properties":{"adm1_psgc":100000000,"adm2_psgc":103300000,"adm3_psgc":103313000,"adm4_psgc":103313012,"adm4_en":"Casilagan","geo_level":"Bgy","len_crs":5685,"area_crs":1622073,"len_km":5,"area_km2":1},"id":103313012},{"arcs":[[51,52,53,54,-30,55,-18]],"type":"Polygon","properties":{"adm1_psgc":100000000,"adm2_psgc":103300000,"adm3_psgc":103313000,"adm4_psgc":103313013,"adm4_en":"Cataguingtingan","geo_level":"Bgy","len_crs":7966,"area_crs":2944319,"len_km":7,"area_km2":2},"id":103313013},{"arcs":[[56,57,-52,-17,58,59]],"type":"Polygon","properties":{"adm1_psgc":100000000,"adm2_psgc":103300000,"adm3_psgc":103313000,"adm4_psgc":103313014,"adm4_en":"Concepcion","geo_level":"Bgy","len_crs":6238,"area_crs":1854383,"len_km":6,"area_km2":1},"id":103313014},{"arcs":[[-27,60,61]],"type":"Polygon","properties":{"adm1_psgc":100000000,"adm2_psgc":103300000,"adm3_psgc":103313000,"adm4_psgc":103313015,"adm4_en":"Damortis","geo_level":"Bgy","len_crs":4079,"area_crs":886288,"len_km":4,"area_km2":0},"id":103313015},{"arcs":[[62,63,-31,-55]],"type":"Polygon","properties":{"adm1_psgc":100000000,"adm2_psgc":103300000,"adm3_psgc":103313000,"adm4_psgc":103313016,"adm4_en":"Gumot-Nagcolaran","geo_level":"Bgy","len_crs":8085,"area_crs":2945282,"len_km":8,"area_km2":2},"id":103313016},{"arcs":[[64,65,-36,66,-9]],"type":"Polygon","properties":{"adm1_psgc":100000000,"adm2_psgc":103300000,"adm3_psgc":103313000,"adm4_psgc":103313017,"adm4_en":"Inabaan Norte","geo_level":"Bgy","len_crs":9463,"area_crs":5279786,"len_km":9,"area_km2":5},"id":103313017},{"arcs":[[-50,-7,-34,-66,67,68]],"type":"Polygon","properties":{"adm1_psgc":100000000,"adm2_psgc":103300000,"adm3_psgc":103313000,"adm4_psgc":103313018,"adm4_en":"Inabaan Sur","geo_level":"Bgy","len_crs":7294,"area_crs":3219860,"len_km":7,"area_km2":3},"id":103313018},{"arcs":[[-33,-28,-62,69,-14]],"type":"Polygon","properties":{"adm1_psgc":100000000,"adm2_psgc":103300000,"adm3_psgc":103313000,"adm4_psgc":103313019,"adm4_en":"Nagtagaan","geo_level":"Bgy","len_crs":6984,"area_crs":2643413,"len_km":6,"area_km2":2},"id":103313019},{"arcs":[[70,71,72,73,-39]],"type":"Polygon","properties":{"adm1_psgc":100000000,"adm2_psgc":103300000,"adm3_psgc":103313000,"adm4_psgc":103313020,"adm4_en":"Nangcamotian","geo_level":"Bgy","len_crs":6213,"area_crs":1487546,"len_km":6,"area_km2":1},"id":103313020},{"arcs":[[-67,-45,74,75,-10]],"type":"Polygon","properties":{"adm1_psgc":100000000,"adm2_psgc":103300000,"adm3_psgc":103313000,"adm4_psgc":103313021,"adm4_en":"Parasapas","geo_level":"Bgy","len_crs":11150,"area_crs":6935253,"len_km":11,"area_km2":6},"id":103313021},{"arcs":[[76,77,78,79,-3]],"type":"Polygon","properties":{"adm1_psgc":100000000,"adm2_psgc":103300000,