{"type":"Topology","arcs":[[[766,495],[120,-11]],[[886,484],[-32,-33],[-51,-78],[-91,-85]],[[712,288],[-98,64],[-9,34],[-41,38],[-72,22],[-25,41]],[[467,487],[28,34]],[[495,521],[271,-26]],[[778,1078],[-170,-55],[-58,-24]],[[550,999],[-59,-5],[-40,29]],[[451,1023],[22,46],[20,99]],[[493,1168],[86,71]],[[579,1239],[55,-41],[144,-120]],[[456,751],[-75,-191]],[[381,560],[-24,36],[-49,13],[-45,-31],[-26,47],[-23,8]],[[214,633],[-24,15],[1,51]],[[191,699],[12,40],[50,19],[0,29]],[[253,787],[61,-8],[22,17],[35,-1],[40,-31],[45,-13]],[[451,1023],[-78,26],[-82,37]],[[291,1086],[34,92],[32,-4],[50,26]],[[407,1200],[51,-1],[35,-31]],[[712,288],[-52,-62],[-49,-81]],[[611,145],[-105,76]],[[506,221],[-117,73]],[[389,294],[-40,47]],[[349,341],[118,146]],[[550,999],[34,-117]],[[584,882],[-150,56],[-71,-20],[-108,-6]],[[255,912],[-5,184]],[[250,1096],[41,-10]],[[240,1256],[10,-160]],[[250,1096],[-116,18],[-49,0]],[[85,1114],[41,31],[2,50],[-19,49]],[[109,1244],[31,16],[100,-4]],[[959,917],[-143,-46]],[[816,871],[-31,22],[1,32],[-39,48],[-65,11],[-25,-45],[-31,-1],[-10,-42]],[[616,896],[-32,-14]],[[778,1078],[73,-61],[108,-100]],[[617,726],[19,-69],[-99,-84],[-42,-52]],[[467,487],[-86,73]],[[456,751],[73,11],[88,-36]],[[711,723],[7,-53],[19,-15],[35,-67],[-6,-93]],[[617,726],[94,5]],[[711,731],[0,-8]],[[948,701],[-19,32],[4,32],[-76,19],[-37,35]],[[820,819],[-4,52]],[[959,917],[99,-98],[-24,-55],[-86,-63]],[[616,896],[38,-29],[46,-78],[11,-58]],[[253,787],[-1,60]],[[252,847],[3,65]],[[214,633],[-2,-44],[-47,-27]],[[165,562],[-82,62],[-42,16]],[[41,640],[19,44],[-9,19],[51,33]],[[102,736],[37,-37],[52,0]],[[389,294],[-103,-134]],[[286,160],[-52,37],[-47,60]],[[187,257],[85,64],[35,71]],[[307,392],[42,-51]],[[252,847],[-53,26],[-102,28]],[[97,901],[-3,67],[-32,84],[23,62]],[[102,736],[9,49],[-4,49],[-17,14],[7,53]],[[820,819],[-61,-63],[-48,-33]],[[240,1256],[17,-13],[30,44],[23,8]],[[310,1295],[27,-37],[43,-8],[27,-50]],[[187,257],[-65,76],[-29,48],[-11,44]],[[82,425],[25,59]],[[107,484],[200,-92]],[[107,484],[58,78]],[[948,701],[-11,-72],[-51,-145]],[[294,1451],[8,-83],[16,-44],[-8,-29]],[[109,1244],[-19,15],[5,47],[-23,53],[16,72],[64,126],[119,-95],[23,-11]],[[506,221],[-94,-148]],[[412,73],[-29,25],[-97,62]],[[294,1451],[285,-212]],[[611,145],[-90,-108],[-17,-37],[-92,73]],[[82,425],[-65,61],[-17,37],[30,25],[-12,61],[23,31]]],"transform":{"scale":[0.00010207229962191245,0.00009301472768141435],"translate":[123.57230070700005,10.195824103000064]},"objects":{"bgysubmuns-municity-702237000":{"type":"GeometryCollection","geometries":[{"arcs":[[0,1,2,3,4]],"type":"Polygon","properties":{"adm1_psgc":700000000,"adm2_psgc":702200000,"adm3_psgc":702237000,"adm4_psgc":702237001,"adm4_en":"Anislag","geo_level":"Bgy","len_crs":11629,"area_crs":5725885,"len_km":11,"area_km2":5},"id":702237001},{"arcs":[[5,6,7,8,9]],"type":"Polygon","properties":{"adm1_psgc":700000000,"adm2_psgc":702200000,"adm3_psgc":702237000,"adm4_psgc":702237002,"adm4_en":"Anopog","geo_level":"Bgy","len_crs":9575,"area_crs":4962530,"len_km":9,"area_km2":4},"id":702237002},{"arcs":[[10,11,12,13,14]],"type":"Polygon","properties":{"adm1_psgc":700000000,"adm2_psgc":702200000,"adm3_psgc":702237000,"adm4_psgc":702237003,"adm4_en":"Binabag","geo_level":"Bgy","len_crs":10555,"area_crs":4699890,"len_km":10,"area_km2":4},"id":702237003},{"arcs":[[-8,15,16,17]],"type":"Polygon","properties":{"adm1_psgc":700000000,"adm2_psgc":702200000,"adm3_psgc":702237000,"adm4_psgc":702237004,"adm4_en":"Buhingtubig","geo_level":"Bgy","len_crs":6943,"area_crs":2842224,"len_km":6,"area_km2":2},"id":702237004},{"arcs":[[18,19,20,21,22,-3]],"type":"Polygon","properties":{"adm1_psgc":700000000,"adm2_psgc":702200000,"adm3_psgc":702237000,"adm4_psgc":702237005,"adm4_en":"Busay","geo_level":"Bgy","len_crs":11383,"area_crs":6782594,"len_km":11,"area_km2":6},"id":702237005},{"arcs":[[-16,-7,23,24,25,26]],"type":"Polygon","properties":{"adm1_psgc":700000000,"adm2_psgc":702200000,"adm3_psgc":702237000,"adm4_psgc":702237006,"adm4_en":"Butong","geo_level":"Bgy","len_crs":11558,"area_crs":4362303,"len_km":11,"area_km2":4},"id":702237006},{"arcs":[[27,28,29,30]],"type":"Polygon","properties":{"adm1_psgc":700000000,"adm2_psgc":702200000,"adm3_psgc":702237000,"adm4_psgc":702237007,"adm4_en":"Cabiangon","geo_level":"Bgy","len_crs":7367,"area_crs":2217128,"len_km":7,"area_km2":2},"id":702237007},{"arcs":[[31,32,33,-24,-6,34]],"type":"Polygon","properties":{"adm1_psgc":700000000,"adm2_psgc":702200000,"adm3_psgc":702237000,"adm4_psgc":702237008,"adm4_en":"Camugao","geo_level":"Bgy","len_crs":15996,"area_crs":4700292,"len_km":15,"area_km2":4},"id":702237008},{"arcs":[[35,-4,36,-11,37]],"type":"Polygon","properties":{"adm1_psgc":700000000,"adm2_psgc":702200000,"adm3_psgc":702237000,"adm4_psgc":702237009,"adm4_en":"Duangan","geo_level":"Bgy","len_crs":10960,"area_crs":4694343,"len_km":10,"area_km2":4},"id":702237009},{"arcs":[[38,-5,-36,39,40]],"type":"Polygon","properties":{"adm1_psgc":700000000,"adm2_psgc":702200000,"adm3_psgc":702237000,"adm4_psgc":702237010,"adm4_en":"Guimbawian","geo_level":"Bgy","len_crs":11194,"area_crs":4290742,"len_km":11,"area_km2":4},"id":702237010},{"arcs":[[41,42,-32,43]],"type":"Polygon","properties":{"adm1_psgc":700000000,"adm2_psgc":702200000,"adm3_psgc":702237000,"adm4_psgc":702237011,"adm4_en":"Lamac","geo_level":"Bgy","len_crs":7895,"area_crs":3388319,"len_km":7,"area_km2":3},"id":702237011},{"arcs":[[-34,44,-40,-38,-15,45,46,-25]],"type":"Polygon","properties":{"adm1_psgc":700000000,"adm2_psgc":702200000,"adm3_psgc":702237000,"adm4_psgc":702237012,"adm4_en":"Lut-od","geo_level":"Bgy","len_crs":15546,"area_crs":7346982,"len_km":15,"area_km2":7},"id":702237012},{"arcs":[[-13,47,48,49,50]],"type":"Polygon","properties":{"adm1_psgc":700000000,"adm2_psgc":702200000,"adm3_psgc":702237000,"adm4_psgc":702237013,"adm4_en":"Mangoto","geo_level":"Bgy","len_crs":7786,"area_crs":2015581,"len_km":7,"area_km2":2},"id":702237013},{"arcs":[[-22,51,52,53,54]],"type":"Polygon","properties":{"adm1_psgc":700000000,"adm2_psgc":702200000,"adm3_psgc":702237000,"adm4_psgc":702237014,"adm4_en":"Opao","geo_level":"Bgy","len_crs":6662,"area_crs":2541341,"len_km":6,"area_km2":2},"id":702237014},{"arcs":[[-26,-47,55,56,-29]],"type":"Polygon","properties":{"adm1_psgc":700000000,"adm2_psgc":702200000,"adm3_psgc":702237000,"adm4_psgc":702237015,"adm4_en":"Pandacan","geo_level":"Bgy","len_crs":9310,"area_crs":4480771,"len_km":9,"area_km2":4},"id":702237015},{"arcs":[[-46,-14,-51,57,-56]],"type":"Polygon","properties":{"adm1_psgc":700000000,"adm2_psgc":702200000,"adm3_psgc":702237000,"adm4_psgc":702237016,"adm4_en":"Poblacion","geo_level":"Bgy","len_crs":7626,"area_crs":2721352,"len_km":7,"area_km2":2},"id":702237016},{"arcs":[[-43,58,-41,-45,-33]],"type":"Polygon","properties":{"adm1_psgc":700000000,"adm2_psgc":702200000,"adm3_psgc":702237000,"adm4_psgc":702237017,"adm4_en":"Punod","geo_level":"Bgy","len_crs":11255,"area_crs":3401109,"len_km":11,"area_km2":3},"id":702237017},{"arcs":[[-17,-27,-28,59,60]],"type":"Polygon","properties":{"adm1_psgc":700000000,"adm2_psgc":702200000,"adm3_psgc":702237000,"adm4_psgc":702237018,"adm4_en":"Rizal","geo_level":"Bgy","len_crs":7626,"area_crs":2083632,"len_km":7,"area_km2":2},"id":702237018},{"arcs":[[-54,61,62,63]],"type":"Polygon","properties":{"adm1_psgc":700000000,"adm2_psgc":702200000,"adm3_psgc":702237000,"adm4_psgc":702237019,"adm4_en":"Sacsac","geo_level":"Bgy","len_crs":7217,"area_crs":3211781,"len_km":7,"area_km2":3},"id":702237019},{"arcs":[[-37,-23,-55,-64,64,-48,-12]],"type":"Polygon","properties":{"adm1_psgc":700000000,"adm2_psgc":702200000,"adm3_psgc":702237000,"adm4_psgc":702237020,"adm4_en":"Sambagon","geo_level":"Bgy","len_crs":12114,"area_crs":5792782,"len_km":12,"area_km2":5},"id":702237020},{"arcs":[[65,-1,-39,-59,-42]],"type":"Polygon","properties":{"adm1_psgc":700000000,"adm2_psgc":702200000,"adm3_psgc":702237000,"adm4_psgc":702237021,"adm4_en":"Sibago","geo_level":"Bgy","len_crs":10849,