{"type":"Topology","arcs":[[[777,291],[-39,-51]],[[738,240],[-210,-98],[-36,-127]],[[492,15],[-32,112],[56,63]],[[516,190],[106,7],[134,95]],[[756,292],[21,-1]],[[844,235],[-53,-28]],[[791,207],[-2,9]],[[789,216],[9,61]],[[798,277],[40,13]],[[838,290],[6,-55]],[[789,216],[-19,-7]],[[770,209],[-31,30]],[[739,239],[-1,1]],[[777,291],[7,19]],[[784,310],[14,-33]],[[855,127],[-48,-14]],[[807,113],[-19,26]],[[788,139],[-4,44]],[[784,183],[8,3]],[[792,186],[63,-59]],[[821,396],[-99,-19]],[[722,377],[-38,38]],[[684,415],[137,-19]],[[826,368],[12,-78]],[[784,310],[42,58]],[[731,121],[-144,-54]],[[587,67],[98,54],[39,55]],[[724,176],[24,13]],[[748,189],[-17,-68]],[[792,186],[0,14]],[[792,200],[-1,7]],[[844,235],[11,-108]],[[770,209],[5,-13]],[[775,196],[-27,-7]],[[724,176],[15,63]],[[722,377],[-15,-31]],[[707,346],[-40,4]],[[667,350],[-33,54]],[[634,404],[5,28]],[[639,432],[45,-17]],[[314,89],[-102,8],[-212,87],[45,55],[102,238],[38,-51],[227,61]],[[412,487],[-82,-155],[-16,-243]],[[775,195],[9,-12]],[[788,139],[-35,-21]],[[753,118],[-22,3]],[[775,196],[0,-1]],[[603,375],[-83,-167]],[[520,208],[29,161]],[[549,369],[-8,39]],[[541,408],[62,-33]],[[807,113],[-53,-10]],[[754,103],[-1,15]],[[587,67],[-2,-67]],[[585,0],[-96,7]],[[489,7],[3,8]],[[634,404],[-31,-29]],[[541,408],[-111,80]],[[430,488],[92,0],[117,-56]],[[549,369],[-147,-103],[0,-160],[-33,-91]],[[369,15],[-55,74]],[[412,487],[18,1]],[[754,103],[-126,-32],[-43,-71]],[[821,396],[5,-28]],[[756,292],[-49,54]],[[792,200],[-17,-5]],[[520,208],[-4,-18]],[[489,7],[-120,8]],[[667,350],[-35,-76],[-112,-66]]],"transform":{"scale":[0.00025601287953214743,0.00017680569057386522],"translate":[123.04411672600007,9.24658860300002]},"objects":{"bgysubmuns-municity-704623000":{"type":"GeometryCollection","geometries":[{"arcs":[[0,1,2,3,4]],"type":"Polygon","properties":{"adm1_psgc":700000000,"adm2_psgc":704600000,"adm3_psgc":704623000,"adm4_psgc":704623001,"adm4_en":"Apolong","geo_level":"Bgy","len_crs":25927,"area_crs":7701204,"len_km":25,"area_km2":7},"id":704623001},{"arcs":[[5,6,7,8,9]],"type":"Polygon","properties":{"adm1_psgc":700000000,"adm2_psgc":704600000,"adm3_psgc":704623000,"adm4_psgc":704623002,"adm4_en":"Balabag East","geo_level":"Bgy","len_crs":5258,"area_crs":1602889,"len_km":5,"area_km2":1},"id":704623002},{"arcs":[[-8,10,11,12,-1,13,14]],"type":"Polygon","properties":{"adm1_psgc":700000000,"adm2_psgc":704600000,"adm3_psgc":704623000,"adm4_psgc":704623003,"adm4_en":"Balabag West","geo_level":"Bgy","len_crs":6327,"area_crs":1553056,"len_km":6,"area_km2":1},"id":704623003},{"arcs":[[15,16,17,18,19]],"type":"Polygon","properties":{"adm1_psgc":700000000,"adm2_psgc":704600000,"adm3_psgc":704623000,"adm4_psgc":704623004,"adm4_en":"Balayagmanok","geo_level":"Bgy","len_crs":5660,"area_crs":1215442,"len_km":5,"area_km2":1},"id":704623004},{"arcs":[[20,21,22]],"type":"Polygon","properties":{"adm1_psgc":700000000,"adm2_psgc":704600000,"adm3_psgc":704623000,"adm4_psgc":704623005,"adm4_en":"Balili","geo_level":"Bgy","len_crs":8965,"area_crs":2059237,"len_km":8,"area_km2":2},"id":704623005},{"arcs":[[23,-9,-15,24]],"type":"Polygon","properties":{"adm1_psgc":700000000,"adm2_psgc":704600000,"adm3_psgc":704623000,"adm4_psgc":704623006,"adm4_en":"Balugo","geo_level":"Bgy","len_crs":5561,"area_crs":1555690,"len_km":5,"area_km2":1},"id":704623006},{"arcs":[[25,26,27,28]],"type":"Polygon","properties":{"adm1_psgc":700000000,"adm2_psgc":704600000,"adm3_psgc":704623000,"adm4_psgc":704623007,"adm4_en":"Bongbong","geo_level":"Bgy","len_crs":11872,"area_crs":3334044,"len_km":11,"area_km2":3},"id":704623007},{"arcs":[[-20,29,30,-6,31]],"type":"Polygon","properties":{"adm1_psgc":700000000,"adm2_psgc":704600000,"adm3_psgc":704623000,"adm4_psgc":704623008,"adm4_en":"Bong-ao","geo_level":"Bgy","len_crs":6572,"area_crs":2425894,"len_km":6,"area_km2":2},"id":704623008},{"arcs":[[32,33,-28,34,-12]],"type":"Polygon","properties":{"adm1_psgc":700000000,"adm2_psgc":704600000,"adm3_psgc":704623000,"adm4_psgc":704623009,"adm4_en":"Calayugan","geo_level":"Bgy","len_crs":4638,"area_crs":919626,"len_km":4,"area_km2":0},"id":704623009},{"arcs":[[-22,35,36,37,38,39]],"type":"Polygon","properties":{"adm1_psgc":700000000,"adm2_psgc":704600000,"adm3_psgc":704623000,"adm4_psgc":704623010,"adm4_en":"Cambucad","geo_level":"Bgy","len_crs":6808,"area_crs":2249494,"len_km":6,"area_km2":2},"id":704623010},{"arcs":[[40,41]],"type":"Polygon","properties":{"adm1_psgc":700000000,"adm2_psgc":704600000,"adm3_psgc":704623000,"adm4_psgc":704623011,"adm4_en":"Dobdob","geo_level":"Bgy","len_crs":33206,"area_crs":50324163,"len_km":33,"area_km2":50},"id":704623011},{"arcs":[[42,-18,43,44,-29,-34,45]],"type":"Polygon","properties":{"adm1_psgc":700000000,"adm2_psgc":704600000,"adm3_psgc":704623000,"adm4_psgc":704623012,"adm4_en":"Jawa","geo_level":"Bgy","len_crs":5750,"area_crs":1408086,"len_km":5,"area_km2":1},"id":704623012},{"arcs":[[46,47,48,49]],"type":"Polygon","properties":{"adm1_psgc":700000000,"adm2_psgc":704600000,"adm3_psgc":704623000,"adm4_psgc":704623013,"adm4_en":"Caidiocan","geo_level":"Bgy","len_crs":12170,"area_crs":3842212,"len_km":12,"area_km2":3},"id":704623013},{"arcs":[[50,51,-44,-17]],"type":"Polygon","properties":{"adm1_psgc":700000000,"adm2_psgc":704600000,"adm3_psgc":704623000,"adm4_psgc":704623014,"adm4_en":"Liptong","geo_level":"Bgy","len_crs":4126,"area_crs":820036,"len_km":4,"area_km2":0},"id":704623014},{"arcs":[[-35,-27,52,53,54,-2,-13]],"type":"Polygon","properties":{"adm1_psgc":700000000,"adm2_psgc":704600000,"adm3_psgc":704623000,"adm4_psgc":704623015,"adm4_en":"Lunga","geo_level":"Bgy","len_crs":21835,"area_crs":12419736,"len_km":21,"area_km2":12},"id":704623015},{"arcs":[[-39,55,-50,56,57]],"type":"Polygon","properties":{"adm1_psgc":700000000,"adm2_psgc":704600000,"adm3_psgc":704623000,"adm4_psgc":704623016,"adm4_en":"Malabo","geo_level":"Bgy","len_crs":14768,"area_crs":5975090,"len_km":14,"area_km2":5},"id":704623016},{"arcs":[[-49,58,59,-42,60,-57]],"type":"Polygon","properties":{"adm1_psgc":700000000,"adm2_psgc":704600000,"adm3_psgc":704623000,"adm4_psgc":704623017,"adm4_en":"Malaunay","geo_level":"Bgy","len_crs":28300,"area_crs":25077180,"len_km":28,"area_km2":25},"id":704623017},{"arcs":[[-52,61,-53,-26,-45]],"type":"Polygon","properties":{"adm1_psgc":700000000,"adm2_psgc":704600000,"adm3_psgc":704623000,"adm4_psgc":704623018,"adm4_en":"Mampas","geo_level":"Bgy","len_crs":13270,"area_crs":3085914,"len_km":13,"area_km2":3},"id":704623018},{"arcs":[[62,-25,-14,-5,63,-36,-21]],"type":"Polygon","properties":{"adm1_psgc":700000000,"adm2_psgc":704600000,"adm3_psgc":704623000,"adm4_psgc":704623019,"adm4_en":"Palinpinon","geo_level":"Bgy","len_crs":9201,"area_crs":4256405,"len_km":9,"area_km2":4},"id":704623019},{"arcs":[[-31,64,-46,-33,-11,-7]],"type":"Polygon","properties":{"adm1_psgc":700000000,"adm2_psgc":704600000,"adm3_psgc":704623000,"adm4_psgc":704623020,"adm4_en":"North Poblacion","geo_level":"Bgy","len_crs":1659,"area_crs":156257,"len_km":1,"area_km2":0},"id":704623020},{"arcs":[[-19,-43,-65,-30]],"type":"Polygon","properties":{"adm1_psgc":700000000,"adm2_psgc":704600000,"adm3_psgc":704623000,"adm4_psgc":704623021,"adm4_en":"South Poblacion","geo_level":"Bgy","len_crs":1582,"area_crs":143408,"len_km":1,"area_km2":0},"id":704623021},{"arcs":[[65,-3,-55,66,-59,-48]],"type":"Polygon","properties":{"adm1_psgc":700000000,"adm2_psgc":704600000,"adm3_psgc":704623000,"adm4_psgc":704623022,"adm4_en":"Puhagan","geo_level":"Bgy","len_crs":24383,"area_crs":16209015,"len_km":24,"area_km2":16},"id":704623022},{"arcs":[[67,-47,-56,-38]],"type":"Polygon","properties":{"adm1_psgc":700000000,"adm2_psgc":704600000,"adm3_psgc":704623000,"adm4_psgc":704623023,"adm4_en":"Pulangbato","geo_level":"Bgy","len_crs":13042,"area_crs":6016987,"len_km":13,"area_km2":6},"id":704623023},{"arcs":[[-64,-4,-66,-68,-37]],"type":"Polygon","properties":{"adm1_psgc":700000000,"adm2_psgc":704600000,"adm3_psgc":704623000,"adm4_psgc":704623024,"adm4_en":"Sagbang",