{"type":"Topology","arcs":[[[692,947],[37,-67]],[[729,880],[-69,-49]],[[660,831],[-38,59]],[[622,890],[70,57]],[[1153,145],[13,-24],[-2,-23],[-23,-45],[-9,-31],[-121,-20],[-29,-2],[-37,8]],[[945,8],[151,127],[57,10]],[[1052,339],[-31,-92],[-38,-10],[-197,-185]],[[786,52],[-121,37]],[[665,89],[312,323]],[[977,412],[50,-36],[25,-37]],[[828,688],[-60,-44],[-18,-2],[-16,-21],[-16,10]],[[718,631],[-48,138]],[[670,769],[-10,62]],[[729,880],[29,-35],[35,-14],[16,-17],[-1,-51],[20,-75]],[[573,772],[28,-7],[17,9],[52,-5]],[[718,631],[-39,-44],[-37,-11]],[[642,576],[-13,45],[-16,-16],[-40,-4],[-20,-31],[-9,-40],[-13,8],[-31,-24],[-45,31],[-249,-313]],[[206,232],[-85,17],[-13,9],[-44,-1],[-30,8],[-34,-15],[201,488],[174,115]],[[375,853],[57,-128],[25,-16],[27,0],[57,26],[25,6],[7,31]],[[543,834],[30,-62]],[[375,853],[124,74]],[[499,927],[44,-93]],[[920,449],[23,-25],[34,-12]],[[665,89],[-146,55]],[[519,144],[99,96]],[[618,240],[166,106]],[[784,346],[136,103]],[[857,518],[63,-69]],[[784,346],[-3,161]],[[781,507],[15,14],[32,5],[29,-8]],[[543,834],[79,56]],[[780,548],[1,-41]],[[618,240],[19,37],[6,79],[-11,43],[-20,28],[-4,41],[8,48]],[[616,516],[163,40]],[[779,556],[1,-8]],[[851,561],[-45,-14],[-26,1]],[[779,556],[73,20]],[[852,576],[-1,-15]],[[851,561],[6,-43]],[[499,927],[193,133],[7,-5],[-13,-76],[6,-32]],[[619,555],[-3,-39]],[[519,144],[-197,64]],[[322,208],[74,59],[24,-3],[41,47],[56,5],[22,9],[4,73],[-4,64],[39,61],[41,32]],[[1052,339],[41,-41],[45,-53],[10,-46],[-6,-26],[11,-28]],[[945,8],[-97,23],[-62,21]],[[619,555],[23,21]],[[828,688],[21,-62],[3,-50]],[[322,208],[-116,24]]],"transform":{"scale":[0.00011846838336188571,0.00008466218490569675],"translate":[124.48150059000011,11.523722703000027]},"objects":{"bgysubmuns-municity-807804000":{"type":"GeometryCollection","geometries":[{"arcs":[[0,1,2,3]],"type":"Polygon","properties":{"adm1_psgc":800000000,"adm2_psgc":807800000,"adm3_psgc":807804000,"adm4_psgc":807804001,"adm4_en":"Alegria","geo_level":"Bgy","len_crs":3821,"area_crs":784277,"len_km":3,"area_km2":0},"id":807804001},{"arcs":[[4,5]],"type":"Polygon","properties":{"adm1_psgc":800000000,"adm2_psgc":807800000,"adm3_psgc":807804000,"adm4_psgc":807804002,"adm4_en":"Asug","geo_level":"Bgy","len_crs":6963,"area_crs":2012238,"len_km":6,"area_km2":2},"id":807804002},{"arcs":[[6,7,8,9]],"type":"Polygon","properties":{"adm1_psgc":800000000,"adm2_psgc":807800000,"adm3_psgc":807804000,"adm4_psgc":807804003,"adm4_en":"Bari-is","geo_level":"Bgy","len_crs":12649,"area_crs":6194099,"len_km":12,"area_km2":6},"id":807804003},{"arcs":[[10,11,12,-2,13]],"type":"Polygon","properties":{"adm1_psgc":800000000,"adm2_psgc":807800000,"adm3_psgc":807804000,"adm4_psgc":807804004,"adm4_en":"Binohangan","geo_level":"Bgy","len_crs":8200,"area_crs":3202017,"len_km":8,"area_km2":3},"id":807804004},{"arcs":[[14,-12,15,16,17,18]],"type":"Polygon","properties":{"adm1_psgc":800000000,"adm2_psgc":807800000,"adm3_psgc":807804000,"adm4_psgc":807804005,"adm4_en":"Cabibihan","geo_level":"Bgy","len_crs":26670,"area_crs":23548996,"len_km":26,"area_km2":23},"id":807804005},{"arcs":[[19,-19,20,21]],"type":"Polygon","properties":{"adm1_psgc":800000000,"adm2_psgc":807800000,"adm3_psgc":807804000,"adm4_psgc":807804006,"adm4_en":"Kawayanon","geo_level":"Bgy","len_crs":7379,"area_crs":3124751,"len_km":7,"area_km2":3},"id":807804006},{"arcs":[[22,-9,23,24,25,26]],"type":"Polygon","properties":{"adm1_psgc":800000000,"adm2_psgc":807800000,"adm3_psgc":807804000,"adm4_psgc":807804007,"adm4_en":"Looc","geo_level":"Bgy","len_crs":13976,"area_crs":6185679,"len_km":13,"area_km2":6},"id":807804007},{"arcs":[[27,-27,28,29]],"type":"Polygon","properties":{"adm1_psgc":800000000,"adm2_psgc":807800000,"adm3_psgc":807804000,"adm4_psgc":807804009,"adm4_en":"Manlabang","geo_level":"Bgy","len_crs":6215,"area_crs":1754139,"len_km":6,"area_km2":1},"id":807804009},{"arcs":[[-13,-15,-20,30,-3]],"type":"Polygon","properties":{"adm1_psgc":800000000,"adm2_psgc":807800000,"adm3_psgc":807804000,"adm4_psgc":807804010,"adm4_en":"Caulangohan","geo_level":"Bgy","len_crs":4484,"area_crs":1207429,"len_km":4,"area_km2":1},"id":807804010},{"arcs":[[31,-29,-26,32,33,34]],"type":"Polygon","properties":{"adm1_psgc":800000000,"adm2_psgc":807800000,"adm3_psgc":807804000,"adm4_psgc":807804011,"adm4_en":"Maurang","geo_level":"Bgy","len_crs":9390,"area_crs":4568827,"len_km":9,"area_km2":4},"id":807804011},{"arcs":[[35,-35,36,37]],"type":"Polygon","properties":{"adm1_psgc":800000000,"adm2_psgc":807800000,"adm3_psgc":807804000,"adm4_psgc":807804012,"adm4_en":"Palanay","geo_level":"Bgy","len_crs":2119,"area_crs":124926,"len_km":2,"area_km2":0},"id":807804012},{"arcs":[[-30,-32,-36,38]],"type":"Polygon","properties":{"adm1_psgc":800000000,"adm2_psgc":807800000,"adm3_psgc":807804000,"adm4_psgc":807804013,"adm4_en":"Palengke","geo_level":"Bgy","len_crs":2896,"area_crs":280323,"len_km":2,"area_km2":0},"id":807804013},{"arcs":[[-4,-31,-22,39]],"type":"Polygon","properties":{"adm1_psgc":800000000,"adm2_psgc":807800000,"adm3_psgc":807804000,"adm4_psgc":807804014,"adm4_en":"Tomalistis","geo_level":"Bgy","len_crs":7361,"area_crs":2488327,"len_km":7,"area_km2":2},"id":807804014},{"arcs":[[40,-33,-25,41,42]],"type":"Polygon","properties":{"adm1_psgc":800000000,"adm2_psgc":807800000,"adm3_psgc":807804000,"adm4_psgc":807804015,"adm4_en":"Union","geo_level":"Bgy","len_crs":13558,"area_crs":5985677,"len_km":13,"area_km2":5},"id":807804015},{"arcs":[[43,-6,44,-7]],"type":"Polygon","properties":{"adm1_psgc":800000000,"adm2_psgc":807800000,"adm3_psgc":807804000,"adm4_psgc":807804016,"adm4_en":"Uson","geo_level":"Bgy","len_crs":12338,"area_crs":6239624,"len_km":12,"area_km2":6},"id":807804016},{"arcs":[[-37,-34,-41,45,-16,-11,46]],"type":"Polygon","properties":{"adm1_psgc":800000000,"adm2_psgc":807800000,"adm3_psgc":807804000,"adm4_psgc":807804017,"adm4_en":"Victory","geo_level":"Bgy","len_crs":8792,"area_crs":2272805,"len_km":8,"area_km2":2},"id":807804017},{"arcs":[[-46,-43,47,-17]],"type":"Polygon","properties":{"adm1_psgc":800000000,"adm2_psgc":807800000,"adm3_psgc":807804000,"adm4_psgc":807804018,"adm4_en":"Villa Vicenta","geo_level":"Bgy","len_crs":15920,"area_crs":7518146,"len_km":15,"area_km2":7},"id":807804018}]}}}