{"type":"Topology","arcs":[[[695,451],[-17,-40]],[[678,411],[-48,-60],[-45,-101],[-60,-4],[-78,-31]],[[447,215],[-1,133]],[[446,348],[69,72],[62,-7],[64,56],[54,-18]],[[635,547],[65,-94]],[[700,453],[-5,-2]],[[446,348],[-1,162]],[[445,510],[47,38],[26,-19],[103,23]],[[621,552],[14,-5]],[[1138,177],[45,-159]],[[1183,18],[-112,50],[-41,103]],[[1030,171],[26,70]],[[1056,241],[41,-55],[41,-9]],[[1042,506],[-1,-130]],[[1041,376],[-49,-8],[-50,-34],[-31,34]],[[911,368],[-56,25],[-39,67],[-34,-12]],[[782,448],[-58,48],[-42,58]],[[682,554],[248,-25],[112,-23]],[[782,448],[-42,-13],[-40,18]],[[635,547],[47,7]],[[1315,286],[-37,1]],[[1278,287],[-85,1]],[[1193,288],[22,88]],[[1215,376],[84,-47],[16,-43]],[[445,510],[-1,184]],[[444,694],[100,-83],[53,-61],[24,2]],[[1453,560],[-90,-72]],[[1363,488],[-4,27]],[[1359,515],[81,137],[13,-92]],[[1270,459],[-39,-63]],[[1231,396],[-36,23],[-56,-5]],[[1139,414],[-50,-3]],[[1089,411],[-48,-35]],[[1042,506],[228,-47]],[[1406,140],[-7,-68]],[[1399,72],[-50,1],[-2,-37]],[[1347,36],[-18,9]],[[1329,45],[2,154]],[[1331,199],[69,6]],[[1400,205],[6,-65]],[[1399,72],[-9,-68]],[[1390,4],[-43,32]],[[911,368],[-42,-147]],[[869,221],[-93,26],[-74,-5]],[[702,242],[-23,111],[-1,58]],[[1278,287],[5,-91]],[[1283,196],[-94,-21]],[[1189,175],[4,113]],[[1283,196],[48,3]],[[1329,45],[-14,10],[-92,-47],[-40,10]],[[1138,177],[51,-2]],[[1406,140],[25,11]],[[1431,151],[50,-19]],[[1481,132],[10,-132],[-101,4]],[[1458,405],[-70,12]],[[1388,417],[-25,71]],[[1453,560],[5,-155]],[[1089,411],[2,-106]],[[1091,305],[-35,-64]],[[1030,171],[-161,50]],[[1231,396],[133,-12]],[[1364,384],[1,-55],[37,-46]],[[1402,283],[-14,-1]],[[1388,282],[-73,4]],[[1215,376],[-43,5],[-33,33]],[[1458,405],[9,-99],[-16,-50]],[[1451,256],[-19,6]],[[1432,262],[-30,21]],[[1364,384],[24,33]],[[1270,459],[89,56]],[[447,215],[2,-25]],[[449,190],[-112,-59],[-336,-21],[-1,139],[80,74],[44,100],[73,65],[85,146],[69,-23],[66,91],[27,-8]],[[1476,183],[-34,19]],[[1442,202],[13,49]],[[1455,251],[21,-68]],[[1091,305],[102,-17]],[[702,242],[-83,-35],[-170,-17]],[[1388,282],[12,-77]],[[1451,256],[4,-5]],[[1442,202],[-11,-51]],[[1400,205],[32,57]],[[1476,183],[5,-51]]],"transform":{"scale":[0.00013756822669348898,0.00008027417378914372],"translate":[123.66290596600003,8.183468876000061]},"objects":{"bgysubmuns-municity-1004205000":{"type":"GeometryCollection","geometries":[{"arcs":[[0,1,2,3]],"type":"Polygon","properties":{"adm1_psgc":1000000000,"adm2_psgc":1004200000,"adm3_psgc":1004205000,"adm4_psgc":1004205002,"adm4_en":"Bernad","geo_level":"Bgy","len_crs":11664,"area_crs":4405642,"len_km":11,"area_km2":4},"id":1004205002},{"arcs":[[4,5,-4,6,7,8]],"type":"Polygon","properties":{"adm1_psgc":1000000000,"adm2_psgc":1004200000,"adm3_psgc":1004205000,"adm4_psgc":1004205003,"adm4_en":"Bito-on","geo_level":"Bgy","len_crs":11649,"area_crs":3730447,"len_km":11,"area_km2":3},"id":1004205003},{"arcs":[[9,10,11,12]],"type":"Polygon","properties":{"adm1_psgc":1000000000,"adm2_psgc":1004200000,"adm3_psgc":1004205000,"adm4_psgc":1004205004,"adm4_en":"Cabunga-an","geo_level":"Bgy","len_crs":6771,"area_crs":2180531,"len_km":6,"area_km2":2},"id":1004205004},{"arcs":[[13,14,15,16,17]],"type":"Polygon","properties":{"adm1_psgc":1000000000,"adm2_psgc":1004200000,"adm3_psgc":1004205000,"adm4_psgc":1004205005,"adm4_en":"Canibungan Daku","geo_level":"Bgy","len_crs":13182,"area_crs":5652604,"len_km":13,"area_km2":5},"id":1004205005},{"arcs":[[-17,18,-5,19]],"type":"Polygon","properties":{"adm1_psgc":1000000000,"adm2_psgc":1004200000,"adm3_psgc":1004205000,"adm4_psgc":1004205006,"adm4_en":"Canibungan Putol","geo_level":"Bgy","len_crs":5275,"area_crs":868822,"len_km":5,"area_km2":0},"id":1004205006},{"arcs":[[20,21,22,23]],"type":"Polygon","properties":{"adm1_psgc":1000000000,"adm2_psgc":1004200000,"adm3_psgc":1004205000,"adm4_psgc":1004205007,"adm4_en":"Canipacan","geo_level":"Bgy","len_crs":4616,"area_crs":925044,"len_km":4,"area_km2":0},"id":1004205007},{"arcs":[[-8,24,25]],"type":"Polygon","properties":{"adm1_psgc":1000000000,"adm2_psgc":1004200000,"adm3_psgc":1004205000,"adm4_psgc":1004205008,"adm4_en":"Dalingap","geo_level":"Bgy","len_crs":8716,"area_crs":1870371,"len_km":8,"area_km2":1},"id":1004205008},{"arcs":[[26,27,28]],"type":"Polygon","properties":{"adm1_psgc":1000000000,"adm2_psgc":1004200000,"adm3_psgc":1004205000,"adm4_psgc":1004205009,"adm4_en":"Dela Paz","geo_level":"Bgy","len_crs":4521,"area_crs":847844,"len_km":4,"area_km2":0},"id":1004205009},{"arcs":[[29,30,31,32,-14,33]],"type":"Polygon","properties":{"adm1_psgc":1000000000,"adm2_psgc":1004200000,"adm3_psgc":1004205000,"adm4_psgc":1004205010,"adm4_en":"Dolores","geo_level":"Bgy","len_crs":8789,"area_crs":2204248,"len_km":8,"area_km2":2},"id":1004205010},{"arcs":[[34,35,36,37,38,39]],"type":"Polygon","properties":{"adm1_psgc":1000000000,"adm2_psgc":1004200000,"adm3_psgc":1004205000,"adm4_psgc":1004205011,"adm4_en":"Gata Daku","geo_level":"Bgy","len_crs":5293,"area_crs":1368586,"len_km":5,"area_km2":1},"id":1004205011},{"arcs":[[40,41,-36]],"type":"Polygon","properties":{"adm1_psgc":1000000000,"adm2_psgc":1004200000,"adm3_psgc":1004205000,"adm4_psgc":1004205012,"adm4_en":"Gata Diot","geo_level":"Bgy","len_crs":2547,"area_crs":306335,"len_km":2,"area_km2":0},"id":1004205012},{"arcs":[[42,43,44,-1,-6,-19,-16]],"type":"Polygon","properties":{"adm1_psgc":1000000000,"adm2_psgc":1004200000,"adm3_psgc":1004205000,"adm4_psgc":1004205013,"adm4_en":"Guba","geo_level":"Bgy","len_crs":10524,"area_crs":5450657,"len_km":10,"area_km2":5},"id":1004205013},{"arcs":[[45,46,47,-22]],"type":"Polygon","properties":{"adm1_psgc":1000000000,"adm2_psgc":1004200000,"adm3_psgc":1004205000,"adm4_psgc":1004205014,"adm4_en":"Kinangay Norte","geo_level":"Bgy","len_crs":4639,"area_crs":1174289,"len_km":4,"area_km2":1},"id":1004205014},{"arcs":[[48,-38,49,-10,50,-47]],"type":"Polygon","properties":{"adm1_psgc":1000000000,"adm2_psgc":1004200000,"adm3_psgc":1004205000,"adm4_psgc":1004205015,"adm4_en":"Kinangay Sur","geo_level":"Bgy","len_crs":9431,"area_crs":3775907,"len_km":9,"area_km2":3},"id":1004205015},{"arcs":[[-41,-35,51,52,53]],"type":"Polygon","properties":{"adm1_psgc":1000000000,"adm2_psgc":1004200000,"adm3_psgc":1004205000,"adm4_psgc":1004205016,"adm4_en":"Lapasan","geo_level":"Bgy","len_crs":5899,"area_crs":1649781,"len_km":5,"area_km2":1},"id":1004205016},{"arcs":[[54,55,-27,56]],"type":"Polygon","properties":{"adm1_psgc":1000000000,"adm2_psgc":1004200000,"adm3_psgc":1004205000,"adm4_psgc":1004205017,"adm4_en":"Lupagan","geo_level":"Bgy","len_crs":5795,"area_crs":1355278,"len_km":5,"area_km2":1},"id":1004205017},{"arcs":[[57,58,-12,59,-43,-15,-33]],"type":"Polygon","properties":{"adm1_psgc":1000000000,"adm2_psgc":1004200000,"adm3_psgc":1004205000,"adm4_psgc":1004205018,"adm4_en":"Malibangcao","geo_level":"Bgy","len_crs":9884,"area_crs":4347596,"len_km":9,"area_km2":4},"id":1004205018},{"arcs":[[60,61,62,63,-24,64,-31]],"type":"Polygon","properties":{"adm1_psgc":1000000000,"adm2_psgc":1004200000,"adm3_psgc":1004205000,"adm4_psgc":1004205019,"adm4_en":"Masabud","geo_level":"Bgy","len_crs":10718,"area_crs":1787771,"len_km":10,"area_km2":1},"id":1004205019},{"arcs":[[65,66,67,-62,68,-55]],"type":"Polygon","properties":{"adm1_psgc":1000000000,"adm2_psgc":1004200000,"adm3_psgc":1004205000,"adm4_psgc":1004205020,"adm4_en":"Mialen","geo_level":"Bgy","len_crs":5936,"area_crs":1608308,"len_km":5,"area_km2":1},"id":1004205020},{"arcs":[[-56,-69,-61,-30,69,-28]],"type":"Polygon","properties":{"adm1_psgc":1000000000,"adm2_psgc":1004200000,"adm3_psgc":1004205000,"adm4_psgc":1004205021,"adm4_en":"Pan-ay","geo_level":"Bgy","len_crs":6591,"area_crs":1472051,"len_km":6,"area_km2":1},"id":1004205021},{"arcs":[[-25,-7,-3,70,71]],"type":"Polygon","properties":{"adm1_psgc":1000000000,"adm2_psgc":1004200000,"adm3_psgc":1004205000,"adm4_psgc":1004205022,"adm4_en":"Penacio","geo_level":"Bgy","len_crs":21733,"area_crs":22723289,"len_km":21,"area_km2":22},"id":1004205022},{"arcs":[[72,73,74]],