{"type":"Topology","arcs":[[[362,204],[-73,-60]],[[289,144],[-82,82],[-35,59]],[[172,285],[77,45]],[[249,330],[113,-126]],[[857,659],[-77,-39]],[[780,620],[-33,164]],[[747,784],[32,13],[28,-40],[28,-72],[22,-26]],[[430,501],[23,-31]],[[453,470],[-36,-17]],[[417,453],[-65,32],[-60,54]],[[292,539],[-23,46],[26,27],[8,51]],[[303,663],[-17,127]],[[286,790],[43,0]],[[329,790],[36,-180],[65,-109]],[[480,308],[-66,-62]],[[414,246],[-52,-42]],[[249,330],[4,39]],[[253,369],[155,53]],[[408,422],[72,-114]],[[563,658],[41,-80]],[[604,578],[-98,-10],[-76,-67]],[[329,790],[109,13],[125,-145]],[[933,158],[-76,-39]],[[857,119],[-55,110]],[[802,229],[131,18]],[[933,247],[-10,-64],[10,-25]],[[504,131],[47,-71]],[[551,60],[-173,-60],[-30,36],[-14,46],[-45,62]],[[414,246],[90,-115]],[[857,659],[49,-111],[-41,-30]],[[865,518],[-27,-1]],[[838,517],[-26,-8],[-24,14],[-39,0],[-23,-12],[-2,-35],[-22,-4],[-19,26],[-16,-28]],[[667,470],[22,115]],[[689,585],[91,35]],[[742,782],[-35,-29]],[[707,753],[-41,71],[100,48],[7,-26],[-31,-64]],[[714,32],[-163,28]],[[504,131],[107,62],[92,34]],[[703,227],[11,-195]],[[292,539],[-49,-10]],[[243,529],[-109,73]],[[134,602],[-21,24]],[[113,626],[84,46],[33,8],[73,-17]],[[134,602],[-41,-82]],[[93,520],[-32,15],[-25,30],[-21,44],[-4,61],[-11,40],[77,22]],[[77,732],[36,-106]],[[857,119],[23,-113]],[[880,6],[-166,26]],[[703,227],[99,2]],[[667,470],[-15,-82]],[[652,388],[-172,94],[-27,-12]],[[604,578],[85,7]],[[563,658],[80,43],[64,52]],[[742,782],[5,2]],[[933,158],[7,-7],[21,-123],[-81,-22]],[[858,462],[-17,-3]],[[841,459],[0,7]],[[841,466],[-3,51]],[[865,518],[-7,-56]],[[893,416],[-30,-1],[-22,44]],[[858,462],[12,-32],[23,-14]],[[893,416],[12,-4]],[[905,412],[-148,-64]],[[757,348],[-36,87]],[[721,435],[57,28],[63,3]],[[721,435],[-69,-47]],[[757,348],[-54,-121]],[[480,308],[35,32],[137,48]],[[905,412],[27,-44],[-29,-53],[-1,-31],[31,-37]],[[77,732],[60,13],[149,45]],[[417,453],[-9,-31]],[[253,369],[-10,160]],[[172,285],[19,72],[9,70],[-18,40],[-63,23],[-26,30]]],"transform":{"scale":[0.00011766259729443169,0.00010249625114674186],"translate":[123.66347011800009,12.436259677000066]},"objects":{"bgysubmuns-municity-504118000":{"type":"GeometryCollection","geometries":[{"arcs":[[0,1,2,3]],"type":"Polygon","properties":{"adm1_psgc":500000000,"adm2_psgc":504100000,"adm3_psgc":504118000,"adm4_psgc":504118001,"adm4_en":"Altavista","geo_level":"Bgy","len_crs":6759,"area_crs":2451895,"len_km":6,"area_km2":2},"id":504118001},{"arcs":[[4,5,6]],"type":"Polygon","properties":{"adm1_psgc":500000000,"adm2_psgc":504100000,"adm3_psgc":504118000,"adm4_psgc":504118002,"adm4_en":"Benitinan","geo_level":"Bgy","len_crs":5445,"area_crs":1421202,"len_km":5,"area_km2":1},"id":504118002},{"arcs":[[7,8,9,10,11,12,13]],"type":"Polygon","properties":{"adm1_psgc":500000000,"adm2_psgc":504100000,"adm3_psgc":504118000,"adm4_psgc":504118003,"adm4_en":"Buenasuerte","geo_level":"Bgy","len_crs":10243,"area_crs":3389047,"len_km":10,"area_km2":3},"id":504118003},{"arcs":[[14,15,-4,16,17,18]],"type":"Polygon","properties":{"adm1_psgc":500000000,"adm2_psgc":504100000,"adm3_psgc":504118000,"adm4_psgc":504118004,"adm4_en":"Buenavista","geo_level":"Bgy","len_crs":8046,"area_crs":4109452,"len_km":8,"area_km2":4},"id":504118004},{"arcs":[[19,20,-14,21]],"type":"Polygon","properties":{"adm1_psgc":500000000,"adm2_psgc":504100000,"adm3_psgc":504118000,"adm4_psgc":504118005,"adm4_en":"Buenos Aires","geo_level":"Bgy","len_crs":10818,"area_crs":6591890,"len_km":10,"area_km2":6},"id":504118005},{"arcs":[[22,23,24,25]],"type":"Polygon","properties":{"adm1_psgc":500000000,"adm2_psgc":504100000,"adm3_psgc":504118000,"adm4_psgc":504118006,"adm4_en":"Buyo","geo_level":"Bgy","len_crs":5266,"area_crs":1540582,"len_km":5,"area_km2":1},"id":504118006},{"arcs":[[26,27,-1,-16,28]],"type":"Polygon","properties":{"adm1_psgc":500000000,"adm2_psgc":504100000,"adm3_psgc":504118000,"adm4_psgc":504118007,"adm4_en":"Cañelas","geo_level":"Bgy","len_crs":9223,"area_crs":4958534,"len_km":9,"area_km2":4},"id":504118007},{"arcs":[[29,30,31,32,33,-5]],"type":"Polygon","properties":{"adm1_psgc":500000000,"adm2_psgc":504100000,"adm3_psgc":504118000,"adm4_psgc":504118008,"adm4_en":"Corbada","geo_level":"Bgy","len_crs":11446,"area_crs":3296746,"len_km":11,"area_km2":3},"id":504118008},{"arcs":[[34,35]],"type":"Polygon","properties":{"adm1_psgc":500000000,"adm2_psgc":504100000,"adm3_psgc":504118000,"adm4_psgc":504118009,"adm4_en":"Daplian","geo_level":"Bgy","len_crs":4498,"area_crs":843655,"len_km":4,"area_km2":0},"id":504118009},{"arcs":[[36,-27,37,38]],"type":"Polygon","properties":{"adm1_psgc":500000000,"adm2_psgc":504100000,"adm3_psgc":504118000,"adm4_psgc":504118010,"adm4_en":"Del Rosario","geo_level":"Bgy","len_crs":8088,"area_crs":3763815,"len_km":8,"area_km2":3},"id":504118010},{"arcs":[[-11,39,40,41,42]],"type":"Polygon","properties":{"adm1_psgc":500000000,"adm2_psgc":504100000,"adm3_psgc":504118000,"adm4_psgc":504118011,"adm4_en":"Ipil","geo_level":"Bgy","len_crs":7018,"area_crs":2545217,"len_km":7,"area_km2":2},"id":504118011},{"arcs":[[-42,43,44,45]],"type":"Polygon","properties":{"adm1_psgc":500000000,"adm2_psgc":504100000,"adm3_psgc":504118000,"adm4_psgc":504118012,"adm4_en":"Lahong","geo_level":"Bgy","len_crs":6781,"area_crs":2388876,"len_km":6,"area_km2":2},"id":504118012},{"arcs":[[46,47,-39,48,-24]],"type":"Polygon","properties":{"adm1_psgc":500000000,"adm2_psgc":504100000,"adm3_psgc":504118000,"adm4_psgc":504118013,"adm4_en":"Lumbia","geo_level":"Bgy","len_crs":8385,"area_crs":4243758,"len_km":8,"area_km2":4},"id":504118013},{"arcs":[[49,50,-8,-21,51,-33]],"type":"Polygon","properties":{"adm1_psgc":500000000,"adm2_psgc":504100000,"adm3_psgc":504118000,"adm4_psgc":504118014,"adm4_en":"Magkaipit","geo_level":"Bgy","len_crs":9347,"area_crs":4278375,"len_km":9,"area_km2":4},"id":504118014},{"arcs":[[-34,-52,-20,52,-35,53,-6]],"type":"Polygon","properties":{"adm1_psgc":500000000,"adm2_psgc":504100000,"adm3_psgc":504118000,"adm4_psgc":504118015,"adm4_en":"Minio","geo_level":"Bgy","len_crs":8036,"area_crs":3660510,"len_km":8,"area_km2":3},"id":504118015},{"arcs":[[-47,-23,54]],"type":"Polygon","properties":{"adm1_psgc":500000000,"adm2_psgc":504100000,"adm3_psgc":504118000,"adm4_psgc":504118016,"adm4_en":"Pinamoghaan","geo_level":"Bgy","len_crs":5042,"area_crs":1525367,"len_km":5,"area_km2":1},"id":504118016},{"arcs":[[55,56,57,-31,58]],"type":"Polygon","properties":{"adm1_psgc":500000000,"adm2_psgc":504100000,"adm3_psgc":504118000,"adm4_psgc":504118017,"adm4_en":"Baybaydagat Pob.","geo_level":"Bgy","len_crs":2621,"area_crs":122411,"len_km":2,"area_km2":0},"id":504118017},{"arcs":[[59,-56,60]],"type":"Polygon","properties":{"adm1_psgc":500000000,"adm2_psgc":504100000,"adm3_psgc":504118000,"adm4_psgc":504118018,"adm4_en":"Silangan Pob.","geo_level":"Bgy","len_crs":2026,"area_crs":142432,"len_km":2,"area_km2":0},"id":504118018},{"arcs":[[-60,61,62,63,64,-57]],"type":"Polygon","properties":{"adm1_psgc":500000000,"adm2_psgc":504100000,"adm3_psgc":504118000,"adm4_psgc":504118019,"adm4_en":"Magsasaka Pob.","geo_level":"Bgy","len_crs":6072,"area_crs":1622525,"len_km":6,"area_km2":1},"id":504118019},{"arcs":[[-58,-65,65,-50,-32]],"type":"Polygon","properties":{"adm1_psgc":500000000,"adm2_psgc":504100000,"adm3_psgc":504118000,"adm4_psgc":504118020,"adm4_en":"Bayanihan Pob.","geo_level":"Bgy","len_crs":8991,"area_crs":1710606,"len_km":8,"area_km2":1},"id":504118020},{"arcs":[[66,-38,-29,-15,67,-66,-64]],"type":"Polygon","properties":{"adm1_psgc":500000000,"adm2_psgc":504100000,"adm3_psgc":504118000,"adm4_psgc":504118021,"adm4_en":"Progreso","geo_level":"Bgy","len_crs":11685,"area_crs":7656819,"len_km":11,"area_km2":7},"id":504118021},{"arcs":[[-25,-49,-67,-63,68]],"type":"Polygon","properties":{"adm1_psgc":500000000,"adm2_psgc":504100000,"adm3_psgc":504118000,"adm4_psgc":504118022,"adm4_en":"Resurreccion","geo_level":"Bgy","len_crs":9121,"area_crs":3941132,"len_km":9,"area_km2":3},"id":504118022},{"arcs":[[-43,-46,69,-12]],