{"type":"Topology","arcs":[[[441,623],[-15,-123]],[[426,500],[-11,-62]],[[415,438],[-86,80],[-44,32]],[[285,550],[16,14],[66,110]],[[367,674],[74,-51]],[[522,610],[-1,-57],[13,-61]],[[534,492],[-108,8]],[[441,623],[81,-13]],[[343,897],[-122,-67]],[[221,830],[-66,-49]],[[155,781],[-65,51],[-9,23]],[[81,855],[47,30],[118,165],[78,-144],[19,-9]],[[155,781],[15,-14],[3,-62],[26,-9]],[[199,696],[-10,-45]],[[189,651],[-44,29],[-115,53],[-30,18],[81,104]],[[323,790],[-36,-83]],[[287,707],[-88,-11]],[[221,830],[62,-38],[40,-2]],[[760,193],[-70,-47]],[[690,146],[-58,-34]],[[632,112],[-51,53]],[[581,165],[84,53]],[[665,218],[62,40]],[[727,258],[33,-65]],[[764,73],[-50,-34]],[[714,39],[-53,47]],[[661,86],[60,30]],[[721,116],[43,-43]],[[665,218],[-62,76]],[[603,294],[16,17]],[[619,311],[38,42],[39,-39],[31,-56]],[[843,72],[-58,-68]],[[785,4],[-71,35]],[[764,73],[45,31]],[[809,104],[34,-32]],[[551,455],[-17,37]],[[522,610],[-29,99]],[[493,709],[57,50]],[[550,759],[31,-70],[26,-85],[29,-68],[-85,-81]],[[551,455],[29,-69]],[[580,386],[-96,-21],[-10,-10]],[[474,355],[-34,58]],[[440,413],[19,9],[75,70]],[[661,86],[-29,26]],[[690,146],[31,-30]],[[581,165],[-39,52],[-4,26]],[[538,243],[65,51]],[[843,72],[32,-30],[-36,-42],[-54,4]],[[367,674],[-80,33]],[[323,790],[37,-1],[133,-80]],[[538,243],[-64,112]],[[580,386],[39,-75]],[[285,550],[-51,33],[-45,68]],[[343,897],[101,-54],[106,-84]],[[760,193],[49,-89]],[[440,413],[-25,25]]],"transform":{"scale":[0.00014084525599995296,0.000159708157142888],"translate":[123.94973662800008,11.72070148300003]},"objects":{"bgysubmuns-municity-504109000":{"type":"GeometryCollection","geometries":[{"arcs":[[0,1,2,3,4]],"type":"Polygon","properties":{"adm1_psgc":500000000,"adm2_psgc":504100000,"adm3_psgc":504109000,"adm4_psgc":504109001,"adm4_en":"Agoho","geo_level":"Bgy","len_crs":10165,"area_crs":5335409,"len_km":10,"area_km2":5},"id":504109001},{"arcs":[[5,6,-1,7]],"type":"Polygon","properties":{"adm1_psgc":500000000,"adm2_psgc":504100000,"adm3_psgc":504109000,"adm4_psgc":504109002,"adm4_en":"Almero","geo_level":"Bgy","len_crs":7221,"area_crs":3052502,"len_km":7,"area_km2":3},"id":504109002},{"arcs":[[8,9,10,11]],"type":"Polygon","properties":{"adm1_psgc":500000000,"adm2_psgc":504100000,"adm3_psgc":504109000,"adm4_psgc":504109003,"adm4_en":"Baras","geo_level":"Bgy","len_crs":12810,"area_crs":8015511,"len_km":12,"area_km2":8},"id":504109003},{"arcs":[[12,13,14,-11]],"type":"Polygon","properties":{"adm1_psgc":500000000,"adm2_psgc":504100000,"adm3_psgc":504109000,"adm4_psgc":504109004,"adm4_en":"Domorog","geo_level":"Bgy","len_crs":10177,"area_crs":4791192,"len_km":10,"area_km2":4},"id":504109004},{"arcs":[[15,16,-13,-10,17]],"type":"Polygon","properties":{"adm1_psgc":500000000,"adm2_psgc":504100000,"adm3_psgc":504109000,"adm4_psgc":504109005,"adm4_en":"Guadalupe","geo_level":"Bgy","len_crs":7958,"area_crs":4057866,"len_km":7,"area_km2":4},"id":504109005},{"arcs":[[18,19,20,21,22,23]],"type":"Polygon","properties":{"adm1_psgc":500000000,"adm2_psgc":504100000,"adm3_psgc":504109000,"adm4_psgc":504109006,"adm4_en":"Iligan","geo_level":"Bgy","len_crs":7671,"area_crs":3199359,"len_km":7,"area_km2":3},"id":504109006},{"arcs":[[24,25,26,27]],"type":"Polygon","properties":{"adm1_psgc":500000000,"adm2_psgc":504100000,"adm3_psgc":504109000,"adm4_psgc":504109007,"adm4_en":"Labangtaytay","geo_level":"Bgy","len_crs":4233,"area_crs":1064035,"len_km":4,"area_km2":1},"id":504109007},{"arcs":[[-23,28,29,30]],"type":"Polygon","properties":{"adm1_psgc":500000000,"adm2_psgc":504100000,"adm3_psgc":504109000,"adm4_psgc":504109008,"adm4_en":"Labrador","geo_level":"Bgy","len_crs":6195,"area_crs":2393589,"len_km":6,"area_km2":2},"id":504109008},{"arcs":[[31,32,-25,33,34]],"type":"Polygon","properties":{"adm1_psgc":500000000,"adm2_psgc":504100000,"adm3_psgc":504109000,"adm4_psgc":504109009,"adm4_en":"Libertad","geo_level":"Bgy","len_crs":5776,"area_crs":1697727,"len_km":5,"area_km2":1},"id":504109009},{"arcs":[[35,-6,36,37,38]],"type":"Polygon","properties":{"adm1_psgc":500000000,"adm2_psgc":504100000,"adm3_psgc":504109000,"adm4_psgc":504109010,"adm4_en":"Magsaysay","geo_level":"Bgy","len_crs":11967,"area_crs":5917171,"len_km":11,"area_km2":5},"id":504109010},{"arcs":[[39,40,41,42,-36]],"type":"Polygon","properties":{"adm1_psgc":500000000,"adm2_psgc":504100000,"adm3_psgc":504109000,"adm4_psgc":504109011,"adm4_en":"Masbaranon","geo_level":"Bgy","len_crs":7088,"area_crs":2619077,"len_km":7,"area_km2":2},"id":504109011},{"arcs":[[-27,43,-20,44]],"type":"Polygon","properties":{"adm1_psgc":500000000,"adm2_psgc":504100000,"adm3_psgc":504109000,"adm4_psgc":504109012,"adm4_en":"Poblacion","geo_level":"Bgy","len_crs":4227,"area_crs":716787,"len_km":4,"area_km2":0},"id":504109012},{"arcs":[[-22,45,46,-29]],"type":"Polygon","properties":{"adm1_psgc":500000000,"adm2_psgc":504100000,"adm3_psgc":504109000,"adm4_psgc":504109013,"adm4_en":"Potingbato","geo_level":"Bgy","len_crs":6422,"area_crs":2397091,"len_km":6,"area_km2":2},"id":504109013},{"arcs":[[-32,47]],"type":"Polygon","properties":{"adm1_psgc":500000000,"adm2_psgc":504100000,"adm3_psgc":504109000,"adm4_psgc":504109014,"adm4_en":"Rizal","geo_level":"Bgy","len_crs":4140,"area_crs":934478,"len_km":4,"area_km2":0},"id":504109014},{"arcs":[[-37,-8,-5,48,-16,49]],"type":"Polygon","properties":{"adm1_psgc":500000000,"adm2_psgc":504100000,"adm3_psgc":504109000,"adm4_psgc":504109015,"adm4_en":"San Roque","geo_level":"Bgy","len_crs":10502,"area_crs":5840106,"len_km":10,"area_km2":5},"id":504109015},{"arcs":[[-30,-47,50,-41,51]],"type":"Polygon","properties":{"adm1_psgc":500000000,"adm2_psgc":504100000,"adm3_psgc":504109000,"adm4_psgc":504109016,"adm4_en":"Santiago","geo_level":"Bgy","len_crs":7312,"area_crs":3281497,"len_km":7,"area_km2":3},"id":504109016},{"arcs":[[-4,52,-14,-17,-49]],"type":"Polygon","properties":{"adm1_psgc":500000000,"adm2_psgc":504100000,"adm3_psgc":504109000,"adm4_psgc":504109017,"adm4_en":"Sorosimbajan","geo_level":"Bgy","len_crs":8611,"area_crs":4556312,"len_km":8,"area_km2":4},"id":504109017},{"arcs":[[-38,-50,-18,-9,53]],"type":"Polygon","properties":{"adm1_psgc":500000000,"adm2_psgc":504100000,"adm3_psgc":504109000,"adm4_psgc":504109018,"adm4_en":"Tawad","geo_level":"Bgy","len_crs":12330,"area_crs":6928628,"len_km":12,"area_km2":6},"id":504109018},{"arcs":[[-34,-28,-45,-19,54]],"type":"Polygon","properties":{"adm1_psgc":500000000,"adm2_psgc":504100000,"adm3_psgc":504109000,"adm4_psgc":504109019,"adm4_en":"Tunga","geo_level":"Bgy","len_crs":5774,"area_crs":1901578,"len_km":5,"area_km2":1},"id":504109019},{"arcs":[[-43,55,-2,-7]],"type":"Polygon","properties":{"adm1_psgc":500000000,"adm2_psgc":504100000,"adm3_psgc":504109000,"adm4_psgc":504109020,"adm4_en":"Villa","geo_level":"Bgy","len_crs":5436,"area_crs":1576460,"len_km":5,"area_km2":1},"id":504109020}]}}}