{"type":"Topology","arcs":[[[836,260],[48,-54],[14,-64]],[[898,142],[-18,-23]],[[880,119],[-67,47]],[[813,166],[-5,101]],[[808,267],[28,-7]],[[909,364],[-13,-68]],[[896,296],[-60,-36]],[[808,267],[-49,8]],[[759,275],[-25,61]],[[734,336],[50,59]],[[784,395],[110,12],[15,-43]],[[930,190],[-32,-48]],[[896,296],[34,-106]],[[373,521],[-70,-98]],[[303,423],[-36,117]],[[267,540],[50,-26],[56,7]],[[659,331],[-26,-54]],[[633,277],[-55,45]],[[578,322],[19,30]],[[597,352],[62,-21]],[[734,336],[-36,18]],[[698,354],[-82,76]],[[616,430],[24,66]],[[640,496],[144,-101]],[[616,430],[-49,-3]],[[567,427],[-30,-6]],[[537,421],[-25,58]],[[512,479],[-3,45]],[[509,524],[85,2],[46,-30]],[[512,479],[-120,85]],[[392,564],[41,12],[76,-52]],[[813,166],[-22,-30]],[[791,136],[-35,-1]],[[756,135],[-59,94]],[[697,229],[62,46]],[[880,119],[-34,-49]],[[846,70],[-55,66]],[[756,135],[-12,-68]],[[744,67],[-44,35],[-71,16],[-12,77]],[[617,195],[38,40]],[[655,235],[42,-6]],[[846,70],[-45,-70],[-57,67]],[[909,364],[117,-17],[39,-100],[-135,-57]],[[537,421],[-30,-59]],[[507,362],[-103,36],[-88,-13]],[[316,385],[-13,38]],[[373,521],[19,43]],[[633,277],[22,-42]],[[617,195],[-33,66],[-62,55]],[[522,316],[56,6]],[[267,540],[-77,73]],[[190,613],[111,5],[69,49],[22,-103]],[[316,385],[12,-55],[-42,-71],[-10,-76],[-150,-9],[-117,146],[-9,91],[116,70],[0,47],[74,85]],[[698,354],[-39,-23]],[[597,352],[-30,75]],[[522,316],[-15,46]]],"transform":{"scale":[0.00018847841314548858,0.00015644283958019065],"translate":[121.35622238700013,12.56574524500007]},"objects":{"bgysubmuns-municity-1705212000":{"type":"GeometryCollection","geometries":[{"arcs":[[0,1,2,3,4]],"type":"Polygon","properties":{"adm1_psgc":1700000000,"adm2_psgc":1705200000,"adm3_psgc":1705212000,"adm4_psgc":1705212001,"adm4_en":"Bagumbayan","geo_level":"Bgy","len_crs":8424,"area_crs":2416056,"len_km":8,"area_km2":2},"id":1705212001},{"arcs":[[5,6,-5,7,8,9,10]],"type":"Polygon","properties":{"adm1_psgc":1700000000,"adm2_psgc":1705200000,"adm3_psgc":1705212000,"adm4_psgc":1705212002,"adm4_en":"Cantil","geo_level":"Bgy","len_crs":11248,"area_crs":6470779,"len_km":11,"area_km2":6},"id":1705212002},{"arcs":[[11,-1,-7,12]],"type":"Polygon","properties":{"adm1_psgc":1700000000,"adm2_psgc":1705200000,"adm3_psgc":1705212000,"adm4_psgc":1705212003,"adm4_en":"Dangay","geo_level":"Bgy","len_crs":8620,"area_crs":2526826,"len_km":8,"area_km2":2},"id":1705212003},{"arcs":[[13,14,15]],"type":"Polygon","properties":{"adm1_psgc":1700000000,"adm2_psgc":1705200000,"adm3_psgc":1705212000,"adm4_psgc":1705212004,"adm4_en":"Happy Valley","geo_level":"Bgy","len_crs":6805,"area_crs":2093729,"len_km":6,"area_km2":2},"id":1705212004},{"arcs":[[16,17,18,19]],"type":"Polygon","properties":{"adm1_psgc":1700000000,"adm2_psgc":1705200000,"adm3_psgc":1705212000,"adm4_psgc":1705212005,"adm4_en":"Libertad","geo_level":"Bgy","len_crs":4957,"area_crs":1254128,"len_km":4,"area_km2":1},"id":1705212005},{"arcs":[[-10,20,21,22,23]],"type":"Polygon","properties":{"adm1_psgc":1700000000,"adm2_psgc":1705200000,"adm3_psgc":1705212000,"adm4_psgc":1705212006,"adm4_en":"Libtong","geo_level":"Bgy","len_crs":9391,"area_crs":4533684,"len_km":9,"area_km2":4},"id":1705212006},{"arcs":[[-23,24,25,26,27,28]],"type":"Polygon","properties":{"adm1_psgc":1700000000,"adm2_psgc":1705200000,"adm3_psgc":1705212000,"adm4_psgc":1705212007,"adm4_en":"Mabuhay","geo_level":"Bgy","len_crs":8119,"area_crs":3664444,"len_km":8,"area_km2":3},"id":1705212007},{"arcs":[[-28,29,30]],"type":"Polygon","properties":{"adm1_psgc":1700000000,"adm2_psgc":1705200000,"adm3_psgc":1705212000,"adm4_psgc":1705212008,"adm4_en":"Maraska","geo_level":"Bgy","len_crs":6388,"area_crs":1518959,"len_km":6,"area_km2":1},"id":1705212008},{"arcs":[[-4,31,32,33,34,-8]],"type":"Polygon","properties":{"adm1_psgc":1700000000,"adm2_psgc":1705200000,"adm3_psgc":1705212000,"adm4_psgc":1705212009,"adm4_en":"Odiong","geo_level":"Bgy","len_crs":8017,"area_crs":4290908,"len_km":8,"area_km2":4},"id":1705212009},{"arcs":[[35,36,-32,-3]],"type":"Polygon","properties":{"adm1_psgc":1700000000,"adm2_psgc":1705200000,"adm3_psgc":1705212000,"adm4_psgc":1705212010,"adm4_en":"Paclasan","geo_level":"Bgy","len_crs":5606,"area_crs":1457269,"len_km":5,"area_km2":1},"id":1705212010},{"arcs":[[-34,37,38,39,40]],"type":"Polygon","properties":{"adm1_psgc":1700000000,"adm2_psgc":1705200000,"adm3_psgc":1705212000,"adm4_psgc":1705212011,"adm4_en":"San Aquilino","geo_level":"Bgy","len_crs":10259,"area_crs":4911224,"len_km":10,"area_km2":4},"id":1705212011},{"arcs":[[-37,41,-38,-33]],"type":"Polygon","properties":{"adm1_psgc":1700000000,"adm2_psgc":1705200000,"adm3_psgc":1705212000,"adm4_psgc":1705212012,"adm4_en":"San Isidro","geo_level":"Bgy","len_crs":7380,"area_crs":3210462,"len_km":7,"area_km2":3},"id":1705212012},{"arcs":[[-13,-6,42]],"type":"Polygon","properties":{"adm1_psgc":1700000000,"adm2_psgc":1705200000,"adm3_psgc":1705212000,"adm4_psgc":1705212013,"adm4_en":"San Jose","geo_level":"Bgy","len_crs":11533,"area_crs":7241109,"len_km":11,"area_km2":7},"id":1705212013},{"arcs":[[-27,43,44,45,-14,46,-30]],"type":"Polygon","properties":{"adm1_psgc":1700000000,"adm2_psgc":1705200000,"adm3_psgc":1705212000,"adm4_psgc":1705212014,"adm4_en":"San Mariano","geo_level":"Bgy","len_crs":13790,"area_crs":9056641,"len_km":13,"area_km2":9},"id":1705212014},{"arcs":[[-18,47,-40,48,49]],"type":"Polygon","properties":{"adm1_psgc":1700000000,"adm2_psgc":1705200000,"adm3_psgc":1705212000,"adm4_psgc":1705212015,"adm4_en":"San Miguel","geo_level":"Bgy","len_crs":8251,"area_crs":2550320,"len_km":8,"area_km2":2},"id":1705212015},{"arcs":[[-47,-16,50,51]],"type":"Polygon","properties":{"adm1_psgc":1700000000,"adm2_psgc":1705200000,"adm3_psgc":1705212000,"adm4_psgc":1705212016,"adm4_en":"San Rafael","geo_level":"Bgy","len_crs":11017,"area_crs":5770439,"len_km":11,"area_km2":5},"id":1705212016},{"arcs":[[-15,-46,52,-51]],"type":"Polygon","properties":{"adm1_psgc":1700000000,"adm2_psgc":1705200000,"adm3_psgc":1705212000,"adm4_psgc":1705212017,"adm4_en":"San Vicente","geo_level":"Bgy","len_crs":23642,"area_crs":32519523,"len_km":23,"area_km2":32},"id":1705212017},{"arcs":[[-22,53,-20,54,-25]],"type":"Polygon","properties":{"adm1_psgc":1700000000,"adm2_psgc":1705200000,"adm3_psgc":1705212000,"adm4_psgc":1705212018,"adm4_en":"Uyao","geo_level":"Bgy","len_crs":7303,"area_crs":2451558,"len_km":7,"area_km2":2},"id":1705212018},{"arcs":[[-9,-35,-41,-48,-17,-54,-21]],"type":"Polygon","properties":{"adm1_psgc":1700000000,"adm2_psgc":1705200000,"adm3_psgc":1705212000,"adm4_psgc":1705212019,"adm4_en":"Victoria","geo_level":"Bgy","len_crs":8194,"area_crs":3299733,"len_km":8,"area_km2":3},"id":1705212019},{"arcs":[[-55,-19,-50,55,-44,-26]],"type":"Polygon","properties":{"adm1_psgc":1700000000,"adm2_psgc":1705200000,"adm3_psgc":1705212000,"adm4_psgc":1705212020,"adm4_en":"Little Tanauan","geo_level":"Bgy","len_crs":6392,"area_crs":2593684,"len_km":6,"area_km2":2},"id":1705212020}]}}}