{"type":"Topology","arcs":[[[160,977],[18,-109]],[[178,868],[-28,-4]],[[150,864],[-21,19]],[[129,883],[-20,56],[51,38]],[[192,442],[99,-87],[87,3],[49,-28],[97,9]],[[524,339],[54,3],[60,-18],[110,-112]],[[748,212],[-90,-212],[-297,219],[-270,161],[-61,42]],[[30,422],[46,77]],[[76,499],[83,-53],[33,-4]],[[538,791],[-33,-41],[-82,8]],[[423,758],[-28,61]],[[395,819],[57,122]],[[452,941],[88,-68],[-27,-52],[25,-30]],[[309,883],[-36,-17]],[[273,866],[12,56],[-44,90]],[[241,1012],[98,20]],[[339,1032],[-30,-149]],[[524,339],[-72,197]],[[452,536],[-46,103],[-117,16]],[[289,655],[34,40],[73,-17],[-9,38]],[[387,716],[36,42]],[[538,791],[44,-54],[77,-39],[4,-48],[91,-186],[44,-104],[-50,-148]],[[163,660],[9,-9]],[[172,651],[88,-31]],[[260,620],[-13,-72],[25,-18],[101,-17],[13,-19]],[[386,494],[-59,-44],[-115,38]],[[212,488],[-6,35],[-75,26],[-14,59],[-34,-12]],[[83,596],[45,58],[35,6]],[[395,819],[-48,18],[-38,46]],[[339,1032],[45,14],[68,-105]],[[387,716],[-42,-15],[-57,10]],[[288,711],[-51,4]],[[237,715],[-24,60]],[[213,775],[-8,53],[36,36]],[[241,864],[32,2]],[[241,864],[-63,4]],[[160,977],[6,23],[75,12]],[[192,442],[20,46]],[[386,494],[66,42]],[[260,620],[29,35]],[[150,864],[-10,-43]],[[140,821],[-11,62]],[[22,563],[36,-8],[18,-56]],[[30,422],[-30,39],[22,102]],[[213,775],[-45,-23],[6,-57]],[[174,695],[-10,-18]],[[164,677],[-1,-4]],[[163,673],[-28,11],[5,137]],[[22,563],[61,33]],[[180,675],[-8,-24]],[[163,660],[0,13]],[[164,677],[16,-2]],[[288,711],[-108,-36]],[[174,695],[63,20]]],"transform":{"scale":[0.00023328718170421224,0.0002765650191204137],"translate":[122.82963271500014,9.912625363000075]},"objects":{"bgysubmuns-municity-604510000":{"type":"GeometryCollection","geometries":[{"arcs":[[0,1,2,3]],"type":"Polygon","properties":{"adm1_psgc":600000000,"adm2_psgc":604500000,"adm3_psgc":604510000,"adm4_psgc":604510001,"adm4_en":"Aguisan","geo_level":"Bgy","len_crs":10191,"area_crs":3724040,"len_km":10,"area_km2":3},"id":604510001},{"arcs":[[4,5,6,7,8]],"type":"Polygon","properties":{"adm1_psgc":600000000,"adm2_psgc":604500000,"adm3_psgc":604510000,"adm4_psgc":604510002,"adm4_en":"Buenavista","geo_level":"Bgy","len_crs":52755,"area_crs":90537745,"len_km":52,"area_km2":90},"id":604510002},{"arcs":[[9,10,11,12]],"type":"Polygon","properties":{"adm1_psgc":600000000,"adm2_psgc":604500000,"adm3_psgc":604510000,"adm4_psgc":604510003,"adm4_en":"Cabadiangan","geo_level":"Bgy","len_crs":16140,"area_crs":13998447,"len_km":16,"area_km2":13},"id":604510003},{"arcs":[[13,14,15,16]],"type":"Polygon","properties":{"adm1_psgc":600000000,"adm2_psgc":604500000,"adm3_psgc":604510000,"adm4_psgc":604510004,"adm4_en":"Cabanbanan","geo_level":"Bgy","len_crs":14333,"area_crs":7309510,"len_km":14,"area_km2":7},"id":604510004},{"arcs":[[-6,17,18,19,20,-10,21]],"type":"Polygon","properties":{"adm1_psgc":600000000,"adm2_psgc":604500000,"adm3_psgc":604510000,"adm4_psgc":604510005,"adm4_en":"Carabalan","geo_level":"Bgy","len_crs":53779,"area_crs":97567742,"len_km":53,"area_km2":97},"id":604510005},{"arcs":[[22,23,24,25,26,27]],"type":"Polygon","properties":{"adm1_psgc":600000000,"adm2_psgc":604500000,"adm3_psgc":604510000,"adm4_psgc":604510006,"adm4_en":"Caradio-an","geo_level":"Bgy","len_crs":32259,"area_crs":19026231,"len_km":32,"area_km2":19},"id":604510006},{"arcs":[[-12,28,-17,29]],"type":"Polygon","properties":{"adm1_psgc":600000000,"adm2_psgc":604500000,"adm3_psgc":604510000,"adm4_psgc":604510007,"adm4_en":"Libacao","geo_level":"Bgy","len_crs":18306,"area_crs":15282916,"len_km":18,"area_km2":15},"id":604510007},{"arcs":[[-29,-11,-21,30,31,32,33,34,-14]],"type":"Polygon","properties":{"adm1_psgc":600000000,"adm2_psgc":604500000,"adm3_psgc":604510000,"adm4_psgc":604510008,"adm4_en":"Mambagaton","geo_level":"Bgy","len_crs":21538,"area_crs":20069042,"len_km":21,"area_km2":20},"id":604510008},{"arcs":[[-15,-35,35,-1,36]],"type":"Polygon","properties":{"adm1_psgc":600000000,"adm2_psgc":604500000,"adm3_psgc":604510000,"adm4_psgc":604510009,"adm4_en":"Nabali-an","geo_level":"Bgy","len_crs":14084,"area_crs":10458344,"len_km":14,"area_km2":10},"id":604510009},{"arcs":[[-5,37,-26,38,-18]],"type":"Polygon","properties":{"adm1_psgc":600000000,"adm2_psgc":604500000,"adm3_psgc":604510000,"adm4_psgc":604510010,"adm4_en":"Mahalang","geo_level":"Bgy","len_crs":25989,"area_crs":28773826,"len_km":25,"area_km2":28},"id":604510010},{"arcs":[[-19,-39,-25,39]],"type":"Polygon","properties":{"adm1_psgc":600000000,"adm2_psgc":604500000,"adm3_psgc":604510000,"adm4_psgc":604510011,"adm4_en":"San Antonio","geo_level":"Bgy","len_crs":19925,"area_crs":17034636,"len_km":19,"area_km2":17},"id":604510011},{"arcs":[[40,41,-3]],"type":"Polygon","properties":{"adm1_psgc":600000000,"adm2_psgc":604500000,"adm3_psgc":604510000,"adm4_psgc":604510012,"adm4_en":"Sara-et","geo_level":"Bgy","len_crs":4597,"area_crs":737035,"len_km":4,"area_km2":0},"id":604510012},{"arcs":[[42,-8,43]],"type":"Polygon","properties":{"adm1_psgc":600000000,"adm2_psgc":604500000,"adm3_psgc":604510000,"adm4_psgc":604510013,"adm4_en":"Su-ay","geo_level":"Bgy","len_crs":15052,"area_crs":6204084,"len_km":15,"area_km2":6},"id":604510013},{"arcs":[[-34,44,45,46,47,-41,-2,-36]],"type":"Polygon","properties":{"adm1_psgc":600000000,"adm2_psgc":604500000,"adm3_psgc":604510000,"adm4_psgc":604510014,"adm4_en":"Talaban","geo_level":"Bgy","len_crs":17421,"area_crs":7744520,"len_km":17,"area_km2":7},"id":604510014},{"arcs":[[-38,-9,-43,48,-27]],"type":"Polygon","properties":{"adm1_psgc":600000000,"adm2_psgc":604500000,"adm3_psgc":604510000,"adm4_psgc":604510015,"adm4_en":"To-oy","geo_level":"Bgy","len_crs":23514,"area_crs":11838390,"len_km":23,"area_km2":11},"id":604510015},{"arcs":[[49,-23,50,-47,51]],"type":"Polygon","properties":{"adm1_psgc":600000000,"adm2_psgc":604500000,"adm3_psgc":604510000,"adm4_psgc":604510016,"adm4_en":"Barangay I","geo_level":"Bgy","len_crs":2373,"area_crs":235408,"len_km":2,"area_km2":0},"id":604510016},{"arcs":[[52,-52,-46,53,-32]],"type":"Polygon","properties":{"adm1_psgc":600000000,"adm2_psgc":604500000,"adm3_psgc":604510000,"adm4_psgc":604510017,"adm4_en":"Barangay II","geo_level":"Bgy","len_crs":8444,"area_crs":1855513,"len_km":8,"area_km2":1},"id":604510017},{"arcs":[[-20,-40,-24,-50,-53,-31]],"type":"Polygon","properties":{"adm1_psgc":600000000,"adm2_psgc":604500000,"adm3_psgc":604510000,"adm4_psgc":604510018,"adm4_en":"Barangay III","geo_level":"Bgy","len_crs":18480,"area_crs":7272756,"len_km":18,"area_km2":7},"id":604510018},{"arcs":[[-54,-45,-33]],"type":"Polygon","properties":{"adm1_psgc":600000000,"adm2_psgc":604500000,"adm3_psgc":604510000,"adm4_psgc":604510019,"adm4_en":"Barangay IV","geo_level":"Bgy","len_crs":7398,"area_crs":3536617,"len_km":7,"area_km2":3},"id":604510019}]}}}