{"type":"Topology","arcs":[[[648,618],[9,-30]],[[657,588],[-27,-28],[-25,-83],[10,-38]],[[615,439],[-63,-38],[-133,31]],[[419,432],[-17,6],[0,69]],[[402,507],[63,55],[82,14],[51,87],[42,-19],[8,-26]],[[559,837],[-5,-58],[-140,-79],[-111,-44]],[[303,656],[-14,27],[15,60],[-28,57]],[[276,800],[50,10],[33,24],[1,50]],[[360,884],[30,25],[67,-28],[35,0],[67,-44]],[[276,800],[-89,122],[-100,127],[-83,58]],[[4,1107],[77,11],[37,31],[15,46],[-42,52],[59,-7],[8,-58],[35,-51],[-18,-53],[11,-42],[79,-30],[12,17],[54,-74],[-4,-29],[33,-36]],[[276,800],[-37,-41],[-75,30]],[[164,789],[-1,78],[-47,53],[-45,-4],[-33,-62],[-28,68],[34,66],[-44,24],[17,44],[-13,51]],[[303,656],[-47,-108]],[[256,548],[-163,-81]],[[93,467],[-15,26],[-34,-24],[-32,72],[36,102],[-15,46],[53,33],[50,11],[28,56]],[[1048,572],[-57,-26]],[[991,546],[-234,-25]],[[757,521],[-49,61],[-22,57],[8,22]],[[694,661],[-26,67],[74,4],[14,40]],[[756,772],[81,79],[94,-94],[74,-139],[43,-46]],[[1046,252],[-166,123]],[[880,375],[67,33],[12,21],[-24,77],[56,40]],[[1048,572],[117,-114],[-15,-69],[-48,-121],[-56,-16]],[[686,382],[-43,-123]],[[643,259],[-79,-192]],[[564,67],[-60,-24],[-65,33],[-13,43],[8,53],[-33,7]],[[401,179],[11,121],[-19,26],[3,62],[23,44]],[[615,439],[3,-17],[68,-40]],[[401,179],[-19,-54],[-60,17],[-30,54],[-54,-13],[-78,66],[3,45],[-91,97],[21,76]],[[256,548],[146,-41]],[[694,661],[-46,-43]],[[559,837],[24,33],[35,-3],[32,-27],[27,-50],[59,0],[20,-18]],[[1046,252],[64,-237],[-108,-15],[-438,67]],[[643,259],[111,-21],[6,-23],[152,-43],[2,-30],[80,-9],[52,119]],[[686,382],[21,80]],[[707,462],[117,-38],[56,-49]],[[757,521],[-24,-44],[-22,2]],[[711,479],[-44,44],[-10,65]],[[711,479],[-4,-17]]],"transform":{"scale":[0.00008542984291839646,0.0000703064081796325],"translate":[122.63453209300008,11.484550943000043]},"objects":{"bgysubmuns-municity-601905000":{"type":"GeometryCollection","geometries":[{"arcs":[[0,1,2,3,4]],"type":"Polygon","properties":{"adm1_psgc":600000000,"adm2_psgc":601900000,"adm3_psgc":601905000,"adm4_psgc":601905001,"adm4_en":"Agmalobo","geo_level":"Bgy","len_crs":7547,"area_crs":2642769,"len_km":7,"area_km2":2},"id":601905001},{"arcs":[[5,6,7,8]],"type":"Polygon","properties":{"adm1_psgc":600000000,"adm2_psgc":601900000,"adm3_psgc":601905000,"adm4_psgc":601905002,"adm4_en":"Agustin Navarra","geo_level":"Bgy","len_crs":8369,"area_crs":2886702,"len_km":8,"area_km2":2},"id":601905002},{"arcs":[[-8,9,10]],"type":"Polygon","properties":{"adm1_psgc":600000000,"adm2_psgc":601900000,"adm3_psgc":601905000,"adm4_psgc":601905003,"adm4_en":"Balaring","geo_level":"Bgy","len_crs":15662,"area_crs":3634025,"len_km":15,"area_km2":3},"id":601905003},{"arcs":[[11,12,-10]],"type":"Polygon","properties":{"adm1_psgc":600000000,"adm2_psgc":601900000,"adm3_psgc":601905000,"adm4_psgc":601905004,"adm4_en":"Basiao","geo_level":"Bgy","len_crs":11907,"area_crs":2322819,"len_km":11,"area_km2":2},"id":601905004},{"arcs":[[-7,13,14,15,-12]],"type":"Polygon","properties":{"adm1_psgc":600000000,"adm2_psgc":601900000,"adm3_psgc":601905000,"adm4_psgc":601905005,"adm4_en":"Cabugao","geo_level":"Bgy","len_crs":11043,"area_crs":4644932,"len_km":11,"area_km2":4},"id":601905005},{"arcs":[[16,17,18,19,20]],"type":"Polygon","properties":{"adm1_psgc":600000000,"adm2_psgc":601900000,"adm3_psgc":601905000,"adm4_psgc":601905006,"adm4_en":"Cudian","geo_level":"Bgy","len_crs":10026,"area_crs":5206249,"len_km":10,"area_km2":5},"id":601905006},{"arcs":[[21,22,-17,23]],"type":"Polygon","properties":{"adm1_psgc":600000000,"adm2_psgc":601900000,"adm3_psgc":601905000,"adm4_psgc":601905007,"adm4_en":"Ilaya-Ivisan","geo_level":"Bgy","len_crs":8672,"area_crs":3811620,"len_km":8,"area_km2":3},"id":601905007},{"arcs":[[24,25,26,27,-3,28]],"type":"Polygon","properties":{"adm1_psgc":600000000,"adm2_psgc":601900000,"adm3_psgc":601905000,"adm4_psgc":601905008,"adm4_en":"Malocloc Norte","geo_level":"Bgy","len_crs":10855,"area_crs":5686492,"len_km":10,"area_km2":5},"id":601905008},{"arcs":[[-4,-28,29,-15,30]],"type":"Polygon","properties":{"adm1_psgc":600000000,"adm2_psgc":601900000,"adm3_psgc":601905000,"adm4_psgc":601905009,"adm4_en":"Malocloc Sur","geo_level":"Bgy","len_crs":12053,"area_crs":6879668,"len_km":12,"area_km2":6},"id":601905009},{"arcs":[[-20,31,-5,-31,-14,-6,32]],"type":"Polygon","properties":{"adm1_psgc":600000000,"adm2_psgc":601900000,"adm3_psgc":601905000,"adm4_psgc":601905010,"adm4_en":"Matnog","geo_level":"Bgy","len_crs":13579,"area_crs":5521436,"len_km":13,"area_km2":5},"id":601905010},{"arcs":[[33,-26,34]],"type":"Polygon","properties":{"adm1_psgc":600000000,"adm2_psgc":601900000,"adm3_psgc":601905000,"adm4_psgc":601905011,"adm4_en":"Mianay","geo_level":"Bgy","len_crs":13598,"area_crs":6181909,"len_km":13,"area_km2":6},"id":601905011},{"arcs":[[-22,-35,-25,35,36]],"type":"Polygon","properties":{"adm1_psgc":600000000,"adm2_psgc":601900000,"adm3_psgc":601905000,"adm4_psgc":601905012,"adm4_en":"Ondoy","geo_level":"Bgy","len_crs":10697,"area_crs":4953698,"len_km":10,"area_km2":4},"id":601905012},{"arcs":[[37,38,-1,-32,-19]],"type":"Polygon","properties":{"adm1_psgc":600000000,"adm2_psgc":601900000,"adm3_psgc":601905000,"adm4_psgc":601905013,"adm4_en":"Poblacion Norte","geo_level":"Bgy","len_crs":4164,"area_crs":681402,"len_km":4,"area_km2":0},"id":601905013},{"arcs":[[39,-36,-29,-2,-39]],"type":"Polygon","properties":{"adm1_psgc":600000000,"adm2_psgc":601900000,"adm3_psgc":601905000,"adm4_psgc":601905014,"adm4_en":"Poblacion Sur","geo_level":"Bgy","len_crs":4719,"area_crs":849775,"len_km":4,"area_km2":0},"id":601905014},{"arcs":[[-37,-40,-38,-18,-23]],"type":"Polygon","properties":{"adm1_psgc":600000000,"adm2_psgc":601900000,"adm3_psgc":601905000,"adm4_psgc":601905015,"adm4_en":"Santa Cruz","geo_level":"Bgy","len_crs":7981,"area_crs":1958401,"len_km":7,"area_km2":1},"id":601905015}]}}}