{"type":"Topology","arcs":[[[927,298],[-44,-37]],[[883,261],[-53,22],[-27,48],[83,55]],[[886,386],[41,-88]],[[656,785],[107,-78]],[[763,707],[2,-22]],[[765,685],[-204,-39]],[[561,646],[-1,48]],[[560,694],[47,90]],[[607,784],[49,1]],[[565,748],[-114,-3]],[[451,745],[-16,-1]],[[435,744],[-2,51]],[[433,795],[115,13]],[[548,808],[17,-60]],[[719,583],[-31,-37]],[[688,546],[-57,-6]],[[631,540],[-13,21]],[[618,561],[-21,35]],[[597,596],[122,-13]],[[631,540],[-10,-118],[-58,-25],[-54,37],[13,63],[54,15],[42,49]],[[1025,293],[-86,-15]],[[939,278],[-12,20]],[[886,386],[1,51]],[[887,437],[19,15]],[[906,452],[79,10]],[[985,462],[17,-116],[23,-53]],[[544,823],[4,-15]],[[433,795],[-24,163],[22,31]],[[431,989],[113,-166]],[[451,745],[18,-203]],[[469,542],[-97,85]],[[372,627],[-3,85]],[[369,712],[66,32]],[[565,748],[-5,-54]],[[561,646],[1,-19]],[[562,627],[-93,-85]],[[322,711],[47,1]],[[372,627],[-127,44]],[[245,671],[77,40]],[[590,796],[17,-12]],[[544,823],[46,-27]],[[906,452],[-56,81]],[[850,533],[6,23]],[[856,556],[102,23]],[[958,579],[27,-117]],[[245,671],[-101,8],[-52,55]],[[92,734],[88,124],[7,76]],[[187,934],[43,8],[73,71]],[[303,1013],[19,-302]],[[993,115],[2,-55]],[[995,60],[-45,-16],[-147,15],[11,73]],[[814,132],[129,1]],[[943,133],[50,-18]],[[902,871],[-84,-28]],[[818,843],[-28,110]],[[790,953],[96,21],[16,-103]],[[818,843],[-29,-7]],[[789,836],[-32,-8],[-20,116]],[[737,944],[53,9]],[[1144,105],[-33,24],[-118,-14]],[[943,133],[-4,145]],[[1025,293],[56,-48],[91,11],[9,-91],[-37,-60]],[[433,1004],[-2,-15]],[[303,1013],[103,36],[27,-45]],[[665,935],[8,-82],[-18,-45]],[[655,808],[-43,-1]],[[612,807],[-27,138]],[[585,945],[80,-10]],[[953,655],[-61,9],[-76,-38]],[[816,626],[-20,72]],[[796,698],[132,42]],[[928,740],[25,-85]],[[953,655],[5,-76]],[[856,556],[-47,63]],[[809,619],[7,7]],[[924,772],[4,-32]],[[796,698],[-31,-13]],[[763,707],[34,102]],[[797,809],[40,7],[87,-44]],[[612,807],[-22,-11]],[[433,1004],[40,-1],[112,-58]],[[655,808],[1,-23]],[[789,836],[8,-27]],[[665,935],[72,9]],[[809,619],[-52,4],[-38,-40]],[[597,596],[-35,31]],[[1144,105],[21,-58],[-129,-47],[-41,60]],[[92,734],[-92,218],[187,-18]],[[850,533],[-92,-9]],[[758,524],[-70,22]],[[902,871],[22,-99]],[[887,437],[-68,27],[-31,-54],[-52,-28],[-49,70],[71,72]],[[814,132],[96,87],[-27,42]]],"transform":{"scale":[0.00011999345469939467,0.00010926064061014201],"translate":[120.14400125200005,15.934396405000026]},"objects":{"bgysubmuns-municity-105522000":{"type":"GeometryCollection","geometries":[{"arcs":[[0,1,2]],"type":"Polygon","properties":{"adm1_psgc":100000000,"adm2_psgc":105500000,"adm3_psgc":105522000,"adm4_psgc":105522001,"adm4_en":"Aliwekwek","geo_level":"Bgy","len_crs":4918,"area_crs":1456595,"len_km":4,"area_km2":1},"id":105522001},{"arcs":[[3,4,5,6,7,8]],"type":"Polygon","properties":{"adm1_psgc":100000000,"adm2_psgc":105500000,"adm3_psgc":105522000,"adm4_psgc":105522002,"adm4_en":"Baay","geo_level":"Bgy","len_crs":7274,"area_crs":2610426,"len_km":7,"area_km2":2},"id":105522002},{"arcs":[[9,10,11,12,13]],"type":"Polygon","properties":{"adm1_psgc":100000000,"adm2_psgc":105500000,"adm3_psgc":105522000,"adm4_psgc":105522003,"adm4_en":"Balangobong","geo_level":"Bgy","len_crs":5555,"area_crs":1181414,"len_km":5,"area_km2":1},"id":105522003},{"arcs":[[14,15,16,17,18]],"type":"Polygon","properties":{"adm1_psgc":100000000,"adm2_psgc":105500000,"adm3_psgc":105522000,"adm4_psgc":105522004,"adm4_en":"Balococ","geo_level":"Bgy","len_crs":3863,"area_crs":790315,"len_km":3,"area_km2":0},"id":105522004},{"arcs":[[19,-17]],"type":"Polygon","properties":{"adm1_psgc":100000000,"adm2_psgc":105500000,"adm3_psgc":105522000,"adm4_psgc":105522006,"adm4_en":"Bantayan","geo_level":"Bgy","len_crs":6019,"area_crs":2044581,"len_km":6,"area_km2":2},"id":105522006},{"arcs":[[20,21,-3,22,23,24,25]],"type":"Polygon","properties":{"adm1_psgc":100000000,"adm2_psgc":105500000,"adm3_psgc":105522000,"adm4_psgc":105522007,"adm4_en":"Basing","geo_level":"Bgy","len_crs":6783,"area_crs":2513359,"len_km":6,"area_km2":2},"id":105522007},{"arcs":[[26,-13,27,28]],"type":"Polygon","properties":{"adm1_psgc":100000000,"adm2_psgc":105500000,"adm3_psgc":105522000,"adm4_psgc":105522008,"adm4_en":"Capandanan","geo_level":"Bgy","len_crs":6631,"area_crs":2177267,"len_km":6,"area_km2":2},"id":105522008},{"arcs":[[29,30,31,32,-11]],"type":"Polygon","properties":{"adm1_psgc":100000000,"adm2_psgc":105500000,"adm3_psgc":105522000,"adm4_psgc":105522009,"adm4_en":"Domalandan Center","geo_level":"Bgy","len_crs":6427,"area_crs":1940542,"len_km":6,"area_km2":1},"id":105522009},{"arcs":[[33,-7,34,35,-30,-10]],"type":"Polygon","properties":{"adm1_psgc":100000000,"adm2_psgc":105500000,"adm3_psgc":105522000,"adm4_psgc":105522010,"adm4_en":"Domalandan East","geo_level":"Bgy","len_crs":8383,"area_crs":2624622,"len_km":8,"area_km2":2},"id":105522010},{"arcs":[[36,-32,37,38]],"type":"Polygon","properties":{"adm1_psgc":100000000,"adm2_psgc":105500000,"adm3_psgc":105522000,"adm4_psgc":105522011,"adm4_en":"Domalandan West","geo_level":"Bgy","len_crs":4919,"area_crs":1101258,"len_km":4,"area_km2":1},"id":105522011},{"arcs":[[39,-8,-34,-14,-27,40]],"type":"Polygon","properties":{"adm1_psgc":100000000,"adm2_psgc":105500000,"adm3_psgc":105522000,"adm4_psgc":105522013,"adm4_en":"Dorongan","geo_level":"Bgy","len_crs":3927,"area_crs":615903,"len_km":3,"area_km2":0},"id":105522013},{"arcs":[[-25,41,42,43,44]],"type":"Polygon","properties":{"adm1_psgc":100000000,"adm2_psgc":105500000,"adm3_psgc":105522000,"adm4_psgc":105522014,"adm4_en":"Dulag","geo_level":"Bgy","len_crs":5494,"area_crs":1662038,"len_km":5,"area_km2":1},"id":105522014},{"arcs":[[-39,45,46,47,48]],"type":"Polygon","properties":{"adm1_psgc":100000000,"adm2_psgc":105500000,"adm3_psgc":105522000,"adm4_psgc":105522015,"adm4_en":"Estanza","geo_level":"Bgy","len_crs":12315,"area_crs":7141659,"len_km":12,"area_km2":7},"id":105522015},{"arcs":[[49,50,51,52]],"type":"Polygon","properties":{"adm1_psgc":100000000,"adm2_psgc":105500000,"adm3_psgc":105522000,"adm4_psgc":105522016,"adm4_en":"Lasip","geo_level":"Bgy","len_crs":6528,"area_crs":2301835,"len_km":6,"area_km2":2},"id":105522016},{"arcs":[[53,54,55]],"type":"Polygon","properties":{"adm1_psgc":100000000,"adm2_psgc":105500000,"adm3_psgc":105522000,"adm4_psgc":105522017,"adm4_en":"Libsong East","geo_level":"Bgy","len_crs":5107,"area_crs":1613728,"len_km":5,"area_km2":1},"id":105522017},{"arcs":[[56,57,58,-55]],"type":"Polygon","properties":{"adm1_psgc":100000000,"adm2_psgc":105500000,"adm3_psgc":105522000,"adm4_psgc":105522018,"adm4_en":"Libsong West","geo_level":"Bgy","len_crs":4580,"area_crs":1046496,"len_km":4,"area_km2":1},"id":105522018},{"arcs":[[59,-53,60,-21,61]],"type":"Polygon","properties":{"adm1_psgc":100000000,"adm2_psgc":105500000,"adm3_psgc":105522000,"adm4_psgc":105522019,"adm4_en":"Malawa","geo_level":"Bgy","len_crs":11751,"area_crs":5490659,"len_km":11,"area_km2":5},"id":105522019},{"arcs":[[62,-28,-12,-33,-37,-49,63]],"type":"Polygon","properties":{"adm1_psgc":100000000,"adm2_psgc":105500000,"adm3_psgc":105522000,"adm4_psgc":105522020,"adm4_en":"Malimpuec","geo_level":"Bgy","len_crs":10784,"area_crs":5415655,"len_km":10,"area_km2":5},"id":105522020},{"arcs":[[64,65,66,67]],"type":"Polygon","properties":{"adm1_psgc":100000000,"adm2_psgc":105500000,"adm3_psgc":105522000,"adm4_psgc":105522021,"adm4_en":"Maniboc","geo_level":"Bgy","len_crs":5496,"area_crs":1320178,"len_km":5,"area_km2":1},"id":105522021},{"arcs":[[68,69,70,71]],"type":"Polygon","properties":{"adm1_psgc":100000000,"adm2_psgc":105500000,"adm3_psgc":105522000,"adm4_psgc":105522022,"adm4_en":"Matalava","geo_level":"Bgy","len_crs":5904,"area_crs":1647412,"len_km":5,"area_km2":1},"id":105522022},{"arcs":[[72,-44,73,74,-69]],"type":"Polygon","properties":{"adm1_psgc":100000000,"adm2_psgc":105500000,"adm3_psgc":105522000,"adm4_psgc":105522023,"adm4_en":"Naguelguel","geo_level":"Bgy","len_crs":5482,"area_crs":1559476,"len_km":5,"area_km2":1},"id":105522023},{"arcs":[[75,-71,76,-5,77,78]],