{"type":"Topology","arcs":[[[404,85],[0,-64],[-38,-21],[-148,96],[19,39],[-45,67]],[[192,202],[44,33]],[[236,235],[84,-95],[84,-55]],[[558,535],[-44,-56]],[[514,479],[-141,13]],[[373,492],[38,57],[0,62],[53,31]],[[464,642],[21,6]],[[485,648],[15,-50],[58,-63]],[[483,199],[-53,47],[-51,9],[-11,58]],[[368,313],[39,22],[35,73]],[[442,408],[94,36]],[[536,444],[52,-91],[-11,-90],[-94,-64]],[[520,790],[-52,-41],[-11,-44]],[[457,705],[-32,2]],[[425,707],[-9,72],[-63,9]],[[353,788],[-3,60],[132,-2],[38,-56]],[[306,300],[-70,-65]],[[192,202],[-42,51],[-50,22]],[[100,275],[136,131]],[[236,406],[37,7]],[[273,413],[41,-56],[-8,-57]],[[716,689],[-99,33]],[[617,722],[-3,26]],[[614,748],[32,-9],[93,44]],[[739,783],[23,-23],[-46,-71]],[[299,448],[-26,-35]],[[236,406],[-73,70]],[[163,476],[95,36],[41,-64]],[[368,313],[-62,-13]],[[299,448],[25,30]],[[324,478],[55,-61],[63,-9]],[[716,689],[-77,-73]],[[639,616],[-51,63]],[[588,679],[29,43]],[[100,275],[-56,-49],[-44,-8],[32,156],[50,50],[81,52]],[[425,707],[-78,-79]],[[347,628],[6,160]],[[639,616],[-81,-81]],[[485,648],[103,31]],[[483,199],[-63,-59],[-16,-55]],[[464,642],[-7,63]],[[520,790],[58,49]],[[578,839],[36,-91]],[[578,839],[128,-1],[33,-55]],[[514,479],[22,-35]],[[324,478],[4,16]],[[328,494],[45,-2]],[[328,494],[44,101],[-25,33]]],"transform":{"scale":[0.00020621516404194026,0.00023511935377357602],"translate":[124.79426618500008,7.43356316200004]},"objects":{"bgysubmuns-municity-1001306000":{"type":"GeometryCollection","geometries":[{"arcs":[[0,1,2]],"type":"Polygon","properties":{"adm1_psgc":1000000000,"adm2_psgc":1001300000,"adm3_psgc":1001306000,"adm4_psgc":1001306001,"adm4_en":"Bagongbayan","geo_level":"Bgy","len_crs":20953,"area_crs":12531585,"len_km":20,"area_km2":12},"id":1001306001},{"arcs":[[3,4,5,6,7]],"type":"Polygon","properties":{"adm1_psgc":1000000000,"adm2_psgc":1001300000,"adm3_psgc":1001306000,"adm4_psgc":1001306002,"adm4_en":"Bagor","geo_level":"Bgy","len_crs":16659,"area_crs":10831367,"len_km":16,"area_km2":10},"id":1001306002},{"arcs":[[8,9,10,11]],"type":"Polygon","properties":{"adm1_psgc":1000000000,"adm2_psgc":1001300000,"adm3_psgc":1001306000,"adm4_psgc":1001306003,"adm4_en":"Balaoro","geo_level":"Bgy","len_crs":20248,"area_crs":20363502,"len_km":20,"area_km2":20},"id":1001306003},{"arcs":[[12,13,14,15]],"type":"Polygon","properties":{"adm1_psgc":1000000000,"adm2_psgc":1001300000,"adm3_psgc":1001306000,"adm4_psgc":1001306004,"adm4_en":"Baroy","geo_level":"Bgy","len_crs":13654,"area_crs":8111077,"len_km":13,"area_km2":8},"id":1001306004},{"arcs":[[16,-2,17,18,19,20]],"type":"Polygon","properties":{"adm1_psgc":1000000000,"adm2_psgc":1001300000,"adm3_psgc":1001306000,"adm4_psgc":1001306005,"adm4_en":"Cabadiangan","geo_level":"Bgy","len_crs":15969,"area_crs":14634938,"len_km":15,"area_km2":14},"id":1001306005},{"arcs":[[21,22,23,24]],"type":"Polygon","properties":{"adm1_psgc":1000000000,"adm2_psgc":1001300000,"adm3_psgc":1001306000,"adm4_psgc":1001306006,"adm4_en":"Husayan","geo_level":"Bgy","len_crs":11096,"area_crs":3916269,"len_km":11,"area_km2":3},"id":1001306006},{"arcs":[[25,-20,26,27]],"type":"Polygon","properties":{"adm1_psgc":1000000000,"adm2_psgc":1001300000,"adm3_psgc":1001306000,"adm4_psgc":1001306007,"adm4_en":"Kibalagon","geo_level":"Bgy","len_crs":11789,"area_crs":6441310,"len_km":11,"area_km2":6},"id":1001306007},{"arcs":[[-10,28,-21,-26,29,30]],"type":"Polygon","properties":{"adm1_psgc":1000000000,"adm2_psgc":1001300000,"adm3_psgc":1001306000,"adm4_psgc":1001306008,"adm4_en":"Mabuhay","geo_level":"Bgy","len_crs":14024,"area_crs":8642121,"len_km":14,"area_km2":8},"id":1001306008},{"arcs":[[31,32,33,-22]],"type":"Polygon","properties":{"adm1_psgc":1000000000,"adm2_psgc":1001300000,"adm3_psgc":1001306000,"adm4_psgc":1001306009,"adm4_en":"Malinao","geo_level":"Bgy","len_crs":11067,"area_crs":3964753,"len_km":11,"area_km2":3},"id":1001306009},{"arcs":[[-19,34,-27]],"type":"Polygon","properties":{"adm1_psgc":1000000000,"adm2_psgc":1001300000,"adm3_psgc":1001306000,"adm4_psgc":1001306010,"adm4_en":"Matampay","geo_level":"Bgy","len_crs":23109,"area_crs":15511286,"len_km":23,"area_km2":15},"id":1001306010},{"arcs":[[35,36,-15]],"type":"Polygon","properties":{"adm1_psgc":1000000000,"adm2_psgc":1001300000,"adm3_psgc":1001306000,"adm4_psgc":1001306011,"adm4_en":"Sibonga","geo_level":"Bgy","len_crs":11343,"area_crs":5261037,"len_km":11,"area_km2":5},"id":1001306011},{"arcs":[[-33,37,-8,38]],"type":"Polygon","properties":{"adm1_psgc":1000000000,"adm2_psgc":1001300000,"adm3_psgc":1001306000,"adm4_psgc":1001306012,"adm4_en":"Pay-as","geo_level":"Bgy","len_crs":13984,"area_crs":8461400,"len_km":13,"area_km2":8},"id":1001306012},{"arcs":[[39,-3,-17,-29,-9]],"type":"Polygon","properties":{"adm1_psgc":1000000000,"adm2_psgc":1001300000,"adm3_psgc":1001306000,"adm4_psgc":1001306013,"adm4_en":"Pinamanguhan","geo_level":"Bgy","len_crs":19991,"area_crs":16311202,"len_km":19,"area_km2":16},"id":1001306013},{"arcs":[[-23,-34,-39,-7,40,-13,41,42]],"type":"Polygon","properties":{"adm1_psgc":1000000000,"adm2_psgc":1001300000,"adm3_psgc":1001306000,"adm4_psgc":1001306014,"adm4_en":"Poblacion","geo_level":"Bgy","len_crs":16679,"area_crs":10534784,"len_km":16,"area_km2":10},"id":1001306014},{"arcs":[[-24,-43,43]],"type":"Polygon","properties":{"adm1_psgc":1000000000,"adm2_psgc":1001300000,"adm3_psgc":1001306000,"adm4_psgc":1001306015,"adm4_en":"Salvacion","geo_level":"Bgy","len_crs":11330,"area_crs":7136313,"len_km":11,"area_km2":7},"id":1001306015},{"arcs":[[44,-11,-31,45,46,-5]],"type":"Polygon","properties":{"adm1_psgc":1000000000,"adm2_psgc":1001300000,"adm3_psgc":1001306000,"adm4_psgc":1001306016,"adm4_en":"San Andres","geo_level":"Bgy","len_crs":11782,"area_crs":7378615,"len_km":11,"area_km2":7},"id":1001306016},{"arcs":[[-41,-6,-47,47,-36,-14]],"type":"Polygon","properties":{"adm1_psgc":1000000000,"adm2_psgc":1001300000,"adm3_psgc":1001306000,"adm4_psgc":1001306017,"adm4_en":"Kibogtok","geo_level":"Bgy","len_crs":19207,"area_crs":6876082,"len_km":19,"area_km2":6},"id":1001306017}]}}}