{"type":"Topology","arcs":[[[292,617],[0,-18]],[[292,599],[-45,-62]],[[247,537],[-66,43]],[[181,580],[57,112]],[[238,692],[54,-75]],[[466,684],[60,-7]],[[526,677],[-29,-24]],[[497,653],[-14,-70]],[[483,583],[-120,-50]],[[363,533],[-21,43]],[[342,576],[29,109]],[[371,685],[95,-1]],[[524,129],[23,-26]],[[547,103],[-36,-24]],[[511,79],[-52,41]],[[459,120],[65,9]],[[581,389],[0,-53]],[[581,336],[-95,-4]],[[486,332],[49,66]],[[535,398],[46,-9]],[[371,685],[-26,7]],[[345,692],[37,84]],[[382,776],[41,1],[43,-93]],[[370,263],[-29,-115]],[[341,148],[-89,5]],[[252,153],[-57,42],[41,60]],[[236,255],[12,30]],[[248,285],[74,10]],[[322,295],[48,-32]],[[134,256],[-64,-139]],[[70,117],[-18,59]],[[52,176],[32,93]],[[84,269],[50,-13]],[[631,442],[-13,28]],[[618,470],[15,65]],[[633,535],[24,55]],[[657,590],[47,-36],[-10,-77],[-63,-35]],[[219,82],[-89,-54],[-83,59],[-47,11]],[[0,98],[70,19]],[[70,117],[91,11],[58,-46]],[[631,442],[-50,-53]],[[535,398],[-7,69]],[[528,467],[64,-6]],[[592,461],[26,9]],[[511,79],[-34,-44]],[[477,35],[-73,63]],[[404,98],[55,22]],[[570,273],[-139,35]],[[431,308],[55,24]],[[581,336],[-11,-63]],[[0,98],[3,80],[49,-2]],[[363,533],[47,-98]],[[410,435],[-16,-46]],[[394,389],[-116,84]],[[278,473],[-31,64]],[[292,599],[50,-23]],[[404,98],[-63,50]],[[370,263],[154,-134]],[[431,308],[-37,81]],[[410,435],[79,41],[39,-9]],[[261,357],[-13,-72]],[[236,255],[-102,1]],[[134,256],[82,117]],[[216,373],[45,-16]],[[592,461],[-10,101]],[[582,562],[51,-27]],[[483,583],[99,-21]],[[307,697],[-15,-80]],[[238,692],[25,52]],[[263,744],[44,-47]],[[570,273],[-14,-40]],[[556,233],[-26,11]],[[530,244],[-99,64]],[[345,692],[-38,5]],[[263,744],[12,100],[24,22],[83,-90]],[[278,473],[-17,-116]],[[216,373],[-71,82],[-36,15]],[[109,470],[72,110]],[[252,153],[-33,-71]],[[431,308],[-109,-13]],[[477,35],[-16,-35],[-199,52],[-43,30]],[[497,653],[70,-53],[15,-38]],[[583,166],[-36,-63]],[[524,129],[12,24]],[[536,153],[47,13]],[[530,244],[-39,-50],[45,-41]],[[556,233],[27,-67]],[[526,677],[131,-87]],[[84,269],[25,201]]],"transform":{"scale":[0.0002070113508523062,0.00016653105427254415],"translate":[123.41583283500007,9.736711117000025]},"objects":{"bgysubmuns-municity-702222000":{"type":"GeometryCollection","geometries":[{"arcs":[[0,1,2,3,4]],"type":"Polygon","properties":{"adm1_psgc":700000000,"adm2_psgc":702200000,"adm3_psgc":702222000,"adm4_psgc":702222001,"adm4_en":"Ablayan","geo_level":"Bgy","len_crs":8396,"area_crs":3407620,"len_km":8,"area_km2":3},"id":702222001},{"arcs":[[5,6,7,8,9,10,11]],"type":"Polygon","properties":{"adm1_psgc":700000000,"adm2_psgc":702200000,"adm3_psgc":702222000,"adm4_psgc":702222002,"adm4_en":"Babayongan","geo_level":"Bgy","len_crs":11649,"area_crs":7366595,"len_km":11,"area_km2":7},"id":702222002},{"arcs":[[12,13,14,15]],"type":"Polygon","properties":{"adm1_psgc":700000000,"adm2_psgc":702200000,"adm3_psgc":702222000,"adm4_psgc":702222003,"adm4_en":"Balud","geo_level":"Bgy","len_crs":4566,"area_crs":1013512,"len_km":4,"area_km2":1},"id":702222003},{"arcs":[[16,17,18,19]],"type":"Polygon","properties":{"adm1_psgc":700000000,"adm2_psgc":702200000,"adm3_psgc":702222000,"adm4_psgc":702222004,"adm4_en":"Banhigan","geo_level":"Bgy","len_crs":5935,"area_crs":1665722,"len_km":5,"area_km2":1},"id":702222004},{"arcs":[[-12,20,21,22]],"type":"Polygon","properties":{"adm1_psgc":700000000,"adm2_psgc":702200000,"adm3_psgc":702222000,"adm4_psgc":702222005,"adm4_en":"Bulak","geo_level":"Bgy","len_crs":7445,"area_crs":3088956,"len_km":7,"area_km2":3},"id":702222005},{"arcs":[[23,24,25,26,27,28]],"type":"Polygon","properties":{"adm1_psgc":700000000,"adm2_psgc":702200000,"adm3_psgc":702222000,"adm4_psgc":702222006,"adm4_en":"Caliongan","geo_level":"Bgy","len_crs":10803,"area_crs":7342939,"len_km":10,"area_km2":7},"id":702222006},{"arcs":[[29,30,31,32]],"type":"Polygon","properties":{"adm1_psgc":700000000,"adm2_psgc":702200000,"adm3_psgc":702222000,"adm4_psgc":702222007,"adm4_en":"Caleriohan","geo_level":"Bgy","len_crs":7254,"area_crs":2276166,"len_km":7,"area_km2":2},"id":702222007},{"arcs":[[33,34,35,36]],"type":"Polygon","properties":{"adm1_psgc":700000000,"adm2_psgc":702200000,"adm3_psgc":702222000,"adm4_psgc":702222008,"adm4_en":"Casay","geo_level":"Bgy","len_crs":8294,"area_crs":3677430,"len_km":8,"area_km2":3},"id":702222008},{"arcs":[[37,38,39]],"type":"Polygon","properties":{"adm1_psgc":700000000,"adm2_psgc":702200000,"adm3_psgc":702222000,"adm4_psgc":702222009,"adm4_en":"Catolohan","geo_level":"Bgy","len_crs":10883,"area_crs":4917019,"len_km":10,"area_km2":4},"id":702222009},{"arcs":[[40,-20,41,42,43,-34]],"type":"Polygon","properties":{"adm1_psgc":700000000,"adm2_psgc":702200000,"adm3_psgc":702222000,"adm4_psgc":702222010,"adm4_en":"Cawayan","geo_level":"Bgy","len_crs":7054,"area_crs":2527826,"len_km":7,"area_km2":2},"id":702222010},{"arcs":[[44,45,46,-15]],"type":"Polygon","properties":{"adm1_psgc":700000000,"adm2_psgc":702200000,"adm3_psgc":702222000,"adm4_psgc":702222011,"adm4_en":"Consolacion","geo_level":"Bgy","len_crs":5963,"area_crs":1789753,"len_km":5,"area_km2":1},"id":702222011},{"arcs":[[47,48,-18,49]],"type":"Polygon","properties":{"adm1_psgc":700000000,"adm2_psgc":702200000,"adm3_psgc":702222000,"adm4_psgc":702222012,"adm4_en":"Coro","geo_level":"Bgy","len_crs":8119,"area_crs":2431248,"len_km":8,"area_km2":2},"id":702222012},{"arcs":[[-31,-39,50]],"type":"Polygon","properties":{"adm1_psgc":700000000,"adm2_psgc":702200000,"adm3_psgc":702222000,"adm4_psgc":702222013,"adm4_en":"Dugyan","geo_level":"Bgy","len_crs":5656,"area_crs":1989010,"len_km":5,"area_km2":1},"id":702222013},{"arcs":[[-10,51,52,53,54,-2,55]],"type":"Polygon","properties":{"adm1_psgc":700000000,"adm2_psgc":702200000,"adm3_psgc":702222000,"adm4_psgc":702222014,"adm4_en":"Dumalan","geo_level":"Bgy","len_crs":12035,"area_crs":7711283,"len_km":12,"area_km2":7},"id":702222014},{"arcs":[[-16,-47,56,-24,57]],"type":"Polygon","properties":{"adm1_psgc":700000000,"adm2_psgc":702200000,"adm3_psgc":702222000,"adm4_psgc":702222015,"adm4_en":"Jolomaynon","geo_level":"Bgy","len_crs":11067,"area_crs":5930212,"len_km":11,"area_km2":5},"id":702222015},{"arcs":[[-42,-19,-49,58,-53,59]],"type":"Polygon","properties":{"adm1_psgc":700000000,"adm2_psgc":702200000,"adm3_psgc":702222000,"adm4_psgc":702222016,"adm4_en":"Lanao","geo_level":"Bgy","len_crs":9939,"area_crs":6464257,"len_km":9,"area_km2":6},"id":702222016},{"arcs":[[60,-27,61,62,63]],"type":"Polygon","properties":{"adm1_psgc":700000000,"adm2_psgc":702200000,"adm3_psgc":702222000,"adm4_psgc":702222017,"adm4_en":"Langkas","geo_level":"Bgy","len_crs":8230,"area_crs":3553990,"len_km":8,"area_km2":3},"id":702222017},{"arcs":[[-35,-44,64,65]],"type":"Polygon","properties":{"adm1_psgc":700000000,"adm2_psgc":702200000,"adm3_psgc":702222000,"adm4_psgc":702222018,"adm4_en":"Lumbang","geo_level":"Bgy","len_crs":5034,"area_crs":1514362,"len_km":5,"area_km2":1},"id":702222018},{"arcs":[[-65,-43,-60,-52,-9,66]],"type":"Polygon","properties":{"adm1_psgc":700000000,"adm2_psgc":702200000,"adm3_psgc":702222000,"adm4_psgc":702222019,"adm4_en":"Malones","geo_level":"Bgy","len_crs":13639,"area_crs":8874920,"len_km":13,"area_km2":8},"id":702222019},{"arcs":[[67,-5,68,69]],"type":"Polygon","properties":{"adm1_psgc":700000000,"adm2_psgc":702200000,"adm3_psgc":702222000,"adm4_psgc":702222020,"adm4_en":"Maloray","geo_level":"Bgy","len_crs":5887,"area_crs":1698000,"len_km":5,"area_km2":1},"id":702222020},{"arcs":[[70,71,72,-48]],"type":"Polygon","properties":{"adm1_psgc":700000000,"adm2_psgc":702200000,"adm3_psgc":702222000,"adm4_psgc":702222021,"adm4_en":"Mananggal","geo_level":"Bgy","len_crs":7272,"area_crs":1796734,"len_km":7,"area_km2":1},"id":702222021},{"arcs":[[-22,73,-70,74]],"type":"Polygon","properties":{"adm1_psgc":700000000,"adm2_psgc":702200000,"adm3_psgc":702222000,"adm4_psgc":702222023,"adm4_en":"Manlapay","geo_level":"Bgy","len_crs":9122,"area_crs":5013066,"len_km":9,"area_km2":5},"id":702222023},{"arcs":[[-55,75,-64,76,77,-3]],"type":"Polygon",