{"type":"Topology","arcs":[[[792,218],[65,-152]],[[857,66],[-84,-66],[-26,97],[-60,11]],[[687,108],[6,124]],[[693,232],[99,-14]],[[622,674],[-5,-30]],[[617,644],[-8,-6]],[[609,638],[-76,84]],[[533,722],[4,25]],[[537,747],[43,1]],[[580,748],[42,-74]],[[609,638],[-83,-27]],[[526,611],[-25,2]],[[501,613],[-31,14]],[[470,627],[-71,32]],[[399,659],[37,41],[36,-38],[61,60]],[[420,987],[36,-34],[59,2]],[[515,955],[12,-65]],[[527,890],[-31,0]],[[496,890],[-50,-4],[-206,163]],[[240,1049],[28,43]],[[268,1092],[125,-100],[27,-5]],[[550,483],[2,-109]],[[552,374],[-102,6]],[[450,380],[-2,69]],[[448,449],[44,31]],[[492,480],[58,3]],[[598,465],[0,-115]],[[598,350],[-46,24]],[[550,483],[48,-18]],[[691,551],[-12,-44]],[[679,507],[-40,-21],[-121,42]],[[518,528],[4,40]],[[522,568],[0,2]],[[522,570],[112,7],[2,36]],[[636,613],[55,-62]],[[518,528],[-11,13]],[[507,541],[-3,29]],[[504,570],[18,-2]],[[526,611],[-4,-41]],[[504,570],[-3,43]],[[679,507],[46,-50],[68,-22]],[[793,435],[-91,-1]],[[702,434],[-104,31]],[[492,480],[14,62]],[[506,542],[1,-1]],[[702,434],[-5,-89]],[[697,345],[-99,5]],[[450,380],[-7,-47]],[[443,333],[-64,-6],[-73,44],[-306,49],[54,215]],[[54,635],[359,-202],[35,16]],[[697,345],[-4,-113]],[[687,108],[-73,148],[-55,75],[-116,2]],[[420,987],[73,67],[8,38]],[[501,1092],[29,-66],[-15,-71]],[[268,1092],[102,26],[104,1],[27,-27]],[[797,441],[-4,-6]],[[691,551],[47,-8],[62,-59],[-3,-43]],[[504,570],[-57,15]],[[447,585],[23,42]],[[838,278],[12,-77],[33,-36],[-26,-99]],[[792,218],[-5,60],[51,0]],[[580,748],[5,37]],[[585,785],[34,-16],[3,-95]],[[617,644],[19,-31]],[[797,441],[53,-95],[-12,-68]],[[527,890],[46,-74]],[[573,816],[-55,12]],[[518,828],[-22,62]],[[518,828],[19,-81]],[[399,659],[-81,27],[-100,84],[-112,43]],[[106,813],[23,87],[111,149]],[[447,585],[59,-43]],[[54,635],[52,178]],[[573,816],[12,-31]]],"transform":{"scale":[0.0002684393771233989,0.0002066113020553728],"translate":[124.59036584400009,7.52259117400007]},"objects":{"bgysubmuns-municity-1903630000":{"type":"GeometryCollection","geometries":[{"arcs":[[0,1,2,3]],"type":"Polygon","properties":{"adm1_psgc":1900000000,"adm2_psgc":1903600000,"adm3_psgc":1903630000,"adm4_psgc":1903630001,"adm4_en":"Amoyong","geo_level":"Bgy","len_crs":20112,"area_crs":15816477,"len_km":20,"area_km2":15},"id":1903630001},{"arcs":[[4,5,6,7,8,9]],"type":"Polygon","properties":{"adm1_psgc":1900000000,"adm2_psgc":1903600000,"adm3_psgc":1903630000,"adm4_psgc":1903630002,"adm4_en":"Balatin","geo_level":"Bgy","len_crs":9890,"area_crs":2712853,"len_km":9,"area_km2":2},"id":1903630002},{"arcs":[[10,11,12,13,14,-7]],"type":"Polygon","properties":{"adm1_psgc":1900000000,"adm2_psgc":1903600000,"adm3_psgc":1903630000,"adm4_psgc":1903630003,"adm4_en":"Banga","geo_level":"Bgy","len_crs":20062,"area_crs":9169200,"len_km":20,"area_km2":9},"id":1903630003},{"arcs":[[15,16,17,18,19,20]],"type":"Polygon","properties":{"adm1_psgc":1900000000,"adm2_psgc":1903600000,"adm3_psgc":1903630000,"adm4_psgc":1903630006,"adm4_en":"Buntongun","geo_level":"Bgy","len_crs":21947,"area_crs":11850605,"len_km":21,"area_km2":11},"id":1903630006},{"arcs":[[21,22,23,24,25]],"type":"Polygon","properties":{"adm1_psgc":1900000000,"adm2_psgc":1903600000,"adm3_psgc":1903630000,"adm4_psgc":1903630007,"adm4_en":"Bo-ot","geo_level":"Bgy","len_crs":10476,"area_crs":6610222,"len_km":10,"area_km2":6},"id":1903630007},{"arcs":[[26,27,-22,28]],"type":"Polygon","properties":{"adm1_psgc":1900000000,"adm2_psgc":1903600000,"adm3_psgc":1903630000,"adm4_psgc":1903630009,"adm4_en":"Cebuano Group","geo_level":"Bgy","len_crs":9678,"area_crs":3947250,"len_km":9,"area_km2":3},"id":1903630009},{"arcs":[[29,30,31,32,33,34]],"type":"Polygon","properties":{"adm1_psgc":1900000000,"adm2_psgc":1903600000,"adm3_psgc":1903630000,"adm4_psgc":1903630010,"adm4_en":"Christian Village","geo_level":"Bgy","len_crs":15988,"area_crs":9015205,"len_km":15,"area_km2":9},"id":1903630010},{"arcs":[[-32,35,36,37]],"type":"Polygon","properties":{"adm1_psgc":1900000000,"adm2_psgc":1903600000,"adm3_psgc":1903630000,"adm4_psgc":1903630011,"adm4_en":"Eastern Wao","geo_level":"Bgy","len_crs":2701,"area_crs":346495,"len_km":2,"area_km2":0},"id":1903630011},{"arcs":[[38,-33,-38,39,-12]],"type":"Polygon","properties":{"adm1_psgc":1900000000,"adm2_psgc":1903600000,"adm3_psgc":1903630000,"adm4_psgc":1903630012,"adm4_en":"Extension Poblacion","geo_level":"Bgy","len_crs":4148,"area_crs":535217,"len_km":4,"area_km2":0},"id":1903630012},{"arcs":[[-36,-31,40,41,42,-29,-26,43,44]],"type":"Polygon","properties":{"adm1_psgc":1900000000,"adm2_psgc":1903600000,"adm3_psgc":1903630000,"adm4_psgc":1903630014,"adm4_en":"Gata","geo_level":"Bgy","len_crs":26656,"area_crs":6856144,"len_km":26,"area_km2":6},"id":1903630014},{"arcs":[[45,46,-27,-43]],"type":"Polygon","properties":{"adm1_psgc":1900000000,"adm2_psgc":1903600000,"adm3_psgc":1903630000,"adm4_psgc":1903630016,"adm4_en":"Kabatangan","geo_level":"Bgy","len_crs":12699,"area_crs":7712026,"len_km":12,"area_km2":7},"id":1903630016},{"arcs":[[-24,47,48,49]],"type":"Polygon","properties":{"adm1_psgc":1900000000,"adm2_psgc":1903600000,"adm3_psgc":1903630000,"adm4_psgc":1903630017,"adm4_en":"Kadingilan","geo_level":"Bgy","len_crs":35545,"area_crs":45498665,"len_km":35,"area_km2":45},"id":1903630017},{"arcs":[[-28,-47,50,-3,51,-48,-23]],"type":"Polygon","properties":{"adm1_psgc":1900000000,"adm2_psgc":1903600000,"adm3_psgc":1903630000,"adm4_psgc":1903630019,"adm4_en":"Katutungan","geo_level":"Bgy","len_crs":28965,"area_crs":14276682,"len_km":28,"area_km2":14},"id":1903630019},{"arcs":[[-16,52,53]],"type":"Polygon","properties":{"adm1_psgc":1900000000,"adm2_psgc":1903600000,"adm3_psgc":1903630000,"adm4_psgc":1903630021,"adm4_en":"Kilikili East","geo_level":"Bgy","len_crs":13047,"area_crs":6673908,"len_km":13,"area_km2":6},"id":1903630021},{"arcs":[[-53,-21,54]],"type":"Polygon","properties":{"adm1_psgc":1900000000,"adm2_psgc":1903600000,"adm3_psgc":1903630000,"adm4_psgc":1903630022,"adm4_en":"Kilikili West","geo_level":"Bgy","len_crs":17465,"area_crs":12232789,"len_km":17,"area_km2":12},"id":1903630022},{"arcs":[[55,-41,-30,56]],"type":"Polygon","properties":{"adm1_psgc":1900000000,"adm2_psgc":1903600000,"adm3_psgc":1903630000,"adm4_psgc":1903630025,"adm4_en":"Malaigang","geo_level":"Bgy","len_crs":13836,"area_crs":5497824,"len_km":13,"area_km2":5},"id":1903630025},{"arcs":[[-40,57,58,-13]],"type":"Polygon","properties":{"adm1_psgc":1900000000,"adm2_psgc":1903600000,"adm3_psgc":1903630000,"adm4_psgc":1903630026,"adm4_en":"Manila Group","geo_level":"Bgy","len_crs":5294,"area_crs":1356535,"len_km":5,"area_km2":1},"id":1903630026},{"arcs":[[59,-1,60]],"type":"Polygon","properties":{"adm1_psgc":1900000000,"adm2_psgc":1903600000,"adm3_psgc":1903630000,"adm4_psgc":1903630029,"adm4_en":"Milaya","geo_level":"Bgy","len_crs":16136,"area_crs":6603268,"len_km":16,"area_km2":6},"id":1903630029},{"arcs":[[-10,61,62]],"type":"Polygon","properties":{"adm1_psgc":1900000000,"adm2_psgc":1903600000,"adm3_psgc":1903630000,"adm4_psgc":1903630030,"adm4_en":"Mimbuaya","geo_level":"Bgy","len_crs":7104,"area_crs":2211300,"len_km":7,"area_km2":2},"id":1903630030},{"arcs":[[-34,-39,-11,-6,63]],"type":"Polygon","properties":{"adm1_psgc":1900000000,"adm2_psgc":1903600000,"adm3_psgc":1903630000,"adm4_psgc":1903630031,"adm4_en":"Muslim Village","geo_level":"Bgy","len_crs":11000,"area_crs":3383759,"len_km":11,"area_km2":3},"id":1903630031},{"arcs":[[-61,-4,-51,-46,-42,-56,64]],"type":"Polygon","properties":{"adm1_psgc":1900000000,"adm2_psgc":1903600000,"adm3_psgc":1903630000,"adm4_psgc":1903630033,"adm4_en":"Pagalongan","geo_level":"Bgy","len_crs":21919,"area_crs":17040855,"len_km":21,"area_km2":17},"id":1903630033},{"arcs":[[65,66,67,-18]],"type":"Polygon","properties":{"adm1_psgc":1900000000,"adm2_psgc":1903600000,"adm3_psgc":1903630000,"adm4_psgc":1903630034,"adm4_en":"Panang","geo_level":"Bgy","len_crs":10132,"area_crs":2146425,"len_km":10,"area_km2":2},"id":1903630034},{"arcs":[[-68,68,-8,-15,69,70,-19]],