{"type":"Topology","arcs":[[[913,450],[-38,-14]],[[875,436],[-45,-4]],[[830,432],[-45,52]],[[785,484],[107,57]],[[892,541],[21,-91]],[[957,379],[-79,-30],[5,-24]],[[883,325],[-5,-2]],[[878,323],[-27,24],[15,30]],[[866,377],[2,0]],[[868,377],[5,2]],[[873,379],[23,12]],[[896,391],[47,5]],[[943,396],[14,-17]],[[978,363],[-95,-38]],[[957,379],[21,-16]],[[1045,288],[-65,-53]],[[980,235],[-19,70],[-40,-6],[-38,26]],[[978,363],[67,-75]],[[826,691],[-143,-70]],[[683,621],[-46,59]],[[637,680],[58,22],[84,48]],[[779,750],[47,-59]],[[896,391],[-21,45]],[[913,450],[30,-54]],[[866,377],[2,0]],[[873,379],[-43,53]],[[980,235],[-18,-15]],[[962,220],[-52,-36]],[[910,184],[-43,61],[11,78]],[[1141,190],[34,-37]],[[1175,153],[15,-32],[-34,-71]],[[1156,50],[-72,-50]],[[1084,0],[-40,108],[-82,112]],[[1045,288],[96,-98]],[[785,484],[-44,51],[-58,86]],[[826,691],[36,-51],[30,-99]],[[1175,153],[35,38],[26,-77],[46,-10],[37,-27],[-10,-52],[-57,-2],[-36,29],[-42,-28],[-18,26]],[[753,768],[26,-18]],[[637,680],[-41,39]],[[596,719],[52,57]],[[648,776],[24,28]],[[672,804],[81,-36]],[[596,719],[-71,71]],[[525,790],[34,15],[89,-29]],[[672,804],[-4,2]],[[668,806],[-5,47],[-49,81],[-61,65],[-131,-53]],[[422,946],[-25,69],[-98,93],[-283,225],[-16,26],[102,64],[73,93],[-11,47],[12,26],[58,-4],[16,17],[109,-91],[75,-85],[4,-33],[-80,-71],[101,-113],[194,-143],[-23,-71],[68,-105],[15,-53],[40,-69]],[[978,363],[65,46],[66,-68],[-26,-21],[92,-96],[-34,-34]],[[1084,0],[-36,40],[-46,20],[-92,124]],[[525,790],[-8,55]],[[517,845],[48,19],[103,-58]],[[517,845],[-68,55],[-27,46]]],"transform":{"scale":[0.00004740371720998859,0.000049321508739072304],"translate":[120.9065588090001,14.633947769000029]},"objects":{"bgysubmuns-municity-1380900000":{"type":"GeometryCollection","geometries":[{"arcs":[[0,1,2,3,4]],"type":"Polygon","properties":{"adm1_psgc":1300000000,"adm2_psgc":1380900000,"adm3_psgc":1380900000,"adm4_psgc":1380900001,"adm4_en":"Sipac-Almacen","geo_level":"Bgy","len_crs":2112,"area_crs":222320,"len_km":2,"area_km2":0},"id":1380900001},{"arcs":[[5,6,7,8,9,10,11,12]],"type":"Polygon","properties":{"adm1_psgc":1300000000,"adm2_psgc":1380900000,"adm3_psgc":1380900000,"adm4_psgc":1380900002,"adm4_en":"Bagumbayan North","geo_level":"Bgy","len_crs":1907,"area_crs":67641,"len_km":1,"area_km2":0},"id":1380900002},{"arcs":[[13,-6,14]],"type":"Polygon","properties":{"adm1_psgc":1300000000,"adm2_psgc":1380900000,"adm3_psgc":1380900000,"adm4_psgc":1380900003,"adm4_en":"Bagumbayan South","geo_level":"Bgy","len_crs":1314,"area_crs":71671,"len_km":1,"area_km2":0},"id":1380900003},{"arcs":[[15,16,-14,17]],"type":"Polygon","properties":{"adm1_psgc":1300000000,"adm2_psgc":1380900000,"adm3_psgc":1380900000,"adm4_psgc":1380900004,"adm4_en":"Bangculasi","geo_level":"Bgy","len_crs":2637,"area_crs":239327,"len_km":2,"area_km2":0},"id":1380900004},{"arcs":[[18,19,20,21]],"type":"Polygon","properties":{"adm1_psgc":1300000000,"adm2_psgc":1380900000,"adm3_psgc":1380900000,"adm4_psgc":1380900005,"adm4_en":"Daanghari","geo_level":"Bgy","len_crs":2741,"area_crs":318462,"len_km":2,"area_km2":0},"id":1380900005},{"arcs":[[-12,22,-1,23]],"type":"Polygon","properties":{"adm1_psgc":1300000000,"adm2_psgc":1380900000,"adm3_psgc":1380900000,"adm4_psgc":1380900006,"adm4_en":"Navotas East","geo_level":"Bgy","len_crs":1105,"area_crs":66195,"len_km":1,"area_km2":0},"id":1380900006},{"arcs":[[-23,-11,25,-2]],"type":"Polygon","properties":{"adm1_psgc":1300000000,"adm2_psgc":1380900000,"adm3_psgc":1380900000,"adm4_psgc":1380900007,"adm4_en":"Navotas West","geo_level":"Bgy","len_crs":1436,"area_crs":58108,"len_km":1,"area_km2":0},"id":1380900007},{"arcs":[[26,27,28,-7,-17]],"type":"Polygon","properties":{"adm1_psgc":1300000000,"adm2_psgc":1380900000,"adm3_psgc":1380900000,"adm4_psgc":1380900008,"adm4_en":"North Bay Boulevard North","geo_level":"Bgy","len_crs":3398,"area_crs":266133,"len_km":3,"area_km2":0},"id":1380900008},{"arcs":[[29,30,31,32,-27,-16,33]],"type":"Polygon","properties":{"adm1_psgc":1300000000,"adm2_psgc":1380900000,"adm3_psgc":1380900000,"adm4_psgc":1380900009,"adm4_en":"NBBS Kaunlaran","geo_level":"Bgy","len_crs":4024,"area_crs":878236,"len_km":4,"area_km2":0},"id":1380900009},{"arcs":[[-4,34,-19,35]],"type":"Polygon","properties":{"adm1_psgc":1300000000,"adm2_psgc":1380900000,"adm3_psgc":1380900000,"adm4_psgc":1380900010,"adm4_en":"San Jose","geo_level":"Bgy","len_crs":4157,"area_crs":708314,"len_km":4,"area_km2":0},"id":1380900010},{"arcs":[[-31,36]],"type":"Polygon","properties":{"adm1_psgc":1300000000,"adm2_psgc":1380900000,"adm3_psgc":1380900000,"adm4_psgc":1380900011,"adm4_en":"San Rafael Village","geo_level":"Bgy","len_crs":3383,"area_crs":428693,"len_km":3,"area_km2":0},"id":1380900011},{"arcs":[[37,-21,38,39,40,41]],"type":"Polygon","properties":{"adm1_psgc":1300000000,"adm2_psgc":1380900000,"adm3_psgc":1380900000,"adm4_psgc":1380900012,"adm4_en":"San Roque","geo_level":"Bgy","len_crs":2742,"area_crs":300373,"len_km":2,"area_km2":0},"id":1380900012},{"arcs":[[-40,42,43]],"type":"Polygon","properties":{"adm1_psgc":1300000000,"adm2_psgc":1380900000,"adm3_psgc":1380900000,"adm4_psgc":1380900013,"adm4_en":"Tangos South","geo_level":"Bgy","len_crs":1849,"area_crs":163447,"len_km":1,"area_km2":0},"id":1380900013},{"arcs":[[-42,44,45,46]],"type":"Polygon","properties":{"adm1_psgc":1300000000,"adm2_psgc":1380900000,"adm3_psgc":1380900000,"adm4_psgc":1380900014,"adm4_en":"Tanza 1","geo_level":"Bgy","len_crs":15194,"area_crs":5093668,"len_km":15,"area_km2":5},"id":1380900014},{"arcs":[[-34,-18,47]],"type":"Polygon","properties":{"adm1_psgc":1300000000,"adm2_psgc":1380900000,"adm3_psgc":1380900000,"adm4_psgc":1380900015,"adm4_en":"NBBS Dagat-dagatan","geo_level":"Bgy","len_crs":3339,"area_crs":407710,"len_km":3,"area_km2":0},"id":1380900015},{"arcs":[[48,-28,-33]],"type":"Polygon","properties":{"adm1_psgc":1300000000,"adm2_psgc":1380900000,"adm3_psgc":1380900000,"adm4_psgc":1380900016,"adm4_en":"NBBS Proper","geo_level":"Bgy","len_crs":7172,"area_crs":370481,"len_km":7,"area_km2":0},"id":1380900016},{"arcs":[[-45,-41,-44,49,50]],"type":"Polygon","properties":{"adm1_psgc":1300000000,"adm2_psgc":1380900000,"adm3_psgc":1380900000,"adm4_psgc":1380900017,"adm4_en":"Tangos North","geo_level":"Bgy","len_crs":2278,"area_crs":218928,"len_km":2,"area_km2":0},"id":1380900017},{"arcs":[[-51,51,-46]],"type":"Polygon","properties":{"adm1_psgc":1300000000,"adm2_psgc":1380900000,"adm3_psgc":1380900000,"adm4_psgc":1380900018,"adm4_en":"Tanza 2","geo_level":"Bgy","len_crs":3978,"area_crs":662937,"len_km":3,"area_km2":0},"id":1380900018}]}}}