{"type":"Topology","arcs":[[[229,155],[37,-51]],[[266,104],[-82,-48]],[[184,56],[18,113]],[[202,169],[27,-14]],[[202,169],[-18,8]],[[184,177],[-20,111]],[[164,288],[55,72]],[[219,360],[10,-205]],[[815,649],[-14,-131]],[[801,518],[-478,20],[-62,-95]],[[261,443],[-64,71]],[[197,514],[58,62],[140,89],[102,5],[318,-21]],[[8,448],[-1,-1]],[[7,447],[26,66]],[[33,513],[-25,-65]],[[25,385],[-11,-11]],[[14,374],[-14,-18]],[[0,356],[7,91]],[[8,448],[17,-63]],[[274,373],[25,-44]],[[299,329],[19,-195]],[[318,134],[-52,-30]],[[219,360],[55,13]],[[31,308],[2,-3]],[[33,305],[8,-9]],[[41,296],[25,-3]],[[66,293],[44,-42]],[[110,251],[-3,-25]],[[107,226],[-74,-29]],[[33,197],[-21,113]],[[12,310],[15,1]],[[27,311],[4,-3]],[[174,507],[-33,-129]],[[141,378],[-52,-6]],[[89,372],[-29,29]],[[60,401],[15,123]],[[75,524],[83,5]],[[158,529],[16,-22]],[[797,852],[-302,-13],[-273,-113],[-75,-40]],[[147,686],[12,141],[187,10],[3,202],[436,-40],[12,-147]],[[197,514],[-23,-7]],[[158,529],[-11,157]],[[797,852],[18,-203]],[[261,443],[13,-70]],[[219,360],[-78,18]],[[60,401],[-16,9]],[[44,410],[-8,-4]],[[36,406],[-3,-6]],[[33,400],[-8,-15]],[[33,513],[42,11]],[[107,226],[22,-132]],[[129,94],[-20,-93]],[[109,1],[-70,1],[-6,195]],[[164,288],[-54,-37]],[[66,293],[11,61]],[[77,354],[12,18]],[[41,379],[-4,-2]],[[37,377],[-12,-12]],[[25,365],[-4,3]],[[21,368],[15,18]],[[36,386],[3,3]],[[39,389],[2,-10]],[[52,375],[3,-15]],[[55,360],[-5,-4]],[[50,356],[-4,20]],[[46,376],[6,-1]],[[50,356],[-9,-60]],[[33,305],[9,69]],[[42,374],[4,2]],[[55,360],[22,-6]],[[36,386],[-3,14]],[[36,406],[3,-17]],[[21,368],[-7,6]],[[27,311],[-2,54]],[[37,377],[-6,-69]],[[41,379],[1,-5]],[[44,410],[2,-27]],[[46,383],[-5,-4]],[[60,401],[-5,-13]],[[55,388],[-9,-5]],[[55,388],[-3,-13]],[[801,518],[-20,-164]],[[781,354],[-326,-16],[-58,44],[-51,-61],[-47,8]],[[184,56],[-23,-56],[-52,1]],[[129,94],[55,83]],[[12,310],[-12,46]],[[781,354],[-27,-219],[-436,-1]]],"transform":{"scale":[0.0003013967717790952,0.00015076111549566876],"translate":[125.52187109200008,9.065754027000027]},"objects":{"bgysubmuns-municity-1600203000":{"type":"GeometryCollection","geometries":[{"arcs":[[0,1,2,3]],"type":"Polygon","properties":{"adm1_psgc":1600000000,"adm2_psgc":1600200000,"adm3_psgc":1600203000,"adm4_psgc":1600203002,"adm4_en":"Antonio Luna","geo_level":"Bgy","len_crs":7483,"area_crs":3038580,"len_km":7,"area_km2":3},"id":1600203002},{"arcs":[[-4,4,5,6,7]],"type":"Polygon","properties":{"adm1_psgc":1600000000,"adm2_psgc":1600200000,"adm3_psgc":1600203000,"adm4_psgc":1600203005,"adm4_en":"Bay-ang","geo_level":"Bgy","len_crs":9254,"area_crs":4839826,"len_km":9,"area_km2":4},"id":1600203005},{"arcs":[[8,9,10,11]],"type":"Polygon","properties":{"adm1_psgc":1600000000,"adm2_psgc":1600200000,"adm3_psgc":1600203000,"adm4_psgc":1600203006,"adm4_en":"Bayabas","geo_level":"Bgy","len_crs":44205,"area_crs":41603330,"len_km":44,"area_km2":41},"id":1600203006},{"arcs":[[12,13,14]],"type":"Polygon","properties":{"adm1_psgc":1600000000,"adm2_psgc":1600200000,"adm3_psgc":1600203000,"adm4_psgc":1600203007,"adm4_en":"Caasinan","geo_level":"Bgy","len_crs":4001,"area_crs":896901,"len_km":4,"area_km2":0},"id":1600203007},{"arcs":[[15,16,17,-13,18]],"type":"Polygon","properties":{"adm1_psgc":1600000000,"adm2_psgc":1600200000,"adm3_psgc":1600203000,"adm4_psgc":1600203009,"adm4_en":"Cabinet","geo_level":"Bgy","len_crs":3977,"area_crs":462288,"len_km":3,"area_km2":0},"id":1600203009},{"arcs":[[19,20,21,-1,-8,22]],"type":"Polygon","properties":{"adm1_psgc":1600000000,"adm2_psgc":1600200000,"adm3_psgc":1600203000,"adm4_psgc":1600203010,"adm4_en":"Calamba","geo_level":"Bgy","len_crs":13238,"area_crs":10865632,"len_km":13,"area_km2":10},"id":1600203010},{"arcs":[[23,24,25,26,27,28,29,30,31]],"type":"Polygon","properties":{"adm1_psgc":1600000000,"adm2_psgc":1600200000,"adm3_psgc":1600203000,"adm4_psgc":1600203011,"adm4_en":"Calibunan","geo_level":"Bgy","len_crs":8539,"area_crs":3389947,"len_km":8,"area_km2":3},"id":1600203011},{"arcs":[[32,33,34,35,36,37]],"type":"Polygon","properties":{"adm1_psgc":1600000000,"adm2_psgc":1600200000,"adm3_psgc":1600203000,"adm4_psgc":1600203012,"adm4_en":"Comagascas","geo_level":"Bgy","len_crs":11500,"area_crs":7116803,"len_km":11,"area_km2":7},"id":1600203012},{"arcs":[[38,39]],"type":"Polygon","properties":{"adm1_psgc":1600000000,"adm2_psgc":1600200000,"adm3_psgc":1600203000,"adm4_psgc":1600203013,"adm4_en":"Concepcion","geo_level":"Bgy","len_crs":50852,"area_crs":56423720,"len_km":50,"area_km2":56},"id":1600203013},{"arcs":[[-12,40,-38,41,-39,42]],"type":"Polygon","properties":{"adm1_psgc":1600000000,"adm2_psgc":1600200000,"adm3_psgc":1600203000,"adm4_psgc":1600203014,"adm4_en":"Del Pilar","geo_level":"Bgy","len_crs":50642,"area_crs":61782616,"len_km":50,"area_km2":61},"id":1600203014},{"arcs":[[43,-23,44,-33,-41,-11]],"type":"Polygon","properties":{"adm1_psgc":1600000000,"adm2_psgc":1600200000,"adm3_psgc":1600203000,"adm4_psgc":1600203016,"adm4_en":"Katugasan","geo_level":"Bgy","len_crs":11752,"area_crs":7572420,"len_km":11,"area_km2":7},"id":1600203016},{"arcs":[[45,46,47,48,-19,-15,49,-36]],"type":"Polygon","properties":{"adm1_psgc":1600000000,"adm2_psgc":1600200000,"adm3_psgc":1600203000,"adm4_psgc":1600203017,"adm4_en":"Kauswagan","geo_level":"Bgy","len_crs":7905,"area_crs":2974860,"len_km":7,"area_km2":2},"id":1600203017},{"arcs":[[50,51,52,-29]],"type":"Polygon","properties":{"adm1_psgc":1600000000,"adm2_psgc":1600200000,"adm3_psgc":1600203000,"adm4_psgc":1600203018,"adm4_en":"La Union","geo_level":"Bgy","len_crs":12974,"area_crs":9305151,"len_km":12,"area_km2":9},"id":1600203018},{"arcs":[[-45,-7,53,-27,54,55,-34]],"type":"Polygon","properties":{"adm1_psgc":1600000000,"adm2_psgc":1600200000,"adm3_psgc":1600203000,"adm4_psgc":1600203019,"adm4_en":"Mabini","geo_level":"Bgy","len_crs":12332,"area_crs":5884152,"len_km":12,"area_km2":5},"id":1600203019},{"arcs":[[56,57,58,59,60,61]],"type":"Polygon","properties":{"adm1_psgc":1600000000,"adm2_psgc":1600200000,"adm3_psgc":1600203000,"adm4_psgc":1600203021,"adm4_en":"Poblacion 1","geo_level":"Bgy","len_crs":1662,"area_crs":81524,"len_km":1,"area_km2":0},"id":1600203021},{"arcs":[[62,63,64,65]],"type":"Polygon","properties":{"adm1_psgc":1600000000,"adm2_psgc":1600200000,"adm3_psgc":1600203000,"adm4_psgc":1600203022,"adm4_en":"Poblacion 10","geo_level":"Bgy","len_crs":1359,"area_crs":81753,"len_km":1,"area_km2":0},"id":1600203022},{"arcs":[[66,-25,67,68,-65]],"type":"Polygon","properties":{"adm1_psgc":1600000000,"adm2_psgc":1600200000,"adm3_psgc":1600203000,"adm4_psgc":1600203023,"adm4_en":"Poblacion 11","geo_level":"Bgy","len_crs":3163,"area_crs":270570,"len_km":3,"area_km2":0},"id":1600203023},{"arcs":[[-55,-26,-67,-64,69]],"type":"Polygon","properties":{"adm1_psgc":1600000000,"adm2_psgc":1600200000,"adm3_psgc":1600203000,"adm4_psgc":1600203024,"adm4_en":"Poblacion 12","geo_level":"Bgy","len_crs":4194,"area_crs":904458,"len_km":4,"area_km2":0},"id":1600203024},{"arcs":[[-61,70,-48,71]],"type":"Polygon","properties":{"adm1_psgc":1600000000,"adm2_psgc":1600200000,"adm3_psgc":1600203000,"adm4_psgc":1600203025,"adm4_en":"Poblacion 2","geo_level":"Bgy","len_crs":850,"area_crs":36737,"len_km":0,"area_km2":0},"id":1600203025},{"arcs":[[-60,72,-16,-49,-71]],"type":"Polygon","properties":{"adm1_psgc":1600000000,"adm2_psgc":1600200000,"adm3_psgc":1600203000,"adm4_psgc":1600203026,"adm4_en":"Poblacion 3","geo_level":"Bgy","len_crs":1937,"area_crs":120084,"len_km":1,"area_km2":0},"id":1600203026},{"arcs":[[-32,73,-58,74]],"type":"Polygon","properties":{"adm1_psgc":1600000000,"adm2_psgc":1600200000,"adm3_psgc":1600203000,"adm4_psgc":1600203027,"adm4_en":"Poblacion 4","geo_level":"Bgy","len_crs":3209,"area_crs":221053,"len_km":3,"area_km2":0},"id":1600203027},{"arcs":[[-68,-24,-75,-57,75]],"type":"Polygon","properties":{"adm1_psgc":1600000000,"adm2_psgc":1600200000,"adm3_psgc":1600203000,"adm4_psgc":1600203028,"adm4_en":"Poblacion 5","geo_level":"Bgy","len_crs":2829,"area_crs":144304,"len_km":2,