{"type":"Topology","arcs":[[[676,94],[-113,-94],[14,141],[-31,39]],[[546,180],[76,23]],[[622,203],[54,-109]],[[673,575],[-27,30]],[[646,605],[6,9]],[[652,614],[21,-39]],[[673,575],[12,-32]],[[685,543],[-17,-6]],[[668,537],[-17,35]],[[651,572],[3,2]],[[654,574],[-8,31]],[[654,574],[-42,79]],[[612,653],[21,5]],[[633,658],[19,-44]],[[651,572],[-27,10]],[[624,582],[-17,23]],[[607,605],[5,48]],[[668,537],[0,-23]],[[668,514],[-44,68]],[[604,297],[53,-33]],[[657,264],[69,-34],[11,-89]],[[737,141],[-61,-47]],[[622,203],[-82,77]],[[540,280],[64,17]],[[841,464],[-82,-31]],[[759,433],[-67,99]],[[692,532],[67,30]],[[759,562],[82,-98]],[[395,453],[73,-91]],[[468,362],[42,-37]],[[510,325],[-84,-38]],[[426,287],[-33,23]],[[393,310],[43,11],[-82,110],[-75,43]],[[279,474],[13,56]],[[292,530],[103,-77]],[[849,296],[4,-54]],[[853,242],[-87,-16]],[[766,226],[1,47]],[[767,273],[34,43]],[[801,316],[48,-20]],[[759,433],[0,-3]],[[759,430],[-97,-47]],[[662,383],[-41,26]],[[621,409],[36,10]],[[657,419],[48,16],[-37,79]],[[685,543],[7,-11]],[[595,601],[62,-182]],[[621,409],[-22,5]],[[599,414],[-29,97]],[[570,511],[-62,130]],[[508,641],[19,18]],[[527,659],[68,-58]],[[570,511],[-64,-21]],[[506,490],[-34,24]],[[472,514],[-74,89]],[[398,603],[110,38]],[[633,658],[5,64]],[[638,722],[121,-160]],[[879,198],[-26,44]],[[849,296],[42,25]],[[891,321],[6,10]],[[897,331],[46,-99],[-64,-34]],[[506,490],[30,-77]],[[536,413],[-4,-15]],[[532,398],[-25,-17]],[[507,381],[-77,94]],[[430,475],[42,39]],[[507,381],[-39,-19]],[[395,453],[35,22]],[[662,383],[139,-67]],[[767,273],[-47,5]],[[720,278],[-112,83],[-16,55]],[[592,416],[7,-2]],[[546,804],[-67,-33]],[[479,771],[-61,69],[-44,120],[79,12],[20,-99],[73,-69]],[[607,605],[-12,-4]],[[527,659],[-48,112]],[[546,804],[62,-23],[30,-59]],[[766,226],[28,-54]],[[794,172],[-57,-31]],[[657,264],[63,14]],[[257,461],[48,-126]],[[305,335],[-87,-8],[-218,102],[24,88],[61,-45],[45,20],[127,-31]],[[879,198],[-85,-26]],[[604,297],[-72,101]],[[536,413],[56,3]],[[540,280],[-30,45]],[[891,321],[-132,109]],[[841,464],[51,-74],[5,-59]],[[393,310],[-88,25]],[[257,461],[22,13]],[[546,180],[-10,46],[-110,61]],[[292,530],[106,73]]],"transform":{"scale":[0.00013365599045603673,0.00014199153703702913],"translate":[120.76768094300007,14.05675646900005]},"objects":{"bgysubmuns-municity-402101000":{"type":"GeometryCollection","geometries":[{"arcs":[[0,1,2]],"type":"Polygon","properties":{"adm1_psgc":400000000,"adm2_psgc":402100000,"adm3_psgc":402101000,"adm4_psgc":402101001,"adm4_en":"Amuyong","geo_level":"Bgy","len_crs":8852,"area_crs":2996785,"len_km":8,"area_km2":2},"id":402101001},{"arcs":[[3,4,5]],"type":"Polygon","properties":{"adm1_psgc":400000000,"adm2_psgc":402100000,"adm3_psgc":402101000,"adm4_psgc":402101002,"adm4_en":"Barangay I","geo_level":"Bgy","len_crs":1782,"area_crs":106087,"len_km":1,"area_km2":0},"id":402101002},{"arcs":[[6,7,8,9,10,-4]],"type":"Polygon","properties":{"adm1_psgc":400000000,"adm2_psgc":402100000,"adm3_psgc":402101000,"adm4_psgc":402101003,"adm4_en":"Barangay II","geo_level":"Bgy","len_crs":2895,"area_crs":184679,"len_km":2,"area_km2":0},"id":402101003},{"arcs":[[-5,-11,11,12,13]],"type":"Polygon","properties":{"adm1_psgc":400000000,"adm2_psgc":402100000,"adm3_psgc":402101000,"adm4_psgc":402101004,"adm4_en":"Barangay III","geo_level":"Bgy","len_crs":3414,"area_crs":312277,"len_km":3,"area_km2":0},"id":402101004},{"arcs":[[-10,14,15,16,-12]],"type":"Polygon","properties":{"adm1_psgc":400000000,"adm2_psgc":402100000,"adm3_psgc":402101000,"adm4_psgc":402101005,"adm4_en":"Barangay IV","geo_level":"Bgy","len_crs":3569,"area_crs":388418,"len_km":3,"area_km2":0},"id":402101005},{"arcs":[[-9,17,18,-15]],"type":"Polygon","properties":{"adm1_psgc":400000000,"adm2_psgc":402100000,"adm3_psgc":402101000,"adm4_psgc":402101006,"adm4_en":"Barangay V","geo_level":"Bgy","len_crs":3200,"area_crs":392055,"len_km":3,"area_km2":0},"id":402101006},{"arcs":[[19,20,21,-3,22,23]],"type":"Polygon","properties":{"adm1_psgc":400000000,"adm2_psgc":402100000,"adm3_psgc":402101000,"adm4_psgc":402101007,"adm4_en":"Buck Estate","geo_level":"Bgy","len_crs":10027,"area_crs":4029937,"len_km":10,"area_km2":4},"id":402101007},{"arcs":[[24,25,26,27]],"type":"Polygon","properties":{"adm1_psgc":400000000,"adm2_psgc":402100000,"adm3_psgc":402101000,"adm4_psgc":402101008,"adm4_en":"Esperanza Ibaba","geo_level":"Bgy","len_crs":6565,"area_crs":2050796,"len_km":6,"area_km2":2},"id":402101008},{"arcs":[[28,29,30,31,32,33,34]],"type":"Polygon","properties":{"adm1_psgc":400000000,"adm2_psgc":402100000,"adm3_psgc":402101000,"adm4_psgc":402101009,"adm4_en":"Kaytitinga I","geo_level":"Bgy","len_crs":12474,"area_crs":3423644,"len_km":12,"area_km2":3},"id":402101009},{"arcs":[[35,36,37,38,39]],"type":"Polygon","properties":{"adm1_psgc":400000000,"adm2_psgc":402100000,"adm3_psgc":402101000,"adm4_psgc":402101010,"adm4_en":"Luksuhin","geo_level":"Bgy","len_crs":6061,"area_crs":1402408,"len_km":6,"area_km2":1},"id":402101010},{"arcs":[[-26,40,41,42,43,44,-18,-8,45]],"type":"Polygon","properties":{"adm1_psgc":400000000,"adm2_psgc":402100000,"adm3_psgc":402101000,"adm4_psgc":402101011,"adm4_en":"Mangas I","geo_level":"Bgy","len_crs":8079,"area_crs":1622439,"len_km":8,"area_km2":1},"id":402101011},{"arcs":[[46,-44,47,48,49,50,51]],"type":"Polygon","properties":{"adm1_psgc":400000000,"adm2_psgc":402100000,"adm3_psgc":402101000,"adm4_psgc":402101012,"adm4_en":"Marahan I","geo_level":"Bgy","len_crs":10453,"area_crs":3147790,"len_km":10,"area_km2":3},"id":402101012},{"arcs":[[-50,52,53,54,55]],"type":"Polygon","properties":{"adm1_psgc":400000000,"adm2_psgc":402100000,"adm3_psgc":402101000,"adm4_psgc":402101013,"adm4_en":"Matagbak I","geo_level":"Bgy","len_crs":7958,"area_crs":3442555,"len_km":7,"area_km2":3},"id":402101013},{"arcs":[[-27,-46,-7,-6,-14,56,57]],"type":"Polygon","properties":{"adm1_psgc":400000000,"adm2_psgc":402100000,"adm3_psgc":402101000,"adm4_psgc":402101014,"adm4_en":"Pajo","geo_level":"Bgy","len_crs":8684,"area_crs":2209599,"len_km":8,"area_km2":2},"id":402101014},{"arcs":[[58,-36,59,60,61]],"type":"Polygon","properties":{"adm1_psgc":400000000,"adm2_psgc":402100000,"adm3_psgc":402101000,"adm4_psgc":402101016,"adm4_en":"Sikat","geo_level":"Bgy","len_crs":6126,"area_crs":1704114,"len_km":6,"area_km2":1},"id":402101016},{"arcs":[[62,63,64,65,66,-54]],"type":"Polygon","properties":{"adm1_psgc":400000000,"adm2_psgc":402100000,"adm3_psgc":402101000,"adm4_psgc":402101017,"adm4_en":"Sinaliw Malaki","geo_level":"Bgy","len_crs":6135,"area_crs":1543847,"len_km":6,"area_km2":1},"id":402101017},{"arcs":[[67,-29,68,-66]],"type":"Polygon","properties":{"adm1_psgc":400000000,"adm2_psgc":402100000,"adm3_psgc":402101000,"adm4_psgc":402101018,"adm4_en":"Sinaliw na Munti","geo_level":"Bgy","len_crs":5538,"area_crs":1187695,"len_km":5,"area_km2":1},"id":402101018},{"arcs":[[-48,-43,69,-39,70,71,72]],"type":"Polygon","properties":{"adm1_psgc":400000000,"adm2_psgc":402100000,"adm3_psgc":402101000,"adm4_psgc":402101019,"adm4_en":"Sulsugin","geo_level":"Bgy","len_crs":8856,"area_crs":2701221,"len_km":8,"area_km2":2},"id":402101019},{"arcs":[[73,74]],"type":"Polygon","properties":{"adm1_psgc":400000000,"adm2_psgc":402100000,"adm3_psgc":402101000,"adm4_psgc":402101020,"adm4_en":"Taywanak Ibaba","geo_level":"Bgy","len_crs":9591,"area_crs":3538876,"len_km":9,"area_km2":3},"id":402101020},{"arcs":[[-57,-13,-17,75,-52,76,-74,77]],"type":"Polygon","properties":{"adm1_psgc":400000000,"adm2_psgc":402100000,"adm3_psgc":402101000,"adm4_psgc":402101021,"adm4_en":"Taywanak Ilaya","geo_level":"Bgy","len_crs":10563,"area_crs":3724888,"len_km":10,"area_km2":3},"id":402101021},{"arcs":[[-38,78,79,-21,80,-71]],"type":"Polygon","properties":{"adm1_psgc":400000000,"adm2_psgc":402100000,"adm3_psgc":402101000,"adm4_psgc":402101022,"adm4_en":"Upli","geo_level":"Bgy","len_crs":7548,"area_crs":1704187,"len_km":7,"area_km2":1},"id":402101022},{"arcs":[[81,82]],"type":"Polygon","properties":{"adm1_psgc":400000000,"adm2_psgc":402100000,