{"type":"Topology","arcs":[[[439,394],[-18,-20]],[[421,374],[1,-14]],[[422,360],[-46,-3]],[[376,357],[-9,38]],[[367,395],[20,60]],[[387,455],[52,-61]],[[115,86],[-115,-20]],[[0,66],[66,109],[59,18]],[[125,193],[-10,-107]],[[883,610],[-428,-190],[-16,-26]],[[387,455],[17,79]],[[404,534],[68,6],[416,143],[-5,-73]],[[303,238],[14,-74]],[[317,164],[-75,-11]],[[242,153],[-18,125]],[[224,278],[57,14],[22,-54]],[[891,513],[-239,-121],[-40,-56],[-40,22]],[[572,358],[-17,15]],[[555,373],[-34,40],[-78,-46]],[[443,367],[-1,6]],[[442,373],[-3,21]],[[883,610],[8,-97]],[[422,360],[4,-25]],[[426,335],[-29,-82]],[[397,253],[-28,0]],[[369,253],[-23,6]],[[346,259],[30,98]],[[442,333],[15,-58]],[[457,275],[-60,-22]],[[426,335],[4,3]],[[430,338],[12,-5]],[[457,275],[15,-71]],[[472,204],[1,-138],[-83,-35],[-16,124]],[[374,155],[-5,98]],[[555,373],[-108,-32]],[[447,341],[-2,8]],[[445,349],[-2,18]],[[572,358],[-58,-123]],[[514,235],[-42,-31]],[[442,333],[5,8]],[[127,79],[-121,-79],[-6,66]],[[115,86],[12,-7]],[[367,395],[-122,-19]],[[245,376],[38,153],[96,35],[25,-30]],[[242,153],[-51,-13]],[[191,140],[-45,68]],[[146,208],[20,96],[58,-26]],[[442,373],[-13,-3]],[[429,370],[-8,4]],[[191,140],[-64,-61]],[[125,193],[21,15]],[[891,513],[26,-71],[-287,-177],[-86,-45],[-30,15]],[[374,155],[-57,9]],[[303,238],[43,21]],[[224,278],[21,98]],[[430,338],[1,18]],[[431,356],[14,-7]],[[431,356],[-2,14]]],"transform":{"scale":[0.00020567179716466917,0.0001362806778916556],"translate":[120.72298239400004,15.93517969600003]},"objects":{"bgysubmuns-municity-105537000":{"type":"GeometryCollection","geometries":[{"arcs":[[0,1,2,3,4,5]],"type":"Polygon","properties":{"adm1_psgc":100000000,"adm2_psgc":105500000,"adm3_psgc":105537000,"adm4_psgc":105537001,"adm4_en":"Alac","geo_level":"Bgy","len_crs":5435,"area_crs":1654011,"len_km":5,"area_km2":1},"id":105537001},{"arcs":[[6,7,8]],"type":"Polygon","properties":{"adm1_psgc":100000000,"adm2_psgc":105500000,"adm3_psgc":105537000,"adm4_psgc":105537002,"adm4_en":"Baligayan","geo_level":"Bgy","len_crs":9220,"area_crs":3082424,"len_km":9,"area_km2":3},"id":105537002},{"arcs":[[9,-6,10,11]],"type":"Polygon","properties":{"adm1_psgc":100000000,"adm2_psgc":105500000,"adm3_psgc":105537000,"adm4_psgc":105537004,"adm4_en":"Bantog","geo_level":"Bgy","len_crs":25380,"area_crs":15299391,"len_km":25,"area_km2":15},"id":105537004},{"arcs":[[12,13,14,15]],"type":"Polygon","properties":{"adm1_psgc":100000000,"adm2_psgc":105500000,"adm3_psgc":105537000,"adm4_psgc":105537005,"adm4_en":"Bolintaguen","geo_level":"Bgy","len_crs":8569,"area_crs":3290246,"len_km":8,"area_km2":3},"id":105537005},{"arcs":[[16,17,18,19,20,-10,21]],"type":"Polygon","properties":{"adm1_psgc":100000000,"adm2_psgc":105500000,"adm3_psgc":105537000,"adm4_psgc":105537006,"adm4_en":"Cabangaran","geo_level":"Bgy","len_crs":23850,"area_crs":14790098,"len_km":23,"area_km2":14},"id":105537006},{"arcs":[[22,23,24,25,26,-3]],"type":"Polygon","properties":{"adm1_psgc":100000000,"adm2_psgc":105500000,"adm3_psgc":105537000,"adm4_psgc":105537007,"adm4_en":"Cabalaoangan","geo_level":"Bgy","len_crs":6043,"area_crs":2122782,"len_km":6,"area_km2":2},"id":105537007},{"arcs":[[27,28,-24,29,30]],"type":"Polygon","properties":{"adm1_psgc":100000000,"adm2_psgc":105500000,"adm3_psgc":105537000,"adm4_psgc":105537009,"adm4_en":"Calomboyan","geo_level":"Bgy","len_crs":4763,"area_crs":1065028,"len_km":4,"area_km2":1},"id":105537009},{"arcs":[[31,32,33,-25,-29]],"type":"Polygon","properties":{"adm1_psgc":100000000,"adm2_psgc":105500000,"adm3_psgc":105537000,"adm4_psgc":105537010,"adm4_en":"Carayacan","geo_level":"Bgy","len_crs":11216,"area_crs":6418873,"len_km":11,"area_km2":6},"id":105537010},{"arcs":[[34,35,36,-19]],"type":"Polygon","properties":{"adm1_psgc":100000000,"adm2_psgc":105500000,"adm3_psgc":105537000,"adm4_psgc":105537011,"adm4_en":"Casantamarian","geo_level":"Bgy","len_crs":5900,"area_crs":1279278,"len_km":5,"area_km2":1},"id":105537011},{"arcs":[[37,38,-32,-28,39,-35,-18]],"type":"Polygon","properties":{"adm1_psgc":100000000,"adm2_psgc":105500000,"adm3_psgc":105537000,"adm4_psgc":105537012,"adm4_en":"Gonzalo","geo_level":"Bgy","len_crs":8922,"area_crs":4037979,"len_km":8,"area_km2":4},"id":105537012},{"arcs":[[40,-7,41]],"type":"Polygon","properties":{"adm1_psgc":100000000,"adm2_psgc":105500000,"adm3_psgc":105537000,"adm4_psgc":105537013,"adm4_en":"Labuan","geo_level":"Bgy","len_crs":8165,"area_crs":1807056,"len_km":8,"area_km2":1},"id":105537013},{"arcs":[[-11,-5,42,43]],"type":"Polygon","properties":{"adm1_psgc":100000000,"adm2_psgc":105500000,"adm3_psgc":105537000,"adm4_psgc":105537014,"adm4_en":"Lagasit","geo_level":"Bgy","len_crs":11315,"area_crs":6027334,"len_km":11,"area_km2":6},"id":105537014},{"arcs":[[-15,44,45,46]],"type":"Polygon","properties":{"adm1_psgc":100000000,"adm2_psgc":105500000,"adm3_psgc":105537000,"adm4_psgc":105537015,"adm4_en":"Lumayao","geo_level":"Bgy","len_crs":8792,"area_crs":3656569,"len_km":8,"area_km2":3},"id":105537015},{"arcs":[[-21,47,48,-1]],"type":"Polygon","properties":{"adm1_psgc":100000000,"adm2_psgc":105500000,"adm3_psgc":105537000,"adm4_psgc":105537016,"adm4_en":"Mabini","geo_level":"Bgy","len_crs":1530,"area_crs":109123,"len_km":1,"area_km2":0},"id":105537016},{"arcs":[[-46,49,-42,-9,50]],"type":"Polygon","properties":{"adm1_psgc":100000000,"adm2_psgc":105500000,"adm3_psgc":105537000,"adm4_psgc":105537017,"adm4_en":"Mantacdang","geo_level":"Bgy","len_crs":6832,"area_crs":2269369,"len_km":6,"area_km2":2},"id":105537017},{"arcs":[[-38,-17,51]],"type":"Polygon","properties":{"adm1_psgc":100000000,"adm2_psgc":105500000,"adm3_psgc":105537000,"adm4_psgc":105537018,"adm4_en":"Nangapugan","geo_level":"Bgy","len_crs":21316,"area_crs":11820938,"len_km":21,"area_km2":11},"id":105537018},{"arcs":[[-34,52,-13,53,-26]],"type":"Polygon","properties":{"adm1_psgc":100000000,"adm2_psgc":105500000,"adm3_psgc":105537000,"adm4_psgc":105537020,"adm4_en":"San Pedro","geo_level":"Bgy","len_crs":5777,"area_crs":2005867,"len_km":5,"area_km2":2},"id":105537020},{"arcs":[[-27,-54,-16,54,-43,-4]],"type":"Polygon","properties":{"adm1_psgc":100000000,"adm2_psgc":105500000,"adm3_psgc":105537000,"adm4_psgc":105537021,"adm4_en":"Ungib","geo_level":"Bgy","len_crs":10972,"area_crs":4760856,"len_km":10,"area_km2":4},"id":105537021},{"arcs":[[-36,-40,-31,55,56]],"type":"Polygon","properties":{"adm1_psgc":100000000,"adm2_psgc":105500000,"adm3_psgc":105537000,"adm4_psgc":105537022,"adm4_en":"Poblacion Zone I","geo_level":"Bgy","len_crs":1381,"area_crs":112920,"len_km":1,"area_km2":0},"id":105537022},{"arcs":[[-37,-57,57,-48,-20]],"type":"Polygon","properties":{"adm1_psgc":100000000,"adm2_psgc":105500000,"adm3_psgc":105537000,"adm4_psgc":105537023,"adm4_en":"Poblacion Zone II","geo_level":"Bgy","len_crs":1282,"area_crs":66503,"len_km":1,"area_km2":0},"id":105537023},{"arcs":[[-58,-56,-30,-23,-2,-49]],"type":"Polygon","properties":{"adm1_psgc":100000000,"adm2_psgc":105500000,"adm3_psgc":105537000,"adm4_psgc":105537024,"adm4_en":"Poblacion Zone III","geo_level":"Bgy","len_crs":1491,"area_crs":70734,"len_km":1,"area_km2":0},"id":105537024}]}}}