{"type":"Topology","arcs":[[[332,647],[34,-8],[104,-42]],[[470,597],[-30,-20],[-3,-29],[-49,17],[-37,-1],[-61,-24],[-24,1]],[[266,541],[-56,84]],[[210,625],[28,32]],[[238,657],[5,6]],[[243,663],[53,-31],[36,15]],[[321,698],[11,-51]],[[243,663],[-31,51]],[[212,714],[76,65]],[[288,779],[26,-23],[7,-58]],[[983,758],[-277,-62]],[[706,696],[-97,221]],[[609,917],[-15,116],[-34,79],[10,81],[-28,72],[10,27],[36,23],[5,66]],[[593,1381],[35,-19],[30,-68],[27,-31],[-9,-97],[69,1],[3,-98],[38,-56],[21,-3],[66,-63],[71,-149],[39,-40]],[[315,918],[17,-38]],[[332,880],[-74,-34],[-43,-49],[73,-18]],[[212,714],[-32,29],[-49,18]],[[131,761],[-31,51]],[[100,812],[101,72],[22,49],[27,24],[33,-31],[32,-8]],[[609,917],[-96,-58]],[[513,859],[-48,40],[-64,73]],[[401,972],[18,31],[-32,166],[-21,79]],[[366,1248],[65,13],[47,27],[7,39],[52,54],[56,0]],[[591,359],[-51,32],[-35,9],[-2,40],[-57,44],[-70,-5],[-31,-14],[-63,5],[-77,-6]],[[205,464],[61,77]],[[470,597],[4,17],[232,82]],[[706,696],[-115,-337]],[[210,625],[-41,-32],[-59,0]],[[110,593],[32,54]],[[142,647],[27,44],[52,-12],[17,-22]],[[1232,658],[0,-75],[30,-52],[29,-78],[52,-172]],[[1343,281],[-196,24],[7,30],[-374,-72],[127,-263],[-50,24],[-64,17],[-72,3],[-62,-18],[-52,40],[23,47],[-55,15],[-18,18],[17,76],[-22,49],[51,18],[-12,70]],[[983,758],[81,-59],[66,-22],[102,-19]],[[1232,658],[81,-7],[100,12],[53,57],[13,41],[57,60],[20,-20],[18,-64],[-23,-218],[-33,-250],[-175,12]],[[110,593],[-56,-61]],[[54,532],[-54,32],[57,55],[40,63]],[[97,682],[45,-35]],[[97,682],[34,79]],[[321,698],[35,23],[64,0],[46,21],[27,46],[20,71]],[[100,812],[16,92],[-22,46]],[[94,950],[39,-20],[58,41],[14,22],[54,21],[42,-38],[14,-58]],[[332,880],[69,92]],[[205,464],[-73,12],[-78,56]],[[94,950],[-41,41],[9,99],[21,53],[26,36],[92,63],[102,19],[43,-27],[20,14]]],"transform":{"scale":[0.0001306559688691835,0.00012573058653150292],"translate":[120.77080118200003,18.476307956000028]},"objects":{"bgysubmuns-municity-102815000":{"type":"GeometryCollection","geometries":[{"arcs":[[0,1,2,3,4,5]],"type":"Polygon","properties":{"adm1_psgc":100000000,"adm2_psgc":102800000,"adm3_psgc":102815000,"adm4_psgc":102815001,"adm4_en":"Aggasi","geo_level":"Bgy","len_crs":9251,"area_crs":3628004,"len_km":9,"area_km2":3},"id":102815001},{"arcs":[[6,-6,7,8,9]],"type":"Polygon","properties":{"adm1_psgc":100000000,"adm2_psgc":102800000,"adm3_psgc":102815000,"adm4_psgc":102815003,"adm4_en":"Baduang","geo_level":"Bgy","len_crs":6383,"area_crs":1854689,"len_km":6,"area_km2":1},"id":102815003},{"arcs":[[10,11,12,13]],"type":"Polygon","properties":{"adm1_psgc":100000000,"adm2_psgc":102800000,"adm3_psgc":102815000,"adm4_psgc":102815004,"adm4_en":"Balaoi","geo_level":"Bgy","len_crs":27240,"area_crs":24100407,"len_km":27,"area_km2":24},"id":102815004},{"arcs":[[14,15,-9,16,17,18]],"type":"Polygon","properties":{"adm1_psgc":100000000,"adm2_psgc":102800000,"adm3_psgc":102815000,"adm4_psgc":102815005,"adm4_en":"Burayoc","geo_level":"Bgy","len_crs":12606,"area_crs":4610004,"len_km":12,"area_km2":4},"id":102815005},{"arcs":[[-13,19,20,21,22]],"type":"Polygon","properties":{"adm1_psgc":100000000,"adm2_psgc":102800000,"adm3_psgc":102815000,"adm4_psgc":102815006,"adm4_en":"Caunayan","geo_level":"Bgy","len_crs":19393,"area_crs":14731909,"len_km":19,"area_km2":14},"id":102815006},{"arcs":[[23,24,-2,25,26]],"type":"Polygon","properties":{"adm1_psgc":100000000,"adm2_psgc":102800000,"adm3_psgc":102815000,"adm4_psgc":102815007,"adm4_en":"Dampig","geo_level":"Bgy","len_crs":20128,"area_crs":12544926,"len_km":20,"area_km2":12},"id":102815007},{"arcs":[[-4,27,28,29]],"type":"Polygon","properties":{"adm1_psgc":100000000,"adm2_psgc":102800000,"adm3_psgc":102815000,"adm4_psgc":102815008,"adm4_en":"Ligaya","geo_level":"Bgy","len_crs":4983,"area_crs":1380803,"len_km":4,"area_km2":1},"id":102815008},{"arcs":[[30,31,-27,-11,32]],"type":"Polygon","properties":{"adm1_psgc":100000000,"adm2_psgc":102800000,"adm3_psgc":102815000,"adm4_psgc":102815010,"adm4_en":"Pancian","geo_level":"Bgy","len_crs":41858,"area_crs":62426544,"len_km":41,"area_km2":62},"id":102815010},{"arcs":[[-31,33]],"type":"Polygon","properties":{"adm1_psgc":100000000,"adm2_psgc":102800000,"adm3_psgc":102815000,"adm4_psgc":102815011,"adm4_en":"Pasaleng","geo_level":"Bgy","len_crs":22141,"area_crs":22115419,"len_km":22,"area_km2":22},"id":102815011},{"arcs":[[-29,34,35,36]],"type":"Polygon","properties":{"adm1_psgc":100000000,"adm2_psgc":102800000,"adm3_psgc":102815000,"adm4_psgc":102815012,"adm4_en":"Poblacion 1","geo_level":"Bgy","len_crs":5955,"area_crs":1691894,"len_km":5,"area_km2":1},"id":102815012},{"arcs":[[-8,-5,-30,-37,37,-17]],"type":"Polygon","properties":{"adm1_psgc":100000000,"adm2_psgc":102800000,"adm3_psgc":102815000,"adm4_psgc":102815013,"adm4_en":"Poblacion 2","geo_level":"Bgy","len_crs":6861,"area_crs":1388794,"len_km":6,"area_km2":1},"id":102815013},{"arcs":[[-26,-1,-7,38,-20,-12]],"type":"Polygon","properties":{"adm1_psgc":100000000,"adm2_psgc":102800000,"adm3_psgc":102815000,"adm4_psgc":102815014,"adm4_en":"Saguigui","geo_level":"Bgy","len_crs":15405,"area_crs":10967159,"len_km":15,"area_km2":10},"id":102815014},{"arcs":[[-19,39,40]],"type":"Polygon","properties":{"adm1_psgc":100000000,"adm2_psgc":102800000,"adm3_psgc":102815000,"adm4_psgc":102815015,"adm4_en":"Saud","geo_level":"Bgy","len_crs":12637,"area_crs":3245515,"len_km":12,"area_km2":3},"id":102815015},{"arcs":[[-39,-10,-16,41,-21]],"type":"Polygon","properties":{"adm1_psgc":100000000,"adm2_psgc":102800000,"adm3_psgc":102815000,"adm4_psgc":102815016,"adm4_en":"Subec","geo_level":"Bgy","len_crs":13082,"area_crs":7921583,"len_km":13,"area_km2":7},"id":102815016},{"arcs":[[-25,42,-35,-28,-3]],"type":"Polygon","properties":{"adm1_psgc":100000000,"adm2_psgc":102800000,"adm3_psgc":102815000,"adm4_psgc":102815017,"adm4_en":"Tarrag","geo_level":"Bgy","len_crs":7978,"area_crs":3629181,"len_km":7,"area_km2":3},"id":102815017},{"arcs":[[-22,-42,-15,-41,43]],"type":"Polygon","properties":{"adm1_psgc":100000000,"adm2_psgc":102800000,"adm3_psgc":102815000,"adm4_psgc":102815018,"adm4_en":"Caparispisan","geo_level":"Bgy","len_crs":20481,"area_crs":17024439,"len_km":20,"area_km2":17},"id":102815018}]}}}