{"type":"Topology","arcs":[[[95,274],[25,-44]],[[120,230],[-36,-41]],[[84,189],[-45,35]],[[39,224],[52,53]],[[91,277],[4,-3]],[[160,327],[-65,-53]],[[91,277],[-52,33]],[[39,310],[-17,21]],[[22,331],[76,53]],[[98,384],[62,-57]],[[438,16],[-202,-16],[-23,59]],[[213,59],[16,15]],[[229,74],[29,0]],[[258,74],[40,-22],[72,26]],[[370,78],[68,-62]],[[386,442],[-35,-77],[-48,-42]],[[303,323],[-69,68]],[[234,391],[68,190]],[[302,581],[84,-139]],[[493,29],[-70,69],[12,60]],[[435,158],[24,19]],[[459,177],[42,-88],[-8,-60]],[[39,224],[-39,39]],[[0,263],[39,47]],[[303,323],[-49,-43]],[[254,280],[-11,-8]],[[243,272],[-37,10]],[[206,282],[-46,45]],[[160,327],[74,64]],[[540,391],[-84,71],[-18,72],[-136,47]],[[302,581],[150,6],[124,-62],[42,-43],[35,-77],[-113,-14]],[[158,200],[80,-3]],[[238,197],[7,-6]],[[245,191],[-6,-3]],[[239,188],[-56,-24],[-28,-47]],[[155,117],[-40,40]],[[115,157],[30,49]],[[145,206],[13,-6]],[[540,391],[-45,-30],[-10,-70]],[[485,291],[-35,35]],[[450,326],[-10,119],[-54,-3]],[[98,384],[204,197]],[[365,185],[-67,-42]],[[298,143],[-53,48]],[[238,197],[5,75]],[[254,280],[111,-95]],[[450,326],[-81,-57]],[[369,269],[-66,54]],[[298,143],[-40,-69]],[[229,74],[-22,42],[32,72]],[[213,59],[-58,58]],[[493,29],[-55,-13]],[[370,78],[45,100]],[[415,178],[20,-20]],[[365,185],[42,8]],[[407,193],[8,-15]],[[206,282],[-48,-82]],[[145,206],[-25,24]],[[0,263],[22,68]],[[485,291],[-26,-114]],[[407,193],[-38,76]],[[115,157],[-31,32]]],"transform":{"scale":[0.0003227157304746122,0.00035400302555366404],"translate":[124.97880669500012,6.15348065400002]},"objects":{"bgysubmuns-municity-1206312000":{"type":"GeometryCollection","geometries":[{"arcs":[[0,1,2,3,4]],"type":"Polygon","properties":{"adm1_psgc":1200000000,"adm2_psgc":1206300000,"adm3_psgc":1206312000,"adm4_psgc":1206312001,"adm4_en":"Bentung","geo_level":"Bgy","len_crs":13026,"area_crs":5599437,"len_km":13,"area_km2":5},"id":1206312001},{"arcs":[[5,-5,6,7,8,9]],"type":"Polygon","properties":{"adm1_psgc":1200000000,"adm2_psgc":1206300000,"adm3_psgc":1206312000,"adm4_psgc":1206312002,"adm4_en":"Crossing Palkan","geo_level":"Bgy","len_crs":13570,"area_crs":11166318,"len_km":13,"area_km2":11},"id":1206312002},{"arcs":[[10,11,12,13,14]],"type":"Polygon","properties":{"adm1_psgc":1200000000,"adm2_psgc":1206300000,"adm3_psgc":1206312000,"adm4_psgc":1206312003,"adm4_en":"Glamang","geo_level":"Bgy","len_crs":22590,"area_crs":16449525,"len_km":22,"area_km2":16},"id":1206312003},{"arcs":[[15,16,17,18]],"type":"Polygon","properties":{"adm1_psgc":1200000000,"adm2_psgc":1206300000,"adm3_psgc":1206312000,"adm4_psgc":1206312004,"adm4_en":"Kinilis","geo_level":"Bgy","len_crs":26141,"area_crs":31952827,"len_km":26,"area_km2":31},"id":1206312004},{"arcs":[[19,20,21]],"type":"Polygon","properties":{"adm1_psgc":1200000000,"adm2_psgc":1206300000,"adm3_psgc":1206312000,"adm4_psgc":1206312005,"adm4_en":"Klinan 6","geo_level":"Bgy","len_crs":14104,"area_crs":8694658,"len_km":14,"area_km2":8},"id":1206312005},{"arcs":[[-4,22,23,-7]],"type":"Polygon","properties":{"adm1_psgc":1200000000,"adm2_psgc":1206300000,"adm3_psgc":1206312000,"adm4_psgc":1206312006,"adm4_en":"Koronadal Proper","geo_level":"Bgy","len_crs":13404,"area_crs":6378379,"len_km":13,"area_km2":6},"id":1206312006},{"arcs":[[24,25,26,27,28,-17]],"type":"Polygon","properties":{"adm1_psgc":1200000000,"adm2_psgc":1206300000,"adm3_psgc":1206312000,"adm4_psgc":1206312007,"adm4_en":"Lam-Caliaf","geo_level":"Bgy","len_crs":14491,"area_crs":12443009,"len_km":14,"area_km2":12},"id":1206312007},{"arcs":[[29,30]],"type":"Polygon","properties":{"adm1_psgc":1200000000,"adm2_psgc":1206300000,"adm3_psgc":1206312000,"adm4_psgc":1206312008,"adm4_en":"Landan","geo_level":"Bgy","len_crs":33654,"area_crs":38316545,"len_km":33,"area_km2":38},"id":1206312008},{"arcs":[[31,32,33,34,35,36,37]],"type":"Polygon","properties":{"adm1_psgc":1200000000,"adm2_psgc":1206300000,"adm3_psgc":1206312000,"adm4_psgc":1206312009,"adm4_en":"Lumakil","geo_level":"Bgy","len_crs":16858,"area_crs":6840884,"len_km":16,"area_km2":6},"id":1206312009},{"arcs":[[38,39,40,-19,-30]],"type":"Polygon","properties":{"adm1_psgc":1200000000,"adm2_psgc":1206300000,"adm3_psgc":1206312000,"adm4_psgc":1206312011,"adm4_en":"Maligo","geo_level":"Bgy","len_crs":34379,"area_crs":25198150,"len_km":34,"area_km2":25},"id":1206312011},{"arcs":[[-29,-10,41,-18]],"type":"Polygon","properties":{"adm1_psgc":1200000000,"adm2_psgc":1206300000,"adm3_psgc":1206312000,"adm4_psgc":1206312013,"adm4_en":"Palkan","geo_level":"Bgy","len_crs":26173,"area_crs":22091910,"len_km":26,"area_km2":22},"id":1206312013},{"arcs":[[42,43,-33,44,-26,45]],"type":"Polygon","properties":{"adm1_psgc":1200000000,"adm2_psgc":1206300000,"adm3_psgc":1206312000,"adm4_psgc":1206312014,"adm4_en":"Poblacion","geo_level":"Bgy","len_crs":16537,"area_crs":12173638,"len_km":16,"area_km2":12},"id":1206312014},{"arcs":[[46,47,-16,-41]],"type":"Polygon","properties":{"adm1_psgc":1200000000,"adm2_psgc":1206300000,"adm3_psgc":1206312000,"adm4_psgc":1206312015,"adm4_en":"Polo","geo_level":"Bgy","len_crs":21286,"area_crs":19130443,"len_km":21,"area_km2":19},"id":1206312015},{"arcs":[[48,-13,49,-34,-44]],"type":"Polygon","properties":{"adm1_psgc":1200000000,"adm2_psgc":1206300000,"adm3_psgc":1206312000,"adm4_psgc":1206312016,"adm4_en":"Magsaysay","geo_level":"Bgy","len_crs":15733,"area_crs":8749292,"len_km":15,"area_km2":8},"id":1206312016},{"arcs":[[-50,-12,50,-35]],"type":"Polygon","properties":{"adm1_psgc":1200000000,"adm2_psgc":1206300000,"adm3_psgc":1206312000,"adm4_psgc":1206312017,"adm4_en":"Rubber","geo_level":"Bgy","len_crs":16509,"area_crs":6742332,"len_km":16,"area_km2":6},"id":1206312017},{"arcs":[[-20,51,-15,52,53]],"type":"Polygon","properties":{"adm1_psgc":1200000000,"adm2_psgc":1206300000,"adm3_psgc":1206312000,"adm4_psgc":1206312018,"adm4_en":"Silway 7","geo_level":"Bgy","len_crs":18957,"area_crs":11023806,"len_km":18,"area_km2":11},"id":1206312018},{"arcs":[[-53,-14,-49,-43,54,55]],"type":"Polygon","properties":{"adm1_psgc":1200000000,"adm2_psgc":1206300000,"adm3_psgc":1206312000,"adm4_psgc":1206312019,"adm4_en":"Silway 8","geo_level":"Bgy","len_crs":22113,"area_crs":15892388,"len_km":22,"area_km2":15},"id":1206312019},{"arcs":[[56,-38,57,-1,-6,-28]],"type":"Polygon","properties":{"adm1_psgc":1200000000,"adm2_psgc":1206300000,"adm3_psgc":1206312000,"adm4_psgc":1206312020,"adm4_en":"Sulit","geo_level":"Bgy","len_crs":15294,"area_crs":10119791,"len_km":15,"area_km2":10},"id":1206312020},{"arcs":[[-24,58,-8]],"type":"Polygon","properties":{"adm1_psgc":1200000000,"adm2_psgc":1206300000,"adm3_psgc":1206312000,"adm4_psgc":1206312021,"adm4_en":"Sumbakil","geo_level":"Bgy","len_crs":8156,"area_crs":2849794,"len_km":8,"area_km2":2},"id":1206312021},{"arcs":[[-40,59,-21,-54,-56,60,-47]],"type":"Polygon","properties":{"adm1_psgc":1200000000,"adm2_psgc":1206300000,"adm3_psgc":1206312000,"adm4_psgc":1206312022,"adm4_en":"Upper Klinan","geo_level":"Bgy","len_crs":18107,"area_crs":15513298,"len_km":18,"area_km2":15},"id":1206312022},{"arcs":[[-37,61,-2,-58]],"type":"Polygon","properties":{"adm1_psgc":1200000000,"adm2_psgc":1206300000,"adm3_psgc":1206312000,"adm4_psgc":1206312023,"adm4_en":"Lapu","geo_level":"Bgy","len_crs":8509,"area_crs":3312022,"len_km":8,"area_km2":3},"id":1206312023},{"arcs":[[-61,-55,-46,-25,-48]],"type":"Polygon","properties":{"adm1_psgc":1200000000,"adm2_psgc":1206300000,"adm3_psgc":1206312000,"adm4_psgc":1206312024,"adm4_en":"Cannery Site","geo_level":"Bgy","len_crs":17569,"area_crs":13277100,"len_km":17,"area_km2":13},"id":1206312024},{"arcs":[[-45,-32,-57,-27]],"type":"Polygon","properties":{"adm1_psgc":1200000000,"adm2_psgc":1206300000,"adm3_psgc":1206312000,"adm4_psgc":1206312025,"adm4_en":"Pagalungan","geo_level":"Bgy","len_crs":15138,"area_crs":7723578,"len_km":15,"area_km2":7},"id":1206312025}]}}}