{"type":"Topology","arcs":[[[366,240],[16,-36]],[[382,204],[-54,-33]],[[328,171],[-24,87]],[[304,258],[-5,13]],[[299,271],[43,28]],[[342,299],[24,-59]],[[580,138],[-79,-85]],[[501,53],[-63,6]],[[438,59],[13,109]],[[451,168],[30,14]],[[481,182],[99,-44]],[[487,471],[-145,-172]],[[299,271],[-37,81]],[[262,352],[158,171]],[[420,523],[67,-52]],[[457,286],[22,-32]],[[479,254],[-11,-8]],[[468,246],[-24,-25]],[[444,221],[-36,59]],[[408,280],[31,30]],[[439,310],[18,-24]],[[521,214],[-40,-32]],[[451,168],[-114,-31]],[[337,137],[68,53]],[[405,190],[39,31]],[[468,246],[53,-32]],[[671,32],[-3,-24]],[[668,8],[-48,15]],[[620,23],[31,25]],[[651,48],[20,-16]],[[572,251],[-51,-37]],[[479,254],[61,20]],[[540,274],[32,-23]],[[686,81],[-35,18]],[[651,99],[-20,29]],[[631,128],[6,18]],[[637,146],[49,-65]],[[328,171],[9,-34]],[[337,137],[-20,-40]],[[317,97],[-49,-96],[-130,70],[-64,136]],[[74,207],[230,51]],[[687,18],[5,-18]],[[692,0],[-24,8]],[[671,32],[16,-14]],[[651,99],[-7,-12]],[[644,87],[7,-39]],[[620,23],[-19,18]],[[601,41],[21,67]],[[622,108],[9,20]],[[438,59],[-121,38]],[[530,328],[-73,-42]],[[439,310],[78,100]],[[517,410],[13,-82]],[[601,41],[-100,12]],[[580,138],[42,-30]],[[683,65],[9,-41]],[[692,24],[-5,-6]],[[644,87],[39,-22]],[[530,328],[10,-54]],[[74,207],[-37,109]],[[37,316],[225,36]],[[572,251],[65,-105]],[[692,24],[0,-24]],[[405,190],[-23,14]],[[366,240],[42,40]],[[487,471],[30,-61]],[[37,316],[-37,39],[54,93],[212,252],[154,-177]],[[686,81],[-3,-16]]],"transform":{"scale":[0.00021707302890176493,0.00014428210142860618],"translate":[123.96570479000002,7.828388182000028]},"objects":{"bgysubmuns-municity-1903614000":{"type":"GeometryCollection","geometries":[{"arcs":[[0,1,2,3,4,5]],"type":"Polygon","properties":{"adm1_psgc":1900000000,"adm2_psgc":1903600000,"adm3_psgc":1903614000,"adm4_psgc":1903614003,"adm4_en":"Balintad","geo_level":"Bgy","len_crs":6038,"area_crs":2183035,"len_km":6,"area_km2":2},"id":1903614003},{"arcs":[[6,7,8,9,10]],"type":"Polygon","properties":{"adm1_psgc":1900000000,"adm2_psgc":1903600000,"adm3_psgc":1903614000,"adm4_psgc":1903614004,"adm4_en":"Balagunun","geo_level":"Bgy","len_crs":9536,"area_crs":4000007,"len_km":9,"area_km2":4},"id":1903614004},{"arcs":[[11,-5,12,13,14]],"type":"Polygon","properties":{"adm1_psgc":1900000000,"adm2_psgc":1903600000,"adm3_psgc":1903614000,"adm4_psgc":1903614005,"adm4_en":"Bawang","geo_level":"Bgy","len_crs":13597,"area_crs":8689020,"len_km":13,"area_km2":8},"id":1903614005},{"arcs":[[15,16,17,18,19,20]],"type":"Polygon","properties":{"adm1_psgc":1900000000,"adm2_psgc":1903600000,"adm3_psgc":1903614000,"adm4_psgc":1903614006,"adm4_en":"Biabe","geo_level":"Bgy","len_crs":4475,"area_crs":1171375,"len_km":4,"area_km2":1},"id":1903614006},{"arcs":[[21,-10,22,23,24,-18,25]],"type":"Polygon","properties":{"adm1_psgc":1900000000,"adm2_psgc":1903600000,"adm3_psgc":1903614000,"adm4_psgc":1903614007,"adm4_en":"Bubong Uyaan","geo_level":"Bgy","len_crs":9614,"area_crs":2681516,"len_km":9,"area_km2":2},"id":1903614007},{"arcs":[[26,27,28,29]],"type":"Polygon","properties":{"adm1_psgc":1900000000,"adm2_psgc":1903600000,"adm3_psgc":1903614000,"adm4_psgc":1903614008,"adm4_en":"Cabasaran","geo_level":"Bgy","len_crs":3129,"area_crs":619214,"len_km":3,"area_km2":0},"id":1903614008},{"arcs":[[30,-26,-17,31,32]],"type":"Polygon","properties":{"adm1_psgc":1900000000,"adm2_psgc":1903600000,"adm3_psgc":1903614000,"adm4_psgc":1903614010,"adm4_en":"Dibarusan","geo_level":"Bgy","len_crs":5729,"area_crs":1023795,"len_km":5,"area_km2":1},"id":1903614010},{"arcs":[[33,34,35,36]],"type":"Polygon","properties":{"adm1_psgc":1900000000,"adm2_psgc":1903600000,"adm3_psgc":1903614000,"adm4_psgc":1903614011,"adm4_en":"Lakitan","geo_level":"Bgy","len_crs":3783,"area_crs":688947,"len_km":3,"area_km2":0},"id":1903614011},{"arcs":[[37,38,39,40,-3]],"type":"Polygon","properties":{"adm1_psgc":1900000000,"adm2_psgc":1903600000,"adm3_psgc":1903614000,"adm4_psgc":1903614012,"adm4_en":"Liangan","geo_level":"Bgy","len_crs":16310,"area_crs":15905934,"len_km":16,"area_km2":15},"id":1903614012},{"arcs":[[41,42,-27,43]],"type":"Polygon","properties":{"adm1_psgc":1900000000,"adm2_psgc":1903600000,"adm3_psgc":1903614000,"adm4_psgc":1903614013,"adm4_en":"Linuk","geo_level":"Bgy","len_crs":1929,"area_crs":146030,"len_km":1,"area_km2":0},"id":1903614013},{"arcs":[[44,45,-29,46,47,48,-35]],"type":"Polygon","properties":{"adm1_psgc":1900000000,"adm2_psgc":1903600000,"adm3_psgc":1903614000,"adm4_psgc":1903614014,"adm4_en":"Lumbaca Ingud","geo_level":"Bgy","len_crs":4931,"area_crs":1058678,"len_km":4,"area_km2":1},"id":1903614014},{"arcs":[[49,-39,-23,-9]],"type":"Polygon","properties":{"adm1_psgc":1900000000,"adm2_psgc":1903600000,"adm3_psgc":1903614000,"adm4_psgc":1903614016,"adm4_en":"Palao","geo_level":"Bgy","len_crs":8848,"area_crs":3159069,"len_km":8,"area_km2":3},"id":1903614016},{"arcs":[[50,-21,51,52]],"type":"Polygon","properties":{"adm1_psgc":1900000000,"adm2_psgc":1903600000,"adm3_psgc":1903614000,"adm4_psgc":1903614017,"adm4_en":"Pantaon","geo_level":"Bgy","len_crs":6795,"area_crs":1918778,"len_km":6,"area_km2":1},"id":1903614017},{"arcs":[[-48,53,-7,54]],"type":"Polygon","properties":{"adm1_psgc":1900000000,"adm2_psgc":1903600000,"adm3_psgc":1903614000,"adm4_psgc":1903614018,"adm4_en":"Pantar","geo_level":"Bgy","len_crs":7073,"area_crs":2449755,"len_km":7,"area_km2":2},"id":1903614018},{"arcs":[[55,56,-44,-30,-46,57]],"type":"Polygon","properties":{"adm1_psgc":1900000000,"adm2_psgc":1903600000,"adm3_psgc":1903614000,"adm4_psgc":1903614019,"adm4_en":"Madamba","geo_level":"Bgy","len_crs":3997,"area_crs":666102,"len_km":3,"area_km2":0},"id":1903614019},{"arcs":[[-32,-16,-51,58]],"type":"Polygon","properties":{"adm1_psgc":1900000000,"adm2_psgc":1903600000,"adm3_psgc":1903614000,"adm4_psgc":1903614020,"adm4_en":"Punud","geo_level":"Bgy","len_crs":5237,"area_crs":1406460,"len_km":5,"area_km2":1},"id":1903614020},{"arcs":[[-4,-41,59,60,-13]],"type":"Polygon","properties":{"adm1_psgc":1900000000,"adm2_psgc":1903600000,"adm3_psgc":1903614000,"adm4_psgc":1903614022,"adm4_en":"Tubaran","geo_level":"Bgy","len_crs":14732,"area_crs":9509813,"len_km":14,"area_km2":9},"id":1903614022},{"arcs":[[-36,-49,-55,-11,-22,-31,61]],"type":"Polygon","properties":{"adm1_psgc":1900000000,"adm2_psgc":1903600000,"adm3_psgc":1903614000,"adm4_psgc":1903614023,"adm4_en":"Tambo","geo_level":"Bgy","len_crs":10053,"area_crs":3300496,"len_km":10,"area_km2":3},"id":1903614023},{"arcs":[[-42,-57,62]],"type":"Polygon","properties":{"adm1_psgc":1900000000,"adm2_psgc":1903600000,"adm3_psgc":1903614000,"adm4_psgc":1903614025,"adm4_en":"Tuca","geo_level":"Bgy","len_crs":2585,"area_crs":229011,"len_km":2,"area_km2":0},"id":1903614025},{"arcs":[[-25,63,-1,64,-19]],"type":"Polygon","properties":{"adm1_psgc":1900000000,"adm2_psgc":1903600000,"adm3_psgc":1903614000,"adm4_psgc":1903614027,"adm4_en":"Uyaan Proper","geo_level":"Bgy","len_crs":5008,"area_crs":1398235,"len_km":5,"area_km2":1},"id":1903614027},{"arcs":[[-52,-20,-65,-6,-12,65]],"type":"Polygon","properties":{"adm1_psgc":1900000000,"adm2_psgc":1903600000,"adm3_psgc":1903614000,"adm4_psgc":1903614031,"adm4_en":"Tulay","geo_level":"Bgy","len_crs":11554,"area_crs":5752695,"len_km":11,"area_km2":5},"id":1903614031},{"arcs":[[-14,-61,66]],"type":"Polygon","properties":{"adm1_psgc":1900000000,"adm2_psgc":1903600000,"adm3_psgc":1903614000,"adm4_psgc":1903614032,"adm4_en":"Ilian","geo_level":"Bgy","len_crs":24336,"area_crs":30701194,"len_km":24,"area_km2":30},"id":1903614032},{"arcs":[[-24,-38,-2,-64]],"type":"Polygon","properties":{"adm1_psgc":1900000000,"adm2_psgc":1903600000,"adm3_psgc":1903614000,"adm4_psgc":1903614033,"adm4_en":"Pagayonan","geo_level":"Bgy","len_crs":4638,"area_crs":874485,"len_km":4,"area_km2":0},"id":1903614033},{"arcs":[[67,-58,-45,-34]],"type":"Polygon","properties":{"adm1_psgc":1900000000,"adm2_psgc":1903600000,"adm3_psgc":1903614000,"adm4_psgc":1903614034,"adm4_en":"Pangadapan","geo_level":"Bgy","len_crs":2520,