{"type":"Topology","arcs":[[[460,672],[-245,-58]],[[215,614],[9,59],[-6,88]],[[218,761],[4,11],[107,8]],[[329,780],[3,-27],[128,-81]],[[646,1482],[-33,-35],[-47,-9],[-22,17],[-43,-12]],[[501,1443],[-101,84]],[[400,1527],[39,3],[103,37],[-1,42],[-20,22],[-16,67],[-19,36],[43,46],[59,-157],[58,-141]],[[717,1309],[74,-187],[1,-84]],[[792,1038],[-46,-20],[-31,38],[-76,-8],[-19,-15]],[[620,1033],[-72,208]],[[548,1241],[81,78],[88,-10]],[[380,1248],[20,-82]],[[400,1166],[-15,-95]],[[385,1071],[-44,29],[-50,11],[-67,-30]],[[224,1081],[-18,158]],[[206,1239],[43,40]],[[249,1279],[71,3],[60,-34]],[[501,1443],[-90,-87],[-54,36]],[[357,1392],[43,135]],[[56,1036],[-12,-4],[-44,65],[25,54],[132,109]],[[157,1260],[-4,-67],[-71,-126],[-26,-31]],[[323,884],[6,-104]],[[218,761],[-14,55],[7,70],[-4,45]],[[207,931],[75,-16]],[[282,915],[23,4],[18,-35]],[[502,44],[-124,-23],[-23,-21],[-37,47]],[[318,47],[36,1],[31,40],[37,17],[80,-61]],[[395,354],[-11,-34],[-30,-28],[-6,-44],[-39,-7],[-30,-25]],[[279,216],[-1,55],[-13,51]],[[265,322],[60,47],[12,41]],[[337,410],[56,-33],[2,-23]],[[372,519],[-51,-55],[16,-54]],[[265,322],[-36,55],[-8,78]],[[221,455],[107,67],[44,-3]],[[548,1241],[2,80]],[[550,1321],[3,32],[-52,90]],[[646,1482],[71,-173]],[[862,482],[-102,-112],[-3,-46]],[[757,324],[-70,10],[-63,0],[-229,20]],[[372,519],[22,21],[100,14],[26,-15],[80,46]],[[600,585],[139,-89],[123,-14]],[[1039,769],[-74,-90],[-23,-48],[-20,-106],[-21,-13],[-38,11],[-1,-41]],[[600,585],[-140,87]],[[323,884],[87,91]],[[410,975],[90,-91],[37,30],[96,-57],[50,12],[51,-23],[30,-55],[68,41],[27,42],[49,28],[66,4],[22,-16],[43,-121]],[[221,455],[-32,121],[26,38]],[[550,1321],[-22,8],[-83,-91],[-65,10]],[[249,1279],[6,69],[70,45],[32,-1]],[[224,1081],[58,-166]],[[207,931],[-44,75],[-58,10],[-49,20]],[[157,1260],[19,6],[30,-27]],[[757,324],[-14,-69]],[[743,255],[-102,0],[-185,-43],[-63,-35],[-79,-93]],[[314,84],[-19,99],[-16,33]],[[385,1071],[25,-96]],[[620,1033],[-26,-3],[-51,46],[-69,6],[-21,37],[-27,-35],[-41,-13]],[[400,1166],[148,75]],[[743,255],[-10,-58],[-30,-32],[-37,-19],[-8,-37],[-64,26],[-44,-32],[-1,-35],[-35,8],[-12,-32]],[[318,47],[-4,37]],[[792,1038],[210,-4],[157,-16],[-120,-249]]],"transform":{"scale":[0.00021769348662640733,0.00016903910955057028],"translate":[122.82935765700005,9.15889880900005]},"objects":{"bgysubmuns-municity-704618000":{"type":"GeometryCollection","geometries":[{"arcs":[[0,1,2,3]],"type":"Polygon","properties":{"adm1_psgc":700000000,"adm2_psgc":704600000,"adm3_psgc":704618000,"adm4_psgc":704618001,"adm4_en":"Alangilan","geo_level":"Bgy","len_crs":15548,"area_crs":10501983,"len_km":15,"area_km2":10},"id":704618001},{"arcs":[[4,5,6]],"type":"Polygon","properties":{"adm1_psgc":700000000,"adm2_psgc":704600000,"adm3_psgc":704618000,"adm4_psgc":704618002,"adm4_en":"Amio","geo_level":"Bgy","len_crs":24601,"area_crs":14075701,"len_km":24,"area_km2":14},"id":704618002},{"arcs":[[7,8,9,10]],"type":"Polygon","properties":{"adm1_psgc":700000000,"adm2_psgc":704600000,"adm3_psgc":704618000,"adm4_psgc":704618003,"adm4_en":"Buenavista","geo_level":"Bgy","len_crs":19317,"area_crs":22019484,"len_km":19,"area_km2":22},"id":704618003},{"arcs":[[11,12,13,14,15,16]],"type":"Polygon","properties":{"adm1_psgc":700000000,"adm2_psgc":704600000,"adm3_psgc":704618000,"adm4_psgc":704618004,"adm4_en":"Kabulacan","geo_level":"Bgy","len_crs":15960,"area_crs":14261582,"len_km":15,"area_km2":14},"id":704618004},{"arcs":[[17,18,-6]],"type":"Polygon","properties":{"adm1_psgc":700000000,"adm2_psgc":704600000,"adm3_psgc":704618000,"adm4_psgc":704618006,"adm4_en":"Caigangan","geo_level":"Bgy","len_crs":10691,"area_crs":5649179,"len_km":10,"area_km2":5},"id":704618006},{"arcs":[[19,20]],"type":"Polygon","properties":{"adm1_psgc":700000000,"adm2_psgc":704600000,"adm3_psgc":704618000,"adm4_psgc":704618008,"adm4_en":"Caranoche","geo_level":"Bgy","len_crs":12079,"area_crs":6663879,"len_km":12,"area_km2":6},"id":704618008},{"arcs":[[21,-3,22,23,24]],"type":"Polygon","properties":{"adm1_psgc":700000000,"adm2_psgc":704600000,"adm3_psgc":704618000,"adm4_psgc":704618009,"adm4_en":"Cawitan","geo_level":"Bgy","len_crs":12988,"area_crs":7885196,"len_km":12,"area_km2":7},"id":704618009},{"arcs":[[25,26]],"type":"Polygon","properties":{"adm1_psgc":700000000,"adm2_psgc":704600000,"adm3_psgc":704618000,"adm4_psgc":704618010,"adm4_en":"Fatima","geo_level":"Bgy","len_crs":10575,"area_crs":3680989,"len_km":10,"area_km2":3},"id":704618010},{"arcs":[[27,28,29,30]],"type":"Polygon","properties":{"adm1_psgc":700000000,"adm2_psgc":704600000,"adm3_psgc":704618000,"adm4_psgc":704618011,"adm4_en":"Mabuhay","geo_level":"Bgy","len_crs":11006,"area_crs":5933478,"len_km":11,"area_km2":5},"id":704618011},{"arcs":[[31,-30,32,33]],"type":"Polygon","properties":{"adm1_psgc":700000000,"adm2_psgc":704600000,"adm3_psgc":704618000,"adm4_psgc":704618012,"adm4_en":"Manalongon","geo_level":"Bgy","len_crs":13315,"area_crs":6846392,"len_km":13,"area_km2":6},"id":704618012},{"arcs":[[-11,34,35,-5,36]],"type":"Polygon","properties":{"adm1_psgc":700000000,"adm2_psgc":704600000,"adm3_psgc":704618000,"adm4_psgc":704618013,"adm4_en":"Mansagomayon","geo_level":"Bgy","len_crs":17224,"area_crs":10867040,"len_km":17,"area_km2":10},"id":704618013},{"arcs":[[37,38,-31,-32,39,40]],"type":"Polygon","properties":{"adm1_psgc":700000000,"adm2_psgc":704600000,"adm3_psgc":704618000,"adm4_psgc":704618014,"adm4_en":"Milagrosa","geo_level":"Bgy","len_crs":30615,"area_crs":39531812,"len_km":30,"area_km2":39},"id":704618014},{"arcs":[[41,-41,42,-4,-22,43,44]],"type":"Polygon","properties":{"adm1_psgc":700000000,"adm2_psgc":704600000,"adm3_psgc":704618000,"adm4_psgc":704618015,"adm4_en":"Nagbinlod","geo_level":"Bgy","len_crs":51257,"area_crs":88507730,"len_km":51,"area_km2":88},"id":704618015},{"arcs":[[-40,-34,45,-1,-43]],"type":"Polygon","properties":{"adm1_psgc":700000000,"adm2_psgc":704600000,"adm3_psgc":704618000,"adm4_psgc":704618016,"adm4_en":"Nagbalaye","geo_level":"Bgy","len_crs":24101,"area_crs":19856856,"len_km":24,"area_km2":19},"id":704618016},{"arcs":[[46,-17,47,-18,-36]],"type":"Polygon","properties":{"adm1_psgc":700000000,"adm2_psgc":704600000,"adm3_psgc":704618000,"adm4_psgc":704618017,"adm4_en":"Obat","geo_level":"Bgy","len_crs":23053,"area_crs":14953761,"len_km":23,"area_km2":14},"id":704618017},{"arcs":[[-15,48,-24,49,-21,50]],"type":"Polygon","properties":{"adm1_psgc":700000000,"adm2_psgc":704600000,"adm3_psgc":704618000,"adm4_psgc":704618019,"adm4_en":"Poblacion","geo_level":"Bgy","len_crs":20721,"area_crs":14290266,"len_km":20,"area_km2":14},"id":704618019},{"arcs":[[51,52,53,-28,-39]],"type":"Polygon","properties":{"adm1_psgc":700000000,"adm2_psgc":704600000,"adm3_psgc":704618000,"adm4_psgc":704618020,"adm4_en":"San Francisco","geo_level":"Bgy","len_crs":28036,"area_crs":23359608,"len_km":28,"area_km2":23},"id":704618020},{"arcs":[[54,-44,-25,-49,-14]],"type":"Polygon","properties":{"adm1_psgc":700000000,"adm2_psgc":704600000,"adm3_psgc":704618000,"adm4_psgc":704618021,"adm4_en":"San Jose","geo_level":"Bgy","len_crs":14582,"area_crs":11146085,"len_km":14,"area_km2":11},"id":704618021},{"arcs":[[55,-13,56,-10]],"type":"Polygon","properties":{"adm1_psgc":700000000,"adm2_psgc":704600000,"adm3_psgc":704618000,"adm4_psgc":704618022,"adm4_en":"San Miguel","geo_level":"Bgy","len_crs":18625,"area_crs":11054009,"len_km":18,"area_km2":11},"id":704618022},{"arcs":[[57,-27,58,-53]],"type":"Polygon","properties":{"adm1_psgc":700000000,"adm2_psgc":704600000,"adm3_psgc":704618000,"adm4_psgc":704618023,"adm4_en":"San Pedro","geo_level":"Bgy","len_crs":26800,"area_crs":21253007,"len_km":26,"area_km2":21},"id":704618023},{"arcs":[[-35,-57,-12,-47]],"type":"Polygon","properties":{"adm1_psgc":700000000,"adm2_psgc":704600000,"adm3_psgc":704618000,"adm4_psgc":704618024,"adm4_en":"Santo Rosario","geo_level":"Bgy","len_crs":13835,"area_crs":5387987,"len_km":13,"area_km2":5},"id":704618024},{"arcs":[[-9,59,-45,-55,-56]],"type":"Polygon",