{"type":"Topology","arcs":[[[355,299],[-27,-4]],[[328,295],[2,29]],[[330,324],[0,5]],[[330,329],[2,11]],[[332,340],[23,-41]],[[316,377],[-20,-1]],[[296,376],[0,11]],[[296,387],[43,3]],[[339,390],[-23,-13]],[[355,299],[113,-43],[94,20]],[[562,276],[1,-83],[63,-65]],[[626,128],[-3,-128],[-116,49],[-89,-13],[-42,87],[-62,19],[11,71]],[[325,213],[-14,74]],[[311,287],[17,8]],[[562,276],[47,14]],[[609,290],[17,-162]],[[1331,658],[90,-308],[118,-43],[-40,-55],[-259,-194],[-160,21],[-129,68],[-11,148],[87,15],[87,65],[-109,44],[123,76],[0,62],[103,129],[81,42],[19,-70]],[[297,418],[1,-15]],[[298,403],[-2,-16]],[[296,376],[0,-16]],[[296,360],[2,-21]],[[298,339],[1,-12]],[[299,327],[2,-11]],[[301,316],[-61,-29]],[[240,287],[-41,140]],[[199,427],[76,35],[22,-44]],[[332,340],[-12,2]],[[320,342],[-2,22]],[[318,364],[-2,13]],[[339,390],[6,18]],[[345,408],[10,31]],[[355,439],[54,94]],[[409,533],[100,-7],[109,44],[82,6],[134,-46],[35,-102],[-85,-7],[26,-86],[-126,42],[-98,-30],[23,-57]],[[318,364],[-22,-4]],[[302,313],[9,-26]],[[325,213],[-58,-12]],[[267,201],[-27,86]],[[301,316],[1,-3]],[[139,441],[60,-14]],[[267,201],[-131,-58],[-59,4],[6,156],[-32,50],[0,116],[88,-28]],[[302,313],[28,11]],[[298,403],[47,5]],[[330,329],[-31,-2]],[[298,339],[22,3]],[[297,418],[58,21]],[[139,441],[29,152],[-99,104],[5,124],[77,-67],[132,-59],[126,-162]]],"transform":{"scale":[0.0001334758427550617,0.00009951298294759286],"translate":[121.41859077600007,14.262023709000063]},"objects":{"bgysubmuns-municity-403413000":{"type":"GeometryCollection","geometries":[{"arcs":[[0,1,2,3,4]],"type":"Polygon","properties":{"adm1_psgc":400000000,"adm2_psgc":403400000,"adm3_psgc":403413000,"adm4_psgc":403413001,"adm4_en":"Bagong Silang","geo_level":"Bgy","len_crs":3021,"area_crs":558454,"len_km":3,"area_km2":0},"id":403413001},{"arcs":[[5,6,7,8]],"type":"Polygon","properties":{"adm1_psgc":400000000,"adm2_psgc":403400000,"adm3_psgc":403413000,"adm4_psgc":403413002,"adm4_en":"Balimbingan","geo_level":"Bgy","len_crs":1442,"area_crs":67303,"len_km":1,"area_km2":0},"id":403413002},{"arcs":[[-1,9,10,11,12,13]],"type":"Polygon","properties":{"adm1_psgc":400000000,"adm2_psgc":403400000,"adm3_psgc":403413000,"adm4_psgc":403413003,"adm4_en":"Balubad","geo_level":"Bgy","len_crs":14867,"area_crs":9530750,"len_km":14,"area_km2":9},"id":403413003},{"arcs":[[[-11,14,15]],[[16]]],"type":"MultiPolygon","properties":{"adm1_psgc":400000000,"adm2_psgc":403400000,"adm3_psgc":403413000,"adm4_psgc":403413004,"adm4_en":"Caliraya","geo_level":"Bgy","len_crs":56877,"area_crs":34696731,"len_km":56,"area_km2":34},"id":403413004},{"arcs":[[17,18,-7,19,20,21,22,23,24,25]],"type":"Polygon","properties":{"adm1_psgc":400000000,"adm2_psgc":403400000,"adm3_psgc":403413000,"adm4_psgc":403413005,"adm4_en":"Concepcion","geo_level":"Bgy","len_crs":5770,"area_crs":1935637,"len_km":5,"area_km2":1},"id":403413005},{"arcs":[[-15,-10,-5,26,27,28,-9,29,30,31,32]],"type":"Polygon","properties":{"adm1_psgc":400000000,"adm2_psgc":403400000,"adm3_psgc":403413000,"adm4_psgc":403413006,"adm4_en":"Lewin","geo_level":"Bgy","len_crs":57494,"area_crs":16790431,"len_km":57,"area_km2":16},"id":403413006},{"arcs":[[33,-20,-6,-29]],"type":"Polygon","properties":{"adm1_psgc":400000000,"adm2_psgc":403400000,"adm3_psgc":403413000,"adm4_psgc":403413007,"adm4_en":"Maracta","geo_level":"Bgy","len_crs":937,"area_crs":50821,"len_km":0,"area_km2":0},"id":403413007},{"arcs":[[34,-13,35,36,-24,37]],"type":"Polygon","properties":{"adm1_psgc":400000000,"adm2_psgc":403400000,"adm3_psgc":403413000,"adm4_psgc":403413008,"adm4_en":"Maytalang I","geo_level":"Bgy","len_crs":4097,"area_crs":1107915,"len_km":4,"area_km2":1},"id":403413008},{"arcs":[[38,-25,-37,39]],"type":"Polygon","properties":{"adm1_psgc":400000000,"adm2_psgc":403400000,"adm3_psgc":403413000,"adm4_psgc":403413009,"adm4_en":"Maytalang II","geo_level":"Bgy","len_crs":19620,"area_crs":6447287,"len_km":19,"area_km2":6},"id":403413009},{"arcs":[[-14,-35,40,-2]],"type":"Polygon","properties":{"adm1_psgc":400000000,"adm2_psgc":403400000,"adm3_psgc":403413000,"adm4_psgc":403413010,"adm4_en":"Primera Parang","geo_level":"Bgy","len_crs":1454,"area_crs":85149,"len_km":1,"area_km2":0},"id":403413010},{"arcs":[[-8,-19,41,-30]],"type":"Polygon","properties":{"adm1_psgc":400000000,"adm2_psgc":403400000,"adm3_psgc":403413000,"adm4_psgc":403413011,"adm4_en":"Primera Pulo","geo_level":"Bgy","len_crs":1701,"area_crs":114784,"len_km":1,"area_km2":0},"id":403413011},{"arcs":[[-27,-4,42,-22,43]],"type":"Polygon","properties":{"adm1_psgc":400000000,"adm2_psgc":403400000,"adm3_psgc":403413000,"adm4_psgc":403413012,"adm4_en":"Salac","geo_level":"Bgy","len_crs":1252,"area_crs":68282,"len_km":1,"area_km2":0},"id":403413012},{"arcs":[[-3,-41,-38,-23,-43]],"type":"Polygon","properties":{"adm1_psgc":400000000,"adm2_psgc":403400000,"adm3_psgc":403413000,"adm4_psgc":403413013,"adm4_en":"Segunda Parang","geo_level":"Bgy","len_crs":1152,"area_crs":52143,"len_km":1,"area_km2":0},"id":403413013},{"arcs":[[-42,-18,44,-31]],"type":"Polygon","properties":{"adm1_psgc":400000000,"adm2_psgc":403400000,"adm3_psgc":403413000,"adm4_psgc":403413014,"adm4_en":"Segunda Pulo","geo_level":"Bgy","len_crs":2100,"area_crs":181878,"len_km":2,"area_km2":0},"id":403413014},{"arcs":[[-44,-21,-34,-28]],"type":"Polygon","properties":{"adm1_psgc":400000000,"adm2_psgc":403400000,"adm3_psgc":403413000,"adm4_psgc":403413015,"adm4_en":"Santo Niño","geo_level":"Bgy","len_crs":1113,"area_crs":70748,"len_km":1,"area_km2":0},"id":403413015},{"arcs":[[-32,-45,-26,-39,45]],"type":"Polygon","properties":{"adm1_psgc":400000000,"adm2_psgc":403400000,"adm3_psgc":403413000,"adm4_psgc":403413016,"adm4_en":"Wawa","geo_level":"Bgy","len_crs":29232,"area_crs":11409613,"len_km":29,"area_km2":11},"id":403413016}]}}}