{"type":"Topology","arcs":[[[325,247],[-54,-64],[16,-23]],[[287,160],[-103,-43]],[[184,117],[-28,12],[-27,62]],[[129,191],[76,-6],[93,79]],[[298,264],[27,-17]],[[411,21],[-140,8]],[[271,29],[-60,74],[-38,-13]],[[173,90],[11,27]],[[287,160],[63,0],[61,-139]],[[176,473],[31,-45],[55,-31]],[[262,397],[-17,-56],[-49,-16]],[[196,325],[-26,6],[-31,63],[-43,17]],[[96,411],[12,70]],[[108,481],[68,-8]],[[328,610],[28,-34]],[[356,576],[-48,-74],[-87,-32],[-45,3]],[[108,481],[34,59],[107,131]],[[249,671],[79,-61]],[[670,371],[-52,-33]],[[618,338],[-44,67],[-30,-5]],[[544,400],[-23,2],[-25,82],[27,73]],[[523,557],[104,115]],[[627,672],[66,-111],[-23,-190]],[[196,325],[6,-38]],[[202,287],[-31,-33],[-64,-30]],[[107,224],[-33,62]],[[74,286],[22,125]],[[445,181],[52,-134],[-2,-22]],[[495,25],[-84,-4]],[[325,247],[120,-66]],[[666,248],[-35,24],[-13,66]],[[670,371],[24,-75],[-28,-48]],[[494,787],[-28,-47],[-57,-15],[-71,-57],[-10,-58]],[[249,671],[51,92],[-45,45],[138,74],[83,-55],[18,-40]],[[523,557],[-71,-3],[-96,22]],[[494,787],[133,-115]],[[70,135],[32,-54],[-23,-30]],[[79,51],[-79,1],[4,99]],[[4,151],[66,-16]],[[544,400],[-43,-67]],[[501,333],[-64,18],[-25,88],[-93,-16],[-57,-26]],[[501,333],[12,-11]],[[513,322],[-231,-47]],[[282,275],[-80,12]],[[575,49],[-80,-24]],[[445,181],[48,35]],[[493,216],[61,-96],[21,-71]],[[512,251],[-19,-35]],[[298,264],[-16,11]],[[513,322],[-1,-71]],[[666,248],[-44,-131]],[[622,117],[-39,71],[-71,63]],[[173,90],[4,-83]],[[177,7],[-98,44]],[[70,135],[48,58]],[[118,193],[11,-2]],[[622,117],[-47,-68]],[[107,224],[11,-31]],[[4,151],[35,87],[35,48]],[[271,29],[-30,-29],[-64,7]]],"transform":{"scale":[0.00013412228386159615,0.0001506330793650851],"translate":[122.68916098300008,10.944592999000063]},"objects":{"bgysubmuns-municity-603003000":{"type":"GeometryCollection","geometries":[{"arcs":[[0,1,2,3,4]],"type":"Polygon","properties":{"adm1_psgc":600000000,"adm2_psgc":603000000,"adm3_psgc":603003000,"adm4_psgc":603003001,"adm4_en":"Agbatuan","geo_level":"Bgy","len_crs":8784,"area_crs":2571509,"len_km":8,"area_km2":2},"id":603003001},{"arcs":[[5,6,7,-2,8]],"type":"Polygon","properties":{"adm1_psgc":600000000,"adm2_psgc":603000000,"adm3_psgc":603003000,"adm4_psgc":603003002,"adm4_en":"Badiang","geo_level":"Bgy","len_crs":10177,"area_crs":5010028,"len_km":10,"area_km2":5},"id":603003002},{"arcs":[[9,10,11,12,13]],"type":"Polygon","properties":{"adm1_psgc":600000000,"adm2_psgc":603000000,"adm3_psgc":603003000,"adm4_psgc":603003003,"adm4_en":"Balabag","geo_level":"Bgy","len_crs":8877,"area_crs":3807772,"len_km":8,"area_km2":3},"id":603003003},{"arcs":[[14,15,-14,16,17]],"type":"Polygon","properties":{"adm1_psgc":600000000,"adm2_psgc":603000000,"adm3_psgc":603003000,"adm4_psgc":603003004,"adm4_en":"Balunos","geo_level":"Bgy","len_crs":11310,"area_crs":6749730,"len_km":11,"area_km2":6},"id":603003004},{"arcs":[[18,19,20,21,22]],"type":"Polygon","properties":{"adm1_psgc":600000000,"adm2_psgc":603000000,"adm3_psgc":603003000,"adm4_psgc":603003005,"adm4_en":"Cag-an","geo_level":"Bgy","len_crs":15312,"area_crs":9864459,"len_km":15,"area_km2":9},"id":603003005},{"arcs":[[23,24,25,26,-12]],"type":"Polygon","properties":{"adm1_psgc":600000000,"adm2_psgc":603000000,"adm3_psgc":603003000,"adm4_psgc":603003006,"adm4_en":"Camiros","geo_level":"Bgy","len_crs":9169,"area_crs":3341915,"len_km":9,"area_km2":3},"id":603003006},{"arcs":[[27,28,-9,-1,29]],"type":"Polygon","properties":{"adm1_psgc":600000000,"adm2_psgc":603000000,"adm3_psgc":603003000,"adm4_psgc":603003007,"adm4_en":"Sambag Culob","geo_level":"Bgy","len_crs":11405,"area_crs":5573563,"len_km":11,"area_km2":5},"id":603003007},{"arcs":[[30,-19,31]],"type":"Polygon","properties":{"adm1_psgc":600000000,"adm2_psgc":603000000,"adm3_psgc":603003000,"adm4_psgc":603003008,"adm4_en":"Dangula-an","geo_level":"Bgy","len_crs":5993,"area_crs":1418285,"len_km":5,"area_km2":1},"id":603003008},{"arcs":[[32,-18,33]],"type":"Polygon","properties":{"adm1_psgc":600000000,"adm2_psgc":603000000,"adm3_psgc":603003000,"adm4_psgc":603003009,"adm4_en":"Guipis","geo_level":"Bgy","len_crs":14756,"area_crs":8367511,"len_km":14,"area_km2":8},"id":603003009},{"arcs":[[-22,34,-15,-33,35]],"type":"Polygon","properties":{"adm1_psgc":600000000,"adm2_psgc":603000000,"adm3_psgc":603003000,"adm4_psgc":603003010,"adm4_en":"Manganese","geo_level":"Bgy","len_crs":14846,"area_crs":9923356,"len_km":14,"area_km2":9},"id":603003010},{"arcs":[[36,37,38]],"type":"Polygon","properties":{"adm1_psgc":600000000,"adm2_psgc":603000000,"adm3_psgc":603003000,"adm4_psgc":603003011,"adm4_en":"Medina","geo_level":"Bgy","len_crs":6718,"area_crs":1960083,"len_km":6,"area_km2":1},"id":603003011},{"arcs":[[-21,39,40,-10,-16,-35]],"type":"Polygon","properties":{"adm1_psgc":600000000,"adm2_psgc":603000000,"adm3_psgc":603003000,"adm4_psgc":603003012,"adm4_en":"Mostro","geo_level":"Bgy","len_crs":20837,"area_crs":10487650,"len_km":20,"area_km2":10},"id":603003012},{"arcs":[[41,42,43,-24,-11,-41]],"type":"Polygon","properties":{"adm1_psgc":600000000,"adm2_psgc":603000000,"adm3_psgc":603003000,"adm4_psgc":603003013,"adm4_en":"Palaypay","geo_level":"Bgy","len_crs":14968,"area_crs":6912143,"len_km":14,"area_km2":6},"id":603003013},{"arcs":[[44,-28,45,46]],"type":"Polygon","properties":{"adm1_psgc":600000000,"adm2_psgc":603000000,"adm3_psgc":603003000,"adm4_psgc":603003014,"adm4_en":"Pantalan","geo_level":"Bgy","len_crs":8455,"area_crs":3062017,"len_km":8,"area_km2":3},"id":603003014},{"arcs":[[47,-46,-30,-5,48,-43,49]],"type":"Polygon","properties":{"adm1_psgc":600000000,"adm2_psgc":603000000,"adm3_psgc":603003000,"adm4_psgc":603003015,"adm4_en":"Poblacion","geo_level":"Bgy","len_crs":9533,"area_crs":4325455,"len_km":9,"area_km2":4},"id":603003015},{"arcs":[[-31,50,51,-50,-42,-40,-20]],"type":"Polygon","properties":{"adm1_psgc":600000000,"adm2_psgc":603000000,"adm3_psgc":603003000,"adm4_psgc":603003016,"adm4_en":"San Carlos","geo_level":"Bgy","len_crs":15134,"area_crs":6202307,"len_km":15,"area_km2":6},"id":603003016},{"arcs":[[-3,-8,52,53,-37,54,55]],"type":"Polygon","properties":{"adm1_psgc":600000000,"adm2_psgc":603000000,"adm3_psgc":603003000,"adm4_psgc":603003017,"adm4_en":"San Juan Crisostomo","geo_level":"Bgy","len_crs":9393,"area_crs":3056404,"len_km":9,"area_km2":3},"id":603003017},{"arcs":[[56,-47,-48,-52]],"type":"Polygon","properties":{"adm1_psgc":600000000,"adm2_psgc":603000000,"adm3_psgc":603003000,"adm4_psgc":603003018,"adm4_en":"Santa Rita","geo_level":"Bgy","len_crs":10313,"area_crs":2387034,"len_km":10,"area_km2":2},"id":603003018},{"arcs":[[57,-55,-39,58,-26]],"type":"Polygon","properties":{"adm1_psgc":600000000,"adm2_psgc":603000000,"adm3_psgc":603003000,"adm4_psgc":603003019,"adm4_en":"Santo Rosario","geo_level":"Bgy","len_crs":7407,"area_crs":2425079,"len_km":7,"area_km2":2},"id":603003019},{"arcs":[[59,-53,-7]],"type":"Polygon","properties":{"adm1_psgc":600000000,"adm2_psgc":603000000,"adm3_psgc":603003000,"adm4_psgc":603003020,"adm4_en":"Serallo","geo_level":"Bgy","len_crs":5189,"area_crs":1602267,"len_km":5,"area_km2":1},"id":603003020},{"arcs":[[-49,-4,-56,-58,-25,-44]],"type":"Polygon","properties":{"adm1_psgc":600000000,"adm2_psgc":603000000,"adm3_psgc":603003000,"adm4_psgc":603003021,"adm4_en":"Vista Alegre","geo_level":"Bgy","len_crs":9032,"area_crs":2820412,"len_km":9,"area_km2":2},"id":603003021}]}}}