{"type":"Topology","arcs":[[[248,805],[39,-96],[-1,-74]],[[286,635],[-18,-43],[24,-42]],[[292,550],[-32,-6]],[[260,544],[-81,144],[-29,24],[-13,52]],[[137,764],[106,70]],[[243,834],[5,-29]],[[519,790],[-45,-22]],[[474,768],[-41,81]],[[433,849],[11,6]],[[444,855],[71,14]],[[515,869],[4,-79]],[[403,914],[41,-59]],[[433,849],[-96,-34]],[[337,815],[-6,58]],[[331,873],[0,35]],[[331,908],[72,6]],[[794,283],[43,4],[12,-71],[33,-39],[-197,-108],[-150,2],[-87,-50],[-112,-21],[-67,52],[-77,38],[-45,104],[14,19]],[[161,213],[163,41],[179,16],[61,19]],[[564,289],[97,47],[46,5]],[[707,341],[57,-62],[30,4]],[[331,873],[-83,-68]],[[243,834],[4,28],[84,46]],[[403,914],[105,29],[7,-74]],[[707,341],[-29,53],[-29,11],[-53,129]],[[596,534],[-57,117],[-31,28],[11,43],[-45,46]],[[519,790],[43,-26],[15,-54],[108,-164],[31,-74],[31,-12],[-10,-47],[47,-65],[10,-65]],[[161,213],[-28,29],[-31,82],[-5,48],[44,35]],[[141,407],[50,39],[-37,76],[15,16]],[[169,538],[91,6]],[[292,550],[70,-48],[-9,-69],[72,6],[104,-124],[35,-26]],[[286,635],[98,67]],[[384,702],[35,-95],[71,-41],[41,-66],[65,34]],[[337,815],[47,-113]],[[169,538],[-22,52],[-103,113]],[[44,703],[44,53],[49,8]],[[141,407],[-8,52],[-31,5],[9,55],[-34,7],[-15,76],[-62,31],[44,70]]],"transform":{"scale":[0.00012840074149658048,0.00011950765747616415],"translate":[123.92019525200008,8.062908868000024]},"objects":{"bgysubmuns-municity-1003512000":{"type":"GeometryCollection","geometries":[{"arcs":[[0,1,2,3,4,5]],"type":"Polygon","properties":{"adm1_psgc":1000000000,"adm2_psgc":1003500000,"adm3_psgc":1003512000,"adm4_psgc":1003512001,"adm4_en":"Balagatasa","geo_level":"Bgy","len_crs":11687,"area_crs":4401606,"len_km":11,"area_km2":4},"id":1003512001},{"arcs":[[6,7,8,9,10]],"type":"Polygon","properties":{"adm1_psgc":1000000000,"adm2_psgc":1003500000,"adm3_psgc":1003512000,"adm4_psgc":1003512002,"adm4_en":"Camp 1","geo_level":"Bgy","len_crs":7051,"area_crs":1277748,"len_km":7,"area_km2":1},"id":1003512002},{"arcs":[[11,-9,12,13,14,15]],"type":"Polygon","properties":{"adm1_psgc":1000000000,"adm2_psgc":1003500000,"adm3_psgc":1003512000,"adm4_psgc":1003512003,"adm4_en":"Claro M. Recto","geo_level":"Bgy","len_crs":5796,"area_crs":1206434,"len_km":5,"area_km2":1},"id":1003512003},{"arcs":[[16,17,18,19]],"type":"Polygon","properties":{"adm1_psgc":1000000000,"adm2_psgc":1003500000,"adm3_psgc":1003512000,"adm4_psgc":1003512004,"adm4_en":"Inoma","geo_level":"Bgy","len_crs":27872,"area_crs":27435170,"len_km":27,"area_km2":27},"id":1003512004},{"arcs":[[-15,20,-6,21]],"type":"Polygon","properties":{"adm1_psgc":1000000000,"adm2_psgc":1003500000,"adm3_psgc":1003512000,"adm4_psgc":1003512005,"adm4_en":"Labuay","geo_level":"Bgy","len_crs":4750,"area_crs":791920,"len_km":4,"area_km2":0},"id":1003512005},{"arcs":[[-10,-12,22]],"type":"Polygon","properties":{"adm1_psgc":1000000000,"adm2_psgc":1003500000,"adm3_psgc":1003512000,"adm4_psgc":1003512006,"adm4_en":"Liangan West","geo_level":"Bgy","len_crs":5724,"area_crs":1192155,"len_km":5,"area_km2":1},"id":1003512006},{"arcs":[[-20,23,24,-7,25]],"type":"Polygon","properties":{"adm1_psgc":1000000000,"adm2_psgc":1003500000,"adm3_psgc":1003512000,"adm4_psgc":1003512007,"adm4_en":"Mahayahay","geo_level":"Bgy","len_crs":28471,"area_crs":7589026,"len_km":28,"area_km2":7},"id":1003512007},{"arcs":[[-18,26,27,28,-3,29]],"type":"Polygon","properties":{"adm1_psgc":1000000000,"adm2_psgc":1003500000,"adm3_psgc":1003512000,"adm4_psgc":1003512008,"adm4_en":"Maliwanag","geo_level":"Bgy","len_crs":24967,"area_crs":16731356,"len_km":24,"area_km2":16},"id":1003512008},{"arcs":[[-24,-19,-30,-2,30,31]],"type":"Polygon","properties":{"adm1_psgc":1000000000,"adm2_psgc":1003500000,"adm3_psgc":1003512000,"adm4_psgc":1003512009,"adm4_en":"Mentring","geo_level":"Bgy","len_crs":24486,"area_crs":12743234,"len_km":24,"area_km2":12},"id":1003512009},{"arcs":[[32,-31,-1,-21,-14]],"type":"Polygon","properties":{"adm1_psgc":1000000000,"adm2_psgc":1003500000,"adm3_psgc":1003512000,"adm4_psgc":1003512010,"adm4_en":"Poblacion","geo_level":"Bgy","len_crs":8412,"area_crs":3106893,"len_km":8,"area_km2":3},"id":1003512010},{"arcs":[[-25,-32,-33,-13,-8]],"type":"Polygon","properties":{"adm1_psgc":1000000000,"adm2_psgc":1003500000,"adm3_psgc":1003512000,"adm4_psgc":1003512011,"adm4_en":"Santa Cruz","geo_level":"Bgy","len_crs":18260,"area_crs":6876199,"len_km":18,"area_km2":6},"id":1003512011},{"arcs":[[-29,33,34,-4]],"type":"Polygon","properties":{"adm1_psgc":1000000000,"adm2_psgc":1003500000,"adm3_psgc":1003512000,"adm4_psgc":1003512012,"adm4_en":"Segapod","geo_level":"Bgy","len_crs":11294,"area_crs":3731829,"len_km":11,"area_km2":3},"id":1003512012},{"arcs":[[-28,35,-34]],"type":"Polygon","properties":{"adm1_psgc":1000000000,"adm2_psgc":1003500000,"adm3_psgc":1003512000,"adm4_psgc":1003512013,"adm4_en":"Kulasihan","geo_level":"Bgy","len_crs":14443,"area_crs":3746107,"len_km":14,"area_km2":3},"id":1003512013}]}}}