{"type":"Topology","arcs":[[[485,1411],[12,-59]],[[497,1352],[-360,-88],[-9,1]],[[128,1265],[17,19],[2,31],[-22,41],[3,28],[-38,32],[-14,-5],[-44,72],[6,33],[-22,21],[-11,38],[16,30],[-15,28],[-6,47],[25,54],[8,42],[23,31],[21,8],[7,27],[26,-14],[26,13],[-41,43],[4,19],[-14,16],[7,32],[18,7],[7,37],[21,23],[10,67]],[[148,2085],[17,10],[119,-211],[9,-195],[24,-108],[168,-170]],[[1398,77],[-81,-49],[-27,-28],[-42,4],[-24,11],[-6,32],[-18,20],[-19,2],[-44,-22],[-10,27],[-48,30]],[[1079,104],[188,177]],[[1267,281],[131,-204]],[[745,880],[-356,-161]],[[389,719],[-9,18],[-38,34],[8,37],[-36,58],[-31,22],[-6,21],[-35,28],[2,44],[-22,35],[-81,50],[-3,34],[-16,12],[4,45],[20,27],[-3,38],[-31,27],[16,16]],[[497,1352],[21,-115],[146,-206],[81,-151]],[[1267,281],[-42,199]],[[1225,480],[342,108]],[[1567,588],[-4,-38],[6,-142],[-14,-68],[-18,-56],[-7,-44],[-32,-72],[-53,-61],[-24,-22],[-23,-8]],[[1225,480],[-135,92]],[[1090,572],[-93,64]],[[997,636],[322,236]],[[1319,872],[34,-8],[41,-53],[46,-22],[37,-24],[32,-37],[9,-34],[30,-31],[19,-75]],[[997,636],[-66,35]],[[931,671],[345,202],[21,16]],[[1297,889],[22,-17]],[[931,671],[-45,44]],[[886,715],[349,159],[39,31]],[[1274,905],[23,-16]],[[886,715],[-13,25]],[[873,740],[359,151],[16,35]],[[1248,926],[26,-21]],[[873,740],[-92,75],[-36,65]],[[485,1411],[409,67]],[[894,1478],[54,-108],[19,-20],[24,-46],[31,-26],[55,-99],[24,-50],[24,-17],[34,-52],[12,-38],[24,-20],[34,-41],[19,-35]],[[1079,104],[-19,7],[-42,59],[-36,16],[-29,37],[-44,34],[-29,5],[-20,16]],[[860,278],[230,294]],[[148,2085],[12,27],[48,30],[10,-24],[-1,-28],[60,-31],[61,-40],[55,-29],[38,-29],[30,-41],[6,-24],[-22,-35],[-33,-93],[26,-19],[43,-1],[57,15],[37,0],[34,-15],[108,-84],[27,-27],[73,-56],[15,-30],[51,-45],[11,-28]],[[860,278],[-48,35],[-15,22],[-31,20],[1,23],[-23,13],[-42,12],[-75,53],[-16,39],[-95,47],[-23,34],[-49,26],[-14,20],[2,26],[-43,71]]],"transform":{"scale":[0.0000380009413639004,0.000047519649393077354],"translate":[124.1336155250001,12.381197363000068]},"objects":{"bgysubmuns-municity-804804000":{"type":"GeometryCollection","geometries":[{"arcs":[[0,1,2,3]],"type":"Polygon","properties":{"adm1_psgc":800000000,"adm2_psgc":804800000,"adm3_psgc":804804000,"adm4_psgc":804804001,"adm4_en":"Aguin","geo_level":"Bgy","len_crs":13111,"area_crs":4317511,"len_km":13,"area_km2":4},"id":804804001},{"arcs":[[4,5,6]],"type":"Polygon","properties":{"adm1_psgc":800000000,"adm2_psgc":804800000,"adm3_psgc":804804000,"adm4_psgc":804804003,"adm4_en":"Jubang","geo_level":"Bgy","len_crs":4632,"area_crs":961895,"len_km":4,"area_km2":0},"id":804804003},{"arcs":[[7,8,-2,9]],"type":"Polygon","properties":{"adm1_psgc":800000000,"adm2_psgc":804800000,"adm3_psgc":804804000,"adm4_psgc":804804004,"adm4_en":"Landusan","geo_level":"Bgy","len_crs":9600,"area_crs":4871065,"len_km":9,"area_km2":4},"id":804804004},{"arcs":[[-7,10,11,12]],"type":"Polygon","properties":{"adm1_psgc":800000000,"adm2_psgc":804800000,"adm3_psgc":804804000,"adm4_psgc":804804005,"adm4_en":"Oson","geo_level":"Bgy","len_crs":6715,"area_crs":2458483,"len_km":6,"area_km2":2},"id":804804005},{"arcs":[[-12,13,14,15,16]],"type":"Polygon","properties":{"adm1_psgc":800000000,"adm2_psgc":804800000,"adm3_psgc":804804000,"adm4_psgc":804804006,"adm4_en":"Poblacion Barangay 1","geo_level":"Bgy","len_crs":6588,"area_crs":2711159,"len_km":6,"area_km2":2},"id":804804006},{"arcs":[[-16,17,18,19]],"type":"Polygon","properties":{"adm1_psgc":800000000,"adm2_psgc":804800000,"adm3_psgc":804804000,"adm4_psgc":804804007,"adm4_en":"Poblacion Barangay 2","geo_level":"Bgy","len_crs":4176,"area_crs":399116,"len_km":4,"area_km2":0},"id":804804007},{"arcs":[[-19,20,21,22]],"type":"Polygon","properties":{"adm1_psgc":800000000,"adm2_psgc":804800000,"adm3_psgc":804804000,"adm4_psgc":804804008,"adm4_en":"Poblacion Barangay 3","geo_level":"Bgy","len_crs":4217,"area_crs":359718,"len_km":4,"area_km2":0},"id":804804008},{"arcs":[[-22,23,24,25]],"type":"Polygon","properties":{"adm1_psgc":800000000,"adm2_psgc":804800000,"adm3_psgc":804804000,"adm4_psgc":804804009,"adm4_en":"Poblacion Barangay 4","geo_level":"Bgy","len_crs":4081,"area_crs":210662,"len_km":4,"area_km2":0},"id":804804009},{"arcs":[[-25,26,-10,-1,27,28]],"type":"Polygon","properties":{"adm1_psgc":800000000,"adm2_psgc":804800000,"adm3_psgc":804804000,"adm4_psgc":804804010,"adm4_en":"Poblacion Barangay 5","geo_level":"Bgy","len_crs":10903,"area_crs":6869052,"len_km":10,"area_km2":6},"id":804804010},{"arcs":[[-11,-6,29,30,-14]],"type":"Polygon","properties":{"adm1_psgc":800000000,"adm2_psgc":804800000,"adm3_psgc":804804000,"adm4_psgc":804804011,"adm4_en":"Sagaosawan","geo_level":"Bgy","len_crs":6576,"area_crs":2281490,"len_km":6,"area_km2":2},"id":804804011},{"arcs":[[-28,-4,31]],"type":"Polygon","properties":{"adm1_psgc":800000000,"adm2_psgc":804800000,"adm3_psgc":804804000,"adm4_psgc":804804012,"adm4_en":"San Luis","geo_level":"Bgy","len_crs":11899,"area_crs":4108764,"len_km":11,"area_km2":4},"id":804804012},{"arcs":[[-24,-21,-18,-15,-31,32,-8,-27]],"type":"Polygon","properties":{"adm1_psgc":800000000,"adm2_psgc":804800000,"adm3_psgc":804804000,"adm4_psgc":804804013,"adm4_en":"Sawang","geo_level":"Bgy","len_crs":9141,"area_crs":4476496,"len_km":9,"area_km2":4},"id":804804013}]}}}