{"type":"Topology","arcs":[[[247,991],[28,-103]],[[275,888],[-28,-100]],[[247,788],[-85,23]],[[162,811],[20,209]],[[182,1020],[65,-29]],[[385,823],[-10,-34]],[[375,789],[-62,-50]],[[313,739],[-4,2]],[[309,741],[-62,47]],[[275,888],[110,-65]],[[469,434],[69,-44],[11,-113]],[[549,277],[-39,-42]],[[510,235],[-77,94],[-62,7]],[[371,336],[32,109]],[[403,445],[66,-11]],[[501,589],[6,-38]],[[507,551],[-56,-53],[18,-64]],[[403,445],[-115,49]],[[288,494],[52,95]],[[340,589],[79,21]],[[419,610],[82,-21]],[[582,286],[21,-109]],[[603,177],[-40,-8]],[[563,169],[-53,66]],[[549,277],[33,9]],[[695,841],[21,-181]],[[716,660],[-33,-9]],[[683,651],[-134,62]],[[549,713],[-17,71]],[[532,784],[-2,51]],[[530,835],[3,12]],[[533,847],[162,-6]],[[375,789],[47,-8]],[[422,781],[19,-34]],[[441,747],[-23,-3]],[[418,744],[-22,-4]],[[396,740],[-36,-21]],[[360,719],[-21,17]],[[339,736],[-26,3]],[[162,811],[-81,-53]],[[81,758],[-81,28],[4,153],[110,22],[68,59]],[[441,747],[65,-40]],[[506,707],[-49,3]],[[457,710],[-19,23]],[[438,733],[-20,11]],[[438,733],[-31,-12]],[[407,721],[-3,4]],[[404,725],[-8,15]],[[524,665],[-23,-76]],[[419,610],[-23,43]],[[396,653],[24,18]],[[420,671],[104,-6]],[[288,494],[-97,-47]],[[191,447],[-56,71]],[[135,518],[8,23]],[[143,541],[145,-47]],[[407,721],[7,-20]],[[414,701],[-11,-7]],[[403,694],[-34,-5]],[[369,689],[2,15]],[[371,704],[33,21]],[[371,704],[-11,15]],[[787,672],[-71,-12]],[[695,841],[-6,27]],[[689,868],[44,-24],[54,-172]],[[369,689],[-1,0]],[[368,689],[-25,7]],[[343,696],[-4,40]],[[343,696],[-51,-1]],[[292,695],[17,46]],[[700,453],[-17,-158],[36,-35]],[[719,260],[-116,-83]],[[582,286],[76,215]],[[658,501],[42,-48]],[[549,713],[-29,-10]],[[520,703],[-14,4]],[[422,781],[110,3]],[[520,703],[4,-38]],[[420,671],[-10,15]],[[410,686],[-7,8]],[[414,701],[43,9]],[[683,651],[-25,-150]],[[658,501],[-151,50]],[[787,672],[-2,-97],[-65,-39],[-20,-83]],[[308,611],[32,-22]],[[143,541],[14,29]],[[157,570],[151,41]],[[368,689],[-16,-16]],[[352,673],[-44,-62]],[[157,570],[30,109]],[[187,679],[105,16]],[[430,1015],[51,-35],[52,-133]],[[530,835],[-145,-12]],[[247,991],[183,24]],[[371,666],[25,-13]],[[352,673],[19,-7]],[[430,1015],[15,102],[140,0],[85,-154],[19,-95]],[[191,447],[43,-68]],[[234,379],[-171,5],[72,134]],[[739,195],[-123,-195]],[[616,0],[-53,169]],[[719,260],[20,-65]],[[371,336],[-137,43]],[[187,679],[16,54],[-122,25]],[[739,195],[-24,-195],[-99,0]],[[410,686],[-39,-20]]],"transform":{"scale":[0.0001586813392631453,0.00016173161235451172],"translate":[121.48603478300004,16.57575489800007]},"objects":{"bgysubmuns-municity-203135000":{"type":"GeometryCollection","geometries":[{"arcs":[[0,1,2,3,4]],"type":"Polygon","properties":{"adm1_psgc":200000000,"adm2_psgc":203100000,"adm3_psgc":203135000,"adm4_psgc":203135001,"adm4_en":"Abra","geo_level":"Bgy","len_crs":11911,"area_crs":5396971,"len_km":11,"area_km2":5},"id":203135001},{"arcs":[[5,6,7,8,-2,9]],"type":"Polygon","properties":{"adm1_psgc":200000000,"adm2_psgc":203100000,"adm3_psgc":203135000,"adm4_psgc":203135002,"adm4_en":"Ambalatungan","geo_level":"Bgy","len_crs":10230,"area_crs":3537361,"len_km":10,"area_km2":3},"id":203135002},{"arcs":[[10,11,12,13,14]],"type":"Polygon","properties":{"adm1_psgc":200000000,"adm2_psgc":203100000,"adm3_psgc":203135000,"adm4_psgc":203135003,"adm4_en":"Balintocatoc","geo_level":"Bgy","len_crs":11341,"area_crs":6122882,"len_km":11,"area_km2":6},"id":203135003},{"arcs":[[15,16,-15,17,18,19,20]],"type":"Polygon","properties":{"adm1_psgc":200000000,"adm2_psgc":203100000,"adm3_psgc":203135000,"adm4_psgc":203135004,"adm4_en":"Baluarte","geo_level":"Bgy","len_crs":14942,"area_crs":7827749,"len_km":14,"area_km2":7},"id":203135004},{"arcs":[[21,22,23,-12,24]],"type":"Polygon","properties":{"adm1_psgc":200000000,"adm2_psgc":203100000,"adm3_psgc":203135000,"adm4_psgc":203135005,"adm4_en":"Bannawag Norte","geo_level":"Bgy","len_crs":7094,"area_crs":2134841,"len_km":7,"area_km2":2},"id":203135005},{"arcs":[[25,26,27,28,29,30,31]],"type":"Polygon","properties":{"adm1_psgc":200000000,"adm2_psgc":203100000,"adm3_psgc":203135000,"adm4_psgc":203135006,"adm4_en":"Batal","geo_level":"Bgy","len_crs":12973,"area_crs":8975234,"len_km":12,"area_km2":8},"id":203135006},{"arcs":[[32,33,34,35,36,37,38,-7]],"type":"Polygon","properties":{"adm1_psgc":200000000,"adm2_psgc":203100000,"adm3_psgc":203135000,"adm4_psgc":203135007,"adm4_en":"Buenavista","geo_level":"Bgy","len_crs":6485,"area_crs":1884592,"len_km":6,"area_km2":1},"id":203135007},{"arcs":[[-4,39,40]],"type":"Polygon","properties":{"adm1_psgc":200000000,"adm2_psgc":203100000,"adm3_psgc":203135000,"adm4_psgc":203135008,"adm4_en":"Cabulay","geo_level":"Bgy","len_crs":15717,"area_crs":9592421,"len_km":15,"area_km2":9},"id":203135008},{"arcs":[[41,42,43,44,-35]],"type":"Polygon","properties":{"adm1_psgc":200000000,"adm2_psgc":203100000,"adm3_psgc":203135000,"adm4_psgc":203135009,"adm4_en":"Calao East","geo_level":"Bgy","len_crs":3816,"area_crs":463558,"len_km":3,"area_km2":0},"id":203135009},{"arcs":[[45,46,47,-36,-45]],"type":"Polygon","properties":{"adm1_psgc":200000000,"adm2_psgc":203100000,"adm3_psgc":203135000,"adm4_psgc":203135010,"adm4_en":"Calao West","geo_level":"Bgy","len_crs":1869,"area_crs":165683,"len_km":1,"area_km2":0},"id":203135010},{"arcs":[[48,-21,49,50,51]],"type":"Polygon","properties":{"adm1_psgc":200000000,"adm2_psgc":203100000,"adm3_psgc":203135000,"adm4_psgc":203135011,"adm4_en":"Calaocan","geo_level":"Bgy","len_crs":7742,"area_crs":1710799,"len_km":7,"area_km2":1},"id":203135011},{"arcs":[[52,53,54,55]],"type":"Polygon","properties":{"adm1_psgc":200000000,"adm2_psgc":203100000,"adm3_psgc":203135000,"adm4_psgc":203135012,"adm4_en":"Villa Gonzaga","geo_level":"Bgy","len_crs":6812,"area_crs":2462644,"len_km":6,"area_km2":2},"id":203135012},{"arcs":[[56,57,58,59,60,-47]],"type":"Polygon","properties":{"adm1_psgc":200000000,"adm2_psgc":203100000,"adm3_psgc":203135000,"adm4_psgc":203135013,"adm4_en":"Centro East","geo_level":"Bgy","len_crs":2449,"area_crs":252440,"len_km":2,"area_km2":0},"id":203135013},{"arcs":[[-48,-61,61,-37]],"type":"Polygon","properties":{"adm1_psgc":200000000,"adm2_psgc":203100000,"adm3_psgc":203135000,"adm4_psgc":203135014,"adm4_en":"Centro West","geo_level":"Bgy","len_crs":2188,"area_crs":201898,"len_km":2,"area_km2":0},"id":203135014},{"arcs":[[62,-26,63,64]],"type":"Polygon","properties":{"adm1_psgc":200000000,"adm2_psgc":203100000,"adm3_psgc":203135000,"adm4_psgc":203135015,"adm4_en":"Divisoria","geo_level":"Bgy","len_crs":10080,"area_crs":3222308,"len_km":10,"area_km2":3},"id":203135015},{"arcs":[[-62,-60,65,66,67,-38]],"type":"Polygon","properties":{"adm1_psgc":200000000,"adm2_psgc":203100000,"adm3_psgc":203135000,"adm4_psgc":203135016,"adm4_en":"Dubinan East","geo_level":"Bgy","len_crs":2418,"area_crs":248100,"len_km":2,"area_km2":0},"id":203135016},{"arcs":[[-39,-68,68,69,-8]],"type":"Polygon","properties":{"adm1_psgc":200000000,"adm2_psgc":203100000,"adm3_psgc":203135000,"adm4_psgc":203135017,"adm4_en":"Dubinan West","geo_level":"Bgy","len_crs":3687,"area_crs":578789,"len_km":3,"area_km2":0},"id":203135017},{"arcs":[[70,71,-22,72,73]],"type":"Polygon","properties":{"adm1_psgc":200000000,"adm2_psgc":203100000,"adm3_psgc":203135000,"adm4_psgc":203135018,"adm4_en":"Luna","geo_level":"Bgy","len_crs":15514,"area_crs":7036819,"len_km":15,"area_km2":7},"id":203135018},{"arcs":[[-29,74,75,-42,-34,76]],"type":"Polygon","properties":{"adm1_psgc":200000000,"adm2_psgc":203100000,"adm3_psgc":203135000,"adm4_psgc":203135019,"adm4_en":"Mabini","geo_level":"Bgy","len_crs":6579,"area_crs":2034542,"len_km":6,"area_km2":2},"id":203135019},{"arcs":[[-76,77,-52,78,79,-58,80,-43]],"type":"Polygon","properties":{"adm1_psgc":200000000,"adm2_psgc":203100000,"adm3_psgc":203135000,"adm4_psgc":203135020,"adm4_en":"Malvar","geo_level":"Bgy","len_crs":5650,"area_crs":1164049,"len_km":5,"area_km2":1},"id":203135020},{"arcs":[[-28,81,82,-16,-49,-78,-75]],"type":"Polygon","properties":{"adm1_psgc":200000000,