{"type":"Topology","arcs":[[[904,1008],[94,-12]],[[998,996],[12,-31],[-105,-39]],[[905,926],[-139,10],[-23,22],[-77,2]],[[666,960],[37,78],[13,74]],[[716,1112],[2,27],[95,-6],[16,-87],[34,-50],[41,12]],[[772,816],[-17,-52],[28,-57],[108,-122]],[[891,585],[-73,-9]],[[818,576],[-46,74],[-125,118],[-17,47]],[[630,815],[1,17]],[[631,832],[35,51]],[[666,883],[83,-23],[23,-44]],[[666,960],[0,-77]],[[631,832],[-46,15]],[[585,847],[-22,124],[47,125]],[[610,1096],[-1,57],[107,19],[0,-60]],[[905,926],[-60,-86]],[[845,840],[-73,-24]],[[365,801],[21,-44],[109,11]],[[495,768],[2,-31]],[[497,737],[-55,-72]],[[442,665],[-58,-19],[-51,23],[-69,-53]],[[264,616],[-72,-7],[-29,53],[10,30]],[[173,692],[35,57],[-4,44],[101,-20],[56,35]],[[361,808],[4,-7]],[[585,847],[-48,-23]],[[537,824],[-27,29]],[[510,853],[3,81],[-40,61]],[[473,995],[54,-24],[-7,104],[12,74],[61,8],[17,-61]],[[438,1014],[-72,42],[-65,7]],[[301,1063],[1,68],[150,-11],[27,-78],[-41,-28]],[[264,616],[19,-100],[44,-7],[49,38],[75,-59],[22,-50],[-24,-24],[35,-64]],[[484,350],[-97,-15],[3,-21],[-293,-86],[-39,5]],[[58,233],[1,82],[87,55],[6,21],[-77,200],[49,48],[-1,47]],[[123,686],[50,6]],[[531,239],[15,-7]],[[546,232],[-87,-50],[-16,-26],[-127,-48],[-8,-59],[-36,-49],[-42,1],[-119,79],[-44,74],[-9,79]],[[484,350],[32,-35],[15,-76]],[[298,994],[101,-111],[-38,-75]],[[123,686],[-79,45],[-15,126],[-29,148],[15,95],[71,9],[46,26],[33,-48],[-17,-71],[150,-22]],[[818,576],[-118,-19],[-40,-33]],[[660,524],[14,66],[-44,64],[-71,46],[-14,56]],[[545,756],[13,41],[72,18]],[[531,239],[150,40],[-19,52],[0,136]],[[662,467],[-2,57]],[[891,585],[17,-31],[-1,-118],[-28,-66],[38,-176],[61,-84],[-56,-30],[-130,-13],[-29,77],[-50,-12],[-145,39],[-22,61]],[[537,824],[-42,-56]],[[365,801],[145,52]],[[442,665],[220,-198]],[[1236,965],[-24,-75]],[[1212,890],[-88,7]],[[1124,897],[-4,94]],[[1120,991],[83,77],[47,1]],[[1250,1069],[-14,-104]],[[1039,1000],[-41,-4]],[[904,1008],[14,92]],[[918,1100],[114,-57],[7,-43]],[[1265,1140],[-15,-71]],[[1120,991],[-29,-6]],[[1091,985],[45,102],[-58,29],[31,32]],[[1109,1148],[65,-29],[91,21]],[[1236,965],[7,-20],[86,-33],[30,-43],[-56,-36],[-72,18],[-19,39]],[[1109,1148],[-67,28],[-68,-10]],[[974,1166],[-13,80],[34,77],[-65,19],[83,84],[26,4],[88,-87],[28,-7],[4,-109],[91,-44],[15,-43]],[[1091,985],[-52,15]],[[918,1100],[56,66]],[[545,756],[-48,-19]],[[1124,897],[-77,-3],[-17,-23],[-185,-31]],[[438,1014],[35,-19]],[[298,994],[3,69]]],"transform":{"scale":[0.000034480119205259604,0.00004089058881119113],"translate":[120.88451699000007,14.409355414000057]},"objects":{"bgysubmuns-municity-402111000":{"type":"GeometryCollection","geometries":[{"arcs":[[0,1,2,3,4]],"type":"Polygon","properties":{"adm1_psgc":400000000,"adm2_psgc":402100000,"adm3_psgc":402111000,"adm4_psgc":402111001,"adm4_en":"Binakayan-Kanluran","geo_level":"Bgy","len_crs":5290,"area_crs":575025,"len_km":5,"area_km2":0},"id":402111001},{"arcs":[[5,6,7,8,9,10]],"type":"Polygon","properties":{"adm1_psgc":400000000,"adm2_psgc":402100000,"adm3_psgc":402111000,"adm4_psgc":402111002,"adm4_en":"Gahak","geo_level":"Bgy","len_crs":4299,"area_crs":455165,"len_km":4,"area_km2":0},"id":402111002},{"arcs":[[-4,11,-10,12,13,14]],"type":"Polygon","properties":{"adm1_psgc":400000000,"adm2_psgc":402100000,"adm3_psgc":402111000,"adm4_psgc":402111003,"adm4_en":"Kaingen","geo_level":"Bgy","len_crs":4690,"area_crs":546441,"len_km":4,"area_km2":0},"id":402111003},{"arcs":[[15,16,-11,-12,-3]],"type":"Polygon","properties":{"adm1_psgc":400000000,"adm2_psgc":402100000,"adm3_psgc":402111000,"adm4_psgc":402111004,"adm4_en":"Marulas","geo_level":"Bgy","len_crs":2796,"area_crs":342486,"len_km":2,"area_km2":0},"id":402111004},{"arcs":[[17,18,19,20,21,22,23]],"type":"Polygon","properties":{"adm1_psgc":400000000,"adm2_psgc":402100000,"adm3_psgc":402111000,"adm4_psgc":402111005,"adm4_en":"Panamitan","geo_level":"Bgy","len_crs":4311,"area_crs":648595,"len_km":4,"area_km2":0},"id":402111005},{"arcs":[[[-14,24,25,26,27]],[[28,29]]],"type":"MultiPolygon","properties":{"adm1_psgc":400000000,"adm2_psgc":402100000,"adm3_psgc":402111000,"adm4_psgc":402111006,"adm4_en":"Poblacion","geo_level":"Bgy","len_crs":8502,"area_crs":637444,"len_km":8,"area_km2":0},"id":402111006},{"arcs":[[30,31,32,33,-22]],"type":"Polygon","properties":{"adm1_psgc":400000000,"adm2_psgc":402100000,"adm3_psgc":402111000,"adm4_psgc":402111007,"adm4_en":"Magdalo","geo_level":"Bgy","len_crs":7774,"area_crs":1760238,"len_km":7,"area_km2":1},"id":402111007},{"arcs":[[34,35,-32,36]],"type":"Polygon","properties":{"adm1_psgc":400000000,"adm2_psgc":402100000,"adm3_psgc":402111000,"adm4_psgc":402111008,"adm4_en":"San Sebastian","geo_level":"Bgy","len_crs":5860,"area_crs":1482784,"len_km":5,"area_km2":1},"id":402111008},{"arcs":[[37,-23,-34,38]],"type":"Polygon","properties":{"adm1_psgc":400000000,"adm2_psgc":402100000,"adm3_psgc":402111000,"adm4_psgc":402111009,"adm4_en":"Santa Isabel","geo_level":"Bgy","len_crs":7826,"area_crs":1758942,"len_km":7,"area_km2":1},"id":402111009},{"arcs":[[39,40,41,-8]],"type":"Polygon","properties":{"adm1_psgc":400000000,"adm2_psgc":402100000,"adm3_psgc":402111000,"adm4_psgc":402111010,"adm4_en":"Tabon I","geo_level":"Bgy","len_crs":3725,"area_crs":547886,"len_km":3,"area_km2":0},"id":402111010},{"arcs":[[-35,42,43,-40,-7,44]],"type":"Polygon","properties":{"adm1_psgc":400000000,"adm2_psgc":402100000,"adm3_psgc":402111000,"adm4_psgc":402111011,"adm4_en":"Toclong","geo_level":"Bgy","len_crs":7442,"area_crs":2111278,"len_km":7,"area_km2":2},"id":402111011},{"arcs":[[45,-18,46,-26]],"type":"Polygon","properties":{"adm1_psgc":400000000,"adm2_psgc":402100000,"adm3_psgc":402111000,"adm4_psgc":402111012,"adm4_en":"Wakas I","geo_level":"Bgy","len_crs":1969,"area_crs":157000,"len_km":1,"area_km2":0},"id":402111012},{"arcs":[[47,-43,-37,-31,-21]],"type":"Polygon","properties":{"adm1_psgc":400000000,"adm2_psgc":402100000,"adm3_psgc":402111000,"adm4_psgc":402111013,"adm4_en":"Batong Dalig","geo_level":"Bgy","len_crs":6584,"area_crs":1404430,"len_km":6,"area_km2":1},"id":402111013},{"arcs":[[48,49,50,51,52]],"type":"Polygon","properties":{"adm1_psgc":400000000,"adm2_psgc":402100000,"adm3_psgc":402111000,"adm4_psgc":402111014,"adm4_en":"Balsahan-Bisita","geo_level":"Bgy","len_crs":2251,"area_crs":283634,"len_km":2,"area_km2":0},"id":402111014},{"arcs":[[53,-1,54,55]],"type":"Polygon","properties":{"adm1_psgc":400000000,"adm2_psgc":402100000,"adm3_psgc":402111000,"adm4_psgc":402111015,"adm4_en":"Binakayan-Aplaya","geo_level":"Bgy","len_crs":1695,"area_crs":161822,"len_km":1,"area_km2":0},"id":402111015},{"arcs":[[56,-52,57,58,59]],"type":"Polygon","properties":{"adm1_psgc":400000000,"adm2_psgc":402100000,"adm3_psgc":402111000,"adm4_psgc":402111016,"adm4_en":"Congbalay-Legaspi","geo_level":"Bgy","len_crs":3001,"area_crs":258763,"len_km":3,"area_km2":0},"id":402111016},{"arcs":[[-49,60]],"type":"Polygon","properties":{"adm1_psgc":400000000,"adm2_psgc":402100000,"adm3_psgc":402111000,"adm4_psgc":402111017,"adm4_en":"Manggahan-Lawin","geo_level":"Bgy","len_crs":2515,"area_crs":218461,"len_km":2,"area_km2":0},"id":402111017},{"arcs":[[-60,61,62]],"type":"Polygon","properties":{"adm1_psgc":400000000,"adm2_psgc":402100000,"adm3_psgc":402111000,"adm4_psgc":402111018,"adm4_en":"Pulvorista","geo_level":"Bgy","len_crs":7194,"area_crs":783900,"len_km":7,"area_km2":0},"id":402111018},{"arcs":[[-59,63,-56,64,-62]],"type":"Polygon","properties":{"adm1_psgc":400000000,"adm2_psgc":402100000,"adm3_psgc":402111000,"adm4_psgc":402111019,"adm4_en":"Samala-Marquez","geo_level":"Bgy","len_crs":3305,"area_crs":358482,"len_km":3,"area_km2":0},"id":402111019},{"arcs":[[-9,-42,65,-19,-46,-25,-13]],"type":"Polygon","properties":{"adm1_psgc":400000000,"adm2_psgc":402100000,"adm3_psgc":402111000,"adm4_psgc":402111020,"adm4_en":"Tabon II","geo_level":"Bgy","len_crs":1910,"area_crs":125505,"len_km":1,"area_km2":0},"id":402111020},{"arcs":[[-44,-48,-20,-66,-41]],"type":"Polygon","properties":{"adm1_psgc":400000000,