{"type":"Topology","arcs":[[[318,631],[7,-21],[18,-3],[-7,-33],[29,-61],[7,-27]],[[372,486],[-115,-2]],[[257,484],[0,126],[7,38]],[[264,648],[17,-11],[37,-6]],[[1106,381],[-32,-188]],[[1074,193],[-461,433],[-118,86],[-16,24]],[[479,736],[5,32]],[[484,768],[54,52],[63,-43],[505,-396]],[[257,987],[3,-47]],[[260,940],[-60,-13],[-112,-41],[-30,-41]],[[58,845],[-26,22],[-6,38],[-26,25],[7,22],[0,36],[97,17],[101,-22],[52,4]],[[265,891],[-99,-35],[-69,-58]],[[97,798],[-4,22],[-35,25]],[[260,940],[5,-49]],[[257,484],[-51,5],[-5,13],[4,42],[-6,39],[-19,26]],[[180,609],[19,6],[65,33]],[[217,749],[47,-101]],[[180,609],[-14,4],[-27,57],[2,41],[15,2],[11,26]],[[167,739],[14,17],[24,14],[12,-21]],[[484,768],[-23,26],[-33,4],[-7,26]],[[421,824],[8,63],[11,9],[1,47],[8,23],[-4,25]],[[445,991],[200,-68],[242,-206],[230,-188],[13,-6],[-24,-142]],[[421,824],[-21,2],[-38,-49],[-35,15],[-27,17]],[[300,809],[-32,45]],[[268,854],[-3,37]],[[257,987],[156,14],[32,-10]],[[479,736],[-62,-83]],[[417,653],[-18,19],[-45,33]],[[354,705],[-53,39],[-32,-13],[-10,29]],[[259,760],[9,31],[20,3],[12,15]],[[1074,193],[-31,-193],[-433,474],[-180,9]],[[430,483],[-13,170]],[[146,745],[-4,-13]],[[142,732],[-16,12]],[[126,744],[12,25]],[[138,769],[8,-24]],[[155,734],[-13,-2]],[[146,745],[9,-11]],[[259,760],[-23,2],[-19,-13]],[[167,739],[-12,-5]],[[138,769],[10,21],[120,64]],[[126,744],[-2,19],[-27,35]],[[430,483],[-58,3]],[[318,631],[36,74]]],"transform":{"scale":[0.00018928687964598313,0.00011735572537311858],"translate":[124.28435600300008,12.358902166000062]},"objects":{"bgysubmuns-municity-804823000":{"type":"GeometryCollection","geometries":[{"arcs":[[0,1,2,3]],"type":"Polygon","properties":{"adm1_psgc":800000000,"adm2_psgc":804800000,"adm3_psgc":804823000,"adm4_psgc":804823001,"adm4_en":"Acedillo","geo_level":"Bgy","len_crs":8267,"area_crs":3577710,"len_km":8,"area_km2":3},"id":804823001},{"arcs":[[4,5,6,7]],"type":"Polygon","properties":{"adm1_psgc":800000000,"adm2_psgc":804800000,"adm3_psgc":804823000,"adm4_psgc":804823002,"adm4_en":"Buenasuerte","geo_level":"Bgy","len_crs":31425,"area_crs":26972424,"len_km":31,"area_km2":26},"id":804823002},{"arcs":[[8,9,10]],"type":"Polygon","properties":{"adm1_psgc":800000000,"adm2_psgc":804800000,"adm3_psgc":804823000,"adm4_psgc":804823003,"adm4_en":"Buenos Aires","geo_level":"Bgy","len_crs":13616,"area_crs":6130032,"len_km":13,"area_km2":6},"id":804823003},{"arcs":[[11,12,-10,13]],"type":"Polygon","properties":{"adm1_psgc":800000000,"adm2_psgc":804800000,"adm3_psgc":804823000,"adm4_psgc":804823004,"adm4_en":"Colab-og","geo_level":"Bgy","len_crs":10033,"area_crs":3249277,"len_km":10,"area_km2":3},"id":804823004},{"arcs":[[14,15,-3]],"type":"Polygon","properties":{"adm1_psgc":800000000,"adm2_psgc":804800000,"adm3_psgc":804823000,"adm4_psgc":804823006,"adm4_en":"Erenas","geo_level":"Bgy","len_crs":7344,"area_crs":2249405,"len_km":7,"area_km2":2},"id":804823006},{"arcs":[[16,-16,17,18]],"type":"Polygon","properties":{"adm1_psgc":800000000,"adm2_psgc":804800000,"adm3_psgc":804823000,"adm4_psgc":804823007,"adm4_en":"Libertad","geo_level":"Bgy","len_crs":8192,"area_crs":3276474,"len_km":8,"area_km2":3},"id":804823007},{"arcs":[[-8,19,20,21]],"type":"Polygon","properties":{"adm1_psgc":800000000,"adm2_psgc":804800000,"adm3_psgc":804823000,"adm4_psgc":804823008,"adm4_en":"Luisita","geo_level":"Bgy","len_crs":38859,"area_crs":30616546,"len_km":38,"area_km2":30},"id":804823008},{"arcs":[[-21,22,23,24,-14,-9,25]],"type":"Polygon","properties":{"adm1_psgc":800000000,"adm2_psgc":804800000,"adm3_psgc":804823000,"adm4_psgc":804823009,"adm4_en":"Lungib","geo_level":"Bgy","len_crs":14486,"area_crs":8729976,"len_km":14,"area_km2":8},"id":804823009},{"arcs":[[-20,-7,26,27,28,29,-23]],"type":"Polygon","properties":{"adm1_psgc":800000000,"adm2_psgc":804800000,"adm3_psgc":804823000,"adm4_psgc":804823010,"adm4_en":"Maxvilla","geo_level":"Bgy","len_crs":12586,"area_crs":5243051,"len_km":12,"area_km2":5},"id":804823010},{"arcs":[[30,31,-27,-6]],"type":"Polygon","properties":{"adm1_psgc":800000000,"adm2_psgc":804800000,"adm3_psgc":804823000,"adm4_psgc":804823011,"adm4_en":"Pasabuena","geo_level":"Bgy","len_crs":35537,"area_crs":32953834,"len_km":35,"area_km2":32},"id":804823011},{"arcs":[[32,33,34,35]],"type":"Polygon","properties":{"adm1_psgc":800000000,"adm2_psgc":804800000,"adm3_psgc":804823000,"adm4_psgc":804823012,"adm4_en":"Zone I","geo_level":"Bgy","len_crs":1940,"area_crs":153252,"len_km":1,"area_km2":0},"id":804823012},{"arcs":[[36,-33,37]],"type":"Polygon","properties":{"adm1_psgc":800000000,"adm2_psgc":804800000,"adm3_psgc":804823000,"adm4_psgc":804823013,"adm4_en":"Zone II","geo_level":"Bgy","len_crs":907,"area_crs":33890,"len_km":0,"area_km2":0},"id":804823013},{"arcs":[[-30,38,-19,39,-38,-36,40,-24]],"type":"Polygon","properties":{"adm1_psgc":800000000,"adm2_psgc":804800000,"adm3_psgc":804823000,"adm4_psgc":804823014,"adm4_en":"Zone III","geo_level":"Bgy","len_crs":8398,"area_crs":2440930,"len_km":8,"area_km2":2},"id":804823014},{"arcs":[[-41,-35,41,-12,-25]],"type":"Polygon","properties":{"adm1_psgc":800000000,"adm2_psgc":804800000,"adm3_psgc":804823000,"adm4_psgc":804823016,"adm4_en":"San Lazaro","geo_level":"Bgy","len_crs":8583,"area_crs":2183809,"len_km":8,"area_km2":2},"id":804823016},{"arcs":[[-32,42,-1,43,-28]],"type":"Polygon","properties":{"adm1_psgc":800000000,"adm2_psgc":804800000,"adm3_psgc":804823000,"adm4_psgc":804823017,"adm4_en":"San Miguel","geo_level":"Bgy","len_crs":9273,"area_crs":4213714,"len_km":9,"area_km2":4},"id":804823017},{"arcs":[[-29,-44,-4,-17,-39]],"type":"Polygon","properties":{"adm1_psgc":800000000,"adm2_psgc":804800000,"adm3_psgc":804823000,"adm4_psgc":804823018,"adm4_en":"San Roman","geo_level":"Bgy","len_crs":7577,"area_crs":2694375,"len_km":7,"area_km2":2},"id":804823018}]}}}