{"type":"Topology","arcs":[[[176,341],[19,-15]],[[195,326],[-2,-50]],[[193,276],[-58,-29]],[[135,247],[-25,28]],[[110,275],[-2,95],[-20,27]],[[88,397],[88,-56]],[[699,7],[-5,45],[-26,43],[-10,50],[-65,-16],[-98,53],[-35,35],[-54,18],[-17,-11]],[[389,224],[-77,16]],[[312,240],[32,55]],[[344,295],[28,31]],[[372,326],[19,53],[-15,79],[22,25],[47,16],[1,62]],[[446,561],[35,91]],[[481,652],[66,386]],[[547,1038],[28,18],[-15,54],[367,4],[322,-7],[9,-1074],[-559,-26]],[[372,326],[-64,5],[-41,65],[-58,51]],[[209,447],[-35,17],[-9,-22],[-51,5],[-68,-67]],[[46,380],[-13,29],[24,34]],[[57,443],[8,74],[-17,13]],[[48,530],[66,4],[30,-16],[16,52],[-14,38],[41,23],[37,-40],[79,10],[68,-47],[75,7]],[[135,247],[-35,-40]],[[100,207],[-12,30],[-51,21]],[[37,258],[21,17],[52,0]],[[344,295],[-51,0],[-18,-16],[-80,47]],[[176,341],[33,106]],[[699,7],[-178,2],[-138,-4]],[[383,5],[6,219]],[[312,240],[-33,-23],[-86,59]],[[383,5],[-251,-5],[9,52],[42,-19],[40,23],[-34,42],[-15,61],[-50,17],[-24,31]],[[37,258],[-18,1],[-17,50],[10,40]],[[12,349],[34,31]],[[46,380],[42,17]],[[12,349],[-12,35],[12,31],[45,28]],[[48,530],[-47,31],[39,47],[46,82],[30,20],[9,37]],[[125,747],[101,-59],[119,-28],[136,-8]],[[125,747],[-14,54],[9,30],[33,5],[51,-74],[26,11],[43,-34],[65,-30],[38,73],[-5,65],[-18,24],[-4,47],[-18,62],[-23,20],[-45,88],[-89,2],[-21,68],[41,65],[24,-6],[49,175],[50,-42],[37,-61],[86,-102],[17,-53],[34,-27],[28,-49],[28,-20]]],"transform":{"scale":[0.00005478874006363599,0.00003879347130883976],"translate":[125.56858875700006,9.996350946000062]},"objects":{"bgysubmuns-municity-1608506000":{"type":"GeometryCollection","geometries":[{"arcs":[[0,1,2,3,4,5]],"type":"Polygon","properties":{"adm1_psgc":1600000000,"adm2_psgc":1608500000,"adm3_psgc":1608506000,"adm4_psgc":1608506001,"adm4_en":"Aurelio","geo_level":"Bgy","len_crs":2380,"area_crs":209160,"len_km":2,"area_km2":0},"id":1608506001},{"arcs":[[6,7,8,9,10,11,12,13]],"type":"Polygon","properties":{"adm1_psgc":1600000000,"adm2_psgc":1608500000,"adm3_psgc":1608506000,"adm4_psgc":1608506002,"adm4_en":"Cuarinta","geo_level":"Bgy","len_crs":20771,"area_crs":21439995,"len_km":20,"area_km2":21},"id":1608506002},{"arcs":[[-11,14,15,16,17,18]],"type":"Polygon","properties":{"adm1_psgc":1600000000,"adm2_psgc":1608500000,"adm3_psgc":1608506000,"adm4_psgc":1608506003,"adm4_en":"Don Ruben Ecleo","geo_level":"Bgy","len_crs":8096,"area_crs":1574236,"len_km":8,"area_km2":1},"id":1608506003},{"arcs":[[-4,19,20,21]],"type":"Polygon","properties":{"adm1_psgc":1600000000,"adm2_psgc":1608500000,"adm3_psgc":1608506000,"adm4_psgc":1608506004,"adm4_en":"Jacquez","geo_level":"Bgy","len_crs":1639,"area_crs":93533,"len_km":1,"area_km2":0},"id":1608506004},{"arcs":[[-10,22,-1,23,-15]],"type":"Polygon","properties":{"adm1_psgc":1600000000,"adm2_psgc":1608500000,"adm3_psgc":1608506000,"adm4_psgc":1608506005,"adm4_en":"Justiniana Edera","geo_level":"Bgy","len_crs":3470,"area_crs":349624,"len_km":3,"area_km2":0},"id":1608506005},{"arcs":[[24,25,-7]],"type":"Polygon","properties":{"adm1_psgc":1600000000,"adm2_psgc":1608500000,"adm3_psgc":1608506000,"adm4_psgc":1608506006,"adm4_en":"Luna","geo_level":"Bgy","len_crs":5511,"area_crs":1272853,"len_km":5,"area_km2":1},"id":1608506006},{"arcs":[[-9,26,-2,-23]],"type":"Polygon","properties":{"adm1_psgc":1600000000,"adm2_psgc":1608500000,"adm3_psgc":1608506000,"adm4_psgc":1608506007,"adm4_en":"Mahayahay","geo_level":"Bgy","len_crs":2649,"area_crs":198442,"len_km":2,"area_km2":0},"id":1608506007},{"arcs":[[-8,-26,27,-20,-3,-27]],"type":"Polygon","properties":{"adm1_psgc":1600000000,"adm2_psgc":1608500000,"adm3_psgc":1608506000,"adm4_psgc":1608506008,"adm4_en":"Matingbe","geo_level":"Bgy","len_crs":7293,"area_crs":1412158,"len_km":7,"area_km2":1},"id":1608506008},{"arcs":[[-22,28,29,30,-5]],"type":"Polygon","properties":{"adm1_psgc":1600000000,"adm2_psgc":1608500000,"adm3_psgc":1608506000,"adm4_psgc":1608506009,"adm4_en":"San Jose","geo_level":"Bgy","len_crs":3292,"area_crs":267434,"len_km":3,"area_km2":0},"id":1608506009},{"arcs":[[[-30,31,-17]],[[-16,-24,-6,-31]]],"type":"MultiPolygon","properties":{"adm1_psgc":1600000000,"adm2_psgc":1608500000,"adm3_psgc":1608506000,"adm4_psgc":1608506010,"adm4_en":"San Juan","geo_level":"Bgy","len_crs":4394,"area_crs":330265,"len_km":4,"area_km2":0},"id":1608506010},{"arcs":[[-12,-19,32,33]],"type":"Polygon","properties":{"adm1_psgc":1600000000,"adm2_psgc":1608500000,"adm3_psgc":1608506000,"adm4_psgc":1608506011,"adm4_en":"Santa Cruz","geo_level":"Bgy","len_crs":7990,"area_crs":1246645,"len_km":7,"area_km2":1},"id":1608506011},{"arcs":[[-13,-34,34]],"type":"Polygon","properties":{"adm1_psgc":1600000000,"adm2_psgc":1608500000,"adm3_psgc":1608506000,"adm4_psgc":1608506012,"adm4_en":"Wilson","geo_level":"Bgy","len_crs":17559,"area_crs":3927916,"len_km":17,"area_km2":3},"id":1608506012}]}}}