{"type":"Topology","arcs":[[[1108,1279],[-18,-84],[-32,-34],[-108,-59],[-34,-31],[-87,-124],[-23,-12],[-25,-51],[-71,-78],[-62,-53],[-56,-71]],[[592,682],[-39,-20],[-27,23],[27,43],[-62,96],[-24,21],[-66,-28],[-72,131]],[[329,948],[56,25],[-14,40],[42,7],[42,40],[67,27],[32,-3],[34,38],[175,108],[140,53],[166,11],[39,-15]],[[741,228],[-5,8]],[[736,236],[5,-8]],[[608,185],[-46,-31],[-52,-14]],[[510,140],[-24,164],[-38,-18],[-42,32],[-32,107],[-52,50],[-62,117],[1,25],[-36,77],[-22,16]],[[203,710],[54,87],[-3,49]],[[254,846],[59,50]],[[313,896],[52,-98],[8,-68],[50,-59],[72,-43],[6,-57],[-20,-42],[-4,-51],[-32,-12],[53,-88],[17,-54],[93,-139]],[[826,1848],[93,-25],[-18,-50],[-48,2],[-24,-40],[69,-60],[-23,-23],[-28,-81],[49,12],[37,-10],[126,-12],[51,31],[-39,-159],[-40,-13],[-39,-35],[51,-50],[101,-28],[-36,-28]],[[329,948],[-35,-15],[19,-37]],[[254,846],[-88,76],[-23,46],[-64,58],[13,92],[-12,38],[0,73],[-19,57],[-23,29],[-21,70],[-8,77],[14,36],[101,7],[17,62],[40,-78],[40,-13],[113,19],[123,52],[31,47],[201,168],[137,86]],[[668,456],[-52,73],[20,17],[-10,93],[-34,43]],[[826,1848],[36,22],[36,52],[70,49],[50,52],[98,52],[33,-33],[49,-26],[120,-44],[95,-20],[59,3],[58,-27],[53,-10],[87,-54],[46,-38],[28,-71],[63,-108],[29,-76],[27,-33],[12,-57],[29,-40],[-12,-102],[-56,-35],[-81,-81],[-126,-146],[-20,-64],[-25,-23],[-43,0],[-102,-82],[-21,-3],[-37,-50],[-75,-13],[-80,0],[-88,-46],[-124,-86],[-115,-46],[-184,-104],[-47,-104]],[[510,140],[-57,-48],[-34,-44],[-82,-48],[-106,215],[-80,16],[-80,2],[-47,31],[-24,34],[12,52],[36,62],[96,144],[23,72],[-29,4],[-1,62],[66,16]],[[741,228],[-5,8]],[[668,456],[-17,-73],[70,-69],[-24,-52],[-29,1],[-60,-78]]],"transform":{"scale":[0.00004153690598742542,0.00003393557879517565],"translate":[121.95658944000002,20.41905195200007]},"objects":{"bgysubmuns-municity-200901000":{"type":"GeometryCollection","geometries":[{"arcs":[[0,1,2]],"type":"Polygon","properties":{"adm1_psgc":200000000,"adm2_psgc":200900000,"adm3_psgc":200901000,"adm4_psgc":200901001,"adm4_en":"Ihubok II","geo_level":"Bgy","len_crs":9460,"area_crs":3337422,"len_km":9,"area_km2":3},"id":200901001},{"arcs":[[5,6,7,8,9]],"type":"Polygon","properties":{"adm1_psgc":200000000,"adm2_psgc":200900000,"adm3_psgc":200901000,"adm4_psgc":200901002,"adm4_en":"Ihubok I","geo_level":"Bgy","len_crs":9373,"area_crs":1606680,"len_km":9,"area_km2":1},"id":200901002},{"arcs":[[10,-3,11,-9,12]],"type":"Polygon","properties":{"adm1_psgc":200000000,"adm2_psgc":200900000,"adm3_psgc":200901000,"adm4_psgc":200901003,"adm4_en":"San Antonio","geo_level":"Bgy","len_crs":20974,"area_crs":8322048,"len_km":20,"area_km2":8},"id":200901003},{"arcs":[[13,-1,-11,14]],"type":"Polygon","properties":{"adm1_psgc":200000000,"adm2_psgc":200900000,"adm3_psgc":200901000,"adm4_psgc":200901004,"adm4_en":"San Joaquin","geo_level":"Bgy","len_crs":23443,"area_crs":15897614,"len_km":23,"area_km2":15},"id":200901004},{"arcs":[[-7,15]],"type":"Polygon","properties":{"adm1_psgc":200000000,"adm2_psgc":200900000,"adm3_psgc":200901000,"adm4_psgc":200901005,"adm4_en":"Chanarian","geo_level":"Bgy","len_crs":9224,"area_crs":2673936,"len_km":9,"area_km2":2},"id":200901005},{"arcs":[[-2,-14,17,-10,-12]],"type":"Polygon","properties":{"adm1_psgc":200000000,"adm2_psgc":200900000,"adm3_psgc":200901000,"adm4_psgc":200901006,"adm4_en":"Kayhuvokan","geo_level":"Bgy","len_crs":9359,"area_crs":1638249,"len_km":9,"area_km2":1},"id":200901006}]}}}