{"type":"Topology","arcs":[[[798,273],[-24,-80],[-30,-9],[-50,-40],[-15,22],[-143,-133],[-56,17]],[[480,50],[136,183],[41,39],[141,1]],[[281,568],[99,-196]],[[380,372],[35,-93]],[[415,279],[18,-68]],[[433,211],[24,-100],[23,-61]],[[480,50],[-125,50],[-83,14],[-47,-14],[-44,-34],[-52,-66],[3,63],[-24,173],[-75,316],[-33,70],[85,22],[60,4],[20,36]],[[165,684],[105,-90],[11,-26]],[[659,591],[-34,-14],[-42,-59],[-24,-54]],[[559,464],[10,50],[-2,85],[33,29],[-20,36]],[[580,664],[35,6]],[[615,670],[30,1]],[[645,671],[14,-80]],[[672,757],[-24,-33],[-3,-53]],[[615,670],[-42,72],[-1,48],[-45,23],[-16,41],[-42,15],[-9,75]],[[460,944],[24,-36],[53,-19],[24,-41],[65,-65],[46,-26]],[[763,1004],[-55,-29],[-88,47],[-57,16],[-41,-26],[-185,-44]],[[337,968],[189,168],[79,-25],[65,65],[44,21],[61,-65],[-7,-42],[33,-54],[-38,-32]],[[431,726],[-4,-32],[-50,-68],[-96,-58]],[[165,684],[8,22],[-28,44],[-31,14],[78,103],[54,37]],[[246,904],[97,-128],[-9,-31],[17,-41],[80,22]],[[767,901],[-53,-19],[2,-48]],[[716,834],[-63,53],[-127,74],[-51,-2],[-138,9]],[[337,968],[175,17],[26,-20],[84,12],[48,-29],[61,-15],[36,-32]],[[736,434],[31,-46],[31,-115]],[[433,211],[63,50],[92,90],[37,4],[30,42],[34,1],[47,36]],[[559,464],[-3,-10],[-176,-82]],[[431,726],[34,-68],[45,9],[37,-19],[33,16]],[[763,1004],[24,-83],[-20,-20]],[[415,279],[83,87],[67,14],[51,29],[35,36],[20,52],[35,37]],[[706,534],[30,-100]],[[659,591],[17,-50],[30,-7]],[[716,834],[-44,-77]],[[460,944],[-123,24]],[[431,726],[-24,90],[-40,53],[-29,69],[-1,30]],[[246,904],[91,64]]],"transform":{"scale":[0.00017343714606735862,0.0001350757218044993],"translate":[125.05259768000006,10.438244441000052]},"objects":{"bgysubmuns-municity-806416000":{"type":"GeometryCollection","geometries":[{"arcs":[[0,1]],"type":"Polygon","properties":{"adm1_psgc":800000000,"adm2_psgc":806400000,"adm3_psgc":806416000,"adm4_psgc":806416002,"adm4_en":"Balagawan","geo_level":"Bgy","len_crs":16881,"area_crs":8549258,"len_km":16,"area_km2":8},"id":806416002},{"arcs":[[2,3,4,5,6,7]],"type":"Polygon","properties":{"adm1_psgc":800000000,"adm2_psgc":806400000,"adm3_psgc":806416000,"adm4_psgc":806416003,"adm4_en":"Catmon","geo_level":"Bgy","len_crs":32152,"area_crs":47198274,"len_km":32,"area_km2":47},"id":806416003},{"arcs":[[8,9,10,11,12]],"type":"Polygon","properties":{"adm1_psgc":800000000,"adm2_psgc":806400000,"adm3_psgc":806416000,"adm4_psgc":806416004,"adm4_en":"Pob. District I","geo_level":"Bgy","len_crs":10144,"area_crs":2637790,"len_km":10,"area_km2":2},"id":806416004},{"arcs":[[13,-12,14,15]],"type":"Polygon","properties":{"adm1_psgc":800000000,"adm2_psgc":806400000,"adm3_psgc":806416000,"adm4_psgc":806416005,"adm4_en":"Pob. District II","geo_level":"Bgy","len_crs":15212,"area_crs":4181936,"len_km":15,"area_km2":4},"id":806416005},{"arcs":[[16,17]],"type":"Polygon","properties":{"adm1_psgc":800000000,"adm2_psgc":806400000,"adm3_psgc":806416000,"adm4_psgc":806416006,"adm4_en":"Hingatungan","geo_level":"Bgy","len_crs":22873,"area_crs":13712692,"len_km":22,"area_km2":13},"id":806416006},{"arcs":[[18,-8,19,20]],"type":"Polygon","properties":{"adm1_psgc":800000000,"adm2_psgc":806400000,"adm3_psgc":806416000,"adm4_psgc":806416007,"adm4_en":"Katipunan","geo_level":"Bgy","len_crs":18122,"area_crs":14312346,"len_km":18,"area_km2":14},"id":806416007},{"arcs":[[21,22,23]],"type":"Polygon","properties":{"adm1_psgc":800000000,"adm2_psgc":806400000,"adm3_psgc":806416000,"adm4_psgc":806416008,"adm4_en":"Laguma","geo_level":"Bgy","len_crs":20378,"area_crs":4602891,"len_km":20,"area_km2":4},"id":806416008},{"arcs":[[24,-2,-6,25]],"type":"Polygon","properties":{"adm1_psgc":800000000,"adm2_psgc":806400000,"adm3_psgc":806416000,"adm4_psgc":806416009,"adm4_en":"Mercedes","geo_level":"Bgy","len_crs":20576,"area_crs":14218163,"len_km":20,"area_km2":14},"id":806416009},{"arcs":[[-10,26,-3,-19,27]],"type":"Polygon","properties":{"adm1_psgc":800000000,"adm2_psgc":806400000,"adm3_psgc":806416000,"adm4_psgc":806416010,"adm4_en":"Puntana","geo_level":"Bgy","len_crs":19926,"area_crs":17137911,"len_km":19,"area_km2":17},"id":806416010},{"arcs":[[28,-24,-17]],"type":"Polygon","properties":{"adm1_psgc":800000000,"adm2_psgc":806400000,"adm3_psgc":806416000,"adm4_psgc":806416011,"adm4_en":"Salvacion","geo_level":"Bgy","len_crs":20533,"area_crs":4696075,"len_km":20,"area_km2":4},"id":806416011},{"arcs":[[-26,-5,29,30]],"type":"Polygon","properties":{"adm1_psgc":800000000,"adm2_psgc":806400000,"adm3_psgc":806416000,"adm4_psgc":806416012,"adm4_en":"Sap-ang","geo_level":"Bgy","len_crs":17402,"area_crs":6803278,"len_km":17,"area_km2":6},"id":806416012},{"arcs":[[-30,-4,-27,-9,31]],"type":"Polygon","properties":{"adm1_psgc":800000000,"adm2_psgc":806400000,"adm3_psgc":806416000,"adm4_psgc":806416013,"adm4_en":"Sudmon","geo_level":"Bgy","len_crs":17218,"area_crs":8089380,"len_km":17,"area_km2":8},"id":806416013},{"arcs":[[-23,32,-16,33]],"type":"Polygon","properties":{"adm1_psgc":800000000,"adm2_psgc":806400000,"adm3_psgc":806416000,"adm4_psgc":806416014,"adm4_en":"Tuba-on","geo_level":"Bgy","len_crs":18948,"area_crs":5991885,"len_km":18,"area_km2":5},"id":806416014},{"arcs":[[-15,-11,-28,34,-34]],"type":"Polygon","properties":{"adm1_psgc":800000000,"adm2_psgc":806400000,"adm3_psgc":806416000,"adm4_psgc":806416015,"adm4_en":"Tubod","geo_level":"Bgy","len_crs":19164,"area_crs":11628166,"len_km":19,"area_km2":11},"id":806416015},{"arcs":[[-21,35,-35]],"type":"Polygon","properties":{"adm1_psgc":800000000,"adm2_psgc":806400000,"adm3_psgc":806416000,"adm4_psgc":806416016,"adm4_en":"Imelda","geo_level":"Bgy","len_crs":12596,"area_crs":5561740,"len_km":12,"area_km2":5},"id":806416016}]}}}