{"type":"Topology","arcs":[[[261,715],[-13,-60]],[[248,655],[-10,-33]],[[238,622],[-71,14]],[[167,636],[56,92]],[[223,728],[38,-13]],[[538,677],[-43,-100]],[[495,577],[-87,26]],[[408,603],[48,98]],[[456,701],[82,-24]],[[220,310],[22,-3]],[[242,307],[-22,-82],[-8,-68]],[[212,157],[-63,35],[-80,22],[-6,121]],[[63,335],[157,-25]],[[551,430],[-1,-43]],[[550,387],[-82,-7],[-138,23]],[[330,403],[-5,23]],[[325,426],[-15,81]],[[310,507],[46,50]],[[356,557],[39,-35],[19,-63],[137,-29]],[[472,767],[25,0]],[[497,767],[-15,-24],[-84,-20]],[[398,723],[3,16]],[[401,739],[28,55],[43,-27]],[[627,727],[-130,40]],[[497,767],[20,29],[92,72]],[[609,868],[35,-17],[61,-55],[-78,-69]],[[238,622],[-46,-95],[118,-20]],[[325,426],[-100,-5]],[[225,421],[-68,-6],[-108,-46]],[[49,369],[-49,111],[167,156]],[[547,140],[-2,-118],[-65,-22],[-53,71],[-52,25]],[[375,96],[7,64]],[[382,160],[19,-10],[146,-10]],[[330,403],[19,-97]],[[349,306],[-58,2]],[[291,308],[-49,-1]],[[220,310],[5,111]],[[472,767],[27,69],[89,59]],[[588,895],[21,-27]],[[300,135],[-88,22]],[[291,308],[14,-119],[-5,-54]],[[408,603],[-41,-26]],[[367,577],[-26,4],[24,75]],[[365,656],[33,67]],[[398,723],[58,-22]],[[595,659],[-20,-49],[-14,-121]],[[561,489],[-85,7],[19,81]],[[538,677],[57,-18]],[[63,335],[-14,34]],[[365,656],[-65,-9],[-52,8]],[[261,715],[54,62]],[[315,777],[86,-38]],[[349,306],[33,-146]],[[375,96],[-75,39]],[[561,489],[-10,-59]],[[356,557],[11,20]],[[365,887],[-50,-110]],[[223,728],[46,79],[32,100],[64,-20]],[[627,727],[-32,-68]],[[365,887],[81,-23],[41,8],[69,36],[32,-13]],[[550,387],[-3,-247]]],"transform":{"scale":[0.00013601734751775635,0.0001447881629955629],"translate":[123.07780426700005,13.454232880000063]},"objects":{"bgysubmuns-municity-501732000":{"type":"GeometryCollection","geometries":[{"arcs":[[0,1,2,3,4]],"type":"Polygon","properties":{"adm1_psgc":500000000,"adm2_psgc":501700000,"adm3_psgc":501732000,"adm4_psgc":501732001,"adm4_en":"Alianza","geo_level":"Bgy","len_crs":5050,"area_crs":1362977,"len_km":5,"area_km2":1},"id":501732001},{"arcs":[[5,6,7,8]],"type":"Polygon","properties":{"adm1_psgc":500000000,"adm2_psgc":501700000,"adm3_psgc":501732000,"adm4_psgc":501732002,"adm4_en":"Beberon","geo_level":"Bgy","len_crs":6075,"area_crs":2175724,"len_km":6,"area_km2":2},"id":501732002},{"arcs":[[9,10,11,12]],"type":"Polygon","properties":{"adm1_psgc":500000000,"adm2_psgc":501700000,"adm3_psgc":501732000,"adm4_psgc":501732003,"adm4_en":"Bical","geo_level":"Bgy","len_crs":9664,"area_crs":5145288,"len_km":9,"area_km2":5},"id":501732003},{"arcs":[[13,14,15,16,17,18]],"type":"Polygon","properties":{"adm1_psgc":500000000,"adm2_psgc":501700000,"adm3_psgc":501732000,"adm4_psgc":501732004,"adm4_en":"Bocal","geo_level":"Bgy","len_crs":10843,"area_crs":4835130,"len_km":10,"area_km2":4},"id":501732004},{"arcs":[[19,20,21,22]],"type":"Polygon","properties":{"adm1_psgc":500000000,"adm2_psgc":501700000,"adm3_psgc":501732000,"adm4_psgc":501732005,"adm4_en":"Bonifacio","geo_level":"Bgy","len_crs":4378,"area_crs":851980,"len_km":4,"area_km2":0},"id":501732005},{"arcs":[[23,24,25]],"type":"Polygon","properties":{"adm1_psgc":500000000,"adm2_psgc":501700000,"adm3_psgc":501732000,"adm4_psgc":501732006,"adm4_en":"Buenavista","geo_level":"Bgy","len_crs":7893,"area_crs":3759597,"len_km":7,"area_km2":3},"id":501732006},{"arcs":[[26,-17,27,28,29,-3]],"type":"Polygon","properties":{"adm1_psgc":500000000,"adm2_psgc":501700000,"adm3_psgc":501732000,"adm4_psgc":501732007,"adm4_en":"Calascagas","geo_level":"Bgy","len_crs":16515,"area_crs":10571661,"len_km":16,"area_km2":10},"id":501732007},{"arcs":[[30,31,32]],"type":"Polygon","properties":{"adm1_psgc":500000000,"adm2_psgc":501700000,"adm3_psgc":501732000,"adm4_psgc":501732008,"adm4_en":"Cotmo","geo_level":"Bgy","len_crs":9741,"area_crs":4235027,"len_km":9,"area_km2":4},"id":501732008},{"arcs":[[-16,33,34,35,-10,36,-28]],"type":"Polygon","properties":{"adm1_psgc":500000000,"adm2_psgc":501700000,"adm3_psgc":501732000,"adm4_psgc":501732009,"adm4_en":"Daculang Tubig","geo_level":"Bgy","len_crs":7387,"area_crs":3224521,"len_km":7,"area_km2":3},"id":501732009},{"arcs":[[-25,-20,37,38]],"type":"Polygon","properties":{"adm1_psgc":500000000,"adm2_psgc":501700000,"adm3_psgc":501732000,"adm4_psgc":501732010,"adm4_en":"Del Pilar","geo_level":"Bgy","len_crs":6188,"area_crs":1522487,"len_km":6,"area_km2":1},"id":501732010},{"arcs":[[39,-11,-36,40]],"type":"Polygon","properties":{"adm1_psgc":500000000,"adm2_psgc":501700000,"adm3_psgc":501732000,"adm4_psgc":501732011,"adm4_en":"Gñaran","geo_level":"Bgy","len_crs":7593,"area_crs":2570692,"len_km":7,"area_km2":2},"id":501732011},{"arcs":[[-8,41,42,43,44]],"type":"Polygon","properties":{"adm1_psgc":500000000,"adm2_psgc":501700000,"adm3_psgc":501732000,"adm4_psgc":501732012,"adm4_en":"Grijalvo","geo_level":"Bgy","len_crs":6812,"area_crs":1965930,"len_km":6,"area_km2":1},"id":501732012},{"arcs":[[45,46,-6,47]],"type":"Polygon","properties":{"adm1_psgc":500000000,"adm2_psgc":501700000,"adm3_psgc":501732000,"adm4_psgc":501732013,"adm4_en":"Lupi","geo_level":"Bgy","len_crs":8443,"area_crs":3222310,"len_km":8,"area_km2":3},"id":501732013},{"arcs":[[-13,48,-29,-37]],"type":"Polygon","properties":{"adm1_psgc":500000000,"adm2_psgc":501700000,"adm3_psgc":501732000,"adm4_psgc":501732014,"adm4_en":"Maragñi","geo_level":"Bgy","len_crs":8645,"area_crs":3208528,"len_km":8,"area_km2":3},"id":501732014},{"arcs":[[-22,-44,49,-1,50,51]],"type":"Polygon","properties":{"adm1_psgc":500000000,"adm2_psgc":501700000,"adm3_psgc":501732000,"adm4_psgc":501732015,"adm4_en":"Pamukid","geo_level":"Bgy","len_crs":7844,"area_crs":3001492,"len_km":7,"area_km2":3},"id":501732015},{"arcs":[[52,-32,53,-41,-35]],"type":"Polygon","properties":{"adm1_psgc":500000000,"adm2_psgc":501700000,"adm3_psgc":501732000,"adm4_psgc":501732016,"adm4_en":"Pinamasagan","geo_level":"Bgy","len_crs":8427,"area_crs":3291644,"len_km":8,"area_km2":3},"id":501732016},{"arcs":[[-47,54,-19,55,-42,-7]],"type":"Polygon","properties":{"adm1_psgc":500000000,"adm2_psgc":501700000,"adm3_psgc":501732000,"adm4_psgc":501732017,"adm4_en":"Pipian","geo_level":"Bgy","len_crs":10650,"area_crs":4004029,"len_km":10,"area_km2":4},"id":501732017},{"arcs":[[56,-51,-5,57]],"type":"Polygon","properties":{"adm1_psgc":500000000,"adm2_psgc":501700000,"adm3_psgc":501732000,"adm4_psgc":501732018,"adm4_en":"Planza","geo_level":"Bgy","len_crs":8244,"area_crs":2761787,"len_km":8,"area_km2":2},"id":501732018},{"arcs":[[58,-48,-9,-45,-21,-24]],"type":"Polygon","properties":{"adm1_psgc":500000000,"adm2_psgc":501700000,"adm3_psgc":501732000,"adm4_psgc":501732019,"adm4_en":"Rizal","geo_level":"Bgy","len_crs":8159,"area_crs":2733306,"len_km":8,"area_km2":2},"id":501732019},{"arcs":[[-43,-56,-18,-27,-2,-50]],"type":"Polygon","properties":{"adm1_psgc":500000000,"adm2_psgc":501700000,"adm3_psgc":501732000,"adm4_psgc":501732020,"adm4_en":"San Joaquin","geo_level":"Bgy","len_crs":9398,"area_crs":4243170,"len_km":9,"area_km2":4},"id":501732020},{"arcs":[[-38,-23,-52,-57,59]],"type":"Polygon","properties":{"adm1_psgc":500000000,"adm2_psgc":501700000,"adm3_psgc":501732000,"adm4_psgc":501732021,"adm4_en":"Santa Cruz","geo_level":"Bgy","len_crs":11948,"area_crs":4704510,"len_km":11,"area_km2":4},"id":501732021},{"arcs":[[60,-33,-53,-34,-15]],"type":"Polygon","properties":{"adm1_psgc":500000000,"adm2_psgc":501700000,"adm3_psgc":501732000,"adm4_psgc":501732022,"adm4_en":"Tagpocol","geo_level":"Bgy","len_crs":13688,"area_crs":10946282,"len_km":13,"area_km2":10},"id":501732022}]}}}