{"type":"Topology","arcs":[[[256,665],[-20,-73]],[[236,592],[6,-72]],[[242,520],[-6,-4]],[[236,516],[-81,7],[-35,39],[17,63],[-5,49],[44,-5],[25,37],[55,-41]],[[529,168],[-77,-108]],[[452,60],[-14,42]],[[438,102],[23,68]],[[461,170],[68,-2]],[[216,779],[-20,-36],[-55,39]],[[141,782],[49,55]],[[190,837],[26,-58]],[[488,495],[-68,-32]],[[420,463],[-62,27],[-22,79]],[[336,569],[87,18]],[[423,587],[44,-45],[21,-47]],[[562,575],[77,-131]],[[639,444],[-16,-39],[-72,45]],[[551,450],[-39,57]],[[512,507],[-23,63]],[[489,570],[18,29]],[[507,599],[12,10]],[[519,609],[43,-34]],[[467,608],[7,-3]],[[474,605],[15,-35]],[[512,507],[-24,-12]],[[423,587],[36,23]],[[459,610],[8,-2]],[[1061,350],[10,-81]],[[1071,269],[-115,15],[-225,19]],[[731,303],[-76,237]],[[655,540],[23,8]],[[678,548],[35,16]],[[713,564],[348,-214]],[[231,853],[-41,-16]],[[141,782],[-21,24],[52,72],[12,64],[37,3],[40,-65],[-30,-27]],[[231,853],[28,-53],[-43,-21]],[[732,667],[297,-109]],[[1029,558],[32,-208]],[[713,564],[-63,98]],[[650,662],[13,26]],[[663,688],[69,-21]],[[271,198],[-2,-81]],[[269,117],[-97,-11]],[[172,106],[25,131]],[[197,237],[74,-39]],[[1071,269],[14,-120],[-111,-38],[-283,-80],[-44,-7]],[[647,24],[-12,140]],[[635,164],[37,144]],[[672,308],[59,-5]],[[551,450],[-56,-99]],[[495,351],[-75,112]],[[365,265],[-49,-183]],[[316,82],[-47,35]],[[271,198],[32,97]],[[303,295],[62,-30]],[[678,548],[-52,105]],[[626,653],[24,9]],[[460,620],[-1,-10]],[[336,569],[39,96]],[[375,665],[85,-45]],[[920,709],[23,-6],[52,-63],[34,-82]],[[732,667],[78,60]],[[810,727],[110,-18]],[[469,618],[3,-2]],[[472,616],[-5,-8]],[[460,620],[9,-2]],[[492,632],[-14,-21]],[[478,611],[-2,1]],[[476,612],[-4,4]],[[469,618],[23,14]],[[655,540],[-16,-96]],[[562,575],[-3,85]],[[559,660],[67,-7]],[[336,569],[-100,23]],[[256,665],[53,42],[66,-42]],[[420,463],[-78,-84]],[[342,379],[-100,141]],[[519,609],[-16,28]],[[503,637],[56,23]],[[477,226],[-16,-56]],[[438,102],[-72,-29],[-50,9]],[[365,265],[112,-39]],[[476,612],[-2,-7]],[[495,351],[-18,-125]],[[303,295],[5,56]],[[308,351],[34,28]],[[180,353],[17,-116]],[[172,106],[-172,-1],[94,240],[41,21],[45,-13]],[[810,727],[-1,22]],[[809,749],[25,21]],[[834,770],[86,-61]],[[809,749],[-90,-6]],[[719,743],[-34,19],[0,93],[49,18],[100,-103]],[[180,353],[65,62]],[[245,415],[63,-64]],[[647,24],[-108,-24],[-51,12],[-36,48]],[[529,168],[106,-4]],[[663,688],[56,55]],[[507,599],[-29,12]],[[492,632],[11,5]],[[672,308],[-177,43]],[[245,415],[-9,101]]],"transform":{"scale":[0.00014211032811063543,0.00012659774708990447],"translate":[124.86072471700002,11.489243611000063]},"objects":{"bgysubmuns-municity-806021000":{"type":"GeometryCollection","geometries":[{"arcs":[[0,1,2,3]],"type":"Polygon","properties":{"adm1_psgc":800000000,"adm2_psgc":806000000,"adm3_psgc":806021000,"adm4_psgc":806021001,"adm4_en":"Banquil","geo_level":"Bgy","len_crs":16679,"area_crs":4148471,"len_km":16,"area_km2":4},"id":806021001},{"arcs":[[4,5,6,7]],"type":"Polygon","properties":{"adm1_psgc":800000000,"adm2_psgc":806000000,"adm3_psgc":806021000,"adm4_psgc":806021002,"adm4_en":"Bino-ongan","geo_level":"Bgy","len_crs":4651,"area_crs":1039494,"len_km":4,"area_km2":1},"id":806021002},{"arcs":[[8,9,10]],"type":"Polygon","properties":{"adm1_psgc":800000000,"adm2_psgc":806000000,"adm3_psgc":806021000,"adm4_psgc":806021003,"adm4_en":"Burabod","geo_level":"Bgy","len_crs":6085,"area_crs":829919,"len_km":6,"area_km2":0},"id":806021003},{"arcs":[[11,12,13,14]],"type":"Polygon","properties":{"adm1_psgc":800000000,"adm2_psgc":806000000,"adm3_psgc":806021000,"adm4_psgc":806021004,"adm4_en":"Cambaguio","geo_level":"Bgy","len_crs":6427,"area_crs":2610883,"len_km":6,"area_km2":2},"id":806021004},{"arcs":[[15,16,17,18,19,20,21]],"type":"Polygon","properties":{"adm1_psgc":800000000,"adm2_psgc":806000000,"adm3_psgc":806021000,"adm4_psgc":806021005,"adm4_en":"Canmucat","geo_level":"Bgy","len_crs":7613,"area_crs":2960975,"len_km":7,"area_km2":2},"id":806021005},{"arcs":[[22,23,-19,24,-15,25,26]],"type":"Polygon","properties":{"adm1_psgc":800000000,"adm2_psgc":806000000,"adm3_psgc":806021000,"adm4_psgc":806021006,"adm4_en":"Villarosa Pob.","geo_level":"Bgy","len_crs":4550,"area_crs":891804,"len_km":4,"area_km2":0},"id":806021006},{"arcs":[[27,28,29,30,31,32]],"type":"Polygon","properties":{"adm1_psgc":800000000,"adm2_psgc":806000000,"adm3_psgc":806021000,"adm4_psgc":806021007,"adm4_en":"Conant","geo_level":"Bgy","len_crs":17092,"area_crs":13928494,"len_km":17,"area_km2":13},"id":806021007},{"arcs":[[33,-10,34]],"type":"Polygon","properties":{"adm1_psgc":800000000,"adm2_psgc":806000000,"adm3_psgc":806021000,"adm4_psgc":806021008,"adm4_en":"Guintarcan","geo_level":"Bgy","len_crs":12570,"area_crs":1945562,"len_km":12,"area_km2":1},"id":806021008},{"arcs":[[-11,-34,35]],"type":"Polygon","properties":{"adm1_psgc":800000000,"adm2_psgc":806000000,"adm3_psgc":806021000,"adm4_psgc":806021009,"adm4_en":"Himyangan","geo_level":"Bgy","len_crs":8165,"area_crs":927566,"len_km":8,"area_km2":0},"id":806021009},{"arcs":[[36,37,-33,38,39,40]],"type":"Polygon","properties":{"adm1_psgc":800000000,"adm2_psgc":806000000,"adm3_psgc":806021000,"adm4_psgc":806021010,"adm4_en":"Igot","geo_level":"Bgy","len_crs":17634,"area_crs":11917905,"len_km":17,"area_km2":11},"id":806021010},{"arcs":[[41,42,43,44]],"type":"Polygon","properties":{"adm1_psgc":800000000,"adm2_psgc":806000000,"adm3_psgc":806021000,"adm4_psgc":806021011,"adm4_en":"Inarumbacan","geo_level":"Bgy","len_crs":9406,"area_crs":1656273,"len_km":9,"area_km2":1},"id":806021011},{"arcs":[[-29,45,46,47,48]],"type":"Polygon","properties":{"adm1_psgc":800000000,"adm2_psgc":806000000,"adm3_psgc":806021000,"adm4_psgc":806021012,"adm4_en":"Inasudlan","geo_level":"Bgy","len_crs":19024,"area_crs":19827183,"len_km":19,"area_km2":19},"id":806021012},{"arcs":[[49,50,-12,-25,-18]],"type":"Polygon","properties":{"adm1_psgc":800000000,"adm2_psgc":806000000,"adm3_psgc":806021000,"adm4_psgc":806021013,"adm4_en":"Lam-awan","geo_level":"Bgy","len_crs":6143,"area_crs":2211121,"len_km":6,"area_km2":2},"id":806021013},{"type":null,"properties":{"adm1_psgc":800000000,"adm2_psgc":806000000,"adm3_psgc":806021000,"adm4_psgc":806021014,"adm4_en":"Lamingao","geo_level":"Bgy","len_crs":5263,"area_crs":658367,"len_km":5,"area_km2":0},"id":806021014},{"arcs":[[51,52,-42,53,54]],"type":"Polygon","properties":{"adm1_psgc":800000000,"adm2_psgc":806000000,"adm3_psgc":806021000,"adm4_psgc":806021015,"adm4_en":"Lawa-an","geo_level":"Bgy","len_crs":7609,"area_crs":2728079,"len_km":7,"area_km2":2},"id":806021015},{"arcs":[[-39,-32,55,56]],"type":"Polygon","properties":{"adm1_psgc":800000000,"adm2_psgc":806000000,"adm3_psgc":806021000,"adm4_psgc":806021016,"adm4_en":"Macopa","geo_level":"Bgy","len_crs":4805,"area_crs":809587,"len_km":4,"area_km2":0},"id":806021016},{"arcs":[[57,-26,-14,58,59]],"type":"Polygon","properties":{"adm1_psgc":800000000,"adm2_psgc":806000000,"adm3_psgc":806021000,"adm4_psgc":806021017,"adm4_en":"Mahayag","geo_level":"Bgy","len_crs":5626,"area_crs":1309118,"len_km":5,"area_km2":1},"id":806021017},{"arcs":[[60,-37,61,62]],"type":"Polygon","properties":{"adm1_psgc":800000000,"adm2_psgc":806000000,"adm3_psgc":806021000,"adm4_psgc":806021018,"adm4_en":"Malonoy","geo_level":"Bgy","len_crs":12151,"area_crs":4911996,"len_km":12,"area_km2":4},"id":806021018},{"arcs":[[63,64,-27,-58,65]],"type":"Polygon","properties":{"adm1_psgc":800000000,"adm2_psgc":806000000,"adm3_psgc":806021000,"adm4_psgc":806021019,"adm4_en":"Mercado","geo_level":"Bgy","len_crs":795,"area_crs":19834,"len_km":0,"area_km2":0},"id":806021019},{"arcs":[[66,67,68,-64,69]],"type":"Polygon","properties":{"adm1_psgc":800000000,"adm2_psgc":806000000,"adm3_psgc":806021000,"adm4_psgc":806021020,"adm4_en":"Miramar","geo_level":"Bgy","len_crs":1948,"area_crs":39202,"len_km":1,"area_km2":0},"id":806021020},{"arcs":[[-56,-31,70,-16,71,72]],"type":"Polygon","properties":{"adm1_psgc":800000000,"adm2_psgc":806000000,"adm3_psgc":806021000,"adm4_psgc":806021021,"adm4_en":"Nagcaduha",