{"type":"Topology","arcs":[[[569,514],[-39,-14]],[[530,500],[-36,7]],[[494,507],[-3,42]],[[491,549],[60,25]],[[551,574],[31,23]],[[582,597],[-13,-83]],[[281,602],[53,-61]],[[334,541],[-9,-17]],[[325,524],[-96,-38]],[[229,486],[-6,81]],[[223,567],[2,67]],[[225,634],[56,-32]],[[436,536],[4,-79]],[[440,457],[-104,-51]],[[336,406],[-11,118]],[[334,541],[24,12]],[[358,553],[78,-17]],[[233,292],[17,-80]],[[250,212],[33,-114]],[[283,98],[-104,-74]],[[179,24],[-179,344]],[[0,368],[217,7]],[[217,375],[16,-83]],[[556,209],[6,-111]],[[562,98],[-91,4]],[[471,102],[25,114]],[[496,216],[60,-7]],[[415,248],[-35,-137]],[[380,111],[-97,-13]],[[250,212],[165,54]],[[415,266],[0,-18]],[[562,98],[23,-5]],[[585,93],[-93,-93]],[[492,0],[-23,82]],[[469,82],[2,20]],[[583,420],[-2,-2]],[[581,418],[-51,82]],[[569,514],[14,-94]],[[458,543],[-22,-7]],[[358,553],[78,43]],[[436,596],[22,-53]],[[223,567],[-54,4]],[[169,571],[-53,6]],[[116,577],[117,126]],[[233,703],[-8,-69]],[[358,703],[-77,-101]],[[233,703],[125,0]],[[631,415],[-30,-1]],[[601,414],[-18,6]],[[582,597],[49,-182]],[[469,82],[-64,21]],[[405,103],[-25,8]],[[415,248],[81,-32]],[[613,288],[-4,-39]],[[609,249],[-53,-40]],[[496,216],[55,91]],[[551,307],[62,-19]],[[609,249],[-24,-156]],[[415,266],[8,25]],[[423,291],[128,16]],[[622,355],[-9,-67]],[[551,307],[-12,40]],[[539,347],[37,6]],[[576,353],[46,2]],[[627,386],[-23,4]],[[604,390],[-3,24]],[[631,415],[-4,-29]],[[405,103],[-46,-75]],[[359,28],[-180,-4]],[[233,292],[183,53]],[[416,345],[7,-54]],[[551,574],[-82,25]],[[469,599],[2,90]],[[471,689],[111,-92]],[[229,486],[-12,-111]],[[0,368],[86,129]],[[86,497],[83,74]],[[538,395],[1,-48]],[[416,345],[61,78]],[[477,423],[61,-28]],[[492,0],[-133,28]],[[604,390],[-22,0]],[[582,390],[-1,28]],[[582,390],[-44,5]],[[538,395],[43,23]],[[582,390],[-6,-37]],[[627,386],[-5,-31]],[[336,406],[-119,-31]],[[491,549],[-33,-6]],[[436,596],[33,3]],[[494,507],[-54,-50]],[[358,703],[113,-14]],[[477,423],[-37,34]],[[86,497],[30,80]]],"transform":{"scale":[0.00015848522979384127,0.00013156223897580158],"translate":[124.86458807900011,10.840150607000053]},"objects":{"bgysubmuns-municity-803728000":{"type":"GeometryCollection","geometries":[{"arcs":[[0,1,2,3,4,5]],"type":"Polygon","properties":{"adm1_psgc":800000000,"adm2_psgc":803700000,"adm3_psgc":803728000,"adm4_psgc":803728001,"adm4_en":"Bagacay East","geo_level":"Bgy","len_crs":5880,"area_crs":1336299,"len_km":5,"area_km2":1},"id":803728001},{"arcs":[[6,7,8,9,10,11]],"type":"Polygon","properties":{"adm1_psgc":800000000,"adm2_psgc":803700000,"adm3_psgc":803728000,"adm4_psgc":803728002,"adm4_en":"Bagacay West","geo_level":"Bgy","len_crs":6569,"area_crs":2509873,"len_km":6,"area_km2":2},"id":803728002},{"arcs":[[12,13,14,-8,15,16]],"type":"Polygon","properties":{"adm1_psgc":800000000,"adm2_psgc":803700000,"adm3_psgc":803728000,"adm4_psgc":803728003,"adm4_en":"Bongtod","geo_level":"Bgy","len_crs":7417,"area_crs":2519422,"len_km":7,"area_km2":2},"id":803728003},{"arcs":[[17,18,19,20,21,22]],"type":"Polygon","properties":{"adm1_psgc":800000000,"adm2_psgc":803700000,"adm3_psgc":803728000,"adm4_psgc":803728004,"adm4_en":"Bocawon","geo_level":"Bgy","len_crs":19314,"area_crs":19404454,"len_km":19,"area_km2":19},"id":803728004},{"arcs":[[23,24,25,26]],"type":"Polygon","properties":{"adm1_psgc":800000000,"adm2_psgc":803700000,"adm3_psgc":803728000,"adm4_psgc":803728005,"adm4_en":"Buracan","geo_level":"Bgy","len_crs":6050,"area_crs":2177649,"len_km":6,"area_km2":2},"id":803728005},{"arcs":[[27,28,-19,29,30]],"type":"Polygon","properties":{"adm1_psgc":800000000,"adm2_psgc":803700000,"adm3_psgc":803728000,"adm4_psgc":803728006,"adm4_en":"Caabangan","geo_level":"Bgy","len_crs":8763,"area_crs":4434088,"len_km":8,"area_km2":4},"id":803728006},{"arcs":[[31,32,33,34,-25]],"type":"Polygon","properties":{"adm1_psgc":800000000,"adm2_psgc":803700000,"adm3_psgc":803728000,"adm4_psgc":803728007,"adm4_en":"Cacao","geo_level":"Bgy","len_crs":6614,"area_crs":2558346,"len_km":6,"area_km2":2},"id":803728007},{"arcs":[[35,36,-1,37]],"type":"Polygon","properties":{"adm1_psgc":800000000,"adm2_psgc":803700000,"adm3_psgc":803728000,"adm4_psgc":803728008,"adm4_en":"Cagngaran","geo_level":"Bgy","len_crs":4431,"area_crs":890824,"len_km":4,"area_km2":0},"id":803728008},{"arcs":[[38,-17,39,40]],"type":"Polygon","properties":{"adm1_psgc":800000000,"adm2_psgc":803700000,"adm3_psgc":803728000,"adm4_psgc":803728009,"adm4_en":"Calabnian","geo_level":"Bgy","len_crs":4295,"area_crs":938751,"len_km":4,"area_km2":0},"id":803728009},{"arcs":[[-11,41,42,43,44]],"type":"Polygon","properties":{"adm1_psgc":800000000,"adm2_psgc":803700000,"adm3_psgc":803728000,"adm4_psgc":803728010,"adm4_en":"Calaghusan","geo_level":"Bgy","len_crs":7325,"area_crs":3028096,"len_km":7,"area_km2":3},"id":803728010},{"arcs":[[45,-12,-45,46]],"type":"Polygon","properties":{"adm1_psgc":800000000,"adm2_psgc":803700000,"adm3_psgc":803728000,"adm4_psgc":803728011,"adm4_en":"Caltayan","geo_level":"Bgy","len_crs":7227,"area_crs":2520729,"len_km":7,"area_km2":2},"id":803728011},{"arcs":[[47,48,-38,-6,49]],"type":"Polygon","properties":{"adm1_psgc":800000000,"adm2_psgc":803700000,"adm3_psgc":803728000,"adm4_psgc":803728012,"adm4_en":"Canbañez","geo_level":"Bgy","len_crs":8553,"area_crs":2316323,"len_km":8,"area_km2":2},"id":803728012},{"arcs":[[-26,-35,50,51,-28,52]],"type":"Polygon","properties":{"adm1_psgc":800000000,"adm2_psgc":803700000,"adm3_psgc":803728000,"adm4_psgc":803728013,"adm4_en":"Cogon","geo_level":"Bgy","len_crs":7212,"area_crs":3099185,"len_km":7,"area_km2":3},"id":803728013},{"arcs":[[53,54,-27,55,56]],"type":"Polygon","properties":{"adm1_psgc":800000000,"adm2_psgc":803700000,"adm3_psgc":803728000,"adm4_psgc":803728014,"adm4_en":"Duyog","geo_level":"Bgy","len_crs":5655,"area_crs":1591135,"len_km":5,"area_km2":1},"id":803728014},{"arcs":[[-32,-24,-55,57]],"type":"Polygon","properties":{"adm1_psgc":800000000,"adm2_psgc":803700000,"adm3_psgc":803728000,"adm4_psgc":803728015,"adm4_en":"Gimenarat East","geo_level":"Bgy","len_crs":5654,"area_crs":1438497,"len_km":5,"area_km2":1},"id":803728015},{"arcs":[[-53,-31,58,59,-56]],"type":"Polygon","properties":{"adm1_psgc":800000000,"adm2_psgc":803700000,"adm3_psgc":803728000,"adm4_psgc":803728016,"adm4_en":"Gimenarat West","geo_level":"Bgy","len_crs":6038,"area_crs":1939049,"len_km":6,"area_km2":1},"id":803728016},{"arcs":[[60,-57,61,62,63]],"type":"Polygon","properties":{"adm1_psgc":800000000,"adm2_psgc":803700000,"adm3_psgc":803728000,"adm4_psgc":803728017,"adm4_en":"Limba","geo_level":"Bgy","len_crs":4152,"area_crs":1021708,"len_km":4,"area_km2":1},"id":803728017},{"arcs":[[64,65,-48,66]],"type":"Polygon","properties":{"adm1_psgc":800000000,"adm2_psgc":803700000,"adm3_psgc":803728000,"adm4_psgc":803728018,"adm4_en":"Lubi-lubi","geo_level":"Bgy","len_crs":1682,"area_crs":172866,"len_km":1,"area_km2":0},"id":803728018},{"arcs":[[67,68,-20,-29,-52]],"type":"Polygon","properties":{"adm1_psgc":800000000,"adm2_psgc":803700000,"adm3_psgc":803728000,"adm4_psgc":803728019,"adm4_en":"Luneta","geo_level":"Bgy","len_crs":8865,"area_crs":3640716,"len_km":8,"area_km2":3},"id":803728019},{"arcs":[[-59,-30,-18,69,70]],"type":"Polygon","properties":{"adm1_psgc":800000000,"adm2_psgc":803700000,"adm3_psgc":803728000,"adm4_psgc":803728020,"adm4_en":"Mag-aso","geo_level":"Bgy","len_crs":8639,"area_crs":3727191,"len_km":8,"area_km2":3},"id":803728020},{"arcs":[[-5,71,72,73]],"type":"Polygon","properties":{"adm1_psgc":800000000,"adm2_psgc":803700000,"adm3_psgc":803728000,"adm4_psgc":803728021,"adm4_en":"Moroboro","geo_level":"Bgy","len_crs":6186,"area_crs":2366617,"len_km":6,"area_km2":2},"id":803728021},{"arcs":[[-10,74,-22,75,76,-42]],"type":"Polygon","properties":{"adm1_psgc":800000000,"adm2_psgc":803700000,"adm3_psgc":803728000,"adm4_psgc":803728022,"adm4_en":"Pansud","geo_level":"Bgy","len_crs":12195,"area_crs":7716097,"len_km":12,"area_km2":7},"id":803728022},{"arcs":[[77,-62,-60,-71,78,79]],"type":"Polygon",