{"type":"Topology","arcs":[[[0,280],[26,-48]],[[26,232],[-4,-64]],[[22,168],[5,-116]],[[27,52],[-7,-25]],[[20,27],[-20,253]],[[149,176],[24,-58]],[[173,118],[-39,-30]],[[134,88],[-49,77]],[[85,165],[17,16]],[[102,181],[47,-5]],[[461,283],[29,-197]],[[490,86],[-124,116]],[[366,202],[9,80]],[[375,282],[41,13]],[[416,295],[45,-12]],[[320,326],[55,-44]],[[366,202],[-70,126]],[[296,328],[-3,6]],[[293,334],[9,14]],[[302,348],[18,-22]],[[140,302],[38,-39]],[[178,263],[10,-16]],[[188,247],[-56,-26]],[[132,221],[-70,75]],[[62,296],[78,6]],[[202,277],[-24,-14]],[[140,302],[21,27]],[[161,329],[41,-52]],[[132,221],[17,-45]],[[102,181],[-76,51]],[[0,280],[62,16]],[[85,165],[-63,3]],[[296,328],[-36,-20]],[[260,308],[-45,7]],[[215,315],[-13,40]],[[202,355],[-2,29]],[[200,384],[93,-50]],[[134,88],[-14,-14]],[[120,74],[-93,-22]],[[490,86],[-172,-86]],[[318,0],[-92,106]],[[226,106],[24,39]],[[250,145],[20,47]],[[270,192],[60,-2]],[[330,190],[36,12]],[[416,295],[-20,58]],[[396,353],[73,88]],[[469,441],[-8,-158]],[[215,315],[48,-33]],[[263,282],[67,-92]],[[270,192],[-68,85]],[[161,329],[41,26]],[[263,282],[-3,26]],[[250,145],[-62,102]],[[318,0],[-131,6]],[[187,6],[-67,68]],[[173,118],[53,-12]],[[320,326],[76,27]],[[200,384],[49,42]],[[249,426],[53,-78]],[[249,426],[220,15]],[[187,6],[-167,21]]],"transform":{"scale":[0.00015996673877547395,0.00016535897732434385],"translate":[121.62017827100011,16.901021058000023]},"objects":{"bgysubmuns-municity-203107000":{"type":"GeometryCollection","geometries":[{"arcs":[[0,1,2,3,4]],"type":"Polygon","properties":{"adm1_psgc":200000000,"adm2_psgc":203100000,"adm3_psgc":203107000,"adm4_psgc":203107001,"adm4_en":"Rang-ay","geo_level":"Bgy","len_crs":11653,"area_crs":4323893,"len_km":11,"area_km2":4},"id":203107001},{"arcs":[[5,6,7,8,9]],"type":"Polygon","properties":{"adm1_psgc":200000000,"adm2_psgc":203100000,"adm3_psgc":203107000,"adm4_psgc":203107002,"adm4_en":"Calaocan","geo_level":"Bgy","len_crs":4984,"area_crs":1425160,"len_km":4,"area_km2":1},"id":203107002},{"arcs":[[10,11,12,13,14]],"type":"Polygon","properties":{"adm1_psgc":200000000,"adm2_psgc":203100000,"adm3_psgc":203107000,"adm4_psgc":203107003,"adm4_en":"Canan","geo_level":"Bgy","len_crs":11534,"area_crs":5505839,"len_km":11,"area_km2":5},"id":203107003},{"arcs":[[15,-13,16,17,18,19]],"type":"Polygon","properties":{"adm1_psgc":200000000,"adm2_psgc":203100000,"adm3_psgc":203107000,"adm4_psgc":203107004,"adm4_en":"Centro","geo_level":"Bgy","len_crs":7479,"area_crs":1774765,"len_km":7,"area_km2":1},"id":203107004},{"arcs":[[20,21,22,23,24]],"type":"Polygon","properties":{"adm1_psgc":200000000,"adm2_psgc":203100000,"adm3_psgc":203107000,"adm4_psgc":203107005,"adm4_en":"Culing Centro","geo_level":"Bgy","len_crs":5915,"area_crs":1568438,"len_km":5,"area_km2":1},"id":203107005},{"arcs":[[25,-21,26,27]],"type":"Polygon","properties":{"adm1_psgc":200000000,"adm2_psgc":203100000,"adm3_psgc":203107000,"adm4_psgc":203107006,"adm4_en":"Culing East","geo_level":"Bgy","len_crs":3501,"area_crs":692849,"len_km":3,"area_km2":0},"id":203107006},{"arcs":[[28,-10,29,-1,30,-24]],"type":"Polygon","properties":{"adm1_psgc":200000000,"adm2_psgc":203100000,"adm3_psgc":203107000,"adm4_psgc":203107007,"adm4_en":"Culing West","geo_level":"Bgy","len_crs":7797,"area_crs":2325993,"len_km":7,"area_km2":2},"id":203107007},{"arcs":[[-9,31,-2,-30]],"type":"Polygon","properties":{"adm1_psgc":200000000,"adm2_psgc":203100000,"adm3_psgc":203107000,"adm4_psgc":203107008,"adm4_en":"Del Corpuz","geo_level":"Bgy","len_crs":5225,"area_crs":1728733,"len_km":5,"area_km2":1},"id":203107008},{"arcs":[[-18,32,33,34,35,36]],"type":"Polygon","properties":{"adm1_psgc":200000000,"adm2_psgc":203100000,"adm3_psgc":203107000,"adm4_psgc":203107009,"adm4_en":"Del Pilar","geo_level":"Bgy","len_crs":5126,"area_crs":1213227,"len_km":5,"area_km2":1},"id":203107009},{"arcs":[[-8,37,38,-3,-32]],"type":"Polygon","properties":{"adm1_psgc":200000000,"adm2_psgc":203100000,"adm3_psgc":203107000,"adm4_psgc":203107010,"adm4_en":"Diamantina","geo_level":"Bgy","len_crs":8136,"area_crs":3319588,"len_km":8,"area_km2":3},"id":203107010},{"arcs":[[39,40,41,42,43,44,-12]],"type":"Polygon","properties":{"adm1_psgc":200000000,"adm2_psgc":203100000,"adm3_psgc":203107000,"adm4_psgc":203107011,"adm4_en":"La Paz","geo_level":"Bgy","len_crs":13685,"area_crs":10394620,"len_km":13,"area_km2":10},"id":203107011},{"arcs":[[-15,45,46,47]],"type":"Polygon","properties":{"adm1_psgc":200000000,"adm2_psgc":203100000,"adm3_psgc":203107000,"adm4_psgc":203107012,"adm4_en":"Luzon","geo_level":"Bgy","len_crs":7182,"area_crs":2866779,"len_km":7,"area_km2":2},"id":203107012},{"arcs":[[48,49,-44,50,-28,51,-35]],"type":"Polygon","properties":{"adm1_psgc":200000000,"adm2_psgc":203100000,"adm3_psgc":203107000,"adm4_psgc":203107013,"adm4_en":"Macalaoat","geo_level":"Bgy","len_crs":9384,"area_crs":2615131,"len_km":9,"area_km2":2},"id":203107013},{"arcs":[[-45,-50,52,-33,-17]],"type":"Polygon","properties":{"adm1_psgc":200000000,"adm2_psgc":203100000,"adm3_psgc":203107000,"adm4_psgc":203107014,"adm4_en":"Magdalena","geo_level":"Bgy","len_crs":6734,"area_crs":1954260,"len_km":6,"area_km2":1},"id":203107014},{"arcs":[[-43,53,-22,-26,-51]],"type":"Polygon","properties":{"adm1_psgc":200000000,"adm2_psgc":203100000,"adm3_psgc":203107000,"adm4_psgc":203107015,"adm4_en":"Magsaysay","geo_level":"Bgy","len_crs":6195,"area_crs":1216870,"len_km":6,"area_km2":1},"id":203107015},{"arcs":[[-41,54,55,-38,-7,56]],"type":"Polygon","properties":{"adm1_psgc":200000000,"adm2_psgc":203100000,"adm3_psgc":203107000,"adm4_psgc":203107016,"adm4_en":"Namnama","geo_level":"Bgy","len_crs":10066,"area_crs":5091203,"len_km":10,"area_km2":5},"id":203107016},{"arcs":[[-42,-57,-6,-29,-23,-54]],"type":"Polygon","properties":{"adm1_psgc":200000000,"adm2_psgc":203100000,"adm3_psgc":203107000,"adm4_psgc":203107017,"adm4_en":"Nueva Era","geo_level":"Bgy","len_crs":7490,"area_crs":3122695,"len_km":7,"area_km2":3},"id":203107017},{"arcs":[[-53,-49,-34]],"type":"Polygon","properties":{"adm1_psgc":200000000,"adm2_psgc":203100000,"adm3_psgc":203107000,"adm4_psgc":203107018,"adm4_en":"Paraiso","geo_level":"Bgy","len_crs":3059,"area_crs":471568,"len_km":3,"area_km2":0},"id":203107018},{"arcs":[[-14,-16,57,-46]],"type":"Polygon","properties":{"adm1_psgc":200000000,"adm2_psgc":203100000,"adm3_psgc":203107000,"adm4_psgc":203107019,"adm4_en":"Sampaloc","geo_level":"Bgy","len_crs":4936,"area_crs":1378169,"len_km":4,"area_km2":1},"id":203107019},{"arcs":[[-19,-37,58,59]],"type":"Polygon","properties":{"adm1_psgc":200000000,"adm2_psgc":203100000,"adm3_psgc":203107000,"adm4_psgc":203107020,"adm4_en":"San Andres","geo_level":"Bgy","len_crs":5120,"area_crs":933679,"len_km":5,"area_km2":0},"id":203107020},{"arcs":[[-47,-58,-20,-60,60]],"type":"Polygon","properties":{"adm1_psgc":200000000,"adm2_psgc":203100000,"adm3_psgc":203107000,"adm4_psgc":203107021,"adm4_en":"Saranay","geo_level":"Bgy","len_crs":10746,"area_crs":7123425,"len_km":10,"area_km2":7},"id":203107021},{"arcs":[[-56,61,-4,-39]],"type":"Polygon","properties":{"adm1_psgc":200000000,"adm2_psgc":203100000,"adm3_psgc":203107000,"adm4_psgc":203107022,"adm4_en":"Tandul","geo_level":"Bgy","len_crs":7509,"area_crs":2860435,"len_km":7,"area_km2":2},"id":203107022}]}}}