{"type":"Topology","arcs":[[[222,584],[-53,-43]],[[169,541],[-19,97]],[[150,638],[22,21]],[[172,659],[50,-75]],[[269,512],[-48,-21]],[[221,491],[-31,-2]],[[190,489],[-21,52]],[[222,584],[47,-72]],[[0,860],[210,-139]],[[210,721],[-26,-46]],[[184,675],[-12,-16]],[[150,638],[-72,65]],[[78,703],[-78,157]],[[247,647],[-11,-37]],[[236,610],[-14,-26]],[[184,675],[63,-28]],[[270,748],[16,-12]],[[286,736],[-14,-55]],[[272,681],[-62,40]],[[0,860],[270,-112]],[[491,619],[-35,54]],[[456,673],[-19,56]],[[437,729],[54,-110]],[[334,543],[5,-38]],[[339,505],[-70,7]],[[236,610],[98,-67]],[[272,681],[25,-11]],[[297,670],[-50,-23]],[[415,740],[-61,-89]],[[354,651],[-21,54]],[[333,705],[32,55]],[[365,760],[50,-20]],[[491,619],[-35,-54]],[[456,565],[-47,37]],[[409,602],[47,71]],[[342,420],[-67,-125],[-103,180]],[[172,475],[18,14]],[[221,491],[121,-71]],[[333,705],[-47,31]],[[270,748],[20,50]],[[290,798],[75,-38]],[[0,860],[228,-22],[62,-40]],[[172,475],[-104,177],[10,51]],[[392,555],[26,-26]],[[418,529],[-44,-59]],[[374,470],[-35,35]],[[334,543],[58,12]],[[374,470],[-32,-50]],[[354,651],[55,-49]],[[409,602],[1,-18]],[[410,584],[-7,-12]],[[403,572],[-106,98]],[[434,540],[-16,-11]],[[392,555],[11,17]],[[403,572],[31,-32]],[[454,547],[-20,-7]],[[410,584],[44,-37]],[[456,565],[-2,-18]],[[415,740],[22,-11]]],"transform":{"scale":[0.00022418471690415732,0.00018958556395345176],"translate":[123.16922160300011,9.08469718300006]},"objects":{"bgysubmuns-municity-704609000":{"type":"GeometryCollection","geometries":[{"arcs":[[0,1,2,3]],"type":"Polygon","properties":{"adm1_psgc":700000000,"adm2_psgc":704600000,"adm3_psgc":704609000,"adm4_psgc":704609001,"adm4_en":"Anahawan","geo_level":"Bgy","len_crs":6381,"area_crs":2039033,"len_km":6,"area_km2":2},"id":704609001},{"type":null,"properties":{"adm1_psgc":700000000,"adm2_psgc":704600000,"adm3_psgc":704609000,"adm4_psgc":704609002,"adm4_en":"Apo Island","geo_level":"Bgy","len_crs":4729,"area_crs":711374,"len_km":4,"area_km2":0},"id":704609002},{"arcs":[[4,5,6,-1,7]],"type":"Polygon","properties":{"adm1_psgc":700000000,"adm2_psgc":704600000,"adm3_psgc":704609000,"adm4_psgc":704609003,"adm4_en":"Bagacay","geo_level":"Bgy","len_crs":6736,"area_crs":2844910,"len_km":6,"area_km2":2},"id":704609003},{"arcs":[[8,9,10,-3,11,12]],"type":"Polygon","properties":{"adm1_psgc":700000000,"adm2_psgc":704600000,"adm3_psgc":704609000,"adm4_psgc":704609004,"adm4_en":"Baslay","geo_level":"Bgy","len_crs":18840,"area_crs":11910859,"len_km":18,"area_km2":11},"id":704609004},{"arcs":[[13,14,-4,-11,15]],"type":"Polygon","properties":{"adm1_psgc":700000000,"adm2_psgc":704600000,"adm3_psgc":704609000,"adm4_psgc":704609005,"adm4_en":"Batuhon Dacu","geo_level":"Bgy","len_crs":5715,"area_crs":1979291,"len_km":5,"area_km2":1},"id":704609005},{"arcs":[[16,17,18,-9,19]],"type":"Polygon","properties":{"adm1_psgc":700000000,"adm2_psgc":704600000,"adm3_psgc":704609000,"adm4_psgc":704609006,"adm4_en":"Boloc-boloc","geo_level":"Bgy","len_crs":16479,"area_crs":5261762,"len_km":16,"area_km2":5},"id":704609006},{"arcs":[[20,21,22]],"type":"Polygon","properties":{"adm1_psgc":700000000,"adm2_psgc":704600000,"adm3_psgc":704609000,"adm4_psgc":704609007,"adm4_en":"Bulak","geo_level":"Bgy","len_crs":6851,"area_crs":2366065,"len_km":6,"area_km2":2},"id":704609007},{"arcs":[[23,24,-8,-15,25]],"type":"Polygon","properties":{"adm1_psgc":700000000,"adm2_psgc":704600000,"adm3_psgc":704609000,"adm4_psgc":704609008,"adm4_en":"Bunga","geo_level":"Bgy","len_crs":8223,"area_crs":3561863,"len_km":8,"area_km2":3},"id":704609008},{"arcs":[[26,27,-16,-10,-19]],"type":"Polygon","properties":{"adm1_psgc":700000000,"adm2_psgc":704600000,"adm3_psgc":704609000,"adm4_psgc":704609009,"adm4_en":"Casile","geo_level":"Bgy","len_crs":6724,"area_crs":1803191,"len_km":6,"area_km2":1},"id":704609009},{"arcs":[[28,29,30,31]],"type":"Polygon","properties":{"adm1_psgc":700000000,"adm2_psgc":704600000,"adm3_psgc":704609000,"adm4_psgc":704609010,"adm4_en":"Libjo","geo_level":"Bgy","len_crs":6560,"area_crs":2336756,"len_km":6,"area_km2":2},"id":704609010},{"arcs":[[32,33,34,-21]],"type":"Polygon","properties":{"adm1_psgc":700000000,"adm2_psgc":704600000,"adm3_psgc":704609000,"adm4_psgc":704609011,"adm4_en":"Lipayo","geo_level":"Bgy","len_crs":6190,"area_crs":2218519,"len_km":6,"area_km2":2},"id":704609011},{"arcs":[[35,36,-6,37]],"type":"Polygon","properties":{"adm1_psgc":700000000,"adm2_psgc":704600000,"adm3_psgc":704609000,"adm4_psgc":704609012,"adm4_en":"Maayongtubig","geo_level":"Bgy","len_crs":12695,"area_crs":8783391,"len_km":12,"area_km2":8},"id":704609012},{"arcs":[[-31,38,-17,39,40]],"type":"Polygon","properties":{"adm1_psgc":700000000,"adm2_psgc":704600000,"adm3_psgc":704609000,"adm4_psgc":704609013,"adm4_en":"Mag-aso","geo_level":"Bgy","len_crs":6575,"area_crs":2277363,"len_km":6,"area_km2":2},"id":704609013},{"arcs":[[-40,-20,41]],"type":"Polygon","properties":{"adm1_psgc":700000000,"adm2_psgc":704600000,"adm3_psgc":704609000,"adm4_psgc":704609014,"adm4_en":"Magsaysay","geo_level":"Bgy","len_crs":16747,"area_crs":6939767,"len_km":16,"area_km2":6},"id":704609014},{"arcs":[[-2,-7,-37,42,-12]],"type":"Polygon","properties":{"adm1_psgc":700000000,"adm2_psgc":704600000,"adm3_psgc":704609000,"adm4_psgc":704609015,"adm4_en":"Malongcay Dacu","geo_level":"Bgy","len_crs":11743,"area_crs":5500169,"len_km":11,"area_km2":5},"id":704609015},{"arcs":[[43,44,45,-24,46]],"type":"Polygon","properties":{"adm1_psgc":700000000,"adm2_psgc":704600000,"adm3_psgc":704609000,"adm4_psgc":704609016,"adm4_en":"Masaplod Norte","geo_level":"Bgy","len_crs":7046,"area_crs":2601239,"len_km":7,"area_km2":2},"id":704609016},{"arcs":[[-46,47,-38,-5,-25]],"type":"Polygon","properties":{"adm1_psgc":700000000,"adm2_psgc":704600000,"adm3_psgc":704609000,"adm4_psgc":704609017,"adm4_en":"Masaplod Sur","geo_level":"Bgy","len_crs":9018,"area_crs":4055058,"len_km":9,"area_km2":4},"id":704609017},{"arcs":[[-30,48,49,50,51,-27,-18,-39]],"type":"Polygon","properties":{"adm1_psgc":700000000,"adm2_psgc":704600000,"adm3_psgc":704609000,"adm4_psgc":704609018,"adm4_en":"Panubtuban","geo_level":"Bgy","len_crs":10248,"area_crs":3420762,"len_km":10,"area_km2":3},"id":704609018},{"arcs":[[52,-44,53,54]],"type":"Polygon","properties":{"adm1_psgc":700000000,"adm2_psgc":704600000,"adm3_psgc":704609000,"adm4_psgc":704609019,"adm4_en":"Poblacion I","geo_level":"Bgy","len_crs":2784,"area_crs":440859,"len_km":2,"area_km2":0},"id":704609019},{"arcs":[[55,-55,-51,56]],"type":"Polygon","properties":{"adm1_psgc":700000000,"adm2_psgc":704600000,"adm3_psgc":704609000,"adm4_psgc":704609020,"adm4_en":"Poblacion II","geo_level":"Bgy","len_crs":3264,"area_crs":388783,"len_km":3,"area_km2":0},"id":704609020},{"arcs":[[57,-57,-50,-34]],"type":"Polygon","properties":{"adm1_psgc":700000000,"adm2_psgc":704600000,"adm3_psgc":704609000,"adm4_psgc":704609021,"adm4_en":"Poblacion III","geo_level":"Bgy","len_crs":3467,"area_crs":414562,"len_km":3,"area_km2":0},"id":704609021},{"arcs":[[-22,-35,-49,-29,58]],"type":"Polygon","properties":{"adm1_psgc":700000000,"adm2_psgc":704600000,"adm3_psgc":704609000,"adm4_psgc":704609022,"adm4_en":"Tugawe","geo_level":"Bgy","len_crs":7994,"area_crs":3775217,"len_km":7,"area_km2":3},"id":704609022},{"arcs":[[-54,-47,-26,-14,-28,-52]],"type":"Polygon","properties":{"adm1_psgc":700000000,"adm2_psgc":704600000,"adm3_psgc":704609000,"adm4_psgc":704609023,"adm4_en":"Tunga-tunga","geo_level":"Bgy","len_crs":11063,"area_crs":5082709,"len_km":11,"area_km2":5},"id":704609023}]}}}