{"type":"Topology","arcs":[[[265,504],[15,-49]],[[280,455],[-8,0]],[[272,455],[-163,-9]],[[109,446],[-13,18]],[[96,464],[131,167]],[[227,631],[38,-127]],[[395,400],[-2,-18]],[[393,382],[-6,-52]],[[387,330],[-27,6]],[[360,336],[-22,61]],[[338,397],[8,8]],[[346,405],[49,-5]],[[311,329],[2,-47]],[[313,282],[-69,32]],[[244,314],[10,34]],[[254,348],[57,-19]],[[343,571],[-23,-82]],[[320,489],[-55,15]],[[227,631],[116,-60]],[[426,276],[20,-110]],[[446,166],[-95,64]],[[351,230],[5,51]],[[356,281],[70,-5]],[[360,336],[-1,-13]],[[359,323],[-48,6]],[[254,348],[16,55]],[[270,403],[68,-6]],[[313,282],[38,-52]],[[351,230],[-27,-4]],[[324,226],[-103,53]],[[221,279],[-10,54]],[[211,333],[33,-19]],[[115,256],[64,-140]],[[179,116],[-20,-116]],[[159,0],[-159,390]],[[0,390],[115,-134]],[[439,372],[20,-45]],[[459,327],[-72,3]],[[393,382],[46,-10]],[[359,323],[-3,-42]],[[410,577],[-19,-103]],[[391,474],[-37,-5]],[[354,469],[-34,20]],[[343,571],[67,6]],[[445,145],[28,-25]],[[473,120],[-114,-49]],[[359,71],[-58,89]],[[301,160],[144,-15]],[[354,469],[0,-13]],[[354,456],[-74,-1]],[[438,423],[1,-51]],[[395,400],[1,24]],[[396,424],[42,-1]],[[396,424],[-43,-3]],[[353,421],[1,35]],[[391,474],[5,-50]],[[211,333],[-102,113]],[[272,455],[-2,-52]],[[179,116],[180,-45]],[[473,120],[-79,-95],[-235,-25]],[[346,405],[7,16]],[[410,577],[28,-154]],[[446,166],[-1,-21]],[[301,160],[23,66]],[[459,327],[-33,-51]],[[221,279],[-106,-23]],[[0,390],[96,74]]],"transform":{"scale":[0.00015433589429175896,0.00012549315055465057],"translate":[124.01457953100011,7.763373623000064]},"objects":{"bgysubmuns-municity-1903623000":{"type":"GeometryCollection","geometries":[{"arcs":[[0,1,2,3,4,5]],"type":"Polygon","properties":{"adm1_psgc":1900000000,"adm2_psgc":1903600000,"adm3_psgc":1903623000,"adm4_psgc":1903623001,"adm4_en":"Badak","geo_level":"Bgy","len_crs":10435,"area_crs":6963187,"len_km":10,"area_km2":6},"id":1903623001},{"arcs":[[6,7,8,9,10,11]],"type":"Polygon","properties":{"adm1_psgc":1900000000,"adm2_psgc":1903600000,"adm3_psgc":1903623000,"adm4_psgc":1903623002,"adm4_en":"Bantayan","geo_level":"Bgy","len_crs":3585,"area_crs":740496,"len_km":3,"area_km2":0},"id":1903623002},{"arcs":[[12,13,14,15]],"type":"Polygon","properties":{"adm1_psgc":1900000000,"adm2_psgc":1903600000,"adm3_psgc":1903623000,"adm4_psgc":1903623003,"adm4_en":"Basagad","geo_level":"Bgy","len_crs":3425,"area_crs":611310,"len_km":3,"area_km2":0},"id":1903623003},{"arcs":[[16,17,-6,18]],"type":"Polygon","properties":{"adm1_psgc":1900000000,"adm2_psgc":1903600000,"adm3_psgc":1903623000,"adm4_psgc":1903623005,"adm4_en":"Bolinsong","geo_level":"Bgy","len_crs":6212,"area_crs":1914107,"len_km":6,"area_km2":1},"id":1903623005},{"arcs":[[19,20,21,22]],"type":"Polygon","properties":{"adm1_psgc":1900000000,"adm2_psgc":1903600000,"adm3_psgc":1903623000,"adm4_psgc":1903623006,"adm4_en":"Boring","geo_level":"Bgy","len_crs":5937,"area_crs":1300651,"len_km":5,"area_km2":1},"id":1903623006},{"arcs":[[-10,23,24,-16,25,26]],"type":"Polygon","properties":{"adm1_psgc":1900000000,"adm2_psgc":1903600000,"adm3_psgc":1903623000,"adm4_psgc":1903623008,"adm4_en":"Bualan","geo_level":"Bgy","len_crs":5090,"area_crs":1382609,"len_km":5,"area_km2":1},"id":1903623008},{"arcs":[[-14,27,28,29,30,31]],"type":"Polygon","properties":{"adm1_psgc":1900000000,"adm2_psgc":1903600000,"adm3_psgc":1903623000,"adm4_psgc":1903623012,"adm4_en":"Danugan","geo_level":"Bgy","len_crs":6458,"area_crs":813362,"len_km":6,"area_km2":0},"id":1903623012},{"arcs":[[32,33,34,35]],"type":"Polygon","properties":{"adm1_psgc":1900000000,"adm2_psgc":1903600000,"adm3_psgc":1903623000,"adm4_psgc":1903623013,"adm4_en":"Dapao","geo_level":"Bgy","len_crs":18780,"area_crs":19389976,"len_km":18,"area_km2":19},"id":1903623013},{"arcs":[[36,37,-8,38]],"type":"Polygon","properties":{"adm1_psgc":1900000000,"adm2_psgc":1903600000,"adm3_psgc":1903623000,"adm4_psgc":1903623014,"adm4_en":"Diamla","geo_level":"Bgy","len_crs":3888,"area_crs":814849,"len_km":3,"area_km2":0},"id":1903623014},{"arcs":[[39,-22,-28,-13,-25]],"type":"Polygon","properties":{"adm1_psgc":1900000000,"adm2_psgc":1903600000,"adm3_psgc":1903623000,"adm4_psgc":1903623015,"adm4_en":"Gadongan","geo_level":"Bgy","len_crs":3767,"area_crs":750370,"len_km":3,"area_km2":0},"id":1903623015},{"arcs":[[40,41,42,-17,43]],"type":"Polygon","properties":{"adm1_psgc":1900000000,"adm2_psgc":1903600000,"adm3_psgc":1903623000,"adm4_psgc":1903623018,"adm4_en":"Ingud","geo_level":"Bgy","len_crs":5086,"area_crs":1668363,"len_km":5,"area_km2":1},"id":1903623018},{"arcs":[[44,45,46,47]],"type":"Polygon","properties":{"adm1_psgc":1900000000,"adm2_psgc":1903600000,"adm3_psgc":1903623000,"adm4_psgc":1903623022,"adm4_en":"Linuk","geo_level":"Bgy","len_crs":7152,"area_crs":1818582,"len_km":7,"area_km2":1},"id":1903623022},{"arcs":[[-43,48,49,-1,-18]],"type":"Polygon","properties":{"adm1_psgc":1900000000,"adm2_psgc":1903600000,"adm3_psgc":1903623000,"adm4_psgc":1903623023,"adm4_en":"Lumbac","geo_level":"Bgy","len_crs":3752,"area_crs":632048,"len_km":3,"area_km2":0},"id":1903623023},{"arcs":[[50,-39,-7,51,52]],"type":"Polygon","properties":{"adm1_psgc":1900000000,"adm2_psgc":1903600000,"adm3_psgc":1903623000,"adm4_psgc":1903623024,"adm4_en":"Maligo","geo_level":"Bgy","len_crs":2801,"area_crs":482840,"len_km":2,"area_km2":0},"id":1903623024},{"arcs":[[53,54,-49,-42,55]],"type":"Polygon","properties":{"adm1_psgc":1900000000,"adm2_psgc":1903600000,"adm3_psgc":1903623000,"adm4_psgc":1903623025,"adm4_en":"Masao","geo_level":"Bgy","len_crs":2752,"area_crs":468717,"len_km":2,"area_km2":0},"id":1903623025},{"arcs":[[-26,-15,-32,56,-3,57]],"type":"Polygon","properties":{"adm1_psgc":1900000000,"adm2_psgc":1903600000,"adm3_psgc":1903623000,"adm4_psgc":1903623026,"adm4_en":"Notong","geo_level":"Bgy","len_crs":7840,"area_crs":3344677,"len_km":7,"area_km2":3},"id":1903623026},{"arcs":[[-34,58,-46,59]],"type":"Polygon","properties":{"adm1_psgc":1900000000,"adm2_psgc":1903600000,"adm3_psgc":1903623000,"adm4_psgc":1903623030,"adm4_en":"Porug","geo_level":"Bgy","len_crs":14588,"area_crs":3909297,"len_km":14,"area_km2":3},"id":1903623030},{"arcs":[[-12,60,-54,-52]],"type":"Polygon","properties":{"adm1_psgc":1900000000,"adm2_psgc":1903600000,"adm3_psgc":1903623000,"adm4_psgc":1903623031,"adm4_en":"Romagondong","geo_level":"Bgy","len_crs":2151,"area_crs":230200,"len_km":2,"area_km2":0},"id":1903623031},{"arcs":[[-53,-56,-41,61]],"type":"Polygon","properties":{"adm1_psgc":1900000000,"adm2_psgc":1903600000,"adm3_psgc":1903623000,"adm4_psgc":1903623033,"adm4_en":"Tambo","geo_level":"Bgy","len_crs":5480,"area_crs":1137185,"len_km":5,"area_km2":1},"id":1903623033},{"arcs":[[-61,-11,-27,-58,-2,-50,-55]],"type":"Polygon","properties":{"adm1_psgc":1900000000,"adm2_psgc":1903600000,"adm3_psgc":1903623000,"adm4_psgc":1903623034,"adm4_en":"Tamlang","geo_level":"Bgy","len_crs":4197,"area_crs":1065654,"len_km":4,"area_km2":1},"id":1903623034},{"arcs":[[62,-48,63,-29,-21]],"type":"Polygon","properties":{"adm1_psgc":1900000000,"adm2_psgc":1903600000,"adm3_psgc":1903623000,"adm4_psgc":1903623035,"adm4_en":"Tuka","geo_level":"Bgy","len_crs":6477,"area_crs":1820885,"len_km":6,"area_km2":1},"id":1903623035},{"arcs":[[-38,64,-23,-40,-24,-9]],"type":"Polygon","properties":{"adm1_psgc":1900000000,"adm2_psgc":1903600000,"adm3_psgc":1903623000,"adm4_psgc":1903623036,"adm4_en":"Tomarompong","geo_level":"Bgy","len_crs":4778,"area_crs":1207756,"len_km":4,"area_km2":1},"id":1903623036},{"arcs":[[-57,-31,65,-36,66,-4]],"type":"Polygon","properties":{"adm1_psgc":1900000000,"adm2_psgc":1903600000,"adm3_psgc":1903623000,"adm4_psgc":1903623037,"adm4_en":"Yaran","geo_level":"Bgy","len_crs":11214,"area_crs":4394166,"len_km":11,"area_km2":4},"id":1903623037}]}}}