{"type":"Topology","arcs":[[[694,334],[-55,-57]],[[639,277],[-27,-18]],[[612,259],[-87,-14]],[[525,245],[-22,31]],[[503,276],[30,32]],[[533,308],[85,98]],[[618,406],[76,-72]],[[743,173],[1,-45],[-68,-21]],[[676,107],[-28,54],[6,83]],[[654,244],[89,-71]],[[544,111],[-35,28]],[[509,139],[-26,22]],[[483,161],[24,53]],[[507,214],[18,31]],[[612,259],[-10,-58],[-58,-90]],[[459,156],[-66,-37]],[[393,119],[-16,40]],[[377,159],[26,16]],[[403,175],[17,15]],[[420,190],[39,-34]],[[507,214],[-87,-24]],[[403,175],[-5,42]],[[398,217],[15,52]],[[413,269],[30,43]],[[443,312],[60,-36]],[[314,240],[-12,-54]],[[302,186],[-32,-16]],[[270,170],[-101,134]],[[169,304],[28,26]],[[197,330],[117,-90]],[[654,244],[111,25]],[[765,269],[16,-54],[-38,-42]],[[639,277],[15,-33]],[[676,107],[-102,-24]],[[574,83],[-30,28]],[[519,469],[-21,-17]],[[498,452],[-70,-78]],[[428,374],[-60,114]],[[368,488],[125,96],[26,-115]],[[350,178],[-48,8]],[[314,240],[61,-27]],[[375,213],[-25,-35]],[[229,154],[-86,-20]],[[143,134],[-72,88]],[[71,222],[45,46]],[[116,268],[113,-114]],[[398,217],[-23,-4]],[[197,330],[130,120]],[[327,450],[86,-181]],[[270,170],[-41,-16]],[[116,268],[53,36]],[[574,83],[10,-43],[-89,-40],[-57,75]],[[438,75],[71,64]],[[428,374],[15,-62]],[[327,450],[41,38]],[[377,159],[-27,19]],[[483,161],[-24,-5]],[[143,134],[-123,5],[-20,29],[71,54]],[[498,452],[-6,-104],[41,-40]],[[438,75],[-45,44]],[[519,469],[99,-63]],[[694,334],[71,-65]]],"transform":{"scale":[0.00014992539948783037,0.0001448000976027597],"translate":[123.78755851700011,9.714965519000033]},"objects":{"bgysubmuns-municity-701232000":{"type":"GeometryCollection","geometries":[{"arcs":[[0,1,2,3,4,5,6]],"type":"Polygon","properties":{"adm1_psgc":700000000,"adm2_psgc":701200000,"adm3_psgc":701232000,"adm4_psgc":701232001,"adm4_en":"San Roque","geo_level":"Bgy","len_crs":8616,"area_crs":3951960,"len_km":8,"area_km2":3},"id":701232001},{"arcs":[[7,8,9]],"type":"Polygon","properties":{"adm1_psgc":700000000,"adm2_psgc":701200000,"adm3_psgc":701232000,"adm4_psgc":701232002,"adm4_en":"Agahay","geo_level":"Bgy","len_crs":6510,"area_crs":2187911,"len_km":6,"area_km2":2},"id":701232002},{"arcs":[[10,11,12,13,-3,14]],"type":"Polygon","properties":{"adm1_psgc":700000000,"adm2_psgc":701200000,"adm3_psgc":701232000,"adm4_psgc":701232003,"adm4_en":"Aliguay","geo_level":"Bgy","len_crs":7060,"area_crs":2694467,"len_km":7,"area_km2":2},"id":701232003},{"arcs":[[15,16,17,18,19]],"type":"Polygon","properties":{"adm1_psgc":700000000,"adm2_psgc":701200000,"adm3_psgc":701232000,"adm4_psgc":701232004,"adm4_en":"Anislag","geo_level":"Bgy","len_crs":5257,"area_crs":788667,"len_km":5,"area_km2":0},"id":701232004},{"arcs":[[-4,-14,20,-19,21,22,23,24]],"type":"Polygon","properties":{"adm1_psgc":700000000,"adm2_psgc":701200000,"adm3_psgc":701232000,"adm4_psgc":701232005,"adm4_en":"Bayacabac","geo_level":"Bgy","len_crs":7508,"area_crs":2750425,"len_km":7,"area_km2":2},"id":701232005},{"arcs":[[25,26,27,28,29]],"type":"Polygon","properties":{"adm1_psgc":700000000,"adm2_psgc":701200000,"adm3_psgc":701232000,"adm4_psgc":701232006,"adm4_en":"Bood","geo_level":"Bgy","len_crs":7815,"area_crs":2611269,"len_km":7,"area_km2":2},"id":701232006},{"arcs":[[-10,30,31]],"type":"Polygon","properties":{"adm1_psgc":700000000,"adm2_psgc":701200000,"adm3_psgc":701232000,"adm4_psgc":701232007,"adm4_en":"Busao","geo_level":"Bgy","len_crs":6779,"area_crs":1719358,"len_km":6,"area_km2":1},"id":701232007},{"arcs":[[32,-9,33,34,-15,-2]],"type":"Polygon","properties":{"adm1_psgc":700000000,"adm2_psgc":701200000,"adm3_psgc":701232000,"adm4_psgc":701232008,"adm4_en":"Cabawan","geo_level":"Bgy","len_crs":9928,"area_crs":3401585,"len_km":9,"area_km2":3},"id":701232008},{"arcs":[[35,36,37,38]],"type":"Polygon","properties":{"adm1_psgc":700000000,"adm2_psgc":701200000,"adm3_psgc":701232000,"adm4_psgc":701232009,"adm4_en":"Candavid","geo_level":"Bgy","len_crs":8727,"area_crs":4041765,"len_km":8,"area_km2":4},"id":701232009},{"arcs":[[39,-26,40,41]],"type":"Polygon","properties":{"adm1_psgc":700000000,"adm2_psgc":701200000,"adm3_psgc":701232000,"adm4_psgc":701232010,"adm4_en":"Dipatlong","geo_level":"Bgy","len_crs":5412,"area_crs":1052379,"len_km":5,"area_km2":1},"id":701232010},{"arcs":[[42,43,44,45]],"type":"Polygon","properties":{"adm1_psgc":700000000,"adm2_psgc":701200000,"adm3_psgc":701232000,"adm4_psgc":701232011,"adm4_en":"Guiwanon","geo_level":"Bgy","len_crs":7769,"area_crs":2461338,"len_km":7,"area_km2":2},"id":701232011},{"arcs":[[-23,46,-41,-30,47,48]],"type":"Polygon","properties":{"adm1_psgc":700000000,"adm2_psgc":701200000,"adm3_psgc":701232000,"adm4_psgc":701232012,"adm4_en":"Jandig","geo_level":"Bgy","len_crs":11500,"area_crs":6594950,"len_km":11,"area_km2":6},"id":701232012},{"arcs":[[49,-46,50,-28]],"type":"Polygon","properties":{"adm1_psgc":700000000,"adm2_psgc":701200000,"adm3_psgc":701232000,"adm4_psgc":701232013,"adm4_en":"Lagtangon","geo_level":"Bgy","len_crs":7610,"area_crs":2259900,"len_km":7,"area_km2":2},"id":701232013},{"arcs":[[-35,51,52,-11]],"type":"Polygon","properties":{"adm1_psgc":700000000,"adm2_psgc":701200000,"adm3_psgc":701232000,"adm4_psgc":701232014,"adm4_en":"Lincod","geo_level":"Bgy","len_crs":12309,"area_crs":3794459,"len_km":12,"area_km2":3},"id":701232014},{"arcs":[[53,-24,-49,54,-38]],"type":"Polygon","properties":{"adm1_psgc":700000000,"adm2_psgc":701200000,"adm3_psgc":701232000,"adm4_psgc":701232015,"adm4_en":"Pagnitoan","geo_level":"Bgy","len_crs":8103,"area_crs":2961872,"len_km":8,"area_km2":2},"id":701232015},{"arcs":[[-18,55,-42,-47,-22]],"type":"Polygon","properties":{"adm1_psgc":700000000,"adm2_psgc":701200000,"adm3_psgc":701232000,"adm4_psgc":701232016,"adm4_en":"Poblacion","geo_level":"Bgy","len_crs":5657,"area_crs":542285,"len_km":5,"area_km2":0},"id":701232016},{"arcs":[[-13,56,-20,-21]],"type":"Polygon","properties":{"adm1_psgc":700000000,"adm2_psgc":701200000,"adm3_psgc":701232000,"adm4_psgc":701232017,"adm4_en":"Punsod","geo_level":"Bgy","len_crs":3864,"area_crs":969543,"len_km":3,"area_km2":0},"id":701232017},{"arcs":[[57,-44]],"type":"Polygon","properties":{"adm1_psgc":700000000,"adm2_psgc":701200000,"adm3_psgc":701232000,"adm4_psgc":701232018,"adm4_en":"Punta Cruz","geo_level":"Bgy","len_crs":6487,"area_crs":2060919,"len_km":6,"area_km2":2},"id":701232018},{"arcs":[[-5,-25,-54,-37,58]],"type":"Polygon","properties":{"adm1_psgc":700000000,"adm2_psgc":701200000,"adm3_psgc":701232000,"adm4_psgc":701232019,"adm4_en":"San Isidro","geo_level":"Bgy","len_crs":7417,"area_crs":1995328,"len_km":7,"area_km2":1},"id":701232019},{"arcs":[[-53,59,-16,-57,-12]],"type":"Polygon","properties":{"adm1_psgc":700000000,"adm2_psgc":701200000,"adm3_psgc":701232000,"adm4_psgc":701232020,"adm4_en":"San Vicente","geo_level":"Bgy","len_crs":5636,"area_crs":1323080,"len_km":5,"area_km2":1},"id":701232020},{"arcs":[[-6,-59,-36,60]],"type":"Polygon","properties":{"adm1_psgc":700000000,"adm2_psgc":701200000,"adm3_psgc":701232000,"adm4_psgc":701232021,"adm4_en":"Tinibgan","geo_level":"Bgy","len_crs":7098,"area_crs":3213387,"len_km":7,"area_km2":3},"id":701232021},{"arcs":[[-31,-33,-1,61]],"type":"Polygon","properties":{"adm1_psgc":700000000,"adm2_psgc":701200000,"adm3_psgc":701232000,"adm4_psgc":701232022,"adm4_en":"Toril","geo_level":"Bgy","len_crs":5680,"area_crs":1770215,"len_km":5,"area_km2":1},"id":701232022}]}}}