{"type":"Topology","arcs":[[[544,283],[12,-33]],[[556,250],[21,-32]],[[577,218],[-69,-66]],[[508,152],[3,90]],[[511,242],[5,55]],[[516,297],[28,-14]],[[330,434],[-58,-107]],[[272,327],[-30,-67]],[[242,260],[-242,-18]],[[0,242],[62,144],[176,83]],[[238,469],[92,-35]],[[659,398],[-103,-148]],[[544,283],[33,43]],[[577,326],[20,38]],[[597,364],[24,25]],[[621,389],[12,11]],[[633,400],[18,14]],[[651,414],[8,-16]],[[601,471],[-17,-55]],[[584,416],[-32,-36]],[[552,380],[-21,76]],[[531,456],[-5,19]],[[526,475],[46,35]],[[572,510],[29,-39]],[[659,398],[-82,-180]],[[633,400],[-32,71]],[[601,471],[23,56]],[[624,527],[27,-113]],[[388,270],[-63,-98]],[[325,172],[-138,-14]],[[187,158],[55,102]],[[272,327],[149,16]],[[421,343],[-33,-73]],[[552,559],[-48,-29]],[[504,530],[-14,53]],[[490,583],[47,16]],[[537,599],[15,-40]],[[526,475],[-25,23]],[[501,498],[-17,21]],[[484,519],[20,11]],[[552,559],[20,-49]],[[445,110],[-58,-53]],[[387,57],[1,11]],[[388,68],[41,68]],[[429,136],[16,-26]],[[455,287],[-20,-92]],[[435,195],[-24,-32]],[[411,163],[-23,107]],[[388,270],[67,17]],[[508,152],[-63,-42]],[[429,136],[-18,27]],[[435,195],[76,47]],[[537,599],[87,-72]],[[455,287],[50,41]],[[505,328],[11,-31]],[[552,380],[-46,-4]],[[506,376],[-21,34]],[[485,410],[46,46]],[[421,343],[84,-15]],[[506,376],[-1,-48]],[[330,434],[176,-58]],[[388,68],[-63,104]],[[577,326],[-25,54]],[[552,380],[33,4]],[[585,384],[12,-20]],[[621,389],[-35,20]],[[586,409],[-2,7]],[[585,384],[1,25]],[[187,158],[-19,-34]],[[168,124],[-168,118]],[[484,519],[-52,53]],[[432,572],[58,11]],[[387,57],[-49,-57],[-170,124]],[[442,460],[43,-50]],[[238,469],[83,40]],[[321,509],[121,-49]],[[501,498],[-59,-38]],[[321,509],[111,63]]],"transform":{"scale":[0.00023217887253407528,0.00016385252921535142],"translate":[123.56798881000009,13.332171341000048]},"objects":{"bgysubmuns-municity-500510000":{"type":"GeometryCollection","geometries":[{"arcs":[[0,1,2,3,4,5]],"type":"Polygon","properties":{"adm1_psgc":500000000,"adm2_psgc":500500000,"adm3_psgc":500510000,"adm4_psgc":500510001,"adm4_en":"Awang","geo_level":"Bgy","len_crs":7251,"area_crs":2584442,"len_km":7,"area_km2":2},"id":500510001},{"arcs":[[6,7,8,9,10]],"type":"Polygon","properties":{"adm1_psgc":500000000,"adm2_psgc":500500000,"adm3_psgc":500510000,"adm4_psgc":500510002,"adm4_en":"Bagatangki","geo_level":"Bgy","len_crs":20380,"area_crs":19740536,"len_km":20,"area_km2":19},"id":500510002},{"arcs":[[11,-1,12,13,14,15,16,17]],"type":"Polygon","properties":{"adm1_psgc":500000000,"adm2_psgc":500500000,"adm3_psgc":500510000,"adm4_psgc":500510003,"adm4_en":"Balading","geo_level":"Bgy","len_crs":8489,"area_crs":2176789,"len_km":8,"area_km2":2},"id":500510003},{"arcs":[[18,19,20,21,22,23]],"type":"Polygon","properties":{"adm1_psgc":500000000,"adm2_psgc":500500000,"adm3_psgc":500510000,"adm4_psgc":500510004,"adm4_en":"Balza","geo_level":"Bgy","len_crs":6452,"area_crs":2644291,"len_km":6,"area_km2":2},"id":500510004},{"arcs":[[-2,-12,24]],"type":"Polygon","properties":{"adm1_psgc":500000000,"adm2_psgc":500500000,"adm3_psgc":500510000,"adm4_psgc":500510005,"adm4_en":"Bariw","geo_level":"Bgy","len_crs":9591,"area_crs":4124843,"len_km":9,"area_km2":4},"id":500510005},{"arcs":[[-17,25,26,27]],"type":"Polygon","properties":{"adm1_psgc":500000000,"adm2_psgc":500500000,"adm3_psgc":500510000,"adm4_psgc":500510006,"adm4_en":"Baybay","geo_level":"Bgy","len_crs":5569,"area_crs":1081799,"len_km":5,"area_km2":1},"id":500510006},{"arcs":[[28,29,30,-8,31,32]],"type":"Polygon","properties":{"adm1_psgc":500000000,"adm2_psgc":500500000,"adm3_psgc":500510000,"adm4_psgc":500510007,"adm4_en":"Bulang","geo_level":"Bgy","len_crs":15256,"area_crs":12102084,"len_km":15,"area_km2":12},"id":500510007},{"arcs":[[33,34,35,36]],"type":"Polygon","properties":{"adm1_psgc":500000000,"adm2_psgc":500500000,"adm3_psgc":500510000,"adm4_psgc":500510008,"adm4_en":"Burabod","geo_level":"Bgy","len_crs":4378,"area_crs":1104254,"len_km":4,"area_km2":1},"id":500510008},{"arcs":[[-23,37,38,39,-34,40]],"type":"Polygon","properties":{"adm1_psgc":500000000,"adm2_psgc":500500000,"adm3_psgc":500510000,"adm4_psgc":500510009,"adm4_en":"Cabunturan","geo_level":"Bgy","len_crs":5489,"area_crs":1772024,"len_km":5,"area_km2":1},"id":500510009},{"arcs":[[41,42,43,44]],"type":"Polygon","properties":{"adm1_psgc":500000000,"adm2_psgc":500500000,"adm3_psgc":500510000,"adm4_psgc":500510010,"adm4_en":"Comun","geo_level":"Bgy","len_crs":4542,"area_crs":971413,"len_km":4,"area_km2":0},"id":500510010},{"arcs":[[45,46,47,48]],"type":"Polygon","properties":{"adm1_psgc":500000000,"adm2_psgc":500500000,"adm3_psgc":500510000,"adm4_psgc":500510011,"adm4_en":"Diaro","geo_level":"Bgy","len_crs":7086,"area_crs":2779983,"len_km":7,"area_km2":2},"id":500510011},{"arcs":[[49,-45,50,-47,51,-4]],"type":"Polygon","properties":{"adm1_psgc":500000000,"adm2_psgc":500500000,"adm3_psgc":500510000,"adm4_psgc":500510012,"adm4_en":"Estancia","geo_level":"Bgy","len_crs":8199,"area_crs":3114781,"len_km":8,"area_km2":3},"id":500510012},{"arcs":[[-27,-24,-41,-37,52]],"type":"Polygon","properties":{"adm1_psgc":500000000,"adm2_psgc":500500000,"adm3_psgc":500510000,"adm4_psgc":500510013,"adm4_en":"Jonop","geo_level":"Bgy","len_crs":7272,"area_crs":2748326,"len_km":7,"area_km2":2},"id":500510013},{"arcs":[[-5,-52,-46,53,54]],"type":"Polygon","properties":{"adm1_psgc":500000000,"adm2_psgc":500500000,"adm3_psgc":500510000,"adm4_psgc":500510014,"adm4_en":"Labnig","geo_level":"Bgy","len_crs":7765,"area_crs":2497574,"len_km":7,"area_km2":2},"id":500510014},{"arcs":[[55,56,57,-21]],"type":"Polygon","properties":{"adm1_psgc":500000000,"adm2_psgc":500500000,"adm3_psgc":500510000,"adm4_psgc":500510015,"adm4_en":"Libod","geo_level":"Bgy","len_crs":5103,"area_crs":1145928,"len_km":5,"area_km2":1},"id":500510015},{"arcs":[[-54,-49,-33,58]],"type":"Polygon","properties":{"adm1_psgc":500000000,"adm2_psgc":500500000,"adm3_psgc":500510000,"adm4_psgc":500510016,"adm4_en":"Malolos","geo_level":"Bgy","len_crs":7154,"area_crs":1930531,"len_km":7,"area_km2":1},"id":500510016},{"arcs":[[59,-59,-32,-7,60]],"type":"Polygon","properties":{"adm1_psgc":500000000,"adm2_psgc":500500000,"adm3_psgc":500510000,"adm4_psgc":500510017,"adm4_en":"Matalipni","geo_level":"Bgy","len_crs":14103,"area_crs":6991792,"len_km":14,"area_km2":6},"id":500510017},{"arcs":[[-51,-44,61,-29,-48]],"type":"Polygon","properties":{"adm1_psgc":500000000,"adm2_psgc":500500000,"adm3_psgc":500510000,"adm4_psgc":500510018,"adm4_en":"Ogob","geo_level":"Bgy","len_crs":9310,"area_crs":4098117,"len_km":9,"area_km2":4},"id":500510018},{"arcs":[[-14,62,63,64]],"type":"Polygon","properties":{"adm1_psgc":500000000,"adm2_psgc":500500000,"adm3_psgc":500510000,"adm4_psgc":500510019,"adm4_en":"Pawa","geo_level":"Bgy","len_crs":3411,"area_crs":668629,"len_km":3,"area_km2":0},"id":500510019},{"arcs":[[-16,65,66,-19,-26]],"type":"Polygon","properties":{"adm1_psgc":500000000,"adm2_psgc":500500000,"adm3_psgc":500510000,"adm4_psgc":500510020,"adm4_en":"Payahan","geo_level":"Bgy","len_crs":4231,"area_crs":805569,"len_km":4,"area_km2":0},"id":500510020},{"arcs":[[-15,-65,67,-66]],"type":"Polygon","properties":{"adm1_psgc":500000000,"adm2_psgc":500500000,"adm3_psgc":500510000,"adm4_psgc":500510021,"adm4_en":"Poblacion","geo_level":"Bgy","len_crs":2639,"area_crs":373071,"len_km":2,"area_km2":0},"id":500510021},{"arcs":[[-68,-64,-20,-67]],"type":"Polygon","properties":{"adm1_psgc":500000000,"adm2_psgc":500500000,"adm3_psgc":500510000,"adm4_psgc":500510022,"adm4_en":"Bagumbayan","geo_level":"Bgy","len_crs":2474,"area_crs":243783,"len_km":2,"area_km2":0},"id":500510022},{"arcs":[[68,69,-9,-31]],"type":"Polygon","properties":{"adm1_psgc":500000000,"adm2_psgc":500500000,"adm3_psgc":500510000,"adm4_psgc":500510023,"adm4_en":"Quinarabasahan","geo_level":"Bgy","len_crs":15051,"area_crs":9680816,"len_km":15,"area_km2":9},"id":500510023},{"arcs":[[-40,70,71,-35]],"type":"Polygon","properties":{"adm1_psgc":500000000,"adm2_psgc":500500000,"adm3_psgc":500510000,