{"type":"Topology","arcs":[[[331,129],[-44,42]],[[287,171],[45,31]],[[332,202],[42,32]],[[374,234],[37,10]],[[411,244],[28,6]],[[439,250],[-108,-121]],[[224,363],[-37,71]],[[187,434],[159,107]],[[346,541],[-122,-178]],[[374,234],[-19,26]],[[355,260],[-49,51]],[[306,311],[-3,35]],[[303,346],[46,17]],[[349,363],[62,-119]],[[251,175],[36,-4]],[[287,171],[-99,-83]],[[188,88],[-73,61]],[[115,149],[49,37]],[[164,186],[53,16]],[[217,202],[34,-27]],[[224,363],[20,-46]],[[244,317],[-38,-22]],[[206,295],[-95,2]],[[111,297],[41,75]],[[152,372],[72,-9]],[[293,238],[39,-36]],[[251,175],[-16,64]],[[235,239],[38,11]],[[273,250],[20,-12]],[[331,129],[-68,-118]],[[263,11],[-162,-11]],[[101,0],[87,88]],[[361,432],[-12,-69]],[[303,346],[-55,-28]],[[248,318],[-4,-1]],[[346,541],[15,-109]],[[306,311],[-10,-38]],[[296,273],[-21,-4]],[[275,269],[-42,11]],[[233,280],[15,38]],[[439,250],[-176,-239]],[[217,202],[18,37]],[[233,280],[8,-27]],[[241,253],[-26,0]],[[215,253],[-11,22]],[[204,275],[2,20]],[[293,238],[22,11]],[[315,249],[40,11]],[[204,275],[-115,-4]],[[89,271],[22,26]],[[241,253],[-6,-14]],[[164,186],[51,67]],[[315,249],[-19,24]],[[101,0],[-101,98]],[[0,98],[115,51]],[[0,98],[89,173]],[[275,269],[-2,-19]],[[152,372],[35,62]],[[361,432],[78,-182]]],"transform":{"scale":[0.0006306259453300335,0.0006847593530499175],"translate":[120.99701116700011,17.847895117000064]},"objects":{"bgysubmuns-municity-1408104000":{"type":"GeometryCollection","geometries":[{"arcs":[[0,1,2,3,4,5]],"type":"Polygon","properties":{"adm1_psgc":1400000000,"adm2_psgc":1408100000,"adm3_psgc":1408104000,"adm4_psgc":1408104001,"adm4_en":"Badduat","geo_level":"Bgy","len_crs":28399,"area_crs":29480072,"len_km":28,"area_km2":29},"id":1408104001},{"arcs":[[6,7,8]],"type":"Polygon","properties":{"adm1_psgc":1400000000,"adm2_psgc":1408100000,"adm3_psgc":1408104000,"adm4_psgc":1408104002,"adm4_en":"Baliwanan","geo_level":"Bgy","len_crs":37459,"area_crs":69579293,"len_km":37,"area_km2":69},"id":1408104002},{"arcs":[[-4,9,10,11,12,13]],"type":"Polygon","properties":{"adm1_psgc":1400000000,"adm2_psgc":1408100000,"adm3_psgc":1408104000,"adm4_psgc":1408104004,"adm4_en":"Bulu","geo_level":"Bgy","len_crs":27162,"area_crs":29618798,"len_km":27,"area_km2":29},"id":1408104004},{"arcs":[[14,15,16,17,18,19]],"type":"Polygon","properties":{"adm1_psgc":1400000000,"adm2_psgc":1408100000,"adm3_psgc":1408104000,"adm4_psgc":1408104005,"adm4_en":"Dagara","geo_level":"Bgy","len_crs":35909,"area_crs":49124764,"len_km":35,"area_km2":49},"id":1408104005},{"arcs":[[20,21,22,23,24]],"type":"Polygon","properties":{"adm1_psgc":1400000000,"adm2_psgc":1408100000,"adm3_psgc":1408104000,"adm4_psgc":1408104006,"adm4_en":"Dibagat","geo_level":"Bgy","len_crs":28482,"area_crs":29265221,"len_km":28,"area_km2":29},"id":1408104006},{"arcs":[[25,-2,-15,26,27,28]],"type":"Polygon","properties":{"adm1_psgc":1400000000,"adm2_psgc":1408100000,"adm3_psgc":1408104000,"adm4_psgc":1408104007,"adm4_en":"Cabetayan","geo_level":"Bgy","len_crs":23508,"area_crs":21105930,"len_km":23,"area_km2":21},"id":1408104007},{"arcs":[[29,30,31,-16,-1]],"type":"Polygon","properties":{"adm1_psgc":1400000000,"adm2_psgc":1408100000,"adm3_psgc":1408104000,"adm4_psgc":1408104008,"adm4_en":"Karagawan","geo_level":"Bgy","len_crs":46866,"area_crs":99722673,"len_km":46,"area_km2":99},"id":1408104008},{"arcs":[[32,-13,33,34,-21,-9,35]],"type":"Polygon","properties":{"adm1_psgc":1400000000,"adm2_psgc":1408100000,"adm3_psgc":1408104000,"adm4_psgc":1408104009,"adm4_en":"Kumao","geo_level":"Bgy","len_crs":41511,"area_crs":67689116,"len_km":41,"area_km2":67},"id":1408104009},{"arcs":[[36,37,38,39,-34,-12]],"type":"Polygon","properties":{"adm1_psgc":1400000000,"adm2_psgc":1408100000,"adm3_psgc":1408104000,"adm4_psgc":1408104010,"adm4_en":"Laco","geo_level":"Bgy","len_crs":18074,"area_crs":18059591,"len_km":18,"area_km2":18},"id":1408104010},{"arcs":[[-30,-6,40]],"type":"Polygon","properties":{"adm1_psgc":1400000000,"adm2_psgc":1408100000,"adm3_psgc":1408104000,"adm4_psgc":1408104011,"adm4_en":"Lenneng","geo_level":"Bgy","len_crs":62973,"area_crs":175848042,"len_km":62,"area_km2":175},"id":1408104011},{"arcs":[[[-20,41,-27]],[[42,43,44,45,-22,-35,-40]]],"type":"MultiPolygon","properties":{"adm1_psgc":1400000000,"adm2_psgc":1408100000,"adm3_psgc":1408104000,"adm4_psgc":1408104012,"adm4_en":"Lucab","geo_level":"Bgy","len_crs":28777,"area_crs":13815235,"len_km":28,"area_km2":13},"id":1408104012},{"arcs":[[-3,-26,46,47,-10]],"type":"Polygon","properties":{"adm1_psgc":1400000000,"adm2_psgc":1408100000,"adm3_psgc":1408104000,"adm4_psgc":1408104013,"adm4_en":"Luttuacan","geo_level":"Bgy","len_crs":16812,"area_crs":13551300,"len_km":16,"area_km2":13},"id":1408104013},{"arcs":[[-46,48,49,-23]],"type":"Polygon","properties":{"adm1_psgc":1400000000,"adm2_psgc":1408100000,"adm3_psgc":1408104000,"adm4_psgc":1408104014,"adm4_en":"Madatag","geo_level":"Bgy","len_crs":19965,"area_crs":18689036,"len_km":19,"area_km2":18},"id":1408104014},{"arcs":[[50,-42,-19,51,-44]],"type":"Polygon","properties":{"adm1_psgc":1400000000,"adm2_psgc":1408100000,"adm3_psgc":1408104000,"adm4_psgc":1408104015,"adm4_en":"Madduang","geo_level":"Bgy","len_crs":17503,"area_crs":16692780,"len_km":17,"area_km2":16},"id":1408104015},{"arcs":[[-48,52,-37,-11]],"type":"Polygon","properties":{"adm1_psgc":1400000000,"adm2_psgc":1408100000,"adm3_psgc":1408104000,"adm4_psgc":1408104016,"adm4_en":"Magabta","geo_level":"Bgy","len_crs":14478,"area_crs":8437530,"len_km":14,"area_km2":8},"id":1408104016},{"arcs":[[-32,53,54,-17]],"type":"Polygon","properties":{"adm1_psgc":1400000000,"adm2_psgc":1408100000,"adm3_psgc":1408104000,"adm4_psgc":1408104017,"adm4_en":"Maragat","geo_level":"Bgy","len_crs":41371,"area_crs":90915861,"len_km":41,"area_km2":90},"id":1408104017},{"arcs":[[-45,-52,-18,-55,55,-49]],"type":"Polygon","properties":{"adm1_psgc":1400000000,"adm2_psgc":1408100000,"adm3_psgc":1408104000,"adm4_psgc":1408104018,"adm4_en":"Musimut","geo_level":"Bgy","len_crs":57622,"area_crs":150271706,"len_km":57,"area_km2":150},"id":1408104018},{"arcs":[[56,-28,-51,-43,-39]],"type":"Polygon","properties":{"adm1_psgc":1400000000,"adm2_psgc":1408100000,"adm3_psgc":1408104000,"adm4_psgc":1408104019,"adm4_en":"Nagbabalayan","geo_level":"Bgy","len_crs":11120,"area_crs":5835260,"len_km":11,"area_km2":5},"id":1408104019},{"arcs":[[-47,-29,-57,-38,-53]],"type":"Polygon","properties":{"adm1_psgc":1400000000,"adm2_psgc":1408100000,"adm3_psgc":1408104000,"adm4_psgc":1408104020,"adm4_en":"Poblacion","geo_level":"Bgy","len_crs":10738,"area_crs":4573000,"len_km":10,"area_km2":4},"id":1408104020},{"arcs":[[-25,57,-7]],"type":"Polygon","properties":{"adm1_psgc":1400000000,"adm2_psgc":1408100000,"adm3_psgc":1408104000,"adm4_psgc":1408104021,"adm4_en":"Tuyangan","geo_level":"Bgy","len_crs":17917,"area_crs":15295449,"len_km":17,"area_km2":15},"id":1408104021},{"arcs":[[-5,-14,-33,58]],"type":"Polygon","properties":{"adm1_psgc":1400000000,"adm2_psgc":1408100000,"adm3_psgc":1408104000,"adm4_psgc":1408104022,"adm4_en":"Waga","geo_level":"Bgy","len_crs":39977,"area_crs":62251443,"len_km":39,"area_km2":62},"id":1408104022}]}}}