{"type":"Topology","arcs":[[[907,370],[17,-18]],[[924,352],[-70,-55]],[[854,297],[-19,17]],[[835,314],[-51,53],[56,33]],[[840,400],[67,-30]],[[330,80],[-67,-21]],[[263,59],[-96,233]],[[167,292],[74,71]],[[241,363],[58,-260],[31,-23]],[[700,144],[-65,-39]],[[635,105],[-9,91]],[[626,196],[37,21]],[[663,217],[37,-73]],[[625,198],[-39,-23],[9,-61]],[[595,114],[-44,6],[-93,-28]],[[458,92],[-35,100],[-100,207]],[[323,399],[132,71]],[[455,470],[72,-156],[55,-87],[43,-29]],[[122,172],[93,-88],[3,-39]],[[218,45],[-9,-11]],[[209,34],[-37,17],[-132,125]],[[40,176],[82,-4]],[[663,217],[24,15]],[[687,232],[26,-13],[73,25]],[[786,244],[-86,-100]],[[458,92],[-87,-26],[-41,14]],[[241,363],[82,36]],[[875,576],[-2,-15]],[[873,561],[-49,45],[-22,52]],[[802,658],[49,0],[69,-35],[-45,-47]],[[840,400],[-25,17],[-188,181]],[[627,598],[63,22]],[[690,620],[92,-151],[125,-99]],[[873,561],[35,-86]],[[908,475],[1,-10]],[[909,465],[-17,-12]],[[892,453],[-94,41],[12,58],[-62,88]],[[748,640],[54,18]],[[209,34],[-89,29],[-120,70],[40,43]],[[950,433],[79,-41]],[[1029,392],[-50,-19]],[[979,373],[-71,39],[-16,41]],[[909,465],[41,-32]],[[782,282],[23,-31]],[[805,251],[-19,-7]],[[687,232],[-132,254]],[[555,486],[88,22]],[[643,508],[86,-117],[15,-57],[38,-52]],[[835,314],[-27,-19]],[[808,295],[-26,-13]],[[643,508],[-16,90]],[[896,261],[41,-50],[-77,-26],[36,76]],[[849,256],[-44,-5]],[[808,295],[41,-39]],[[626,196],[-1,2]],[[455,470],[100,16]],[[987,456],[-37,-23]],[[908,475],[41,37]],[[949,512],[38,-56]],[[263,59],[-45,-14]],[[122,172],[11,95],[34,25]],[[979,373],[-55,-21]],[[690,620],[58,20]],[[635,105],[-40,9]],[[987,456],[42,-64]],[[875,576],[74,-64]],[[854,297],[-5,-41]]],"transform":{"scale":[0.00041973404226710914,0.00046798471276602487],"translate":[118.064496125,9.12669658200002]},"objects":{"bgysubmuns-municity-1705315000":{"type":"GeometryCollection","geometries":[{"arcs":[[0,1,2,3,4]],"type":"Polygon","properties":{"adm1_psgc":1700000000,"adm2_psgc":1705300000,"adm3_psgc":1705315000,"adm4_psgc":1705315001,"adm4_en":"Antipuluan","geo_level":"Bgy","len_crs":21920,"area_crs":15860376,"len_km":21,"area_km2":15},"id":1705315001},{"arcs":[[5,6,7,8]],"type":"Polygon","properties":{"adm1_psgc":1700000000,"adm2_psgc":1705300000,"adm3_psgc":1705315000,"adm4_psgc":1705315002,"adm4_en":"Aramaywan","geo_level":"Bgy","len_crs":39376,"area_crs":48076752,"len_km":39,"area_km2":48},"id":1705315002},{"arcs":[[9,10,11,12]],"type":"Polygon","properties":{"adm1_psgc":1700000000,"adm2_psgc":1705300000,"adm3_psgc":1705315000,"adm4_psgc":1705315003,"adm4_en":"Batang-batang","geo_level":"Bgy","len_crs":17978,"area_crs":12633299,"len_km":17,"area_km2":12},"id":1705315003},{"arcs":[[13,14,15,16,17]],"type":"Polygon","properties":{"adm1_psgc":1700000000,"adm2_psgc":1705300000,"adm3_psgc":1705315000,"adm4_psgc":1705315004,"adm4_en":"Bato-bato","geo_level":"Bgy","len_crs":57354,"area_crs":132359991,"len_km":57,"area_km2":132},"id":1705315004},{"arcs":[[18,19,20,21]],"type":"Polygon","properties":{"adm1_psgc":1700000000,"adm2_psgc":1705300000,"adm3_psgc":1705315000,"adm4_psgc":1705315005,"adm4_en":"Burirao","geo_level":"Bgy","len_crs":24303,"area_crs":22572381,"len_km":24,"area_km2":22},"id":1705315005},{"arcs":[[-13,22,23,24]],"type":"Polygon","properties":{"adm1_psgc":1700000000,"adm2_psgc":1705300000,"adm3_psgc":1705315000,"adm4_psgc":1705315006,"adm4_en":"Caguisan","geo_level":"Bgy","len_crs":31781,"area_crs":11519356,"len_km":31,"area_km2":11},"id":1705315006},{"arcs":[[25,-9,26,-16]],"type":"Polygon","properties":{"adm1_psgc":1700000000,"adm2_psgc":1705300000,"adm3_psgc":1705315000,"adm4_psgc":1705315007,"adm4_en":"Calategas","geo_level":"Bgy","len_crs":46796,"area_crs":94357392,"len_km":46,"area_km2":94},"id":1705315007},{"arcs":[[27,28,29]],"type":"Polygon","properties":{"adm1_psgc":1700000000,"adm2_psgc":1705300000,"adm3_psgc":1705315000,"adm4_psgc":1705315008,"adm4_en":"Dumagueña","geo_level":"Bgy","len_crs":17726,"area_crs":15248437,"len_km":17,"area_km2":15},"id":1705315008},{"arcs":[[-5,30,31,32]],"type":"Polygon","properties":{"adm1_psgc":1700000000,"adm2_psgc":1705300000,"adm3_psgc":1705315000,"adm4_psgc":1705315009,"adm4_en":"Elvita","geo_level":"Bgy","len_crs":40227,"area_crs":25577376,"len_km":40,"area_km2":25},"id":1705315009},{"arcs":[[33,34,35,36,37,-29]],"type":"Polygon","properties":{"adm1_psgc":1700000000,"adm2_psgc":1705300000,"adm3_psgc":1705315000,"adm4_psgc":1705315010,"adm4_en":"Estrella Village","geo_level":"Bgy","len_crs":30034,"area_crs":32344270,"len_km":30,"area_km2":32},"id":1705315010},{"arcs":[[38,-21]],"type":"Polygon","properties":{"adm1_psgc":1700000000,"adm2_psgc":1705300000,"adm3_psgc":1705315000,"adm4_psgc":1705315011,"adm4_en":"Ipilan","geo_level":"Bgy","len_crs":35018,"area_crs":16654777,"len_km":35,"area_km2":16},"id":1705315011},{"arcs":[[39,40,41,-36,42]],"type":"Polygon","properties":{"adm1_psgc":1700000000,"adm2_psgc":1705300000,"adm3_psgc":1705315000,"adm4_psgc":1705315012,"adm4_en":"Malatgao","geo_level":"Bgy","len_crs":20189,"area_crs":15807777,"len_km":20,"area_km2":15},"id":1705315012},{"arcs":[[43,44,-24,45,46,47]],"type":"Polygon","properties":{"adm1_psgc":1700000000,"adm2_psgc":1705300000,"adm3_psgc":1705315000,"adm4_psgc":1705315013,"adm4_en":"Malinao","geo_level":"Bgy","len_crs":40844,"area_crs":74691209,"len_km":40,"area_km2":74},"id":1705315013},{"arcs":[[-4,48,49,-48,50,-31]],"type":"Polygon","properties":{"adm1_psgc":1700000000,"adm2_psgc":1705300000,"adm3_psgc":1705315000,"adm4_psgc":1705315014,"adm4_en":"Narra","geo_level":"Bgy","len_crs":42852,"area_crs":52078551,"len_km":42,"area_km2":52},"id":1705315014},{"arcs":[[[51]],[[52,-44,-50,53]]],"type":"MultiPolygon","properties":{"adm1_psgc":1700000000,"adm2_psgc":1705300000,"adm3_psgc":1705315000,"adm4_psgc":1705315015,"adm4_en":"Panacan","geo_level":"Bgy","len_crs":29679,"area_crs":11992493,"len_km":29,"area_km2":11},"id":1705315015},{"arcs":[[-23,-12,54,-18,55,-46]],"type":"Polygon","properties":{"adm1_psgc":1700000000,"adm2_psgc":1705300000,"adm3_psgc":1705315000,"adm4_psgc":1705315016,"adm4_en":"Princess Urduja","geo_level":"Bgy","len_crs":41046,"area_crs":67799895,"len_km":41,"area_km2":67},"id":1705315016},{"arcs":[[56,-43,-35,57,58]],"type":"Polygon","properties":{"adm1_psgc":1700000000,"adm2_psgc":1705300000,"adm3_psgc":1705315000,"adm4_psgc":1705315017,"adm4_en":"Sandoval","geo_level":"Bgy","len_crs":12381,"area_crs":8894511,"len_km":12,"area_km2":8},"id":1705315017},{"arcs":[[59,-19,60,-7]],"type":"Polygon","properties":{"adm1_psgc":1700000000,"adm2_psgc":1705300000,"adm3_psgc":1705315000,"adm4_psgc":1705315018,"adm4_en":"Tacras","geo_level":"Bgy","len_crs":31655,"area_crs":33292599,"len_km":31,"area_km2":33},"id":1705315018},{"arcs":[[-42,61,-1,-33,62,-37]],"type":"Polygon","properties":{"adm1_psgc":1700000000,"adm2_psgc":1705300000,"adm3_psgc":1705315000,"adm4_psgc":1705315019,"adm4_en":"Taritien","geo_level":"Bgy","len_crs":44975,"area_crs":41518408,"len_km":44,"area_km2":41},"id":1705315019},{"arcs":[[63,-14,-55,-11]],"type":"Polygon","properties":{"adm1_psgc":1700000000,"adm2_psgc":1705300000,"adm3_psgc":1705315000,"adm4_psgc":1705315020,"adm4_en":"Teresa","geo_level":"Bgy","len_crs":15145,"area_crs":8183307,"len_km":15,"area_km2":8},"id":1705315020},{"arcs":[[-40,-57,64]],"type":"Polygon","properties":{"adm1_psgc":1700000000,"adm2_psgc":1705300000,"adm3_psgc":1705315000,"adm4_psgc":1705315021,"adm4_en":"Tinagong Dagat","geo_level":"Bgy","len_crs":12024,"area_crs":4854572,"len_km":12,"area_km2":4},"id":1705315021},{"arcs":[[-58,-34,-28,65]],"type":"Polygon","properties":{"adm1_psgc":1700000000,"adm2_psgc":1705300000,"adm3_psgc":1705315000,"adm4_psgc":1705315022,"adm4_en":"Bagong Sikat","geo_level":"Bgy","len_crs":14408,"area_crs":7811795,"len_km":14,"area_km2":7},"id":1705315022},{"arcs":[[66,-54,-49,-3]],"type":"Polygon","properties":{"adm1_psgc":1700000000,"adm2_psgc":1705300000,"adm3_psgc":1705315000,"adm4_psgc":1705315023,"adm4_en":"Panacan 2","geo_level":"Bgy",