{"type":"Topology","arcs":[[[446,9],[-101,9]],[[345,18],[-16,202]],[[329,220],[66,-5]],[[395,215],[46,6]],[[441,221],[5,-212]],[[345,18],[-77,-2]],[[268,16],[7,209]],[[275,225],[54,-5]],[[533,393],[0,-87]],[[533,306],[-83,14]],[[450,320],[83,82]],[[533,402],[0,-9]],[[528,423],[5,-21]],[[450,320],[-43,12]],[[407,332],[5,82]],[[412,414],[116,9]],[[533,306],[-20,-119]],[[513,187],[-72,34]],[[395,215],[-7,124]],[[388,339],[19,-7]],[[792,380],[-15,-33]],[[777,347],[-42,4]],[[735,351],[6,23]],[[741,374],[51,6]],[[325,407],[-28,-70]],[[297,337],[-64,-1]],[[233,336],[-52,5]],[[181,341],[16,48]],[[197,389],[128,18]],[[388,339],[-91,-2]],[[325,407],[87,7]],[[692,383],[-23,-79]],[[669,304],[-42,5]],[[627,309],[30,88]],[[657,397],[35,-14]],[[114,439],[-58,-72]],[[56,367],[-56,20]],[[0,387],[114,52]],[[719,292],[56,-7]],[[775,285],[-143,-162]],[[632,123],[37,181]],[[669,304],[50,-12]],[[872,340],[-95,7]],[[792,380],[80,-40]],[[633,398],[-41,-24]],[[592,374],[4,10]],[[596,384],[15,15]],[[611,399],[22,-1]],[[268,16],[-121,207]],[[147,223],[88,1]],[[235,224],[40,1]],[[592,374],[-11,-67]],[[581,307],[-48,-1]],[[533,393],[63,-9]],[[632,123],[-40,-5]],[[592,118],[1,189]],[[593,307],[34,2]],[[872,340],[-97,-55]],[[719,292],[16,59]],[[235,224],[-2,112]],[[513,187],[15,-187]],[[528,0],[-82,9]],[[593,307],[-12,0]],[[633,398],[24,-1]],[[592,118],[-64,-118]],[[114,439],[83,-50]],[[181,341],[-125,26]],[[692,383],[49,-9]],[[147,223],[-147,164]],[[528,423],[83,-24]]],"transform":{"scale":[0.00006225038876144778,0.00008350478779074389],"translate":[124.12875524700007,7.774063734000038]},"objects":{"bgysubmuns-municity-1903605000":{"type":"GeometryCollection","geometries":[{"arcs":[[0,1,2,3,4]],"type":"Polygon","properties":{"adm1_psgc":1900000000,"adm2_psgc":1903600000,"adm3_psgc":1903605000,"adm4_psgc":1903605001,"adm4_en":"Badak","geo_level":"Bgy","len_crs":5873,"area_crs":1382173,"len_km":5,"area_km2":1},"id":1903605001},{"arcs":[[-2,5,6,7]],"type":"Polygon","properties":{"adm1_psgc":1900000000,"adm2_psgc":1903600000,"adm3_psgc":1903605000,"adm4_psgc":1903605002,"adm4_en":"Baguiangun","geo_level":"Bgy","len_crs":5190,"area_crs":1039865,"len_km":5,"area_km2":1},"id":1903605002},{"type":null,"properties":{"adm1_psgc":1900000000,"adm2_psgc":1903600000,"adm3_psgc":1903605000,"adm4_psgc":1903605003,"adm4_en":"Balut Maito","geo_level":"Bgy","len_crs":895,"area_crs":50159,"len_km":0,"area_km2":0},"id":1903605003},{"arcs":[[8,9,10,11]],"type":"Polygon","properties":{"adm1_psgc":1900000000,"adm2_psgc":1903600000,"adm3_psgc":1903605000,"adm4_psgc":1903605004,"adm4_en":"Basak","geo_level":"Bgy","len_crs":2707,"area_crs":439962,"len_km":2,"area_km2":0},"id":1903605004},{"arcs":[[12,-11,13,14,15]],"type":"Polygon","properties":{"adm1_psgc":1900000000,"adm2_psgc":1903600000,"adm3_psgc":1903605000,"adm4_psgc":1903605005,"adm4_en":"Bubong","geo_level":"Bgy","len_crs":3366,"area_crs":365942,"len_km":3,"area_km2":0},"id":1903605005},{"arcs":[[-14,-10,16,17,-4,18,19]],"type":"Polygon","properties":{"adm1_psgc":1900000000,"adm2_psgc":1903600000,"adm3_psgc":1903605000,"adm4_psgc":1903605006,"adm4_en":"Bubonga-Ranao","geo_level":"Bgy","len_crs":4203,"area_crs":961769,"len_km":4,"area_km2":0},"id":1903605006},{"arcs":[[20,21,22,23]],"type":"Polygon","properties":{"adm1_psgc":1900000000,"adm2_psgc":1903600000,"adm3_psgc":1903605000,"adm4_psgc":1903605009,"adm4_en":"Dansalan Dacsula","geo_level":"Bgy","len_crs":1234,"area_crs":84606,"len_km":1,"area_km2":0},"id":1903605009},{"arcs":[[24,25,26,27,28]],"type":"Polygon","properties":{"adm1_psgc":1900000000,"adm2_psgc":1903600000,"adm3_psgc":1903605000,"adm4_psgc":1903605010,"adm4_en":"Ingud","geo_level":"Bgy","len_crs":2891,"area_crs":408665,"len_km":2,"area_km2":0},"id":1903605010},{"arcs":[[-15,-20,29,-25,30]],"type":"Polygon","properties":{"adm1_psgc":1900000000,"adm2_psgc":1903600000,"adm3_psgc":1903605000,"adm4_psgc":1903605011,"adm4_en":"Kialilidan","geo_level":"Bgy","len_crs":2872,"area_crs":417794,"len_km":2,"area_km2":0},"id":1903605011},{"arcs":[[31,32,33,34]],"type":"Polygon","properties":{"adm1_psgc":1900000000,"adm2_psgc":1903600000,"adm3_psgc":1903605000,"adm4_psgc":1903605012,"adm4_en":"Lumbac","geo_level":"Bgy","len_crs":2461,"area_crs":215446,"len_km":2,"area_km2":0},"id":1903605012},{"arcs":[[35,36,37]],"type":"Polygon","properties":{"adm1_psgc":1900000000,"adm2_psgc":1903600000,"adm3_psgc":1903605000,"adm4_psgc":1903605014,"adm4_en":"Macaguiling","geo_level":"Bgy","len_crs":2847,"area_crs":381032,"len_km":2,"area_km2":0},"id":1903605014},{"arcs":[[38,39,40,41]],"type":"Polygon","properties":{"adm1_psgc":1900000000,"adm2_psgc":1903600000,"adm3_psgc":1903605000,"adm4_psgc":1903605015,"adm4_en":"Madaya","geo_level":"Bgy","len_crs":4308,"area_crs":613001,"len_km":4,"area_km2":0},"id":1903605015},{"arcs":[[42,-21,43]],"type":"Polygon","properties":{"adm1_psgc":1900000000,"adm2_psgc":1903600000,"adm3_psgc":1903605000,"adm4_psgc":1903605016,"adm4_en":"Magonaya","geo_level":"Bgy","len_crs":2001,"area_crs":197308,"len_km":2,"area_km2":0},"id":1903605016},{"arcs":[[44,45,46,47]],"type":"Polygon","properties":{"adm1_psgc":1900000000,"adm2_psgc":1903600000,"adm3_psgc":1903605000,"adm4_psgc":1903605017,"adm4_en":"Maindig","geo_level":"Bgy","len_crs":1010,"area_crs":41097,"len_km":1,"area_km2":0},"id":1903605017},{"arcs":[[48,49,50,-7]],"type":"Polygon","properties":{"adm1_psgc":1900000000,"adm2_psgc":1903600000,"adm3_psgc":1903605000,"adm4_psgc":1903605018,"adm4_en":"Masolun","geo_level":"Bgy","len_crs":5444,"area_crs":1020198,"len_km":5,"area_km2":1},"id":1903605018},{"arcs":[[-46,51,52,-9,53]],"type":"Polygon","properties":{"adm1_psgc":1900000000,"adm2_psgc":1903600000,"adm3_psgc":1903605000,"adm4_psgc":1903605019,"adm4_en":"Olama","geo_level":"Bgy","len_crs":2342,"area_crs":296600,"len_km":2,"area_km2":0},"id":1903605019},{"arcs":[[-41,54,55,56,-33]],"type":"Polygon","properties":{"adm1_psgc":1900000000,"adm2_psgc":1903600000,"adm3_psgc":1903605000,"adm4_psgc":1903605020,"adm4_en":"Pagalamatan","geo_level":"Bgy","len_crs":4448,"area_crs":533801,"len_km":4,"area_km2":0},"id":1903605020},{"arcs":[[-43,57,-39,58,-22]],"type":"Polygon","properties":{"adm1_psgc":1900000000,"adm2_psgc":1903600000,"adm3_psgc":1903605000,"adm4_psgc":1903605021,"adm4_en":"Pantar","geo_level":"Bgy","len_crs":2737,"area_crs":385621,"len_km":2,"area_km2":0},"id":1903605021},{"arcs":[[-19,-3,-8,-51,59,-26,-30]],"type":"Polygon","properties":{"adm1_psgc":1900000000,"adm2_psgc":1903600000,"adm3_psgc":1903605000,"adm4_psgc":1903605022,"adm4_en":"Picalilangan","geo_level":"Bgy","len_crs":4407,"area_crs":1203788,"len_km":4,"area_km2":1},"id":1903605022},{"arcs":[[60,61,-5,-18]],"type":"Polygon","properties":{"adm1_psgc":1900000000,"adm2_psgc":1903600000,"adm3_psgc":1903605000,"adm4_psgc":1903605023,"adm4_en":"Picotaan","geo_level":"Bgy","len_crs":4997,"area_crs":1048528,"len_km":4,"area_km2":1},"id":1903605023},{"arcs":[[-34,-57,62,-52,-45,63]],"type":"Polygon","properties":{"adm1_psgc":1900000000,"adm2_psgc":1903600000,"adm3_psgc":1903605000,"adm4_psgc":1903605024,"adm4_en":"Pindolonan","geo_level":"Bgy","len_crs":2417,"area_crs":266355,"len_km":2,"area_km2":0},"id":1903605024},{"arcs":[[64,-61,-17,-53,-63,-56]],"type":"Polygon","properties":{"adm1_psgc":1900000000,"adm2_psgc":1903600000,"adm3_psgc":1903605000,"adm4_psgc":1903605025,"adm4_en":"Poblacion","geo_level":"Bgy","len_crs":6700,"area_crs":1311490,"len_km":6,"area_km2":1},"id":1903605025},{"arcs":[[65,-28,66,-36]],"type":"Polygon","properties":{"adm1_psgc":1900000000,"adm2_psgc":1903600000,"adm3_psgc":1903605000,"adm4_psgc":1903605028,"adm4_en":"Soldaroro","geo_level":"Bgy","len_crs":3149,"area_crs":462453,"len_km":3,"area_km2":0},"id":1903605028},{"arcs":[[-23,-59,-42,-32,67]],"type":"Polygon","properties":{"adm1_psgc":1900000000,"adm2_psgc":1903600000,"adm3_psgc":1903605000,"adm4_psgc":1903605030,"adm4_en":"Tambac","geo_level":"Bgy","len_crs":2259,"area_crs":267326,"len_km":2,"area_km2":0},