{"type":"Topology","arcs":[[[532,574],[36,-103]],[[568,471],[-84,-114]],[[484,357],[-206,106],[79,31]],[[357,494],[49,77],[81,44]],[[487,615],[45,-41]],[[144,873],[-7,4]],[[137,877],[7,-4]],[[366,958],[-47,-106]],[[319,852],[9,-5]],[[328,847],[-82,-49]],[[246,798],[-49,52]],[[197,850],[-1,46],[108,106],[62,-44]],[[872,234],[-67,-77]],[[805,157],[-72,118]],[[733,275],[139,-41]],[[735,916],[-99,-49]],[[636,867],[-78,6]],[[558,873],[28,71]],[[586,944],[48,150]],[[634,1094],[87,-37],[-17,-77],[31,-64]],[[586,944],[-163,144]],[[423,1088],[52,50],[159,-44]],[[558,873],[-62,-31],[-71,25],[-106,-15]],[[366,958],[60,7],[-3,123]],[[794,856],[-46,-71]],[[748,785],[-129,11]],[[619,796],[17,71]],[[735,916],[59,-60]],[[733,275],[-44,38]],[[689,313],[1,57],[82,32]],[[772,402],[121,-75],[-21,-93]],[[598,194],[12,24]],[[610,218],[-12,-24]],[[657,320],[-48,-96]],[[609,224],[-54,15],[-6,70],[-65,48]],[[568,471],[30,-86],[59,-65]],[[246,798],[-5,-171]],[[241,627],[-93,68],[-96,-85],[-40,135],[33,57],[70,-11],[82,59]],[[144,873],[-7,4]],[[748,785],[-65,-162]],[[683,623],[-114,-7],[-37,-42]],[[487,615],[-49,79]],[[438,694],[33,48],[148,54]],[[431,695],[-139,-107]],[[292,588],[-51,39]],[[328,847],[60,-57],[43,-95]],[[357,494],[-65,94]],[[431,695],[7,-1]],[[683,623],[56,-11]],[[739,612],[-27,-74],[60,-136]],[[689,313],[-32,7]],[[392,1283],[-42,-101],[-82,-32],[9,95],[115,38]],[[794,856],[113,-12],[-84,-90],[-84,-142]],[[805,157],[-92,-52],[-82,6],[-33,83]],[[610,218],[-1,6]]],"transform":{"scale":[0.00011525831236678878,0.00012144557443493063],"translate":[119.91641484800004,16.211090013000046]},"objects":{"bgysubmuns-municity-105505000":{"type":"GeometryCollection","geometries":[{"arcs":[[0,1,2,3,4]],"type":"Polygon","properties":{"adm1_psgc":100000000,"adm2_psgc":105500000,"adm3_psgc":105505000,"adm4_psgc":105505002,"adm4_en":"Awile","geo_level":"Bgy","len_crs":13895,"area_crs":5358001,"len_km":13,"area_km2":5},"id":105505002},{"arcs":[[7,8,9,10,11]],"type":"Polygon","properties":{"adm1_psgc":100000000,"adm2_psgc":105500000,"adm3_psgc":105505000,"adm4_psgc":105505003,"adm4_en":"Awag","geo_level":"Bgy","len_crs":11114,"area_crs":3666593,"len_km":11,"area_km2":3},"id":105505003},{"arcs":[[12,13,14]],"type":"Polygon","properties":{"adm1_psgc":100000000,"adm2_psgc":105500000,"adm3_psgc":105505000,"adm4_psgc":105505004,"adm4_en":"Batiarao","geo_level":"Bgy","len_crs":6331,"area_crs":1815262,"len_km":6,"area_km2":1},"id":105505004},{"arcs":[[15,16,17,18,19]],"type":"Polygon","properties":{"adm1_psgc":100000000,"adm2_psgc":105500000,"adm3_psgc":105505000,"adm4_psgc":105505005,"adm4_en":"Cabungan","geo_level":"Bgy","len_crs":11137,"area_crs":4118735,"len_km":11,"area_km2":4},"id":105505005},{"arcs":[[-19,20,21]],"type":"Polygon","properties":{"adm1_psgc":100000000,"adm2_psgc":105500000,"adm3_psgc":105505000,"adm4_psgc":105505006,"adm4_en":"Carot","geo_level":"Bgy","len_crs":13179,"area_crs":3493413,"len_km":13,"area_km2":3},"id":105505006},{"arcs":[[-18,22,-8,23,-21]],"type":"Polygon","properties":{"adm1_psgc":100000000,"adm2_psgc":105500000,"adm3_psgc":105505000,"adm4_psgc":105505007,"adm4_en":"Dolaoan","geo_level":"Bgy","len_crs":12967,"area_crs":5715821,"len_km":12,"area_km2":5},"id":105505007},{"arcs":[[24,25,26,-16,27]],"type":"Polygon","properties":{"adm1_psgc":100000000,"adm2_psgc":105500000,"adm3_psgc":105505000,"adm4_psgc":105505008,"adm4_en":"Imbo","geo_level":"Bgy","len_crs":7802,"area_crs":2391638,"len_km":7,"area_km2":2},"id":105505008},{"arcs":[[-15,28,29,30]],"type":"Polygon","properties":{"adm1_psgc":100000000,"adm2_psgc":105500000,"adm3_psgc":105505000,"adm4_psgc":105505009,"adm4_en":"Macaleeng","geo_level":"Bgy","len_crs":11543,"area_crs":3382706,"len_km":11,"area_km2":3},"id":105505009},{"arcs":[[33,34,-2,35]],"type":"Polygon","properties":{"adm1_psgc":100000000,"adm2_psgc":105500000,"adm3_psgc":105505000,"adm4_psgc":105505010,"adm4_en":"Macandocandong","geo_level":"Bgy","len_crs":11568,"area_crs":3953494,"len_km":11,"area_km2":3},"id":105505010},{"arcs":[[36,37,-11]],"type":"Polygon","properties":{"adm1_psgc":100000000,"adm2_psgc":105500000,"adm3_psgc":105505000,"adm4_psgc":105505011,"adm4_en":"Mal-ong","geo_level":"Bgy","len_crs":18213,"area_crs":6210885,"len_km":18,"area_km2":6},"id":105505011},{"arcs":[[39,40,-5,41,42,-26]],"type":"Polygon","properties":{"adm1_psgc":100000000,"adm2_psgc":105500000,"adm3_psgc":105505000,"adm4_psgc":105505012,"adm4_en":"Namagbagan","geo_level":"Bgy","len_crs":12586,"area_crs":6983088,"len_km":12,"area_km2":6},"id":105505012},{"arcs":[[43,44,-37,-10,45]],"type":"Polygon","properties":{"adm1_psgc":100000000,"adm2_psgc":105500000,"adm3_psgc":105505000,"adm4_psgc":105505014,"adm4_en":"Poblacion","geo_level":"Bgy","len_crs":11293,"area_crs":4853169,"len_km":11,"area_km2":4},"id":105505014},{"arcs":[[-42,-4,46,-44,47]],"type":"Polygon","properties":{"adm1_psgc":100000000,"adm2_psgc":105500000,"adm3_psgc":105505000,"adm4_psgc":105505015,"adm4_en":"Roxas","geo_level":"Bgy","len_crs":9400,"area_crs":2999514,"len_km":9,"area_km2":2},"id":105505015},{"arcs":[[48,49,-30,50,-36,-1,-41]],"type":"Polygon","properties":{"adm1_psgc":100000000,"adm2_psgc":105500000,"adm3_psgc":105505000,"adm4_psgc":105505016,"adm4_en":"Sablig","geo_level":"Bgy","len_crs":14259,"area_crs":7395669,"len_km":14,"area_km2":7},"id":105505016},{"arcs":[[-27,-43,-48,-46,-9,-23,-17]],"type":"Polygon","properties":{"adm1_psgc":100000000,"adm2_psgc":105500000,"adm3_psgc":105505000,"adm4_psgc":105505018,"adm4_en":"San Jose","geo_level":"Bgy","len_crs":11070,"area_crs":4773475,"len_km":11,"area_km2":4},"id":105505018},{"arcs":[[51]],"type":"Polygon","properties":{"adm1_psgc":100000000,"adm2_psgc":105500000,"adm3_psgc":105505000,"adm4_psgc":105505019,"adm4_en":"Siapar","geo_level":"Bgy","len_crs":14201,"area_crs":2597026,"len_km":14,"area_km2":2},"id":105505019},{"arcs":[[-49,-40,-25,52]],"type":"Polygon","properties":{"adm1_psgc":100000000,"adm2_psgc":105500000,"adm3_psgc":105505000,"adm4_psgc":105505020,"adm4_en":"Tondol","geo_level":"Bgy","len_crs":13282,"area_crs":3576088,"len_km":13,"area_km2":3},"id":105505020},{"arcs":[[53,-33,54,-34,-51,-29,-14]],"type":"Polygon","properties":{"adm1_psgc":100000000,"adm2_psgc":105500000,"adm3_psgc":105505000,"adm4_psgc":105505021,"adm4_en":"Toritori","geo_level":"Bgy","len_crs":14447,"area_crs":4496856,"len_km":14,"area_km2":4},"id":105505021}]}}}