{"type":"Topology","arcs":[[[818,418],[-42,-54]],[[776,364],[-97,24]],[[679,388],[-21,39]],[[658,427],[-4,10]],[[654,437],[62,70]],[[716,507],[6,8]],[[722,515],[96,-97]],[[679,388],[-29,-69]],[[650,319],[-41,79]],[[609,398],[49,29]],[[654,437],[-83,54]],[[571,491],[32,53]],[[603,544],[113,-37]],[[459,625],[1,-9]],[[460,616],[-7,-97]],[[453,519],[-23,-22]],[[430,497],[-75,57]],[[355,554],[-16,1]],[[339,555],[38,114]],[[377,669],[82,-44]],[[594,702],[-35,-87]],[[559,615],[-68,-83]],[[491,532],[-31,84]],[[459,625],[59,85]],[[518,710],[76,-8]],[[192,570],[33,-117]],[[225,453],[-9,-18]],[[216,435],[-102,31],[78,104]],[[703,286],[-46,-50]],[[657,236],[-15,44]],[[642,280],[-32,23]],[[610,303],[40,16]],[[650,319],[53,-33]],[[203,575],[61,-31]],[[264,544],[75,11]],[[339,555],[-114,-102]],[[192,570],[11,5]],[[476,514],[58,-32]],[[534,482],[-10,-12]],[[524,470],[39,-134]],[[563,336],[-90,-11]],[[473,325],[-67,49]],[[406,374],[24,123]],[[453,519],[23,-5]],[[647,6],[-50,-6]],[[597,0],[50,6]],[[737,566],[-15,-51]],[[603,544],[39,40]],[[642,584],[31,22]],[[673,606],[64,-40]],[[642,280],[2,-47]],[[644,233],[-20,0]],[[624,233],[1,35]],[[625,268],[-15,35]],[[403,821],[-22,-98]],[[381,723],[-119,1]],[[262,724],[141,97]],[[571,491],[-37,-9]],[[476,514],[15,18]],[[559,615],[83,-31]],[[406,374],[-95,38]],[[311,412],[44,142]],[[609,398],[-85,72]],[[594,702],[79,-96]],[[867,217],[-25,19]],[[842,236],[-113,69]],[[729,305],[47,59]],[[818,418],[47,55]],[[865,473],[74,-148],[-72,-108]],[[737,566],[128,-93]],[[311,412],[-95,23]],[[867,217],[-126,-40]],[[741,177],[101,59]],[[591,277],[-7,-54]],[[584,223],[-111,102]],[[563,336],[28,-59]],[[609,398],[-46,-62]],[[657,236],[-1,-5]],[[656,231],[-12,2]],[[203,575],[29,102]],[[232,677],[32,-133]],[[647,6],[-50,-6]],[[625,268],[-34,9]],[[377,669],[4,54]],[[403,821],[115,-111]],[[741,177],[-85,54]],[[703,286],[26,19]],[[232,677],[30,47]],[[624,233],[-40,-10]]],"transform":{"scale":[0.00023069318423851634,0.00024299122168086032],"translate":[123.76770703000011,11.809336249000065]},"objects":{"bgysubmuns-municity-504117000":{"type":"GeometryCollection","geometries":[{"arcs":[[0,1,2,3,4,5,6]],"type":"Polygon","properties":{"adm1_psgc":500000000,"adm2_psgc":504100000,"adm3_psgc":504117000,"adm4_psgc":504117001,"adm4_en":"Aguada","geo_level":"Bgy","len_crs":14914,"area_crs":8541836,"len_km":14,"area_km2":8},"id":504117001},{"arcs":[[7,8,9,-3]],"type":"Polygon","properties":{"adm1_psgc":500000000,"adm2_psgc":504100000,"adm3_psgc":504117000,"adm4_psgc":504117002,"adm4_en":"Ban-Ao","geo_level":"Bgy","len_crs":7535,"area_crs":3022121,"len_km":7,"area_km2":3},"id":504117002},{"arcs":[[-5,10,11,12]],"type":"Polygon","properties":{"adm1_psgc":500000000,"adm2_psgc":504100000,"adm3_psgc":504117000,"adm4_psgc":504117003,"adm4_en":"Burabod","geo_level":"Bgy","len_crs":9999,"area_crs":5678225,"len_km":9,"area_km2":5},"id":504117003},{"arcs":[[13,14,15,16,17,18,19]],"type":"Polygon","properties":{"adm1_psgc":500000000,"adm2_psgc":504100000,"adm3_psgc":504117000,"adm4_psgc":504117004,"adm4_en":"Cabangcalan","geo_level":"Bgy","len_crs":16847,"area_crs":8837794,"len_km":16,"area_km2":8},"id":504117004},{"arcs":[[20,21,22,-14,23,24]],"type":"Polygon","properties":{"adm1_psgc":500000000,"adm2_psgc":504100000,"adm3_psgc":504117000,"adm4_psgc":504117005,"adm4_en":"Calumpang","geo_level":"Bgy","len_crs":14458,"area_crs":7809520,"len_km":14,"area_km2":7},"id":504117005},{"arcs":[[25,26,27]],"type":"Polygon","properties":{"adm1_psgc":500000000,"adm2_psgc":504100000,"adm3_psgc":504117000,"adm4_psgc":504117006,"adm4_en":"Camayabsan","geo_level":"Bgy","len_crs":15008,"area_crs":4569262,"len_km":15,"area_km2":4},"id":504117006},{"arcs":[[28,29,30,31,32]],"type":"Polygon","properties":{"adm1_psgc":500000000,"adm2_psgc":504100000,"adm3_psgc":504117000,"adm4_psgc":504117008,"adm4_en":"Daanlungsod","geo_level":"Bgy","len_crs":7109,"area_crs":2316692,"len_km":7,"area_km2":2},"id":504117008},{"arcs":[[33,34,35,-26,36]],"type":"Polygon","properties":{"adm1_psgc":500000000,"adm2_psgc":504100000,"adm3_psgc":504117000,"adm4_psgc":504117009,"adm4_en":"Dangpanan","geo_level":"Bgy","len_crs":16478,"area_crs":6610922,"len_km":16,"area_km2":6},"id":504117009},{"arcs":[[37,38,39,40,41,42,-16,43]],"type":"Polygon","properties":{"adm1_psgc":500000000,"adm2_psgc":504100000,"adm3_psgc":504117000,"adm4_psgc":504117010,"adm4_en":"Daraga","geo_level":"Bgy","len_crs":18049,"area_crs":12371244,"len_km":18,"area_km2":12},"id":504117010},{"arcs":[[44,45]],"type":"Polygon","properties":{"adm1_psgc":500000000,"adm2_psgc":504100000,"adm3_psgc":504117000,"adm4_psgc":504117011,"adm4_en":"Guin-Awayan","geo_level":"Bgy","len_crs":4627,"area_crs":920321,"len_km":4,"area_km2":0},"id":504117011},{"arcs":[[46,-6,-13,47,48,49]],"type":"Polygon","properties":{"adm1_psgc":500000000,"adm2_psgc":504100000,"adm3_psgc":504117000,"adm4_psgc":504117012,"adm4_en":"Guinhan-Ayan","geo_level":"Bgy","len_crs":9852,"area_crs":5589720,"len_km":9,"area_km2":5},"id":504117012},{"arcs":[[50,51,52,53,-31]],"type":"Polygon","properties":{"adm1_psgc":500000000,"adm2_psgc":504100000,"adm3_psgc":504117000,"adm4_psgc":504117013,"adm4_en":"Katipunan","geo_level":"Bgy","len_crs":4813,"area_crs":709562,"len_km":4,"area_km2":0},"id":504117013},{"arcs":[[54,55,56]],"type":"Polygon","properties":{"adm1_psgc":500000000,"adm2_psgc":504100000,"adm3_psgc":504117000,"adm4_psgc":504117014,"adm4_en":"Libas","geo_level":"Bgy","len_crs":15599,"area_crs":10162473,"len_km":15,"area_km2":10},"id":504117014},{"arcs":[[-48,-12,57,-38,58,-22,59]],"type":"Polygon","properties":{"adm1_psgc":500000000,"adm2_psgc":504100000,"adm3_psgc":504117000,"adm4_psgc":504117015,"adm4_en":"Locso-An","geo_level":"Bgy","len_crs":11543,"area_crs":6995155,"len_km":11,"area_km2":6},"id":504117015},{"arcs":[[-43,60,61,-17]],"type":"Polygon","properties":{"adm1_psgc":500000000,"adm2_psgc":504100000,"adm3_psgc":504117000,"adm4_psgc":504117016,"adm4_en":"Luna","geo_level":"Bgy","len_crs":14360,"area_crs":8344477,"len_km":14,"area_km2":8},"id":504117016},{"arcs":[[-4,-10,62,-39,-58,-11]],"type":"Polygon","properties":{"adm1_psgc":500000000,"adm2_psgc":504100000,"adm3_psgc":504117000,"adm4_psgc":504117017,"adm4_en":"Mahayag","geo_level":"Bgy","len_crs":8599,"area_crs":4278476,"len_km":8,"area_km2":4},"id":504117017},{"arcs":[[-49,-60,-21,63]],"type":"Polygon","properties":{"adm1_psgc":500000000,"adm2_psgc":504100000,"adm3_psgc":504117000,"adm4_psgc":504117018,"adm4_en":"Mahayahay","geo_level":"Bgy","len_crs":9098,"area_crs":4654900,"len_km":9,"area_km2":4},"id":504117018},{"arcs":[[64,65,66,-1,67,68]],"type":"Polygon","properties":{"adm1_psgc":500000000,"adm2_psgc":504100000,"adm3_psgc":504117000,"adm4_psgc":504117019,"adm4_en":"Manlut-Od","geo_level":"Bgy","len_crs":19558,"area_crs":20608798,"len_km":19,"area_km2":20},"id":504117019},{"arcs":[[-68,-7,-47,69]],"type":"Polygon","properties":{"adm1_psgc":500000000,"adm2_psgc":504100000,"adm3_psgc":504117000,"adm4_psgc":504117020,"adm4_en":"Matagantang","geo_level":"Bgy","len_crs":20339,"area_crs":9104806,"len_km":20,"area_km2":9},"id":504117020},{"type":null,"properties":{"adm1_psgc":500000000,"adm2_psgc":504100000,"adm3_psgc":504117000,"adm4_psgc":504117021,"adm4_en":"Naboctot","geo_level":"Bgy","len_crs":1378,"area_crs":87324,"len_km":1,"area_km2":0},"id":504117021},{"type":null,"properties":{"adm1_psgc":500000000,"adm2_psgc":504100000,"adm3_psgc":504117000,"adm4_psgc":504117022,"adm4_en":"Nagarao","geo_level":"Bgy","len_crs":886,"area_crs":48584,"len_km":0,"area_km2":0},"id":504117022},{"arcs":[[-62,70,-27,-36,-18]],"type":"Polygon","properties":{"adm1_psgc":500000000,"adm2_psgc":504100000,"adm3_psgc":504117000,"adm4_psgc":504117023,"adm4_en":"Nainday","geo_level":"Bgy","len_crs":13847,"area_crs":7041248,"len_km":13,"area_km2":7},"id":504117023},{"arcs":[[71,72,-65]],"type":"Polygon","properties":{"adm1_psgc":500000000,"adm2_psgc":504100000,"adm3_psgc":504117000,"adm4_psgc":504117024,"adm4_en":"Naocondiot","geo_level":"Bgy",