{"type":"Topology","arcs":[[[24,184],[42,-83]],[[66,101],[14,-101]],[[80,0],[-80,183]],[[0,183],[24,1]],[[805,505],[-243,-2]],[[562,503],[136,146],[107,-144]],[[165,9],[-85,-9]],[[66,101],[45,7]],[[111,108],[29,1]],[[140,109],[23,2]],[[163,111],[2,-102]],[[720,307],[-133,125]],[[587,432],[-25,71]],[[805,505],[-85,-198]],[[523,153],[-38,-3]],[[485,150],[-20,81]],[[465,231],[-54,39]],[[411,270],[30,82]],[[441,352],[66,35]],[[507,387],[16,-234]],[[720,307],[-124,-191],[-73,37]],[[507,387],[80,45]],[[376,58],[-28,44]],[[348,102],[36,29]],[[384,131],[35,11]],[[419,142],[-43,-84]],[[376,58],[-93,-26]],[[283,32],[5,68]],[[288,100],[37,-2]],[[325,98],[23,4]],[[333,233],[-7,0]],[[326,233],[-56,-59]],[[270,174],[-86,4]],[[184,178],[-31,1]],[[153,179],[-8,-2]],[[145,177],[6,34]],[[151,211],[68,37]],[[219,248],[13,33]],[[232,281],[101,-48]],[[99,252],[-60,-71]],[[39,181],[-15,3]],[[0,183],[97,134]],[[97,317],[2,-65]],[[465,231],[-84,-20]],[[381,211],[-13,7]],[[368,218],[43,52]],[[248,318],[-16,-37]],[[219,248],[-66,2]],[[153,250],[-54,2]],[[97,317],[151,1]],[[151,211],[2,39]],[[283,32],[-118,-23]],[[163,111],[13,4]],[[176,115],[99,22]],[[275,137],[13,-37]],[[368,218],[-24,12]],[[344,230],[28,101]],[[372,331],[69,21]],[[344,230],[-11,3]],[[248,318],[124,13]],[[381,211],[3,-80]],[[325,98],[1,135]],[[275,137],[-5,37]],[[485,150],[-66,-8]],[[145,177],[-36,-7]],[[109,170],[-70,11]],[[176,115],[8,63]],[[140,109],[13,70]],[[111,108],[-2,62]]],"transform":{"scale":[0.00018687257639758822,0.00017890369645610693],"translate":[120.32171875500003,16.358603845000054]},"objects":{"bgysubmuns-municity-103302000":{"type":"GeometryCollection","geometries":[{"arcs":[[0,1,2,3]],"type":"Polygon","properties":{"adm1_psgc":100000000,"adm2_psgc":103300000,"adm3_psgc":103302000,"adm4_psgc":103302001,"adm4_en":"Alaska","geo_level":"Bgy","len_crs":9720,"area_crs":2120321,"len_km":9,"area_km2":2},"id":103302001},{"arcs":[[4,5]],"type":"Polygon","properties":{"adm1_psgc":100000000,"adm2_psgc":103300000,"adm3_psgc":103302000,"adm4_psgc":103302002,"adm4_en":"Basca","geo_level":"Bgy","len_crs":18737,"area_crs":15283599,"len_km":18,"area_km2":15},"id":103302002},{"arcs":[[6,-2,7,8,9,10]],"type":"Polygon","properties":{"adm1_psgc":100000000,"adm2_psgc":103300000,"adm3_psgc":103302000,"adm4_psgc":103302003,"adm4_en":"Dulao","geo_level":"Bgy","len_crs":8401,"area_crs":3164595,"len_km":8,"area_km2":3},"id":103302003},{"arcs":[[11,12,-5,13]],"type":"Polygon","properties":{"adm1_psgc":100000000,"adm2_psgc":103300000,"adm3_psgc":103302000,"adm4_psgc":103302004,"adm4_en":"Gallano","geo_level":"Bgy","len_crs":17809,"area_crs":8629428,"len_km":17,"area_km2":8},"id":103302004},{"arcs":[[14,15,16,17,18,19]],"type":"Polygon","properties":{"adm1_psgc":100000000,"adm2_psgc":103300000,"adm3_psgc":103302000,"adm4_psgc":103302005,"adm4_en":"Macabato","geo_level":"Bgy","len_crs":12402,"area_crs":6206009,"len_km":12,"area_km2":6},"id":103302005},{"arcs":[[20,-20,21,-12]],"type":"Polygon","properties":{"adm1_psgc":100000000,"adm2_psgc":103300000,"adm3_psgc":103302000,"adm4_psgc":103302006,"adm4_en":"Manga","geo_level":"Bgy","len_crs":19024,"area_crs":19070788,"len_km":19,"area_km2":19},"id":103302006},{"arcs":[[22,23,24,25]],"type":"Polygon","properties":{"adm1_psgc":100000000,"adm2_psgc":103300000,"adm3_psgc":103302000,"adm4_psgc":103302007,"adm4_en":"Pangao-aoan East","geo_level":"Bgy","len_crs":5769,"area_crs":1863108,"len_km":5,"area_km2":1},"id":103302007},{"arcs":[[26,27,28,29,-23]],"type":"Polygon","properties":{"adm1_psgc":100000000,"adm2_psgc":103300000,"adm3_psgc":103302000,"adm4_psgc":103302009,"adm4_en":"Pangao-aoan West","geo_level":"Bgy","len_crs":5664,"area_crs":1602768,"len_km":5,"area_km2":1},"id":103302009},{"arcs":[[30,31,32,33,34,35,36,37,38]],"type":"Polygon","properties":{"adm1_psgc":100000000,"adm2_psgc":103300000,"adm3_psgc":103302000,"adm4_psgc":103302010,"adm4_en":"Poblacion","geo_level":"Bgy","len_crs":10948,"area_crs":3945887,"len_km":10,"area_km2":3},"id":103302010},{"arcs":[[39,40,-4,41,42]],"type":"Polygon","properties":{"adm1_psgc":100000000,"adm2_psgc":103300000,"adm3_psgc":103302000,"adm4_psgc":103302011,"adm4_en":"Samara","geo_level":"Bgy","len_crs":8664,"area_crs":2204795,"len_km":8,"area_km2":2},"id":103302011},{"arcs":[[43,44,45,-17]],"type":"Polygon","properties":{"adm1_psgc":100000000,"adm2_psgc":103300000,"adm3_psgc":103302000,"adm4_psgc":103302012,"adm4_en":"San Antonio","geo_level":"Bgy","len_crs":5656,"area_crs":1641996,"len_km":5,"area_km2":1},"id":103302012},{"arcs":[[46,-38,47,48,-43,49]],"type":"Polygon","properties":{"adm1_psgc":100000000,"adm2_psgc":103300000,"adm3_psgc":103302000,"adm4_psgc":103302014,"adm4_en":"San Benito Norte","geo_level":"Bgy","len_crs":8352,"area_crs":3532241,"len_km":8,"area_km2":3},"id":103302014},{"arcs":[[-37,50,-48]],"type":"Polygon","properties":{"adm1_psgc":100000000,"adm2_psgc":103300000,"adm3_psgc":103302000,"adm4_psgc":103302015,"adm4_en":"San Benito Sur","geo_level":"Bgy","len_crs":4670,"area_crs":1176713,"len_km":4,"area_km2":1},"id":103302015},{"arcs":[[-28,51,-11,52,53,54]],"type":"Polygon","properties":{"adm1_psgc":100000000,"adm2_psgc":103300000,"adm3_psgc":103302000,"adm4_psgc":103302016,"adm4_en":"San Eugenio","geo_level":"Bgy","len_crs":9741,"area_crs":5106966,"len_km":9,"area_km2":5},"id":103302016},{"arcs":[[-46,55,56,57,-18]],"type":"Polygon","properties":{"adm1_psgc":100000000,"adm2_psgc":103300000,"adm3_psgc":103302000,"adm4_psgc":103302018,"adm4_en":"San Juan East","geo_level":"Bgy","len_crs":9280,"area_crs":2031763,"len_km":9,"area_km2":2},"id":103302018},{"arcs":[[58,-39,-47,59,-57]],"type":"Polygon","properties":{"adm1_psgc":100000000,"adm2_psgc":103300000,"adm3_psgc":103302000,"adm4_psgc":103302019,"adm4_en":"San Juan West","geo_level":"Bgy","len_crs":9694,"area_crs":3101201,"len_km":9,"area_km2":3},"id":103302019},{"arcs":[[-59,-56,-45,60,-24,-30,61,-31]],"type":"Polygon","properties":{"adm1_psgc":100000000,"adm2_psgc":103300000,"adm3_psgc":103302000,"adm4_psgc":103302020,"adm4_en":"San Simon East","geo_level":"Bgy","len_crs":7011,"area_crs":2380992,"len_km":7,"area_km2":2},"id":103302020},{"arcs":[[-62,-29,-55,62,-32]],"type":"Polygon","properties":{"adm1_psgc":100000000,"adm2_psgc":103300000,"adm3_psgc":103302000,"adm4_psgc":103302021,"adm4_en":"San Simon West","geo_level":"Bgy","len_crs":6946,"area_crs":2439947,"len_km":6,"area_km2":2},"id":103302021},{"arcs":[[-16,63,-25,-61,-44]],"type":"Polygon","properties":{"adm1_psgc":100000000,"adm2_psgc":103300000,"adm3_psgc":103302000,"adm4_psgc":103302022,"adm4_en":"Santa Cecilia","geo_level":"Bgy","len_crs":7460,"area_crs":2950872,"len_km":7,"area_km2":2},"id":103302022},{"arcs":[[-49,-51,-36,64,65,-40]],"type":"Polygon","properties":{"adm1_psgc":100000000,"adm2_psgc":103300000,"adm3_psgc":103302000,"adm4_psgc":103302023,"adm4_en":"Santa Lucia","geo_level":"Bgy","len_crs":7545,"area_crs":3137833,"len_km":7,"area_km2":3},"id":103302023},{"arcs":[[-63,-54,66,-33]],"type":"Polygon","properties":{"adm1_psgc":100000000,"adm2_psgc":103300000,"adm3_psgc":103302000,"adm4_psgc":103302024,"adm4_en":"Santa Rita East","geo_level":"Bgy","len_crs":5925,"area_crs":1926329,"len_km":5,"area_km2":1},"id":103302024},{"arcs":[[-67,-53,-10,67,-34]],"type":"Polygon","properties":{"adm1_psgc":100000000,"adm2_psgc":103300000,"adm3_psgc":103302000,"adm4_psgc":103302025,"adm4_en":"Santa Rita West","geo_level":"Bgy","len_crs":4115,"area_crs":923285,"len_km":4,"area_km2":0},"id":103302025},{"arcs":[[-9,68,-65,-35,-68]],"type":"Polygon","properties":{"adm1_psgc":100000000,"adm2_psgc":103300000,"adm3_psgc":103302000,"adm4_psgc":103302027,"adm4_en":"Santo Rosario East","geo_level":"Bgy","len_crs":4126,"area_crs":895007,"len_km":4,"area_km2":0},"id":103302027},{"arcs":[[-66,-69,-8,-1,-41]],"type":"Polygon","properties":{"adm1_psgc":100000000,"adm2_psgc":103300000,"adm3_psgc":103302000,"adm4_psgc":103302028,"adm4_en":"Santo Rosario West","geo_level":"Bgy","len_crs":5771,"area_crs":1961061,