{"type":"Topology","arcs":[[[115,494],[13,-25]],[[128,469],[-66,3]],[[62,472],[53,22]],[[23,324],[-20,-35]],[[3,289],[-3,72]],[[0,361],[23,-37]],[[276,0],[-161,3],[0,63]],[[115,66],[102,80]],[[217,146],[59,-146]],[[115,66],[-31,78]],[[84,144],[27,11]],[[111,155],[92,16]],[[203,171],[14,-25]],[[184,253],[-1,-28]],[[183,225],[-97,-4]],[[86,221],[-22,43]],[[64,264],[3,4]],[[67,268],[117,-15]],[[288,681],[-45,-129]],[[243,552],[-32,-24]],[[211,528],[-85,25]],[[126,553],[41,157]],[[167,710],[121,-29]],[[111,155],[-25,66]],[[183,225],[20,-54]],[[84,144],[-64,118]],[[20,262],[16,-14]],[[36,248],[28,16]],[[134,455],[0,-19]],[[134,436],[-78,-2]],[[56,434],[3,22]],[[59,456],[75,-1]],[[37,283],[-1,-35]],[[20,262],[-17,27]],[[23,324],[9,6]],[[32,330],[5,-47]],[[71,279],[-4,-11]],[[37,283],[34,-4]],[[75,321],[-4,-42]],[[32,330],[44,13]],[[76,343],[-1,-22]],[[184,253],[0,41]],[[184,294],[47,96]],[[231,390],[83,39],[-66,105]],[[248,534],[-5,18]],[[288,681],[21,153]],[[309,834],[534,-3],[-37,-46],[10,-188],[52,-113],[-11,-251],[21,-77],[-274,-41],[-328,-115]],[[128,469],[6,-14]],[[59,456],[3,16]],[[248,534],[-17,-144]],[[184,294],[-31,28]],[[153,322],[-12,66]],[[141,388],[-7,48]],[[134,455],[77,73]],[[115,494],[11,59]],[[167,710],[-80,45]],[[87,755],[30,45],[76,31],[116,3]],[[141,388],[-75,-8]],[[66,380],[0,7]],[[66,387],[-10,47]],[[66,380],[10,-37]],[[0,361],[15,18]],[[15,379],[51,8]],[[15,379],[15,73]],[[30,452],[29,4]],[[30,452],[27,253],[30,50]],[[153,322],[-78,-1]]],"transform":{"scale":[0.0004622413792711316,0.0003475188477218324],"translate":[121.76712096900008,17.530313728000067]},"objects":{"bgysubmuns-municity-201519000":{"type":"GeometryCollection","geometries":[{"arcs":[[0,1,2]],"type":"Polygon","properties":{"adm1_psgc":200000000,"adm2_psgc":201500000,"adm3_psgc":201519000,"adm4_psgc":201519001,"adm4_en":"Aggugaddan","geo_level":"Bgy","len_crs":8629,"area_crs":3882547,"len_km":8,"area_km2":3},"id":201519001},{"arcs":[[3,4,5]],"type":"Polygon","properties":{"adm1_psgc":200000000,"adm2_psgc":201500000,"adm3_psgc":201519000,"adm4_psgc":201519002,"adm4_en":"Alimannao","geo_level":"Bgy","len_crs":7224,"area_crs":2778775,"len_km":7,"area_km2":2},"id":201519002},{"arcs":[[6,7,8]],"type":"Polygon","properties":{"adm1_psgc":200000000,"adm2_psgc":201500000,"adm3_psgc":201519000,"adm4_psgc":201519003,"adm4_en":"Baliuag","geo_level":"Bgy","len_crs":23100,"area_crs":27841444,"len_km":23,"area_km2":27},"id":201519003},{"arcs":[[-8,9,10,11,12]],"type":"Polygon","properties":{"adm1_psgc":200000000,"adm2_psgc":201500000,"adm3_psgc":201519000,"adm4_psgc":201519004,"adm4_en":"Bical","geo_level":"Bgy","len_crs":16832,"area_crs":14102161,"len_km":16,"area_km2":14},"id":201519004},{"arcs":[[13,14,15,16,17]],"type":"Polygon","properties":{"adm1_psgc":200000000,"adm2_psgc":201500000,"adm3_psgc":201519000,"adm4_psgc":201519005,"adm4_en":"Bugatay","geo_level":"Bgy","len_crs":14481,"area_crs":7895870,"len_km":14,"area_km2":7},"id":201519005},{"arcs":[[18,19,20,21,22]],"type":"Polygon","properties":{"adm1_psgc":200000000,"adm2_psgc":201500000,"adm3_psgc":201519000,"adm4_psgc":201519006,"adm4_en":"Buyun","geo_level":"Bgy","len_crs":24017,"area_crs":35563481,"len_km":24,"area_km2":35},"id":201519006},{"arcs":[[-12,23,-15,24]],"type":"Polygon","properties":{"adm1_psgc":200000000,"adm2_psgc":201500000,"adm3_psgc":201519000,"adm4_psgc":201519007,"adm4_en":"Cabasan","geo_level":"Bgy","len_crs":17100,"area_crs":11389368,"len_km":17,"area_km2":11},"id":201519007},{"arcs":[[-24,-11,25,26,27,-16]],"type":"Polygon","properties":{"adm1_psgc":200000000,"adm2_psgc":201500000,"adm3_psgc":201519000,"adm4_psgc":201519008,"adm4_en":"Cabbo","geo_level":"Bgy","len_crs":18297,"area_crs":10037075,"len_km":18,"area_km2":10},"id":201519008},{"arcs":[[28,29,30,31]],"type":"Polygon","properties":{"adm1_psgc":200000000,"adm2_psgc":201500000,"adm3_psgc":201519000,"adm4_psgc":201519009,"adm4_en":"Callao","geo_level":"Bgy","len_crs":9116,"area_crs":2798784,"len_km":9,"area_km2":2},"id":201519009},{"arcs":[[32,-27,33,-4,34,35]],"type":"Polygon","properties":{"adm1_psgc":200000000,"adm2_psgc":201500000,"adm3_psgc":201519000,"adm4_psgc":201519010,"adm4_en":"Camasi","geo_level":"Bgy","len_crs":7810,"area_crs":2949931,"len_km":7,"area_km2":2},"id":201519010},{"arcs":[[36,-17,-28,-33,37]],"type":"Polygon","properties":{"adm1_psgc":200000000,"adm2_psgc":201500000,"adm3_psgc":201519000,"adm4_psgc":201519011,"adm4_en":"Centro","geo_level":"Bgy","len_crs":5281,"area_crs":1491954,"len_km":5,"area_km2":1},"id":201519011},{"arcs":[[38,-38,-36,39,40]],"type":"Polygon","properties":{"adm1_psgc":200000000,"adm2_psgc":201500000,"adm3_psgc":201519000,"adm4_psgc":201519012,"adm4_en":"Dodan","geo_level":"Bgy","len_crs":8310,"area_crs":4008873,"len_km":8,"area_km2":4},"id":201519012},{"arcs":[[-9,-13,-25,-14,41,42,43,44,-19,45,46]],"type":"Polygon","properties":{"adm1_psgc":200000000,"adm2_psgc":201500000,"adm3_psgc":201519000,"adm4_psgc":201519013,"adm4_en":"Lapi","geo_level":"Bgy","len_crs":141555,"area_crs":828285155,"len_km":141,"area_km2":828},"id":201519013},{"arcs":[[47,-32,48,-2]],"type":"Polygon","properties":{"adm1_psgc":200000000,"adm2_psgc":201500000,"adm3_psgc":201519000,"adm4_psgc":201519015,"adm4_en":"Malibabag","geo_level":"Bgy","len_crs":8213,"area_crs":2230242,"len_km":8,"area_km2":2},"id":201519015},{"arcs":[[49,-43,50,51,52,-29,53,-20,-45]],"type":"Polygon","properties":{"adm1_psgc":200000000,"adm2_psgc":201500000,"adm3_psgc":201519000,"adm4_psgc":201519016,"adm4_en":"Manga","geo_level":"Bgy","len_crs":25162,"area_crs":30183315,"len_km":25,"area_km2":30},"id":201519016},{"arcs":[[-50,-44]],"type":"Polygon","properties":{"adm1_psgc":200000000,"adm2_psgc":201500000,"adm3_psgc":201519000,"adm4_psgc":201519017,"adm4_en":"Minanga","geo_level":"Bgy","len_crs":15577,"area_crs":13122948,"len_km":15,"area_km2":13},"id":201519017},{"arcs":[[-54,-48,-1,54,-21]],"type":"Polygon","properties":{"adm1_psgc":200000000,"adm2_psgc":201500000,"adm3_psgc":201519000,"adm4_psgc":201519018,"adm4_en":"Nabbabalayan","geo_level":"Bgy","len_crs":13584,"area_crs":10277379,"len_km":13,"area_km2":10},"id":201519018},{"arcs":[[-23,55,56,-46]],"type":"Polygon","properties":{"adm1_psgc":200000000,"adm2_psgc":201500000,"adm3_psgc":201519000,"adm4_psgc":201519019,"adm4_en":"Nanguilattan","geo_level":"Bgy","len_crs":28236,"area_crs":44725353,"len_km":28,"area_km2":44},"id":201519019},{"arcs":[[57,58,59,-30,-53]],"type":"Polygon","properties":{"adm1_psgc":200000000,"adm2_psgc":201500000,"adm3_psgc":201519000,"adm4_psgc":201519020,"adm4_en":"Nannarian","geo_level":"Bgy","len_crs":11618,"area_crs":6936923,"len_km":11,"area_km2":6},"id":201519020},{"arcs":[[60,-40,-35,-6,61,62,-59]],"type":"Polygon","properties":{"adm1_psgc":200000000,"adm2_psgc":201500000,"adm3_psgc":201519000,"adm4_psgc":201519021,"adm4_en":"Parabba","geo_level":"Bgy","len_crs":9904,"area_crs":5661798,"len_km":9,"area_km2":5},"id":201519021},{"arcs":[[-60,-63,63,64,-31]],"type":"Polygon","properties":{"adm1_psgc":200000000,"adm2_psgc":201500000,"adm3_psgc":201519000,"adm4_psgc":201519022,"adm4_en":"Patagueleg","geo_level":"Bgy","len_crs":9691,"area_crs":5553892,"len_km":9,"area_km2":5},"id":201519022},{"arcs":[[-22,-55,-3,-49,-65,65,-56]],"type":"Polygon","properties":{"adm1_psgc":200000000,"adm2_psgc":201500000,"adm3_psgc":201519000,"adm4_psgc":201519023,"adm4_en":"Quibal","geo_level":"Bgy","len_crs":31390,"area_crs":44637705,"len_km":31,"area_km2":44},"id":201519023},{"arcs":[[66,-41,-61,-58,-52]],"type":"Polygon","properties":{"adm1_psgc":200000000,"adm2_psgc":201500000,"adm3_psgc":201519000,"adm4_psgc":201519024,"adm4_en":"San Roque","geo_level":"Bgy","len_crs":12519,"area_crs":9461158,"len_km":12,"area_km2":9},"id":201519024},{"arcs":[[-42,-18,-37,-39,-67,-51]],"type":"Polygon","properties":{"adm1_psgc":200000000,"adm2_psgc":201500000,"adm3_psgc":201519000,"adm4_psgc":201519025,"adm4_en":"Sisim","geo_level":"Bgy","len_crs":15290,"area_crs":12467042,"len_km":15,