{"type":"Topology","arcs":[[[404,613],[-36,-67]],[[368,546],[-40,-47]],[[328,499],[-14,4]],[[314,503],[-36,99]],[[278,602],[126,11]],[[162,277],[-14,-25]],[[148,252],[-103,-36]],[[45,216],[3,65]],[[48,281],[114,-4]],[[153,451],[-121,-97]],[[32,354],[-32,82],[181,103]],[[181,539],[-28,-88]],[[431,463],[-103,36]],[[368,546],[79,4]],[[447,550],[-16,-87]],[[419,303],[63,-154]],[[482,149],[-55,-44]],[[427,105],[-96,53]],[[331,158],[-33,54]],[[298,212],[1,48]],[[299,260],[120,43]],[[404,613],[43,-63]],[[207,409],[14,-76]],[[221,333],[-59,-56]],[[48,281],[-8,35]],[[40,316],[167,93]],[[331,158],[-18,-93]],[[313,65],[-205,55]],[[108,120],[113,53]],[[221,173],[77,39]],[[328,499],[-6,-50]],[[322,449],[-37,-18]],[[285,431],[-8,36]],[[277,467],[37,36]],[[236,430],[28,-9]],[[264,421],[6,-26]],[[270,395],[-18,-45]],[[252,350],[-20,-14]],[[232,336],[-11,-3]],[[207,409],[0,7]],[[207,416],[29,14]],[[275,256],[-88,-62]],[[187,194],[-13,43]],[[174,237],[58,99]],[[252,350],[23,-94]],[[174,237],[-26,15]],[[382,0],[45,105]],[[482,149],[-100,-149]],[[221,173],[-34,21]],[[275,256],[24,4]],[[414,355],[5,-52]],[[270,395],[144,-40]],[[108,120],[-63,96]],[[257,456],[-21,-26]],[[207,416],[-54,35]],[[181,539],[41,35]],[[222,574],[35,-118]],[[285,431],[-21,-10]],[[264,421],[-2,37]],[[262,458],[15,9]],[[257,456],[5,2]],[[431,463],[-40,-54]],[[391,409],[-69,40]],[[222,574],[56,28]],[[40,316],[-8,38]],[[382,0],[-69,65]],[[391,409],[23,-54]]],"transform":{"scale":[0.00015310023858918352,0.00012024883523655962],"translate":[120.31790581900009,15.956120502000038]},"objects":{"bgysubmuns-municity-105517000":{"type":"GeometryCollection","geometries":[{"arcs":[[0,1,2,3,4]],"type":"Polygon","properties":{"adm1_psgc":100000000,"adm2_psgc":105500000,"adm3_psgc":105517000,"adm4_psgc":105517001,"adm4_en":"Ambonao","geo_level":"Bgy","len_crs":9654,"area_crs":2881561,"len_km":9,"area_km2":2},"id":105517001},{"arcs":[[5,6,7,8]],"type":"Polygon","properties":{"adm1_psgc":100000000,"adm2_psgc":105500000,"adm3_psgc":105517000,"adm4_psgc":105517002,"adm4_en":"Ambuetel","geo_level":"Bgy","len_crs":5451,"area_crs":1659036,"len_km":5,"area_km2":1},"id":105517002},{"arcs":[[9,10,11]],"type":"Polygon","properties":{"adm1_psgc":100000000,"adm2_psgc":105500000,"adm3_psgc":105517000,"adm4_psgc":105517003,"adm4_en":"Banaoang","geo_level":"Bgy","len_crs":8853,"area_crs":2946006,"len_km":8,"area_km2":2},"id":105517003},{"arcs":[[12,-2,13,14]],"type":"Polygon","properties":{"adm1_psgc":100000000,"adm2_psgc":105500000,"adm3_psgc":105517000,"adm4_psgc":105517004,"adm4_en":"Bued","geo_level":"Bgy","len_crs":6769,"area_crs":1161425,"len_km":6,"area_km2":1},"id":105517004},{"arcs":[[15,16,17,18,19,20]],"type":"Polygon","properties":{"adm1_psgc":100000000,"adm2_psgc":105500000,"adm3_psgc":105517000,"adm4_psgc":105517005,"adm4_en":"Buenlag","geo_level":"Bgy","len_crs":10459,"area_crs":4791501,"len_km":10,"area_km2":4},"id":105517005},{"arcs":[[-14,-1,21]],"type":"Polygon","properties":{"adm1_psgc":100000000,"adm2_psgc":105500000,"adm3_psgc":105517000,"adm4_psgc":105517006,"adm4_en":"Cabilocaan","geo_level":"Bgy","len_crs":5127,"area_crs":1118373,"len_km":5,"area_km2":1},"id":105517006},{"arcs":[[22,23,-9,24,25]],"type":"Polygon","properties":{"adm1_psgc":100000000,"adm2_psgc":105500000,"adm3_psgc":105517000,"adm4_psgc":105517007,"adm4_en":"Dinalaoan","geo_level":"Bgy","len_crs":8018,"area_crs":2865597,"len_km":8,"area_km2":2},"id":105517007},{"arcs":[[26,27,28,29,-19]],"type":"Polygon","properties":{"adm1_psgc":100000000,"adm2_psgc":105500000,"adm3_psgc":105517000,"adm4_psgc":105517008,"adm4_en":"Doyong","geo_level":"Bgy","len_crs":11001,"area_crs":3220517,"len_km":11,"area_km2":3},"id":105517008},{"arcs":[[30,31,32,33,-3]],"type":"Polygon","properties":{"adm1_psgc":100000000,"adm2_psgc":105500000,"adm3_psgc":105517000,"adm4_psgc":105517009,"adm4_en":"Gabon","geo_level":"Bgy","len_crs":2904,"area_crs":478327,"len_km":2,"area_km2":0},"id":105517009},{"arcs":[[34,35,36,37,38,-23,39,40]],"type":"Polygon","properties":{"adm1_psgc":100000000,"adm2_psgc":105500000,"adm3_psgc":105517000,"adm4_psgc":105517010,"adm4_en":"Lasip","geo_level":"Bgy","len_crs":4153,"area_crs":999387,"len_km":4,"area_km2":0},"id":105517010},{"arcs":[[41,42,43,-38,44]],"type":"Polygon","properties":{"adm1_psgc":100000000,"adm2_psgc":105500000,"adm3_psgc":105517000,"adm4_psgc":105517011,"adm4_en":"Longos","geo_level":"Bgy","len_crs":7252,"area_crs":1226182,"len_km":7,"area_km2":1},"id":105517011},{"arcs":[[-44,45,-6,-24,-39]],"type":"Polygon","properties":{"adm1_psgc":100000000,"adm2_psgc":105500000,"adm3_psgc":105517000,"adm4_psgc":105517012,"adm4_en":"Lumbang","geo_level":"Bgy","len_crs":5312,"area_crs":1104584,"len_km":5,"area_km2":1},"id":105517012},{"arcs":[[46,-17,47]],"type":"Polygon","properties":{"adm1_psgc":100000000,"adm2_psgc":105500000,"adm3_psgc":105517000,"adm4_psgc":105517013,"adm4_en":"Macabito","geo_level":"Bgy","len_crs":9731,"area_crs":3141069,"len_km":9,"area_km2":3},"id":105517013},{"arcs":[[-20,-30,48,-42,49]],"type":"Polygon","properties":{"adm1_psgc":100000000,"adm2_psgc":105500000,"adm3_psgc":105517000,"adm4_psgc":105517014,"adm4_en":"Malabago","geo_level":"Bgy","len_crs":5318,"area_crs":1398578,"len_km":5,"area_km2":1},"id":105517014},{"arcs":[[50,-21,-50,-45,-37,51]],"type":"Polygon","properties":{"adm1_psgc":100000000,"adm2_psgc":105500000,"adm3_psgc":105517000,"adm4_psgc":105517015,"adm4_en":"Mancup","geo_level":"Bgy","len_crs":8872,"area_crs":2552498,"len_km":8,"area_km2":2},"id":105517015},{"arcs":[[-43,-49,-29,52,-7,-46]],"type":"Polygon","properties":{"adm1_psgc":100000000,"adm2_psgc":105500000,"adm3_psgc":105517000,"adm4_psgc":105517016,"adm4_en":"Nagsaing","geo_level":"Bgy","len_crs":8408,"area_crs":3370663,"len_km":8,"area_km2":3},"id":105517016},{"arcs":[[53,-41,54,-12,55,56]],"type":"Polygon","properties":{"adm1_psgc":100000000,"adm2_psgc":105500000,"adm3_psgc":105517000,"adm4_psgc":105517017,"adm4_en":"Nalsian","geo_level":"Bgy","len_crs":7641,"area_crs":1793304,"len_km":7,"area_km2":1},"id":105517017},{"arcs":[[57,58,59,-33]],"type":"Polygon","properties":{"adm1_psgc":100000000,"adm2_psgc":105500000,"adm3_psgc":105517000,"adm4_psgc":105517018,"adm4_en":"Poblacion East","geo_level":"Bgy","len_crs":1716,"area_crs":146147,"len_km":1,"area_km2":0},"id":105517018},{"arcs":[[-35,-54,60,-59]],"type":"Polygon","properties":{"adm1_psgc":100000000,"adm2_psgc":105500000,"adm3_psgc":105517000,"adm4_psgc":105517019,"adm4_en":"Poblacion West","geo_level":"Bgy","len_crs":1909,"area_crs":167223,"len_km":1,"area_km2":0},"id":105517019},{"arcs":[[61,62,-31,-13]],"type":"Polygon","properties":{"adm1_psgc":100000000,"adm2_psgc":105500000,"adm3_psgc":105517000,"adm4_psgc":105517020,"adm4_en":"Quesban","geo_level":"Bgy","len_crs":5487,"area_crs":1595898,"len_km":5,"area_km2":1},"id":105517020},{"arcs":[[-34,-60,-61,-57,63,-4]],"type":"Polygon","properties":{"adm1_psgc":100000000,"adm2_psgc":105500000,"adm3_psgc":105517000,"adm4_psgc":105517022,"adm4_en":"San Miguel","geo_level":"Bgy","len_crs":5425,"area_crs":1639316,"len_km":5,"area_km2":1},"id":105517022},{"arcs":[[-40,-26,64,-10,-55]],"type":"Polygon","properties":{"adm1_psgc":100000000,"adm2_psgc":105500000,"adm3_psgc":105517000,"adm4_psgc":105517023,"adm4_en":"San Vicente","geo_level":"Bgy","len_crs":7809,"area_crs":2184660,"len_km":7,"area_km2":2},"id":105517023},{"arcs":[[-47,65,-27,-18]],"type":"Polygon","properties":{"adm1_psgc":100000000,"adm2_psgc":105500000,"adm3_psgc":105517000,"adm4_psgc":105517024,"adm4_en":"Songkoy","geo_level":"Bgy","len_crs":8433,"area_crs":3218080,"len_km":8,"area_km2":3},"id":105517024},{"arcs":[[66,-52,-36,-58,-32,-63]],"type":"Polygon","properties":{"adm1_psgc":100000000,"adm2_psgc":105500000,"adm3_psgc":105517000,"adm4_psgc":105517025,"adm4_en":"Talibaew","geo_level":"Bgy","len_crs":6249,"area_crs":1832926,"len_km":6,"area_km2":1},"id":105517025}]}}}