{"type":"Topology","arcs":[[[282,199],[-40,14]],[[242,213],[-3,87]],[[239,300],[43,-101]],[[419,528],[-48,-92]],[[371,436],[-16,-24]],[[355,412],[-55,7]],[[300,419],[-19,21]],[[281,440],[32,174]],[[313,614],[136,87]],[[449,701],[-30,-173]],[[355,412],[-41,-171]],[[314,241],[-75,59]],[[239,300],[61,119]],[[501,419],[-60,-49]],[[441,370],[-70,66]],[[419,528],[96,28]],[[515,556],[-14,-137]],[[172,210],[-48,-17]],[[124,193],[-34,64]],[[90,257],[20,10]],[[110,267],[79,2]],[[189,269],[-17,-59]],[[728,578],[-84,-5]],[[644,573],[-41,45]],[[603,618],[29,43]],[[632,661],[96,-83]],[[376,95],[28,-22]],[[404,73],[-6,-53]],[[398,20],[-89,1]],[[309,21],[-22,63]],[[287,84],[26,28]],[[313,112],[63,-17]],[[221,436],[-22,-49]],[[199,387],[-52,12]],[[147,399],[-57,115]],[[90,514],[145,94]],[[235,608],[-14,-172]],[[728,578],[-91,-151]],[[637,427],[-39,31]],[[598,458],[46,115]],[[527,413],[-6,-39]],[[521,374],[-81,-56]],[[440,318],[-39,11]],[[401,329],[40,41]],[[501,419],[26,-6]],[[440,206],[62,-86]],[[502,120],[-98,-47]],[[376,95],[-15,66]],[[361,161],[39,82]],[[400,243],[40,-37]],[[314,241],[13,-17]],[[327,224],[-45,-25]],[[575,400],[-54,-26]],[[527,413],[18,2]],[[545,415],[30,-15]],[[603,618],[-88,-62]],[[449,701],[183,-40]],[[281,440],[-60,-4]],[[235,608],[78,6]],[[242,213],[-18,-15]],[[224,198],[-47,-7]],[[177,191],[-5,19]],[[189,269],[2,14]],[[191,283],[48,17]],[[598,458],[-53,-43]],[[309,21],[-143,-21]],[[166,0],[25,58]],[[191,58],[96,26]],[[361,161],[-75,-1]],[[286,160],[0,21]],[[286,181],[-4,18]],[[327,224],[33,41]],[[360,265],[40,-22]],[[217,158],[-7,-18]],[[210,140],[-13,-32]],[[197,108],[-38,-4]],[[159,104],[-24,58]],[[135,162],[45,7]],[[180,169],[37,-11]],[[226,177],[-9,-19]],[[180,169],[-3,22]],[[224,198],[2,-21]],[[401,329],[-41,-64]],[[191,283],[8,104]],[[313,112],[-27,48]],[[191,58],[6,50]],[[210,140],[76,20]],[[226,177],[60,4]],[[440,318],[0,-112]],[[166,0],[-7,104]],[[637,427],[-62,-27]],[[502,120],[259,-18],[-47,-84],[-316,2]],[[147,399],[-37,-132]],[[90,257],[-90,184],[90,73]],[[135,162],[-11,31]]],"transform":{"scale":[0.00017389018396836407,0.00015106527960055587],"translate":[120.43346987600012,17.39233590300006]},"objects":{"bgysubmuns-municity-102914000":{"type":"GeometryCollection","geometries":[{"arcs":[[0,1,2]],"type":"Polygon","properties":{"adm1_psgc":100000000,"adm2_psgc":102900000,"adm3_psgc":102914000,"adm4_psgc":102914001,"adm4_en":"Abuor","geo_level":"Bgy","len_crs":4313,"area_crs":724061,"len_km":4,"area_km2":0},"id":102914001},{"arcs":[[3,4,5,6,7,8,9]],"type":"Polygon","properties":{"adm1_psgc":100000000,"adm2_psgc":102900000,"adm3_psgc":102914000,"adm4_psgc":102914002,"adm4_en":"Ambulogan","geo_level":"Bgy","len_crs":13099,"area_crs":7557198,"len_km":13,"area_km2":7},"id":102914002},{"arcs":[[10,11,12,-6]],"type":"Polygon","properties":{"adm1_psgc":100000000,"adm2_psgc":102900000,"adm3_psgc":102914000,"adm4_psgc":102914004,"adm4_en":"Aquib","geo_level":"Bgy","len_crs":8441,"area_crs":2921034,"len_km":8,"area_km2":2},"id":102914004},{"arcs":[[13,14,-4,15,16]],"type":"Polygon","properties":{"adm1_psgc":100000000,"adm2_psgc":102900000,"adm3_psgc":102914000,"adm4_psgc":102914005,"adm4_en":"Banglayan","geo_level":"Bgy","len_crs":9214,"area_crs":5282213,"len_km":9,"area_km2":5},"id":102914005},{"arcs":[[17,18,19,20,21]],"type":"Polygon","properties":{"adm1_psgc":100000000,"adm2_psgc":102900000,"adm3_psgc":102914000,"adm4_psgc":102914006,"adm4_en":"Bulanos","geo_level":"Bgy","len_crs":5315,"area_crs":1479753,"len_km":5,"area_km2":1},"id":102914006},{"arcs":[[22,23,24,25]],"type":"Polygon","properties":{"adm1_psgc":100000000,"adm2_psgc":102900000,"adm3_psgc":102914000,"adm4_psgc":102914007,"adm4_en":"Cadacad","geo_level":"Bgy","len_crs":10553,"area_crs":6395617,"len_km":10,"area_km2":6},"id":102914007},{"arcs":[[26,27,28,29,30,31]],"type":"Polygon","properties":{"adm1_psgc":100000000,"adm2_psgc":102900000,"adm3_psgc":102914000,"adm4_psgc":102914008,"adm4_en":"Cagayungan","geo_level":"Bgy","len_crs":6701,"area_crs":2834772,"len_km":6,"area_km2":2},"id":102914008},{"arcs":[[32,33,34,35,36]],"type":"Polygon","properties":{"adm1_psgc":100000000,"adm2_psgc":102900000,"adm3_psgc":102914000,"adm4_psgc":102914009,"adm4_en":"Camarao","geo_level":"Bgy","len_crs":10269,"area_crs":5700765,"len_km":10,"area_km2":5},"id":102914009},{"arcs":[[37,38,39,-23]],"type":"Polygon","properties":{"adm1_psgc":100000000,"adm2_psgc":102900000,"adm3_psgc":102914000,"adm4_psgc":102914010,"adm4_en":"Casilagan","geo_level":"Bgy","len_crs":8808,"area_crs":4247630,"len_km":8,"area_km2":4},"id":102914010},{"arcs":[[40,41,42,43,-14,44]],"type":"Polygon","properties":{"adm1_psgc":100000000,"adm2_psgc":102900000,"adm3_psgc":102914000,"adm4_psgc":102914011,"adm4_en":"Codoog","geo_level":"Bgy","len_crs":6479,"area_crs":1498798,"len_km":6,"area_km2":1},"id":102914011},{"arcs":[[45,46,-27,47,48,49]],"type":"Polygon","properties":{"adm1_psgc":100000000,"adm2_psgc":102900000,"adm3_psgc":102914000,"adm4_psgc":102914012,"adm4_en":"Dasay","geo_level":"Bgy","len_crs":9069,"area_crs":3687279,"len_km":9,"area_km2":3},"id":102914012},{"arcs":[[50,51,-3,-12]],"type":"Polygon","properties":{"adm1_psgc":100000000,"adm2_psgc":102900000,"adm3_psgc":102914000,"adm4_psgc":102914013,"adm4_en":"Dinalaoan","geo_level":"Bgy","len_crs":5268,"area_crs":1252427,"len_km":5,"area_km2":1},"id":102914013},{"arcs":[[52,-41,53,54]],"type":"Polygon","properties":{"adm1_psgc":100000000,"adm2_psgc":102900000,"adm3_psgc":102914000,"adm4_psgc":102914014,"adm4_en":"Estancia","geo_level":"Bgy","len_crs":2954,"area_crs":442471,"len_km":2,"area_km2":0},"id":102914014},{"arcs":[[-25,55,-16,-10,56]],"type":"Polygon","properties":{"adm1_psgc":100000000,"adm2_psgc":102900000,"adm3_psgc":102914000,"adm4_psgc":102914015,"adm4_en":"Lanipao","geo_level":"Bgy","len_crs":11397,"area_crs":7806576,"len_km":11,"area_km2":7},"id":102914015},{"arcs":[[-8,57,-37,58]],"type":"Polygon","properties":{"adm1_psgc":100000000,"adm2_psgc":102900000,"adm3_psgc":102914000,"adm4_psgc":102914016,"adm4_en":"Lungog","geo_level":"Bgy","len_crs":8603,"area_crs":4202657,"len_km":8,"area_km2":4},"id":102914016},{"arcs":[[59,60,61,-22,62,63,-2]],"type":"Polygon","properties":{"adm1_psgc":100000000,"adm2_psgc":102900000,"adm3_psgc":102914000,"adm4_psgc":102914017,"adm4_en":"Margaay","geo_level":"Bgy","len_crs":5821,"area_crs":1622498,"len_km":5,"area_km2":1},"id":102914017},{"arcs":[[-40,64,-54,-45,-17,-56,-24]],"type":"Polygon","properties":{"adm1_psgc":100000000,"adm2_psgc":102900000,"adm3_psgc":102914000,"adm4_psgc":102914018,"adm4_en":"Marozo","geo_level":"Bgy","len_crs":10051,"area_crs":4885163,"len_km":10,"area_km2":4},"id":102914018},{"arcs":[[-30,65,66,67]],"type":"Polygon","properties":{"adm1_psgc":100000000,"adm2_psgc":102900000,"adm3_psgc":102914000,"adm4_psgc":102914019,"adm4_en":"Naguneg","geo_level":"Bgy","len_crs":7070,"area_crs":2818922,"len_km":7,"area_km2":2},"id":102914019},{"arcs":[[-49,68,69,70,-52,71,72]],"type":"Polygon","properties":{"adm1_psgc":100000000,"adm2_psgc":102900000,"adm3_psgc":102914000,"adm4_psgc":102914020,"adm4_en":"Orence","geo_level":"Bgy","len_crs":6747,"area_crs":1884781,"len_km":6,"area_km2":1},"id":102914020},{"arcs":[[73,74,75,76,77,78]],"type":"Polygon","properties":{"adm1_psgc":100000000,"adm2_psgc":102900000,"adm3_psgc":102914000,"adm4_psgc":102914021,"adm4_en":"Pantoc","geo_level":"Bgy","len_crs":5997,"area_crs":1008878,"len_km":5,"area_km2":1},"id":102914021},{"arcs":[[79,-79,80,-61,81]],"type":"Polygon","properties":{"adm1_psgc":100000000,"adm2_psgc":102900000,"adm3_psgc":102914000,"adm4_psgc":102914022,"adm4_en":"Paratong","geo_level":"Bgy","len_crs":4212,"area_crs":633184,"len_km":4,"area_km2":0},"id":102914022},{"arcs":[[-44,82,-72,-51,-11,-5,-15]],"type":"Polygon","properties":{"adm1_psgc":100000000,"adm2_psgc":102900000,"adm3_psgc":102914000,"adm4_psgc":102914023,"adm4_en":"Parparia","geo_level":"Bgy","len_crs":8832,"area_crs":3247274,"len_km":8,"area_km2":3},