{"type":"Topology","arcs":[[[310,1056],[11,-20]],[[321,1036],[-2,-51]],[[319,985],[5,-60]],[[324,925],[-40,-24]],[[284,901],[-41,18]],[[243,919],[-56,143]],[[187,1062],[123,-6]],[[393,759],[-61,-82]],[[332,677],[-89,39]],[[243,716],[31,22]],[[274,738],[75,40]],[[349,778],[44,-19]],[[206,897],[-10,-90]],[[196,807],[-67,-40]],[[129,767],[-71,47]],[[58,814],[61,122]],[[119,936],[23,28]],[[142,964],[64,-67]],[[609,266],[-239,-27]],[[370,239],[57,90]],[[427,329],[79,47]],[[506,376],[70,9]],[[576,385],[33,-119]],[[118,1071],[1,-135]],[[58,814],[-58,135],[118,122]],[[352,1059],[-31,-23]],[[310,1056],[42,3]],[[413,822],[-43,16]],[[370,838],[-9,56]],[[361,894],[43,7]],[[404,901],[9,-79]],[[324,925],[10,-12]],[[334,913],[-9,-71]],[[325,842],[-56,-19]],[[269,823],[-44,-11]],[[225,812],[59,89]],[[500,948],[-27,-82]],[[473,866],[-48,55]],[[425,921],[-11,19]],[[414,940],[86,8]],[[669,905],[-97,47]],[[572,952],[97,-47]],[[609,685],[-1,-45]],[[608,640],[-99,-79]],[[509,561],[-13,63]],[[496,624],[-6,86]],[[490,710],[119,-25]],[[370,838],[-22,-17]],[[348,821],[-23,21]],[[334,913],[27,-19]],[[453,1010],[-24,-7]],[[429,1003],[-34,0]],[[395,1003],[-2,15]],[[393,1018],[60,-8]],[[356,951],[45,-44]],[[401,907],[3,-6]],[[319,985],[47,25]],[[366,1010],[-10,-59]],[[269,823],[5,-85]],[[243,716],[-114,51]],[[196,807],[29,5]],[[427,329],[1,63]],[[428,392],[78,-16]],[[348,821],[1,-43]],[[609,266],[35,-195]],[[644,71],[-216,44],[-156,-6]],[[272,109],[98,130]],[[581,436],[-5,-51]],[[428,392],[-9,83]],[[419,475],[80,46]],[[499,521],[82,-85]],[[487,745],[3,-35]],[[496,624],[-141,-30]],[[355,594],[-23,83]],[[393,759],[94,-14]],[[512,977],[60,-25]],[[669,905],[-5,-32]],[[664,873],[-163,-53]],[[501,820],[-28,46]],[[500,948],[12,29]],[[393,759],[-13,39]],[[380,798],[113,1]],[[493,799],[-6,-54]],[[169,1065],[-27,-101]],[[118,1071],[51,-6]],[[382,1042],[-16,-32]],[[352,1059],[30,-17]],[[395,1003],[-39,-52]],[[382,1042],[11,-24]],[[664,873],[-55,-188]],[[493,799],[8,21]],[[499,521],[10,40]],[[608,640],[-27,-204]],[[380,798],[33,24]],[[401,907],[24,14]],[[414,940],[15,63]],[[453,1010],[59,-33]],[[419,475],[-64,119]],[[206,897],[37,22]],[[169,1065],[18,-3]],[[644,71],[-55,-71],[-319,14],[2,95]]],"transform":{"scale":[0.00018196764424510922,0.000180120709617217],"translate":[122.09612487700007,11.634868410000022]},"objects":{"bgysubmuns-municity-600406000":{"type":"GeometryCollection","geometries":[{"arcs":[[0,1,2,3,4,5,6]],"type":"Polygon","properties":{"adm1_psgc":600000000,"adm2_psgc":600400000,"adm3_psgc":600406000,"adm4_psgc":600406001,"adm4_en":"Agbago","geo_level":"Bgy","len_crs":12688,"area_crs":5602924,"len_km":12,"area_km2":5},"id":600406001},{"arcs":[[7,8,9,10,11]],"type":"Polygon","properties":{"adm1_psgc":600000000,"adm2_psgc":600400000,"adm3_psgc":600406000,"adm4_psgc":600406002,"adm4_en":"Agdugayan","geo_level":"Bgy","len_crs":9111,"area_crs":3217698,"len_km":9,"area_km2":3},"id":600406002},{"arcs":[[12,13,14,15,16,17]],"type":"Polygon","properties":{"adm1_psgc":600000000,"adm2_psgc":600400000,"adm3_psgc":600406000,"adm4_psgc":600406003,"adm4_en":"Antipolo","geo_level":"Bgy","len_crs":11039,"area_crs":6468031,"len_km":11,"area_km2":6},"id":600406003},{"arcs":[[18,19,20,21,22]],"type":"Polygon","properties":{"adm1_psgc":600000000,"adm2_psgc":600400000,"adm3_psgc":600406000,"adm4_psgc":600406004,"adm4_en":"Aparicio","geo_level":"Bgy","len_crs":13556,"area_crs":8114381,"len_km":13,"area_km2":8},"id":600406004},{"arcs":[[23,-16,24]],"type":"Polygon","properties":{"adm1_psgc":600000000,"adm2_psgc":600400000,"adm3_psgc":600406000,"adm4_psgc":600406005,"adm4_en":"Aquino","geo_level":"Bgy","len_crs":13877,"area_crs":9162816,"len_km":13,"area_km2":9},"id":600406005},{"arcs":[[25,-1,26]],"type":"Polygon","properties":{"adm1_psgc":600000000,"adm2_psgc":600400000,"adm3_psgc":600406000,"adm4_psgc":600406006,"adm4_en":"Aslum","geo_level":"Bgy","len_crs":2731,"area_crs":285502,"len_km":2,"area_km2":0},"id":600406006},{"arcs":[[27,28,29,30]],"type":"Polygon","properties":{"adm1_psgc":600000000,"adm2_psgc":600400000,"adm3_psgc":600406000,"adm4_psgc":600406007,"adm4_en":"Bagacay","geo_level":"Bgy","len_crs":5532,"area_crs":881052,"len_km":5,"area_km2":0},"id":600406007},{"arcs":[[31,32,33,34,35,-4]],"type":"Polygon","properties":{"adm1_psgc":600000000,"adm2_psgc":600400000,"adm3_psgc":600406000,"adm4_psgc":600406008,"adm4_en":"Batuan","geo_level":"Bgy","len_crs":7995,"area_crs":2330283,"len_km":7,"area_km2":2},"id":600406008},{"arcs":[[36,37,38,39]],"type":"Polygon","properties":{"adm1_psgc":600000000,"adm2_psgc":600400000,"adm3_psgc":600406000,"adm4_psgc":600406009,"adm4_en":"Buenavista","geo_level":"Bgy","len_crs":6483,"area_crs":2076740,"len_km":6,"area_km2":2},"id":600406009},{"arcs":[[40,41]],"type":"Polygon","properties":{"adm1_psgc":600000000,"adm2_psgc":600400000,"adm3_psgc":600406000,"adm4_psgc":600406010,"adm4_en":"Bugtongbato","geo_level":"Bgy","len_crs":7686,"area_crs":2095512,"len_km":7,"area_km2":2},"id":600406010},{"arcs":[[42,43,44,45,46]],"type":"Polygon","properties":{"adm1_psgc":600000000,"adm2_psgc":600400000,"adm3_psgc":600406000,"adm4_psgc":600406011,"adm4_en":"Cabugao","geo_level":"Bgy","len_crs":11099,"area_crs":4413193,"len_km":11,"area_km2":4},"id":600406011},{"arcs":[[-29,47,48,-33,49]],"type":"Polygon","properties":{"adm1_psgc":600000000,"adm2_psgc":600400000,"adm3_psgc":600406000,"adm4_psgc":600406012,"adm4_en":"Capilijan","geo_level":"Bgy","len_crs":5467,"area_crs":916065,"len_km":5,"area_km2":0},"id":600406012},{"arcs":[[50,51,52,53]],"type":"Polygon","properties":{"adm1_psgc":600000000,"adm2_psgc":600400000,"adm3_psgc":600406000,"adm4_psgc":600406013,"adm4_en":"Colongcolong","geo_level":"Bgy","len_crs":5107,"area_crs":704649,"len_km":5,"area_km2":0},"id":600406013},{"arcs":[[54,55,-30,-50,-32,-3,56,57]],"type":"Polygon","properties":{"adm1_psgc":600000000,"adm2_psgc":600400000,"adm3_psgc":600406000,"adm4_psgc":600406014,"adm4_en":"Laguinbanwa","geo_level":"Bgy","len_crs":8085,"area_crs":1744511,"len_km":8,"area_km2":1},"id":600406014},{"arcs":[[58,-10,59,-14,60,-35]],"type":"Polygon","properties":{"adm1_psgc":600000000,"adm2_psgc":600400000,"adm3_psgc":600406000,"adm4_psgc":600406015,"adm4_en":"Mabusao","geo_level":"Bgy","len_crs":10523,"area_crs":3528758,"len_km":10,"area_km2":3},"id":600406015},{"arcs":[[-21,61,62]],"type":"Polygon","properties":{"adm1_psgc":600000000,"adm2_psgc":600400000,"adm3_psgc":600406000,"adm4_psgc":600406016,"adm4_en":"Malindog","geo_level":"Bgy","len_crs":5495,"area_crs":1721218,"len_km":5,"area_km2":1},"id":600406016},{"arcs":[[-49,63,-11,-59,-34]],"type":"Polygon","properties":{"adm1_psgc":600000000,"adm2_psgc":600400000,"adm3_psgc":600406000,"adm4_psgc":600406017,"adm4_en":"Maloco","geo_level":"Bgy","len_crs":8804,"area_crs":3014214,"len_km":8,"area_km2":3},"id":600406017},{"arcs":[[64,65,66,-19]],"type":"Polygon","properties":{"adm1_psgc":600000000,"adm2_psgc":600400000,"adm3_psgc":600406000,"adm4_psgc":600406018,"adm4_en":"Mina-a","geo_level":"Bgy","len_crs":20687,"area_crs":19707634,"len_km":20,"area_km2":19},"id":600406018},{"arcs":[[67,-22,-63,68,69,70]],"type":"Polygon","properties":{"adm1_psgc":600000000,"adm2_psgc":600400000,"adm3_psgc":600406000,"adm4_psgc":600406019,"adm4_en":"Monlaque","geo_level":"Bgy","len_crs":11777,"area_crs":6035535,"len_km":11,"area_km2":6},"id":600406019},{"arcs":[[71,-46,72,73,-8,74]],"type":"Polygon","properties":{"adm1_psgc":600000000,"adm2_psgc":600400000,"adm3_psgc":600406000,"adm4_psgc":600406020,"adm4_en":"Naile","geo_level":"Bgy","len_crs":13474,"area_crs":7551815,"len_km":13,"area_km2":7},"id":600406020},{"arcs":[[75,-41,76,77,78,-37,79]],"type":"Polygon","properties":{"adm1_psgc":600000000,"adm2_psgc":600400000,"adm3_psgc":600406000,"adm4_psgc":600406021,"adm4_en":"Naisud","geo_level":"Bgy","len_crs":13349,"area_crs":5330339,"len_km":13,"area_km2":5},"id":600406021},{"arcs":[[-75,80,81,82]],"type":"Polygon","properties":{"adm1_psgc":600000000,"adm2_psgc":600400000,"adm3_psgc":600406000,