{"type":"Topology","arcs":[[[510,532],[-13,-47]],[[497,485],[-36,-22]],[[461,463],[-14,-4]],[[447,459],[-29,54]],[[418,513],[11,12]],[[429,525],[81,7]],[[470,278],[-63,-32]],[[407,246],[-128,42]],[[279,288],[19,81]],[[298,369],[70,-21],[79,111]],[[461,463],[9,-185]],[[461,607],[52,-69]],[[513,538],[-3,-6]],[[429,525],[-6,66]],[[423,591],[38,16]],[[649,599],[-6,-50]],[[643,549],[-51,4]],[[592,553],[-21,3]],[[571,556],[16,70]],[[587,626],[29,5]],[[616,631],[33,-32]],[[643,549],[13,-94]],[[656,455],[-53,3]],[[603,458],[-11,95]],[[656,455],[-55,-208]],[[601,247],[-92,45]],[[509,292],[74,149]],[[583,441],[20,17]],[[601,247],[-124,-145]],[[477,102],[-69,127]],[[408,229],[-1,17]],[[470,278],[39,14]],[[578,688],[-2,-51]],[[576,637],[-47,-13]],[[529,624],[-2,75]],[[527,699],[51,-11]],[[617,670],[-1,-39]],[[587,626],[-11,11]],[[578,688],[39,-18]],[[220,530],[116,-45]],[[336,485],[15,-6]],[[351,479],[-53,-110]],[[298,369],[-61,42]],[[237,411],[-89,119]],[[148,530],[14,25]],[[162,555],[58,-25]],[[335,524],[1,-39]],[[220,530],[115,-6]],[[351,479],[67,34]],[[743,700],[-39,27]],[[704,727],[8,8]],[[712,735],[31,-35]],[[600,762],[31,-40]],[[631,722],[-106,6]],[[525,728],[-4,31]],[[521,759],[79,3]],[[631,722],[32,-24]],[[663,698],[-46,-28]],[[527,699],[-2,29]],[[704,727],[-41,-29]],[[600,762],[112,-27]],[[477,102],[-30,-102],[-143,47],[24,99]],[[328,146],[80,83]],[[571,556],[-58,-18]],[[461,607],[68,17]],[[335,524],[36,66]],[[371,590],[26,40]],[[397,630],[26,-39]],[[162,555],[-3,20]],[[159,575],[212,15]],[[743,700],[-94,-101]],[[497,485],[86,-44]],[[397,630],[124,129]],[[148,530],[-116,-62],[-32,75],[159,32]],[[279,288],[-50,-41]],[[229,247],[8,164]],[[328,146],[-99,101]]],"transform":{"scale":[0.0001987686917899638,0.00019679022965877587],"translate":[120.98897515100009,13.266871524000067]},"objects":{"bgysubmuns-municity-1705201000":{"type":"GeometryCollection","geometries":[{"arcs":[[0,1,2,3,4,5]],"type":"Polygon","properties":{"adm1_psgc":1700000000,"adm2_psgc":1705200000,"adm3_psgc":1705201000,"adm4_psgc":1705201001,"adm4_en":"Alag","geo_level":"Bgy","len_crs":8060,"area_crs":2536163,"len_km":8,"area_km2":2},"id":1705201001},{"arcs":[[6,7,8,9,-3,10]],"type":"Polygon","properties":{"adm1_psgc":1700000000,"adm2_psgc":1705200000,"adm3_psgc":1705201000,"adm4_psgc":1705201002,"adm4_en":"Bangkatan","geo_level":"Bgy","len_crs":16262,"area_crs":12086073,"len_km":16,"area_km2":12},"id":1705201002},{"arcs":[[11,12,-6,13,14]],"type":"Polygon","properties":{"adm1_psgc":1700000000,"adm2_psgc":1705200000,"adm3_psgc":1705201000,"adm4_psgc":1705201004,"adm4_en":"Burbuli","geo_level":"Bgy","len_crs":8059,"area_crs":2144707,"len_km":8,"area_km2":2},"id":1705201004},{"arcs":[[15,16,17,18,19,20]],"type":"Polygon","properties":{"adm1_psgc":1700000000,"adm2_psgc":1705200000,"adm3_psgc":1705201000,"adm4_psgc":1705201005,"adm4_en":"Catwiran I","geo_level":"Bgy","len_crs":7661,"area_crs":2492038,"len_km":7,"area_km2":2},"id":1705201005},{"arcs":[[21,22,23,-17]],"type":"Polygon","properties":{"adm1_psgc":1700000000,"adm2_psgc":1705200000,"adm3_psgc":1705201000,"adm4_psgc":1705201006,"adm4_en":"Catwiran II","geo_level":"Bgy","len_crs":7977,"area_crs":2779640,"len_km":7,"area_km2":2},"id":1705201006},{"arcs":[[24,25,26,27,-23]],"type":"Polygon","properties":{"adm1_psgc":1700000000,"adm2_psgc":1705200000,"adm3_psgc":1705201000,"adm4_psgc":1705201007,"adm4_en":"Dulangan I","geo_level":"Bgy","len_crs":20224,"area_crs":6025614,"len_km":20,"area_km2":6},"id":1705201007},{"arcs":[[28,29,30,-7,31,-26]],"type":"Polygon","properties":{"adm1_psgc":1700000000,"adm2_psgc":1705200000,"adm3_psgc":1705201000,"adm4_psgc":1705201008,"adm4_en":"Dulangan II","geo_level":"Bgy","len_crs":17408,"area_crs":9924560,"len_km":17,"area_km2":9},"id":1705201008},{"arcs":[[32,33,34,35]],"type":"Polygon","properties":{"adm1_psgc":1700000000,"adm2_psgc":1705200000,"adm3_psgc":1705201000,"adm4_psgc":1705201010,"adm4_en":"Lumang Bayan","geo_level":"Bgy","len_crs":6062,"area_crs":1616164,"len_km":6,"area_km2":1},"id":1705201010},{"arcs":[[36,-20,37,-33,38]],"type":"Polygon","properties":{"adm1_psgc":1700000000,"adm2_psgc":1705200000,"adm3_psgc":1705201000,"adm4_psgc":1705201011,"adm4_en":"Malapad","geo_level":"Bgy","len_crs":5920,"area_crs":1453011,"len_km":5,"area_km2":1},"id":1705201011},{"arcs":[[39,40,41,42,43,44,45]],"type":"Polygon","properties":{"adm1_psgc":1700000000,"adm2_psgc":1705200000,"adm3_psgc":1705201000,"adm4_psgc":1705201012,"adm4_en":"Mangangan I","geo_level":"Bgy","len_crs":14741,"area_crs":8366554,"len_km":14,"area_km2":8},"id":1705201012},{"arcs":[[46,-40,47]],"type":"Polygon","properties":{"adm1_psgc":1700000000,"adm2_psgc":1705200000,"adm3_psgc":1705201000,"adm4_psgc":1705201013,"adm4_en":"Mangangan II","geo_level":"Bgy","len_crs":7606,"area_crs":2682445,"len_km":7,"area_km2":2},"id":1705201013},{"arcs":[[-4,-10,-42,48]],"type":"Polygon","properties":{"adm1_psgc":1700000000,"adm2_psgc":1705200000,"adm3_psgc":1705201000,"adm4_psgc":1705201014,"adm4_en":"Mayabig","geo_level":"Bgy","len_crs":12722,"area_crs":4655370,"len_km":12,"area_km2":4},"id":1705201014},{"arcs":[[49,50,51]],"type":"Polygon","properties":{"adm1_psgc":1700000000,"adm2_psgc":1705200000,"adm3_psgc":1705201000,"adm4_psgc":1705201015,"adm4_en":"Pambisan","geo_level":"Bgy","len_crs":3592,"area_crs":455155,"len_km":3,"area_km2":0},"id":1705201015},{"arcs":[[52,53,54,55]],"type":"Polygon","properties":{"adm1_psgc":1700000000,"adm2_psgc":1705200000,"adm3_psgc":1705201000,"adm4_psgc":1705201016,"adm4_en":"Pulang-Tubig","geo_level":"Bgy","len_crs":6112,"area_crs":1556463,"len_km":6,"area_km2":1},"id":1705201016},{"arcs":[[56,57,-39,-36,58,-54]],"type":"Polygon","properties":{"adm1_psgc":1700000000,"adm2_psgc":1705200000,"adm3_psgc":1705201000,"adm4_psgc":1705201017,"adm4_en":"Putican-Cabulo","geo_level":"Bgy","len_crs":8847,"area_crs":2584199,"len_km":8,"area_km2":2},"id":1705201017},{"arcs":[[-51,59,-57,-53,60]],"type":"Polygon","properties":{"adm1_psgc":1700000000,"adm2_psgc":1705200000,"adm3_psgc":1705201000,"adm4_psgc":1705201018,"adm4_en":"San Andres","geo_level":"Bgy","len_crs":7421,"area_crs":1411067,"len_km":7,"area_km2":1},"id":1705201018},{"arcs":[[61,62,-30]],"type":"Polygon","properties":{"adm1_psgc":1700000000,"adm2_psgc":1705200000,"adm3_psgc":1705201000,"adm4_psgc":1705201019,"adm4_en":"San Ignacio","geo_level":"Bgy","len_crs":15279,"area_crs":12589251,"len_km":15,"area_km2":12},"id":1705201019},{"arcs":[[-19,63,-12,64,-34,-38]],"type":"Polygon","properties":{"adm1_psgc":1700000000,"adm2_psgc":1705200000,"adm3_psgc":1705201000,"adm4_psgc":1705201020,"adm4_en":"Santa Cruz","geo_level":"Bgy","len_crs":10866,"area_crs":3317096,"len_km":10,"area_km2":3},"id":1705201020},{"arcs":[[-14,-5,-49,-41,-47,65,66,67]],"type":"Polygon","properties":{"adm1_psgc":1700000000,"adm2_psgc":1705200000,"adm3_psgc":1705201000,"adm4_psgc":1705201021,"adm4_en":"Santa Rosa I","geo_level":"Bgy","len_crs":9518,"area_crs":4219305,"len_km":9,"area_km2":4},"id":1705201021},{"arcs":[[-66,-48,-46,68,69]],"type":"Polygon","properties":{"adm1_psgc":1700000000,"adm2_psgc":1705200000,"adm3_psgc":1705201000,"adm4_psgc":1705201022,"adm4_en":"Santa Rosa II","geo_level":"Bgy","len_crs":12642,"area_crs":4188744,"len_km":12,"area_km2":4},"id":1705201022},{"arcs":[[-50,70,-21,-37,-58,-60]],"type":"Polygon","properties":{"adm1_psgc":1700000000,"adm2_psgc":1705200000,"adm3_psgc":1705201000,"adm4_psgc":1705201023,"adm4_en":"Tabon-tabon","geo_level":"Bgy","len_crs":12239,"area_crs":3640462,"len_km":12,"area_km2":3},"id":1705201023},{"arcs":[[-27,-32,-11,-2,71]],"type":"Polygon","properties":{"adm1_psgc":1700000000,"adm2_psgc":1705200000,"adm3_psgc":1705201000,"adm4_psgc":1705201024,"adm4_en":"Tagumpay","geo_level":"Bgy","len_crs":15333,"area_crs":6394381,"len_km":15,"area_km2":6},"id":1705201024},{"arcs":[[-55,-59,-35,-65,-15,-68,72]],"type":"Polygon","properties":{"adm1_psgc":1700000000,"adm2_psgc":1705200000,"adm3_psgc":1705201000,"adm4_psgc":1705201025,"adm4_en":"Water",