{"type":"Topology","arcs":[[[555,491],[26,-96],[-52,-47]],[[529,348],[-84,48]],[[445,396],[42,97]],[[487,493],[68,-2]],[[398,730],[-1,-56]],[[397,674],[-142,40]],[[255,714],[18,50]],[[273,764],[125,-34]],[[115,639],[-12,-19]],[[103,620],[-13,10]],[[90,630],[1,5]],[[91,635],[13,17]],[[104,652],[11,-13]],[[133,634],[1,-24]],[[134,610],[-31,10]],[[115,639],[18,-5]],[[136,657],[-3,-23]],[[104,652],[32,5]],[[198,809],[23,-105]],[[221,704],[-20,-11]],[[201,693],[-26,18]],[[175,711],[-32,54]],[[143,765],[55,44]],[[797,381],[-25,-97]],[[772,284],[-51,-11],[-104,69],[-88,6]],[[555,491],[40,13],[202,-123]],[[376,602],[-2,-39]],[[374,563],[-21,-26]],[[353,537],[-77,13],[-60,90]],[[216,640],[160,-38]],[[397,674],[-21,-72]],[[216,640],[-6,-4]],[[210,636],[-9,57]],[[221,704],[34,10]],[[84,733],[-9,-80]],[[75,653],[-49,-1]],[[26,652],[-13,35]],[[13,687],[27,37]],[[40,724],[44,9]],[[885,84],[114,80]],[[999,164],[52,-164],[-166,84]],[[89,620],[6,-56]],[[95,564],[16,-128]],[[111,436],[-70,27],[-41,116]],[[0,579],[89,41]],[[175,711],[-39,-54]],[[91,635],[-16,18]],[[84,733],[59,32]],[[272,808],[1,-44]],[[198,809],[74,-1]],[[445,396],[-101,45]],[[344,441],[9,96]],[[374,563],[113,-70]],[[272,808],[119,50],[7,-128]],[[885,84],[-113,200]],[[797,381],[117,-30],[85,-187]],[[196,525],[28,-98]],[[224,427],[-113,9]],[[95,564],[101,-39]],[[134,610],[50,6]],[[184,616],[12,-91]],[[89,620],[1,10]],[[210,636],[-26,-20]],[[344,441],[-29,-58],[-91,44]],[[0,579],[26,73]],[[13,687],[27,37]]],"transform":{"scale":[0.00021483907231209244,0.00021003705128203626],"translate":[122.95426944900011,10.743625909000059]},"objects":{"bgysubmuns-municity-604508000":{"type":"GeometryCollection","geometries":[{"arcs":[[0,1,2,3]],"type":"Polygon","properties":{"adm1_psgc":600000000,"adm2_psgc":604500000,"adm3_psgc":604508000,"adm4_psgc":604508001,"adm4_en":"Alacaygan","geo_level":"Bgy","len_crs":12189,"area_crs":8900302,"len_km":12,"area_km2":8},"id":604508001},{"arcs":[[4,5,6,7]],"type":"Polygon","properties":{"adm1_psgc":600000000,"adm2_psgc":604500000,"adm3_psgc":604508000,"adm4_psgc":604508002,"adm4_en":"Alicante","geo_level":"Bgy","len_crs":9189,"area_crs":3972004,"len_km":9,"area_km2":3},"id":604508002},{"arcs":[[8,9,10,11,12]],"type":"Polygon","properties":{"adm1_psgc":600000000,"adm2_psgc":604500000,"adm3_psgc":604508000,"adm4_psgc":604508003,"adm4_en":"Poblacion I","geo_level":"Bgy","len_crs":2104,"area_crs":280924,"len_km":2,"area_km2":0},"id":604508003},{"arcs":[[13,14,-9,15]],"type":"Polygon","properties":{"adm1_psgc":600000000,"adm2_psgc":604500000,"adm3_psgc":604508000,"adm4_psgc":604508004,"adm4_en":"Poblacion II","geo_level":"Bgy","len_crs":3197,"area_crs":623207,"len_km":3,"area_km2":0},"id":604508004},{"arcs":[[16,-16,-13,17]],"type":"Polygon","properties":{"adm1_psgc":600000000,"adm2_psgc":604500000,"adm3_psgc":604508000,"adm4_psgc":604508005,"adm4_en":"Poblacion III","geo_level":"Bgy","len_crs":2932,"area_crs":370436,"len_km":2,"area_km2":0},"id":604508005},{"arcs":[[18,19,20,21,22]],"type":"Polygon","properties":{"adm1_psgc":600000000,"adm2_psgc":604500000,"adm3_psgc":604508000,"adm4_psgc":604508006,"adm4_en":"Batea","geo_level":"Bgy","len_crs":10386,"area_crs":2315176,"len_km":10,"area_km2":2},"id":604508006},{"arcs":[[23,24,-1,25]],"type":"Polygon","properties":{"adm1_psgc":600000000,"adm2_psgc":604500000,"adm3_psgc":604508000,"adm4_psgc":604508007,"adm4_en":"Consing","geo_level":"Bgy","len_crs":20712,"area_crs":17782828,"len_km":20,"area_km2":17},"id":604508007},{"arcs":[[26,27,28,29]],"type":"Polygon","properties":{"adm1_psgc":600000000,"adm2_psgc":604500000,"adm3_psgc":604508000,"adm4_psgc":604508008,"adm4_en":"Cudangdang","geo_level":"Bgy","len_crs":10199,"area_crs":5682068,"len_km":10,"area_km2":5},"id":604508008},{"arcs":[[30,-30,31,32,-20,33,-6]],"type":"Polygon","properties":{"adm1_psgc":600000000,"adm2_psgc":604500000,"adm3_psgc":604508000,"adm4_psgc":604508009,"adm4_en":"Damgo","geo_level":"Bgy","len_crs":14665,"area_crs":7733823,"len_km":14,"area_km2":7},"id":604508009},{"arcs":[[34,35,36,37,38]],"type":"Polygon","properties":{"adm1_psgc":600000000,"adm2_psgc":604500000,"adm3_psgc":604508000,"adm4_psgc":604508010,"adm4_en":"Gahit","geo_level":"Bgy","len_crs":7903,"area_crs":1744465,"len_km":7,"area_km2":1},"id":604508010},{"arcs":[[39,40]],"type":"Polygon","properties":{"adm1_psgc":600000000,"adm2_psgc":604500000,"adm3_psgc":604508000,"adm4_psgc":604508011,"adm4_en":"Canlusong","geo_level":"Bgy","len_crs":24694,"area_crs":9329352,"len_km":24,"area_km2":9},"id":604508011},{"arcs":[[41,42,43,44]],"type":"Polygon","properties":{"adm1_psgc":600000000,"adm2_psgc":604500000,"adm3_psgc":604508000,"adm4_psgc":604508012,"adm4_en":"Latasan","geo_level":"Bgy","len_crs":14386,"area_crs":8667061,"len_km":14,"area_km2":8},"id":604508012},{"arcs":[[45,-18,-12,46,-35,47,-22]],"type":"Polygon","properties":{"adm1_psgc":600000000,"adm2_psgc":604500000,"adm3_psgc":604508000,"adm4_psgc":604508013,"adm4_en":"Madalag","geo_level":"Bgy","len_crs":11636,"area_crs":4074183,"len_km":11,"area_km2":4},"id":604508013},{"arcs":[[48,-7,-34,-19,49]],"type":"Polygon","properties":{"adm1_psgc":600000000,"adm2_psgc":604500000,"adm3_psgc":604508000,"adm4_psgc":604508014,"adm4_en":"Manta-angan","geo_level":"Bgy","len_crs":8709,"area_crs":3483947,"len_km":8,"area_km2":3},"id":604508014},{"arcs":[[-3,50,51,-28,52]],"type":"Polygon","properties":{"adm1_psgc":600000000,"adm2_psgc":604500000,"adm3_psgc":604508000,"adm4_psgc":604508015,"adm4_en":"Nanca","geo_level":"Bgy","len_crs":14839,"area_crs":6903522,"len_km":14,"area_km2":6},"id":604508015},{"arcs":[[-8,-49,53]],"type":"Polygon","properties":{"adm1_psgc":600000000,"adm2_psgc":604500000,"adm3_psgc":604508000,"adm4_psgc":604508016,"adm4_en":"Pasil","geo_level":"Bgy","len_crs":17412,"area_crs":6346900,"len_km":17,"area_km2":6},"id":604508016},{"arcs":[[-40,54,-24,55]],"type":"Polygon","properties":{"adm1_psgc":600000000,"adm2_psgc":604500000,"adm3_psgc":604508000,"adm4_psgc":604508017,"adm4_en":"San Isidro","geo_level":"Bgy","len_crs":19658,"area_crs":20662101,"len_km":19,"area_km2":20},"id":604508017},{"arcs":[[56,57,-43,58]],"type":"Polygon","properties":{"adm1_psgc":600000000,"adm2_psgc":604500000,"adm3_psgc":604508000,"adm4_psgc":604508018,"adm4_en":"San Jose","geo_level":"Bgy","len_crs":10749,"area_crs":6562808,"len_km":10,"area_km2":6},"id":604508018},{"arcs":[[-15,59,60,-59,-42,61,-10]],"type":"Polygon","properties":{"adm1_psgc":600000000,"adm2_psgc":604500000,"adm3_psgc":604508000,"adm4_psgc":604508019,"adm4_en":"Santo Niño","geo_level":"Bgy","len_crs":9935,"area_crs":3634649,"len_km":9,"area_km2":3},"id":604508019},{"arcs":[[-21,-33,62,-60,-14,-17,-46]],"type":"Polygon","properties":{"adm1_psgc":600000000,"adm2_psgc":604500000,"adm3_psgc":604508000,"adm4_psgc":604508020,"adm4_en":"Tabigue","geo_level":"Bgy","len_crs":8836,"area_crs":2730371,"len_km":8,"area_km2":2},"id":604508020},{"arcs":[[-52,63,-57,-61,-63,-32,-29]],"type":"Polygon","properties":{"adm1_psgc":600000000,"adm2_psgc":604500000,"adm3_psgc":604508000,"adm4_psgc":604508021,"adm4_en":"Tanza","geo_level":"Bgy","len_crs":19361,"area_crs":14258154,"len_km":19,"area_km2":14},"id":604508021},{"arcs":[[-11,-62,-45,64,-36,-47]],"type":"Polygon","properties":{"adm1_psgc":600000000,"adm2_psgc":604500000,"adm3_psgc":604508000,"adm4_psgc":604508022,"adm4_en":"Tuburan","geo_level":"Bgy","len_crs":7525,"area_crs":1553229,"len_km":7,"area_km2":1},"id":604508022},{"arcs":[[-38,65]],"type":"Polygon","properties":{"adm1_psgc":600000000,"adm2_psgc":604500000,"adm3_psgc":604508000,"adm4_psgc":604508023,"adm4_en":"Tomongtong","geo_level":"Bgy","len_crs":5554,"area_crs":1205182,"len_km":5,"area_km2":1},"id":604508023}]}}}