{"type":"Topology","arcs":[[[687,229],[-129,-22]],[[558,207],[21,31]],[[579,238],[71,67]],[[650,305],[37,-76]],[[770,210],[-3,-184]],[[767,26],[-95,65]],[[672,91],[62,111]],[[734,202],[36,8]],[[880,546],[-25,-85]],[[855,461],[-51,31]],[[804,492],[44,56]],[[848,548],[25,4]],[[873,552],[7,-6]],[[804,492],[-1,4]],[[803,496],[-11,39]],[[792,535],[-5,34]],[[787,569],[61,-21]],[[699,667],[-3,-7]],[[696,660],[-26,-60]],[[670,600],[-35,26]],[[635,626],[64,41]],[[771,419],[-26,-62]],[[745,357],[-94,66]],[[651,423],[3,42]],[[654,465],[117,-46]],[[767,26],[17,-18]],[[784,8],[-205,-8],[-85,117]],[[494,117],[36,51]],[[530,168],[142,-77]],[[883,289],[-66,33]],[[817,322],[19,43]],[[836,365],[54,1]],[[890,366],[-7,-77]],[[855,461],[35,-53]],[[890,408],[0,-42]],[[836,365],[-65,54]],[[771,419],[32,77]],[[817,322],[-24,-12]],[[793,310],[-39,21]],[[754,331],[-9,26]],[[883,289],[-2,-14]],[[881,275],[-73,-8]],[[808,267],[-15,43]],[[599,588],[-5,-94]],[[594,494],[-9,-20]],[[585,474],[-53,37]],[[532,511],[-26,43]],[[506,554],[93,34]],[[880,546],[30,3]],[[910,549],[-20,-141]],[[599,406],[73,-84]],[[672,322],[-22,-17]],[[579,238],[-64,110]],[[515,348],[56,90]],[[571,438],[28,-32]],[[530,168],[28,39]],[[687,229],[47,-27]],[[800,243],[69,-78]],[[869,165],[-85,-157]],[[770,210],[-21,61]],[[749,271],[51,-28]],[[696,324],[53,-53]],[[672,322],[24,2]],[[515,348],[-82,41]],[[433,389],[103,70]],[[536,459],[35,-21]],[[494,117],[-305,73]],[[189,190],[6,51]],[[195,241],[1,44]],[[196,285],[179,128]],[[375,413],[58,-24]],[[647,427],[-48,-21]],[[571,438],[9,22]],[[580,460],[67,-33]],[[757,658],[6,-36]],[[763,622],[-26,-51]],[[737,571],[-41,89]],[[699,667],[58,-9]],[[532,511],[4,-52]],[[375,413],[131,141]],[[800,243],[8,24]],[[881,275],[-12,-110]],[[737,571],[-9,-35]],[[728,536],[-29,-10]],[[699,526],[-29,74]],[[654,465],[45,61]],[[728,536],[64,-1]],[[696,324],[58,7]],[[195,241],[-195,114]],[[0,355],[196,-70]],[[189,190],[-187,-57],[-2,222]],[[647,427],[4,-4]],[[580,460],[5,14]],[[594,494],[60,-29]],[[763,622],[24,-53]],[[599,588],[36,38]],[[918,596],[-50,51]],[[868,647],[50,-51]],[[918,596],[-8,-47]],[[873,552],[-31,95]],[[842,647],[26,0]],[[757,658],[85,-11]]],"transform":{"scale":[0.00012610623529416066,0.00011607677361323987],"translate":[120.32956137600003,16.767923513000028]},"objects":{"bgysubmuns-municity-103305000":{"type":"GeometryCollection","geometries":[{"arcs":[[0,1,2,3]],"type":"Polygon","properties":{"adm1_psgc":100000000,"adm2_psgc":103300000,"adm3_psgc":103305000,"adm4_psgc":103305001,"adm4_en":"Apatut","geo_level":"Bgy","len_crs":5546,"area_crs":1522708,"len_km":5,"area_km2":1},"id":103305001},{"arcs":[[4,5,6,7]],"type":"Polygon","properties":{"adm1_psgc":100000000,"adm2_psgc":103300000,"adm3_psgc":103305000,"adm4_psgc":103305002,"adm4_en":"Ar-arampang","geo_level":"Bgy","len_crs":6534,"area_crs":1968256,"len_km":6,"area_km2":1},"id":103305002},{"arcs":[[8,9,10,11,12]],"type":"Polygon","properties":{"adm1_psgc":100000000,"adm2_psgc":103300000,"adm3_psgc":103305000,"adm4_psgc":103305003,"adm4_en":"Baracbac Este","geo_level":"Bgy","len_crs":4292,"area_crs":903873,"len_km":4,"area_km2":0},"id":103305003},{"arcs":[[-11,13,14,15,16]],"type":"Polygon","properties":{"adm1_psgc":100000000,"adm2_psgc":103300000,"adm3_psgc":103305000,"adm4_psgc":103305004,"adm4_en":"Baracbac Oeste","geo_level":"Bgy","len_crs":3004,"area_crs":424330,"len_km":3,"area_km2":0},"id":103305004},{"arcs":[[17,18,19,20]],"type":"Polygon","properties":{"adm1_psgc":100000000,"adm2_psgc":103300000,"adm3_psgc":103305000,"adm4_psgc":103305005,"adm4_en":"Bet-ang","geo_level":"Bgy","len_crs":3456,"area_crs":660630,"len_km":3,"area_km2":0},"id":103305005},{"arcs":[[21,22,23,24]],"type":"Polygon","properties":{"adm1_psgc":100000000,"adm2_psgc":103300000,"adm3_psgc":103305000,"adm4_psgc":103305006,"adm4_en":"Bulbulala","geo_level":"Bgy","len_crs":4799,"area_crs":1326545,"len_km":4,"area_km2":1},"id":103305006},{"arcs":[[-6,25,26,27,28]],"type":"Polygon","properties":{"adm1_psgc":100000000,"adm2_psgc":103300000,"adm3_psgc":103305000,"adm4_psgc":103305007,"adm4_en":"Bungol","geo_level":"Bgy","len_crs":10283,"area_crs":4865189,"len_km":10,"area_km2":4},"id":103305007},{"arcs":[[29,30,31,32]],"type":"Polygon","properties":{"adm1_psgc":100000000,"adm2_psgc":103300000,"adm3_psgc":103305000,"adm4_psgc":103305008,"adm4_en":"Butubut Este","geo_level":"Bgy","len_crs":4503,"area_crs":853323,"len_km":4,"area_km2":0},"id":103305008},{"arcs":[[-10,33,34,-32,35,36,-14]],"type":"Polygon","properties":{"adm1_psgc":100000000,"adm2_psgc":103300000,"adm3_psgc":103305000,"adm4_psgc":103305009,"adm4_en":"Butubut Norte","geo_level":"Bgy","len_crs":6018,"area_crs":1512151,"len_km":6,"area_km2":1},"id":103305009},{"arcs":[[-31,37,38,39,-22,-36]],"type":"Polygon","properties":{"adm1_psgc":100000000,"adm2_psgc":103300000,"adm3_psgc":103305000,"adm4_psgc":103305010,"adm4_en":"Butubut Oeste","geo_level":"Bgy","len_crs":4358,"area_crs":949220,"len_km":4,"area_km2":0},"id":103305010},{"arcs":[[40,41,42,-38,-30]],"type":"Polygon","properties":{"adm1_psgc":100000000,"adm2_psgc":103300000,"adm3_psgc":103305000,"adm4_psgc":103305011,"adm4_en":"Butubut Sur","geo_level":"Bgy","len_crs":3575,"area_crs":671172,"len_km":3,"area_km2":0},"id":103305011},{"arcs":[[43,44,45,46,47]],"type":"Polygon","properties":{"adm1_psgc":100000000,"adm2_psgc":103300000,"adm3_psgc":103305000,"adm4_psgc":103305012,"adm4_en":"Cabuaan Oeste","geo_level":"Bgy","len_crs":6003,"area_crs":1596339,"len_km":6,"area_km2":1},"id":103305012},{"arcs":[[-34,-9,48,49]],"type":"Polygon","properties":{"adm1_psgc":100000000,"adm2_psgc":103300000,"adm3_psgc":103305000,"adm4_psgc":103305013,"adm4_en":"Calliat","geo_level":"Bgy","len_crs":4832,"area_crs":931996,"len_km":4,"area_km2":0},"id":103305013},{"arcs":[[50,51,-3,52,53,54]],"type":"Polygon","properties":{"adm1_psgc":100000000,"adm2_psgc":103300000,"adm3_psgc":103305000,"adm4_psgc":103305014,"adm4_en":"Calungbuyan","geo_level":"Bgy","len_crs":6779,"area_crs":2582150,"len_km":6,"area_km2":2},"id":103305014},{"arcs":[[-7,-29,55,-1,56]],"type":"Polygon","properties":{"adm1_psgc":100000000,"adm2_psgc":103300000,"adm3_psgc":103305000,"adm4_psgc":103305015,"adm4_en":"Camiling","geo_level":"Bgy","len_crs":7716,"area_crs":2208817,"len_km":7,"area_km2":2},"id":103305015},{"arcs":[[57,58,-26,-5,59,60]],"type":"Polygon","properties":{"adm1_psgc":100000000,"adm2_psgc":103300000,"adm3_psgc":103305000,"adm4_psgc":103305016,"adm4_en":"Guinaburan","geo_level":"Bgy","len_crs":8129,"area_crs":2422426,"len_km":8,"area_km2":2},"id":103305016},{"arcs":[[61,-60,-8,-57,-4,-52,62]],"type":"Polygon","properties":{"adm1_psgc":100000000,"adm2_psgc":103300000,"adm3_psgc":103305000,"adm4_psgc":103305017,"adm4_en":"Masupe","geo_level":"Bgy","len_crs":5493,"area_crs":1411736,"len_km":5,"area_km2":1},"id":103305017},{"arcs":[[-54,63,64,65]],"type":"Polygon","properties":{"adm1_psgc":100000000,"adm2_psgc":103300000,"adm3_psgc":103305000,"adm4_psgc":103305018,"adm4_en":"Nagsabaran Norte","geo_level":"Bgy","len_crs":5045,"area_crs":1302148,"len_km":5,"area_km2":1},"id":103305018},{"arcs":[[-64,-53,-2,-56,-28,66,67,68,69,70]],"type":"Polygon","properties":{"adm1_psgc":100000000,"adm2_psgc":103300000,"adm3_psgc":103305000,"adm4_psgc":103305019,"adm4_en":"Nagsabaran Sur","geo_level":"Bgy","len_crs":14525,"area_crs":11657910,"len_km":14,"area_km2":11},"id":103305019},{"arcs":[[71,-55,72,73]],"type":"Polygon","properties":{"adm1_psgc":100000000,"adm2_psgc":103300000,"adm3_psgc":103305000,"adm4_psgc":103305020,"adm4_en":"Nalasin","geo_level":"Bgy","len_crs":2728,"area_crs":428614,"len_km":2,"area_km2":0},"id":103305020},{"arcs":[[74,75,76,-18,77]],"type":"Polygon","properties":{"adm1_psgc":100000000,"adm2_psgc":103300000,"adm3_psgc":103305000,"adm4_psgc":103305021,"adm4_en":"Napaset","geo_level":"Bgy","len_crs":4116,"area_crs":643782,"len_km":4,"area_km2":0},"id":103305021},{"arcs":[[78,-65,-71,79,-47]],"type":"Polygon","properties":{"adm1_psgc":100000000,"adm2_psgc":103300000,