{"type":"Topology","arcs":[[[170,424],[-8,-104]],[[162,320],[-107,-55]],[[55,265],[-55,29]],[[0,294],[124,182]],[[124,476],[46,-52]],[[406,426],[-7,-10]],[[399,416],[-23,-34]],[[376,382],[-116,17]],[[260,399],[35,48]],[[295,447],[111,-21]],[[590,488],[-37,-109]],[[553,379],[-18,-19]],[[535,360],[-30,22]],[[505,382],[12,45]],[[517,427],[11,34]],[[528,461],[-7,35]],[[521,496],[17,36]],[[538,532],[52,-44]],[[444,635],[-89,-99]],[[355,536],[-44,-8]],[[311,528],[-158,26]],[[153,554],[66,113],[-86,145],[205,89],[106,-266]],[[209,117],[-96,-117]],[[113,0],[9,56]],[[122,56],[15,88]],[[137,144],[72,-27]],[[476,211],[29,-78]],[[505,133],[-105,-36]],[[400,97],[-71,77]],[[329,174],[67,66]],[[396,240],[80,-29]],[[491,619],[-27,-97]],[[464,522],[-8,-21]],[[456,501],[-101,35]],[[444,635],[47,-16]],[[538,532],[56,69]],[[594,601],[-4,-113]],[[234,102],[61,-81]],[[295,21],[-182,-21]],[[209,117],[25,-15]],[[351,288],[45,-48]],[[329,174],[-40,91]],[[289,265],[62,23]],[[329,174],[-95,-72]],[[137,144],[-34,20]],[[103,164],[104,104]],[[207,268],[82,-3]],[[55,265],[48,-101]],[[103,164],[-103,-32]],[[0,132],[0,162]],[[553,379],[59,-74]],[[612,305],[-95,-38]],[[517,267],[-38,18]],[[479,285],[56,75]],[[376,382],[13,-15]],[[389,367],[19,-29]],[[408,338],[-57,-50]],[[207,268],[16,23]],[[223,291],[37,108]],[[528,461],[-11,-34]],[[505,382],[-18,8]],[[487,390],[-31,13]],[[456,403],[-19,1]],[[437,404],[-16,9]],[[421,413],[35,88]],[[464,522],[57,-26]],[[311,528],[-16,-81]],[[260,399],[-90,25]],[[124,476],[29,78]],[[465,364],[-16,-43]],[[449,321],[-22,17]],[[427,338],[21,41]],[[448,379],[17,-15]],[[491,619],[103,-18]],[[437,404],[-7,-8]],[[430,396],[-5,3]],[[425,399],[-26,17]],[[406,426],[15,-13]],[[430,396],[7,-7]],[[437,389],[-21,-50]],[[416,339],[-8,-1]],[[389,367],[36,32]],[[456,403],[-11,-20]],[[445,383],[-8,6]],[[445,383],[3,-4]],[[427,338],[-11,1]],[[479,285],[-30,36]],[[465,364],[22,26]],[[122,56],[-122,76]],[[400,97],[-105,-76]],[[223,291],[-61,29]],[[476,211],[41,56]],[[612,305],[62,-103],[-169,-69]]],"transform":{"scale":[0.00014115848071220407,0.00012913048501668454],"translate":[124.92910774300003,11.108976]},"objects":{"bgysubmuns-municity-803739000":{"type":"GeometryCollection","geometries":[{"arcs":[[0,1,2,3,4]],"type":"Polygon","properties":{"adm1_psgc":800000000,"adm2_psgc":803700000,"adm3_psgc":803739000,"adm4_psgc":803739001,"adm4_en":"Anahaway","geo_level":"Bgy","len_crs":13637,"area_crs":3930933,"len_km":13,"area_km2":3},"id":803739001},{"arcs":[[5,6,7,8,9]],"type":"Polygon","properties":{"adm1_psgc":800000000,"adm2_psgc":803700000,"adm3_psgc":803739000,"adm4_psgc":803739002,"adm4_en":"Arado","geo_level":"Bgy","len_crs":5760,"area_crs":1483268,"len_km":5,"area_km2":1},"id":803739002},{"arcs":[[10,11,12,13,14,15,16,17]],"type":"Polygon","properties":{"adm1_psgc":800000000,"adm2_psgc":803700000,"adm3_psgc":803739000,"adm4_psgc":803739004,"adm4_en":"Baras","geo_level":"Bgy","len_crs":7687,"area_crs":1364443,"len_km":7,"area_km2":1},"id":803739004},{"arcs":[[18,19,20,21]],"type":"Polygon","properties":{"adm1_psgc":800000000,"adm2_psgc":803700000,"adm3_psgc":803739000,"adm4_psgc":803739005,"adm4_en":"Barayong","geo_level":"Bgy","len_crs":18623,"area_crs":16930651,"len_km":18,"area_km2":16},"id":803739005},{"arcs":[[22,23,24,25]],"type":"Polygon","properties":{"adm1_psgc":800000000,"adm2_psgc":803700000,"adm3_psgc":803739000,"adm4_psgc":803739006,"adm4_en":"Cabarasan Daku","geo_level":"Bgy","len_crs":5916,"area_crs":1553347,"len_km":5,"area_km2":1},"id":803739006},{"arcs":[[26,27,28,29,30]],"type":"Polygon","properties":{"adm1_psgc":800000000,"adm2_psgc":803700000,"adm3_psgc":803739000,"adm4_psgc":803739007,"adm4_en":"Cabarasan Guti","geo_level":"Bgy","len_crs":7962,"area_crs":3168259,"len_km":7,"area_km2":3},"id":803739007},{"arcs":[[31,32,33,-19,34]],"type":"Polygon","properties":{"adm1_psgc":800000000,"adm2_psgc":803700000,"adm3_psgc":803739000,"adm4_psgc":803739008,"adm4_en":"Campetik","geo_level":"Bgy","len_crs":6645,"area_crs":2304144,"len_km":6,"area_km2":2},"id":803739008},{"arcs":[[-18,35,36]],"type":"Polygon","properties":{"adm1_psgc":800000000,"adm2_psgc":803700000,"adm3_psgc":803739000,"adm4_psgc":803739009,"adm4_en":"Candahug","geo_level":"Bgy","len_crs":5052,"area_crs":1376685,"len_km":5,"area_km2":1},"id":803739009},{"arcs":[[37,38,-23,39]],"type":"Polygon","properties":{"adm1_psgc":800000000,"adm2_psgc":803700000,"adm3_psgc":803739000,"adm4_psgc":803739010,"adm4_en":"Cangumbang","geo_level":"Bgy","len_crs":8467,"area_crs":3050466,"len_km":8,"area_km2":3},"id":803739010},{"arcs":[[40,-30,41,42]],"type":"Polygon","properties":{"adm1_psgc":800000000,"adm2_psgc":803700000,"adm3_psgc":803739000,"adm4_psgc":803739011,"adm4_en":"Canhidoc","geo_level":"Bgy","len_crs":5580,"area_crs":2131620,"len_km":5,"area_km2":2},"id":803739011},{"arcs":[[-42,43,-40,-26,44,45,46]],"type":"Polygon","properties":{"adm1_psgc":800000000,"adm2_psgc":803700000,"adm3_psgc":803739000,"adm4_psgc":803739012,"adm4_en":"Capirawan","geo_level":"Bgy","len_crs":9578,"area_crs":4411862,"len_km":9,"area_km2":4},"id":803739012},{"arcs":[[47,48,49,-3]],"type":"Polygon","properties":{"adm1_psgc":800000000,"adm2_psgc":803700000,"adm3_psgc":803739000,"adm4_psgc":803739013,"adm4_en":"Castilla","geo_level":"Bgy","len_crs":9913,"area_crs":4348028,"len_km":9,"area_km2":4},"id":803739013},{"arcs":[[50,51,52,53,-12]],"type":"Polygon","properties":{"adm1_psgc":800000000,"adm2_psgc":803700000,"adm3_psgc":803739000,"adm4_psgc":803739014,"adm4_en":"Cogon","geo_level":"Bgy","len_crs":7533,"area_crs":1708445,"len_km":7,"area_km2":1},"id":803739014},{"arcs":[[54,55,56,-43,-47,57,58,-8]],"type":"Polygon","properties":{"adm1_psgc":800000000,"adm2_psgc":803700000,"adm3_psgc":803739000,"adm4_psgc":803739015,"adm4_en":"Gacao","geo_level":"Bgy","len_crs":8559,"area_crs":3707851,"len_km":8,"area_km2":3},"id":803739015},{"arcs":[[-16,59,-14,60,61,62,63,64,-33,65]],"type":"Polygon","properties":{"adm1_psgc":800000000,"adm2_psgc":803700000,"adm3_psgc":803739000,"adm4_psgc":803739016,"adm4_en":"Guindapunan","geo_level":"Bgy","len_crs":6632,"area_crs":2009267,"len_km":6,"area_km2":2},"id":803739016},{"arcs":[[66,-9,67,-5,68,-21]],"type":"Polygon","properties":{"adm1_psgc":800000000,"adm2_psgc":803700000,"adm3_psgc":803739000,"adm4_psgc":803739017,"adm4_en":"Libertad","geo_level":"Bgy","len_crs":9067,"area_crs":4800619,"len_km":9,"area_km2":4},"id":803739017},{"arcs":[[69,70,71,72]],"type":"Polygon","properties":{"adm1_psgc":800000000,"adm2_psgc":803700000,"adm3_psgc":803739000,"adm4_psgc":803739018,"adm4_en":"Naga-naga","geo_level":"Bgy","len_crs":2410,"area_crs":284604,"len_km":2,"area_km2":0},"id":803739018},{"arcs":[[-36,-17,-66,-32,73]],"type":"Polygon","properties":{"adm1_psgc":800000000,"adm2_psgc":803700000,"adm3_psgc":803739000,"adm4_psgc":803739019,"adm4_en":"Pawing","geo_level":"Bgy","len_crs":6015,"area_crs":1840631,"len_km":6,"area_km2":1},"id":803739019},{"arcs":[[-64,74,75,76,-6,77]],"type":"Polygon","properties":{"adm1_psgc":800000000,"adm2_psgc":803700000,"adm3_psgc":803739000,"adm4_psgc":803739020,"adm4_en":"Buri","geo_level":"Bgy","len_crs":1542,"area_crs":94129,"len_km":1,"area_km2":0},"id":803739020},{"arcs":[[78,79,80,-56,81,-76]],"type":"Polygon","properties":{"adm1_psgc":800000000,"adm2_psgc":803700000,"adm3_psgc":803739000,"adm4_psgc":803739021,"adm4_en":"Cavite East","geo_level":"Bgy","len_crs":2560,"area_crs":281181,"len_km":2,"area_km2":0},"id":803739021},{"arcs":[[-82,-55,-7,-77]],"type":"Polygon","properties":{"adm1_psgc":800000000,"adm2_psgc":803700000,"adm3_psgc":803739000,"adm4_psgc":803739022,"adm4_en":"Cavite West","geo_level":"Bgy","len_crs":2168,"area_crs":250159,"len_km":2,"area_km2":0},"id":803739022},{"arcs":[[82,83,-79,-75,-63]],"type":"Polygon","properties":{"adm1_psgc":800000000,"adm2_psgc":803700000,"adm3_psgc":803739000,"adm4_psgc":803739023,"adm4_en":"Luntad","geo_level":"Bgy","len_crs":1087,"area_crs":70430,"len_km":1,"area_km2":0},