{"type":"Topology","arcs":[[[471,520],[-4,0]],[[467,520],[-44,34]],[[423,554],[24,90]],[[447,644],[24,-124]],[[460,480],[4,-132]],[[464,348],[-97,-2]],[[367,346],[7,122]],[[374,468],[86,12]],[[74,769],[-74,5]],[[0,774],[74,-5]],[[74,769],[-2,-66]],[[72,703],[27,-13]],[[99,690],[5,-11]],[[104,679],[-94,31],[-10,64]],[[293,703],[-16,-40]],[[277,663],[-22,-6]],[[255,657],[7,47]],[[262,704],[31,-1]],[[484,0],[-27,99]],[[457,99],[56,3]],[[513,102],[-29,-102]],[[549,273],[-36,-171]],[[457,99],[9,167]],[[466,266],[-1,30]],[[465,296],[84,-23]],[[708,336],[-54,16]],[[654,352],[-73,-45]],[[581,307],[9,79]],[[590,386],[103,87]],[[693,473],[37,1]],[[730,474],[-22,-138]],[[952,475],[-222,-1]],[[693,473],[-15,38]],[[678,511],[270,145]],[[948,656],[4,-181]],[[202,746],[-25,-78]],[[177,668],[-24,18]],[[153,686],[3,50]],[[156,736],[46,10]],[[138,746],[-5,-46]],[[133,700],[-34,-10]],[[72,703],[66,43]],[[358,660],[-74,0]],[[284,660],[-7,3]],[[293,703],[65,7]],[[358,710],[0,-50]],[[356,649],[-1,-22]],[[355,627],[-74,-15]],[[281,612],[3,48]],[[358,660],[-2,-11]],[[537,512],[-15,-91]],[[522,421],[-58,-73]],[[460,480],[7,40]],[[471,520],[66,-8]],[[281,612],[-106,36]],[[175,648],[2,20]],[[177,668],[78,-11]],[[153,686],[-20,14]],[[138,746],[18,-10]],[[466,266],[-99,80]],[[464,348],[1,-52]],[[708,336],[-29,-81]],[[679,255],[-11,-44]],[[668,211],[-1,-26]],[[667,185],[-55,8]],[[612,193],[42,159]],[[581,307],[-32,-34]],[[522,421],[68,-35]],[[953,416],[-1,59]],[[952,475],[166,38]],[[1118,513],[-165,-97]],[[247,708],[15,-4]],[[202,746],[45,-38]],[[247,708],[111,2]],[[423,554],[-51,32]],[[372,586],[-17,41]],[[356,649],[91,-5]],[[175,648],[-71,31]],[[953,416],[1,-75]],[[954,341],[-56,-34]],[[898,307],[-65,-30]],[[833,277],[-125,59]],[[374,468],[-2,118]],[[833,277],[-29,-63]],[[804,214],[-125,41]],[[612,193],[-40,-152]],[[572,41],[-88,-41]],[[804,214],[-4,-40]],[[800,174],[-132,37]],[[948,656],[128,-1],[42,-142]],[[804,214],[94,93]],[[954,341],[-25,-125],[-129,-42]],[[667,185],[-95,-144]],[[596,514],[-59,-2]],[[537,512],[59,2]],[[596,514],[82,-3]]],"transform":{"scale":[0.00035537144454383533,0.0002705549224806241],"translate":[124.92701839900008,7.4521240560000575]},"objects":{"bgysubmuns-municity-1001309000":{"type":"GeometryCollection","geometries":[{"arcs":[[0,1,2,3]],"type":"Polygon","properties":{"adm1_psgc":1000000000,"adm2_psgc":1001300000,"adm3_psgc":1001309000,"adm4_psgc":1001309001,"adm4_en":"Balangigay","geo_level":"Bgy","len_crs":8936,"area_crs":3527251,"len_km":8,"area_km2":3},"id":1001309001},{"arcs":[[4,5,6,7]],"type":"Polygon","properties":{"adm1_psgc":1000000000,"adm2_psgc":1001300000,"adm3_psgc":1001309000,"adm4_psgc":1001309002,"adm4_en":"Balukbukan","geo_level":"Bgy","len_crs":21845,"area_crs":11454761,"len_km":21,"area_km2":11},"id":1001309002},{"arcs":[[8,9]],"type":"Polygon","properties":{"adm1_psgc":1000000000,"adm2_psgc":1001300000,"adm3_psgc":1001309000,"adm4_psgc":1001309003,"adm4_en":"Bershiba","geo_level":"Bgy","len_crs":13524,"area_crs":7670486,"len_km":13,"area_km2":7},"id":1001309003},{"arcs":[[10,11,12,13,-9]],"type":"Polygon","properties":{"adm1_psgc":1000000000,"adm2_psgc":1001300000,"adm3_psgc":1001309000,"adm4_psgc":1001309004,"adm4_en":"Bobong","geo_level":"Bgy","len_crs":15721,"area_crs":6336827,"len_km":15,"area_km2":6},"id":1001309004},{"arcs":[[14,15,16,17]],"type":"Polygon","properties":{"adm1_psgc":1000000000,"adm2_psgc":1001300000,"adm3_psgc":1001309000,"adm4_psgc":1001309005,"adm4_en":"Bolocaon","geo_level":"Bgy","len_crs":5262,"area_crs":1466560,"len_km":5,"area_km2":1},"id":1001309005},{"arcs":[[18,19,20]],"type":"Polygon","properties":{"adm1_psgc":1000000000,"adm2_psgc":1001300000,"adm3_psgc":1001309000,"adm4_psgc":1001309006,"adm4_en":"Cabalantian","geo_level":"Bgy","len_crs":10789,"area_crs":4893502,"len_km":10,"area_km2":4},"id":1001309006},{"arcs":[[21,-20,22,23,24]],"type":"Polygon","properties":{"adm1_psgc":1000000000,"adm2_psgc":1001300000,"adm3_psgc":1001309000,"adm4_psgc":1001309007,"adm4_en":"Calapaton","geo_level":"Bgy","len_crs":18496,"area_crs":16501911,"len_km":18,"area_km2":16},"id":1001309007},{"arcs":[[25,26,27,28,29,30]],"type":"Polygon","properties":{"adm1_psgc":1000000000,"adm2_psgc":1001300000,"adm3_psgc":1001309000,"adm4_psgc":1001309009,"adm4_en":"Sinaysayan","geo_level":"Bgy","len_crs":21226,"area_crs":17354365,"len_km":21,"area_km2":17},"id":1001309009},{"arcs":[[31,-30,32,33,34]],"type":"Polygon","properties":{"adm1_psgc":1000000000,"adm2_psgc":1001300000,"adm3_psgc":1001309000,"adm4_psgc":1001309010,"adm4_en":"Kahusayan","geo_level":"Bgy","len_crs":31805,"area_crs":30588587,"len_km":31,"area_km2":30},"id":1001309010},{"arcs":[[35,36,37,38]],"type":"Polygon","properties":{"adm1_psgc":1000000000,"adm2_psgc":1001300000,"adm3_psgc":1001309000,"adm4_psgc":1001309011,"adm4_en":"Kalumihan","geo_level":"Bgy","len_crs":8849,"area_crs":2564741,"len_km":8,"area_km2":2},"id":1001309011},{"arcs":[[39,40,-12,41]],"type":"Polygon","properties":{"adm1_psgc":1000000000,"adm2_psgc":1001300000,"adm3_psgc":1001309000,"adm4_psgc":1001309012,"adm4_en":"Kauyonan","geo_level":"Bgy","len_crs":10581,"area_crs":4917121,"len_km":10,"area_km2":4},"id":1001309012},{"arcs":[[42,43,-15,44,45]],"type":"Polygon","properties":{"adm1_psgc":1000000000,"adm2_psgc":1001300000,"adm3_psgc":1001309000,"adm4_psgc":1001309013,"adm4_en":"Kimolong","geo_level":"Bgy","len_crs":10100,"area_crs":4216528,"len_km":10,"area_km2":4},"id":1001309013},{"arcs":[[46,47,48,-43,49]],"type":"Polygon","properties":{"adm1_psgc":1000000000,"adm2_psgc":1001300000,"adm3_psgc":1001309000,"adm4_psgc":1001309014,"adm4_en":"Kitaihon","geo_level":"Bgy","len_crs":8956,"area_crs":2968309,"len_km":8,"area_km2":2},"id":1001309014},{"arcs":[[50,51,-5,52,-1,53]],"type":"Polygon","properties":{"adm1_psgc":1000000000,"adm2_psgc":1001300000,"adm3_psgc":1001309000,"adm4_psgc":1001309015,"adm4_en":"Kitobo","geo_level":"Bgy","len_crs":15487,"area_crs":12386449,"len_km":15,"area_km2":12},"id":1001309015},{"arcs":[[-16,-44,-49,54,55,56]],"type":"Polygon","properties":{"adm1_psgc":1000000000,"adm2_psgc":1001300000,"adm3_psgc":1001309000,"adm4_psgc":1001309019,"adm4_en":"Magsaysay","geo_level":"Bgy","len_crs":11517,"area_crs":3636372,"len_km":11,"area_km2":3},"id":1001309019},{"arcs":[[-38,57,-40,58]],"type":"Polygon","properties":{"adm1_psgc":1000000000,"adm2_psgc":1001300000,"adm3_psgc":1001309000,"adm4_psgc":1001309020,"adm4_en":"Malobalo","geo_level":"Bgy","len_crs":4853,"area_crs":1213474,"len_km":4,"area_km2":1},"id":1001309020},{"arcs":[[-24,59,-6,60]],"type":"Polygon","properties":{"adm1_psgc":1000000000,"adm2_psgc":1001300000,"adm3_psgc":1001309000,"adm4_psgc":1001309021,"adm4_en":"Metebagao","geo_level":"Bgy","len_crs":13283,"area_crs":9319187,"len_km":13,"area_km2":9},"id":1001309021},{"arcs":[[61,62,63,64,65,-26]],"type":"Polygon","properties":{"adm1_psgc":1000000000,"adm2_psgc":1001300000,"adm3_psgc":1001309000,"adm4_psgc":1001309022,"adm4_en":"Sagundanon","geo_level":"Bgy","len_crs":14699,"area_crs":9733316,"len_km":14,"area_km2":9},"id":1001309022},{"arcs":[[-28,66,-25,-61,-52,67]],"type":"Polygon","properties":{"adm1_psgc":1000000000,"adm2_psgc":1001300000,"adm3_psgc":1001309000,"adm4_psgc":1001309023,"adm4_en":"Pagan","geo_level":"Bgy","len_crs":15985,"area_crs":13538878,"len_km":15,"area_km2":13},"id":1001309023},{"arcs":[[68,69,70]],"type":"Polygon","properties":{"adm1_psgc":1000000000,"adm2_psgc":1001300000,"adm3_psgc":1001309000,"adm4_psgc":1001309025,"adm4_en":"Panganan","geo_level":"Bgy","len_crs":17924,"area_crs":14283468,"len_km":17,"area_km2":14},"id":1001309025},{"arcs":[[71,-17,-57,-36,72]],"type":"Polygon","properties":{"adm1_psgc":1000000000,"adm2_psgc":1001300000,"adm3_psgc":1001309000,"adm4_psgc":1001309026,"adm4_en":"Poblacion","geo_level":"Bgy","len_crs":11064,"area_crs":4977525,"len_km":11,"area_km2":4},"id":1001309026},{"arcs":[[-45,-18,-72,73]],"type":"Polygon","properties":{"adm1_psgc":1000000000,"adm2_psgc":1001300000,"adm3_psgc":1001309000,