{"type":"Topology","arcs":[[[623,68],[-76,-68]],[[547,0],[-13,55]],[[534,55],[2,12]],[[536,67],[87,1]],[[520,611],[-34,-82]],[[486,529],[-57,-8]],[[429,521],[-31,20]],[[398,541],[122,70]],[[545,603],[-6,-97]],[[539,506],[-27,-18]],[[512,488],[-26,41]],[[520,611],[25,-8]],[[624,361],[33,-43]],[[657,318],[13,2]],[[670,320],[0,-4]],[[670,316],[-17,-42]],[[653,274],[-84,44]],[[569,318],[-46,35]],[[523,353],[-3,35]],[[520,388],[104,-27]],[[547,0],[-121,22]],[[426,22],[12,90]],[[438,112],[96,-57]],[[470,284],[9,-42]],[[479,242],[-6,-33]],[[473,209],[-52,-8]],[[421,201],[-42,78]],[[379,279],[91,5]],[[214,570],[43,-47]],[[257,523],[-188,-277]],[[69,246],[-69,136],[214,188]],[[655,633],[-31,-30]],[[624,603],[-64,-1]],[[560,602],[95,31]],[[565,217],[-5,-55]],[[560,162],[-17,-10]],[[543,152],[-70,57]],[[479,242],[86,-25]],[[628,193],[-7,-51]],[[621,142],[-61,20]],[[565,217],[5,6]],[[570,223],[58,-30]],[[611,543],[58,-27]],[[669,516],[4,-47]],[[673,469],[-34,1]],[[639,470],[-113,-10]],[[526,460],[-14,28]],[[539,506],[72,37]],[[569,318],[1,-95]],[[470,284],[11,44]],[[481,328],[42,25]],[[433,461],[59,-18]],[[492,443],[-2,-32]],[[490,411],[-66,-49]],[[424,362],[-38,-3]],[[386,359],[-4,15]],[[382,374],[-15,65]],[[367,439],[66,22]],[[429,521],[4,-60]],[[367,439],[-61,-36]],[[306,403],[-49,120]],[[214,570],[184,-29]],[[379,279],[7,80]],[[424,362],[57,-34]],[[545,603],[15,-1]],[[624,603],[-13,-60]],[[382,374],[-109,-53]],[[273,321],[33,82]],[[421,201],[17,-89]],[[426,22],[-366,59],[44,141]],[[104,222],[169,99]],[[621,142],[2,-74]],[[536,67],[7,85]],[[104,222],[-35,24]],[[639,470],[-15,-109]],[[520,388],[-30,23]],[[492,443],[34,17]],[[670,320],[0,-4]],[[673,469],[-16,-151]],[[653,274],[-25,-81]],[[655,633],[14,-117]]],"transform":{"scale":[0.00026220168053496556,0.00016140945023688597],"translate":[121.31999805600003,12.878355858000075]},"objects":{"bgysubmuns-municity-1705206000":{"type":"GeometryCollection","geometries":[{"arcs":[[0,1,2,3]],"type":"Polygon","properties":{"adm1_psgc":1700000000,"adm2_psgc":1705200000,"adm3_psgc":1705206000,"adm4_psgc":1705206001,"adm4_en":"Agsalin","geo_level":"Bgy","len_crs":8364,"area_crs":2543809,"len_km":8,"area_km2":2},"id":1705206001},{"arcs":[[4,5,6,7]],"type":"Polygon","properties":{"adm1_psgc":1700000000,"adm2_psgc":1705200000,"adm3_psgc":1705206000,"adm4_psgc":1705206002,"adm4_en":"Agos","geo_level":"Bgy","len_crs":10592,"area_crs":3999865,"len_km":10,"area_km2":3},"id":1705206002},{"arcs":[[8,9,10,-5,11]],"type":"Polygon","properties":{"adm1_psgc":1700000000,"adm2_psgc":1705200000,"adm3_psgc":1705206000,"adm4_psgc":1705206003,"adm4_en":"Andres Bonifacio","geo_level":"Bgy","len_crs":7370,"area_crs":2694396,"len_km":7,"area_km2":2},"id":1705206003},{"arcs":[[12,13,14,15,16,17,18,19]],"type":"Polygon","properties":{"adm1_psgc":1700000000,"adm2_psgc":1705200000,"adm3_psgc":1705206000,"adm4_psgc":1705206004,"adm4_en":"Balete","geo_level":"Bgy","len_crs":11069,"area_crs":4844116,"len_km":11,"area_km2":4},"id":1705206004},{"arcs":[[-2,20,21,22]],"type":"Polygon","properties":{"adm1_psgc":1700000000,"adm2_psgc":1705200000,"adm3_psgc":1705206000,"adm4_psgc":1705206005,"adm4_en":"Banus","geo_level":"Bgy","len_crs":9751,"area_crs":4498376,"len_km":9,"area_km2":4},"id":1705206005},{"arcs":[[23,24,25,26,27]],"type":"Polygon","properties":{"adm1_psgc":1700000000,"adm2_psgc":1705200000,"adm3_psgc":1705206000,"adm4_psgc":1705206006,"adm4_en":"Banutan","geo_level":"Bgy","len_crs":7356,"area_crs":3275123,"len_km":7,"area_km2":3},"id":1705206006},{"arcs":[[28,29,30]],"type":"Polygon","properties":{"adm1_psgc":1700000000,"adm2_psgc":1705200000,"adm3_psgc":1705206000,"adm4_psgc":1705206007,"adm4_en":"Buong Lupa","geo_level":"Bgy","len_crs":21064,"area_crs":17027468,"len_km":21,"area_km2":17},"id":1705206007},{"arcs":[[31,32,33]],"type":"Polygon","properties":{"adm1_psgc":1700000000,"adm2_psgc":1705200000,"adm3_psgc":1705206000,"adm4_psgc":1705206008,"adm4_en":"Bulaklakan","geo_level":"Bgy","len_crs":8867,"area_crs":2101833,"len_km":8,"area_km2":2},"id":1705206008},{"arcs":[[34,35,36,-25,37]],"type":"Polygon","properties":{"adm1_psgc":1700000000,"adm2_psgc":1705200000,"adm3_psgc":1705206000,"adm4_psgc":1705206009,"adm4_en":"Gaudencio Antonino","geo_level":"Bgy","len_crs":7148,"area_crs":2972576,"len_km":7,"area_km2":2},"id":1705206009},{"arcs":[[38,39,-35,40,41]],"type":"Polygon","properties":{"adm1_psgc":1700000000,"adm2_psgc":1705200000,"adm3_psgc":1705206000,"adm4_psgc":1705206010,"adm4_en":"Guimbonan","geo_level":"Bgy","len_crs":5989,"area_crs":2057660,"len_km":5,"area_km2":2},"id":1705206010},{"arcs":[[42,43,44,45,46,-10,47]],"type":"Polygon","properties":{"adm1_psgc":1700000000,"adm2_psgc":1705200000,"adm3_psgc":1705206000,"adm4_psgc":1705206012,"adm4_en":"Kawit","geo_level":"Bgy","len_crs":11350,"area_crs":3577160,"len_km":11,"area_km2":3},"id":1705206012},{"arcs":[[48,-41,-38,-24,49,50,-18]],"type":"Polygon","properties":{"adm1_psgc":1700000000,"adm2_psgc":1705200000,"adm3_psgc":1705206000,"adm4_psgc":1705206013,"adm4_en":"Lucio Laurel","geo_level":"Bgy","len_crs":9194,"area_crs":4631411,"len_km":9,"area_km2":4},"id":1705206013},{"arcs":[[51,52,53,54,55,56,57]],"type":"Polygon","properties":{"adm1_psgc":1700000000,"adm2_psgc":1705200000,"adm3_psgc":1705206000,"adm4_psgc":1705206014,"adm4_en":"Macario Adriatico","geo_level":"Bgy","len_crs":9920,"area_crs":4366581,"len_km":9,"area_km2":4},"id":1705206014},{"arcs":[[-7,58,-58,59,60,-29,61]],"type":"Polygon","properties":{"adm1_psgc":1700000000,"adm2_psgc":1705200000,"adm3_psgc":1705206000,"adm4_psgc":1705206015,"adm4_en":"Malamig","geo_level":"Bgy","len_crs":16044,"area_crs":9864169,"len_km":16,"area_km2":9},"id":1705206015},{"arcs":[[-50,-28,62,-55,63]],"type":"Polygon","properties":{"adm1_psgc":1700000000,"adm2_psgc":1705200000,"adm3_psgc":1705206000,"adm4_psgc":1705206016,"adm4_en":"Malayong","geo_level":"Bgy","len_crs":8119,"area_crs":2854736,"len_km":8,"area_km2":2},"id":1705206016},{"arcs":[[-48,-9,64,-33,65]],"type":"Polygon","properties":{"adm1_psgc":1700000000,"adm2_psgc":1705200000,"adm3_psgc":1705206000,"adm4_psgc":1705206017,"adm4_en":"Maligaya","geo_level":"Bgy","len_crs":8935,"area_crs":2839027,"len_km":8,"area_km2":2},"id":1705206017},{"arcs":[[66,67,-60,-57]],"type":"Polygon","properties":{"adm1_psgc":1700000000,"adm2_psgc":1705200000,"adm3_psgc":1705206000,"adm4_psgc":1705206018,"adm4_en":"Malubay","geo_level":"Bgy","len_crs":8220,"area_crs":3663365,"len_km":8,"area_km2":3},"id":1705206018},{"arcs":[[-63,-27,68,-22,69,70,-67,-56]],"type":"Polygon","properties":{"adm1_psgc":1700000000,"adm2_psgc":1705200000,"adm3_psgc":1705206000,"adm4_psgc":1705206020,"adm4_en":"Manguyang","geo_level":"Bgy","len_crs":29779,"area_crs":41492259,"len_km":29,"area_km2":41},"id":1705206020},{"arcs":[[71,-4,72,-36,-40]],"type":"Polygon","properties":{"adm1_psgc":1700000000,"adm2_psgc":1705200000,"adm3_psgc":1705206000,"adm4_psgc":1705206021,"adm4_en":"Maragooc","geo_level":"Bgy","len_crs":8587,"area_crs":3540386,"len_km":8,"area_km2":3},"id":1705206021},{"arcs":[[-68,-71,73,-30,-61]],"type":"Polygon","properties":{"adm1_psgc":1700000000,"adm2_psgc":1705200000,"adm3_psgc":1705206000,"adm4_psgc":1705206022,"adm4_en":"Mirayan","geo_level":"Bgy","len_crs":18632,"area_crs":17553179,"len_km":18,"area_km2":17},"id":1705206022},{"arcs":[[74,-20,75,-53,76,-46]],"type":"Polygon","properties":{"adm1_psgc":1700000000,"adm2_psgc":1705200000,"adm3_psgc":1705206000,"adm4_psgc":1705206023,"adm4_en":"Narra","geo_level":"Bgy","len_crs":11906,"area_crs":5229458,"len_km":11,"area_km2":5},"id":1705206023},{"arcs":[[-19,-51,-64,-54,-76]],"type":"Polygon","properties":{"adm1_psgc":1700000000,"adm2_psgc":1705200000,"adm3_psgc":1705206000,"adm4_psgc":1705206024,"adm4_en":"Papandungin","geo_level":"Bgy","len_crs":7098,"area_crs":2573992,"len_km":7,"area_km2":2},"id":1705206024},{"arcs":[[-45,78,-13,-75]],"type":"Polygon","properties":{"adm1_psgc":1700000000,"adm2_psgc":1705200000,"adm3_psgc":1705206000,