{"type":"Topology","arcs":[[[408,596],[9,-86]],[[417,510],[-13,-91]],[[404,419],[-45,-16]],[[359,403],[-87,106]],[[272,509],[45,76],[91,11]],[[176,379],[-19,-26]],[[157,353],[-67,-29]],[[90,324],[86,55]],[[310,263],[-100,-61]],[[210,202],[-43,3]],[[167,205],[18,64]],[[185,269],[6,25]],[[191,294],[58,28]],[[249,322],[61,-59]],[[517,570],[-100,-60]],[[408,596],[68,67]],[[476,663],[41,-93]],[[139,197],[16,-35]],[[155,162],[-46,-39]],[[109,123],[1,92]],[[110,215],[29,-18]],[[109,123],[-21,-19]],[[88,104],[-24,27]],[[64,131],[8,10]],[[72,141],[0,73]],[[72,214],[38,1]],[[51,296],[21,-82]],[[72,214],[-59,-42]],[[13,172],[-13,106]],[[0,278],[51,18]],[[88,104],[-6,-26]],[[82,78],[-64,-31]],[[18,47],[31,76]],[[49,123],[15,8]],[[570,519],[-1,-82]],[[569,437],[-165,-18]],[[517,570],[53,-51]],[[386,124],[-85,-6]],[[301,118],[-95,77]],[[206,195],[4,7]],[[310,263],[51,16]],[[361,279],[25,-155]],[[359,403],[-110,-81]],[[249,322],[-9,84]],[[240,406],[32,103]],[[369,314],[-8,-35]],[[359,403],[10,-89]],[[534,259],[-148,-135]],[[369,314],[165,-55]],[[185,269],[-116,25]],[[69,294],[21,30]],[[157,353],[34,-59]],[[0,278],[51,18]],[[301,118],[-70,9]],[[231,127],[-44,40]],[[187,167],[19,28]],[[635,668],[-24,-111]],[[611,557],[-41,-38]],[[476,663],[159,5]],[[231,127],[-33,-29]],[[198,98],[-89,25]],[[155,162],[32,5]],[[693,549],[-82,8]],[[635,668],[58,-119]],[[649,405],[-115,-146]],[[569,437],[80,-32]],[[167,205],[-28,-8]],[[51,296],[18,-2]],[[198,98],[-115,-98]],[[83,0],[-1,78]],[[49,123],[-25,39]],[[24,162],[48,-21]],[[24,162],[-11,10]],[[176,379],[64,27]],[[83,0],[-65,47]],[[693,549],[-44,-144]]],"transform":{"scale":[0.00020104553968250166,0.00017289353143709856],"translate":[122.64561507200007,11.04478605900005]},"objects":{"bgysubmuns-municity-603039000":{"type":"GeometryCollection","geometries":[{"arcs":[[0,1,2,3,4]],"type":"Polygon","properties":{"adm1_psgc":600000000,"adm2_psgc":603000000,"adm3_psgc":603039000,"adm4_psgc":603039001,"adm4_en":"Abaca","geo_level":"Bgy","len_crs":12864,"area_crs":7005491,"len_km":12,"area_km2":7},"id":603039001},{"arcs":[[5,6,7]],"type":"Polygon","properties":{"adm1_psgc":600000000,"adm2_psgc":603000000,"adm3_psgc":603039000,"adm4_psgc":603039002,"adm4_en":"Asisig","geo_level":"Bgy","len_crs":5095,"area_crs":1193067,"len_km":5,"area_km2":1},"id":603039002},{"arcs":[[8,9,10,11,12,13]],"type":"Polygon","properties":{"adm1_psgc":600000000,"adm2_psgc":603000000,"adm3_psgc":603039000,"adm4_psgc":603039003,"adm4_en":"Bantayan","geo_level":"Bgy","len_crs":9504,"area_crs":4397484,"len_km":9,"area_km2":4},"id":603039003},{"arcs":[[14,-1,15,16]],"type":"Polygon","properties":{"adm1_psgc":600000000,"adm2_psgc":603000000,"adm3_psgc":603039000,"adm4_psgc":603039004,"adm4_en":"Braulan","geo_level":"Bgy","len_crs":10650,"area_crs":5392776,"len_km":10,"area_km2":5},"id":603039004},{"arcs":[[17,18,19,20]],"type":"Polygon","properties":{"adm1_psgc":600000000,"adm2_psgc":603000000,"adm3_psgc":603039000,"adm4_psgc":603039005,"adm4_en":"Cabugao Nuevo","geo_level":"Bgy","len_crs":5402,"area_crs":1471454,"len_km":5,"area_km2":1},"id":603039005},{"arcs":[[-20,21,22,23,24,25]],"type":"Polygon","properties":{"adm1_psgc":600000000,"adm2_psgc":603000000,"adm3_psgc":603039000,"adm4_psgc":603039006,"adm4_en":"Cabugao Viejo","geo_level":"Bgy","len_crs":6365,"area_crs":1220176,"len_km":6,"area_km2":1},"id":603039006},{"arcs":[[26,27,28,29]],"type":"Polygon","properties":{"adm1_psgc":600000000,"adm2_psgc":603000000,"adm3_psgc":603039000,"adm4_psgc":603039007,"adm4_en":"Camiri","geo_level":"Bgy","len_crs":7778,"area_crs":2752558,"len_km":7,"area_km2":2},"id":603039007},{"arcs":[[30,31,32,33,-23]],"type":"Polygon","properties":{"adm1_psgc":600000000,"adm2_psgc":603000000,"adm3_psgc":603039000,"adm4_psgc":603039008,"adm4_en":"Compo","geo_level":"Bgy","len_crs":5435,"area_crs":1581812,"len_km":5,"area_km2":1},"id":603039008},{"arcs":[[34,35,-2,-15,36]],"type":"Polygon","properties":{"adm1_psgc":600000000,"adm2_psgc":603000000,"adm3_psgc":603039000,"adm4_psgc":603039009,"adm4_en":"Catan-Agan","geo_level":"Bgy","len_crs":13478,"area_crs":7923494,"len_km":13,"area_km2":7},"id":603039009},{"arcs":[[37,38,39,-9,40,41]],"type":"Polygon","properties":{"adm1_psgc":600000000,"adm2_psgc":603000000,"adm3_psgc":603039000,"adm4_psgc":603039010,"adm4_en":"Cubay","geo_level":"Bgy","len_crs":13750,"area_crs":6214088,"len_km":13,"area_km2":6},"id":603039010},{"arcs":[[42,43,44,-4]],"type":"Polygon","properties":{"adm1_psgc":600000000,"adm2_psgc":603000000,"adm3_psgc":603039000,"adm4_psgc":603039011,"adm4_en":"Dacal","geo_level":"Bgy","len_crs":10513,"area_crs":4245362,"len_km":10,"area_km2":4},"id":603039011},{"arcs":[[45,-41,-14,-43,46]],"type":"Polygon","properties":{"adm1_psgc":600000000,"adm2_psgc":603000000,"adm3_psgc":603039000,"adm4_psgc":603039012,"adm4_en":"Dumiles","geo_level":"Bgy","len_crs":8678,"area_crs":4246936,"len_km":8,"area_km2":4},"id":603039012},{"arcs":[[47,-42,-46,48]],"type":"Polygon","properties":{"adm1_psgc":600000000,"adm2_psgc":603000000,"adm3_psgc":603039000,"adm4_psgc":603039013,"adm4_en":"Garita","geo_level":"Bgy","len_crs":13570,"area_crs":8039550,"len_km":13,"area_km2":8},"id":603039013},{"arcs":[[-12,49,50,-7,51]],"type":"Polygon","properties":{"adm1_psgc":600000000,"adm2_psgc":603000000,"adm3_psgc":603039000,"adm4_psgc":603039014,"adm4_en":"Gines Nuevo","geo_level":"Bgy","len_crs":7704,"area_crs":2758246,"len_km":7,"area_km2":2},"id":603039014},{"arcs":[[-30,52]],"type":"Polygon","properties":{"adm1_psgc":600000000,"adm2_psgc":603000000,"adm3_psgc":603039000,"adm4_psgc":603039015,"adm4_en":"Imbang Pequeño","geo_level":"Bgy","len_crs":4176,"area_crs":908324,"len_km":4,"area_km2":0},"id":603039015},{"arcs":[[53,54,55,-39]],"type":"Polygon","properties":{"adm1_psgc":600000000,"adm2_psgc":603000000,"adm3_psgc":603039000,"adm4_psgc":603039016,"adm4_en":"Imbesad-an","geo_level":"Bgy","len_crs":6252,"area_crs":1466048,"len_km":6,"area_km2":1},"id":603039016},{"arcs":[[56,57,-37,-17,58]],"type":"Polygon","properties":{"adm1_psgc":600000000,"adm2_psgc":603000000,"adm3_psgc":603039000,"adm4_psgc":603039017,"adm4_en":"Iprog","geo_level":"Bgy","len_crs":11680,"area_crs":6931817,"len_km":11,"area_km2":6},"id":603039017},{"arcs":[[59,60,-19,61,-55]],"type":"Polygon","properties":{"adm1_psgc":600000000,"adm2_psgc":603000000,"adm3_psgc":603039000,"adm4_psgc":603039018,"adm4_en":"Lip-ac","geo_level":"Bgy","len_crs":6780,"area_crs":1610153,"len_km":6,"area_km2":1},"id":603039018},{"arcs":[[62,-57,63]],"type":"Polygon","properties":{"adm1_psgc":600000000,"adm2_psgc":603000000,"adm3_psgc":603039000,"adm4_psgc":603039019,"adm4_en":"Madarag","geo_level":"Bgy","len_crs":7600,"area_crs":3112569,"len_km":7,"area_km2":3},"id":603039019},{"arcs":[[64,-49,-47,-3,-36,65]],"type":"Polygon","properties":{"adm1_psgc":600000000,"adm2_psgc":603000000,"adm3_psgc":603039000,"adm4_psgc":603039020,"adm4_en":"Mapili","geo_level":"Bgy","len_crs":18117,"area_crs":13833552,"len_km":18,"area_km2":13},"id":603039020},{"arcs":[[-50,-11,66,-21,-26,-27,67]],"type":"Polygon","properties":{"adm1_psgc":600000000,"adm2_psgc":603000000,"adm3_psgc":603039000,"adm4_psgc":603039021,"adm4_en":"Paga","geo_level":"Bgy","len_crs":8502,"area_crs":3312449,"len_km":8,"area_km2":3},"id":603039021},{"arcs":[[68,69,-31,-22,-61]],"type":"Polygon","properties":{"adm1_psgc":600000000,"adm2_psgc":603000000,"adm3_psgc":603039000,"adm4_psgc":603039022,"adm4_en":"Palje","geo_level":"Bgy","len_crs":8434,"area_crs":3066424,"len_km":8,"area_km2":3},"id":603039022},{"arcs":[[-24,-34,70,71]],"type":"Polygon","properties":{"adm1_psgc":600000000,"adm2_psgc":603000000,"adm3_psgc":603039000,"adm4_psgc":603039023,"adm4_en":"Poblacion Ilawod","geo_level":"Bgy","len_crs":2804,"area_crs":386362,"len_km":2,"area_km2":0},"id":603039023},{"arcs":[[-72,72,-28,-25]],"type":"Polygon","properties":{"adm1_psgc":600000000,"adm2_psgc":603000000,"adm3_psgc":603039000,"adm4_psgc":603039024,"adm4_en":"Poblacion Ilaya","geo_level":"Bgy",