{"type":"Topology","arcs":[[[427,306],[5,-8]],[[432,298],[-2,-8]],[[430,290],[-11,-18]],[[419,272],[-28,-22]],[[391,250],[-12,-6]],[[379,244],[-5,74]],[[374,318],[18,16]],[[392,334],[35,-28]],[[305,497],[-80,-94]],[[225,403],[-25,-29]],[[200,374],[-75,-87]],[[125,287],[-20,38]],[[105,325],[172,193]],[[277,518],[28,-21]],[[467,364],[44,-68]],[[511,296],[-26,-18]],[[485,278],[-16,37]],[[469,315],[-13,44]],[[456,359],[11,5]],[[465,260],[-57,-32]],[[408,228],[-17,22]],[[419,272],[42,10]],[[461,282],[4,-22]],[[379,244],[-243,-172]],[[136,72],[11,99]],[[147,171],[227,147]],[[456,359],[-16,-7]],[[440,352],[-5,51]],[[435,403],[16,18]],[[451,421],[16,-57]],[[147,171],[-22,116]],[[200,374],[190,16]],[[390,390],[2,-56]],[[435,403],[-43,-69]],[[390,390],[6,17]],[[396,407],[39,-4]],[[430,290],[31,-8]],[[217,633],[-206,-154]],[[11,479],[-11,75]],[[0,554],[197,114]],[[197,668],[20,-35]],[[485,278],[-20,-18]],[[432,298],[18,8]],[[450,306],[19,9]],[[251,544],[26,-26]],[[105,325],[-36,43]],[[69,368],[182,176]],[[440,352],[-4,-15]],[[436,337],[-44,-3]],[[436,337],[5,-13]],[[441,324],[-14,-18]],[[332,486],[-19,-36]],[[313,450],[-88,-47]],[[305,497],[27,-11]],[[233,595],[18,-51]],[[69,368],[-31,46]],[[38,414],[195,181]],[[0,554],[6,104],[179,32],[12,-22]],[[38,414],[-27,65]],[[217,633],[16,-38]],[[403,452],[-7,-45]],[[313,450],[64,14]],[[377,464],[26,-12]],[[408,164],[0,64]],[[511,296],[17,-88],[-120,-44]],[[441,324],[9,-18]],[[403,452],[48,-31]],[[408,164],[-279,-164],[7,72]],[[332,486],[45,-22]]],"transform":{"scale":[0.00029991856628786343,0.00018433616811593286],"translate":[123.54387433400007,13.395386389000064]},"objects":{"bgysubmuns-municity-500518000":{"type":"GeometryCollection","geometries":[{"arcs":[[0,1,2,3,4,5,6,7]],"type":"Polygon","properties":{"adm1_psgc":500000000,"adm2_psgc":500500000,"adm3_psgc":500518000,"adm4_psgc":500518001,"adm4_en":"Bagumbayan","geo_level":"Bgy","len_crs":5913,"area_crs":2082577,"len_km":5,"area_km2":2},"id":500518001},{"arcs":[[8,9,10,11,12,13]],"type":"Polygon","properties":{"adm1_psgc":500000000,"adm2_psgc":500500000,"adm3_psgc":500518000,"adm4_psgc":500518002,"adm4_en":"Bariis","geo_level":"Bgy","len_crs":16160,"area_crs":6592452,"len_km":16,"area_km2":6},"id":500518002},{"arcs":[[14,15,16,17,18]],"type":"Polygon","properties":{"adm1_psgc":500000000,"adm2_psgc":500500000,"adm3_psgc":500518000,"adm4_psgc":500518003,"adm4_en":"Baybay","geo_level":"Bgy","len_crs":5294,"area_crs":1054172,"len_km":5,"area_km2":1},"id":500518003},{"arcs":[[19,20,-4,21,22]],"type":"Polygon","properties":{"adm1_psgc":500000000,"adm2_psgc":500500000,"adm3_psgc":500518000,"adm4_psgc":500518004,"adm4_en":"Belen","geo_level":"Bgy","len_crs":5663,"area_crs":1343654,"len_km":5,"area_km2":1},"id":500518004},{"arcs":[[23,24,25,-6]],"type":"Polygon","properties":{"adm1_psgc":500000000,"adm2_psgc":500500000,"adm3_psgc":500518000,"adm4_psgc":500518005,"adm4_en":"Biyong","geo_level":"Bgy","len_crs":20191,"area_crs":13539148,"len_km":20,"area_km2":13},"id":500518005},{"arcs":[[-19,26,27,28,29]],"type":"Polygon","properties":{"adm1_psgc":500000000,"adm2_psgc":500500000,"adm3_psgc":500518000,"adm4_psgc":500518006,"adm4_en":"Bolo","geo_level":"Bgy","len_crs":4302,"area_crs":1046565,"len_km":4,"area_km2":1},"id":500518006},{"arcs":[[-7,-26,30,-11,31,32]],"type":"Polygon","properties":{"adm1_psgc":500000000,"adm2_psgc":500500000,"adm3_psgc":500518000,"adm4_psgc":500518007,"adm4_en":"Cale","geo_level":"Bgy","len_crs":22548,"area_crs":17984108,"len_km":22,"area_km2":17},"id":500518007},{"arcs":[[33,-33,34,35]],"type":"Polygon","properties":{"adm1_psgc":500000000,"adm2_psgc":500500000,"adm3_psgc":500518000,"adm4_psgc":500518008,"adm4_en":"Cararayan","geo_level":"Bgy","len_crs":4905,"area_crs":1101218,"len_km":4,"area_km2":1},"id":500518008},{"arcs":[[-22,-3,36]],"type":"Polygon","properties":{"adm1_psgc":500000000,"adm2_psgc":500500000,"adm3_psgc":500518000,"adm4_psgc":500518009,"adm4_en":"Coro-coro","geo_level":"Bgy","len_crs":3156,"area_crs":500907,"len_km":3,"area_km2":0},"id":500518009},{"arcs":[[37,38,39,40]],"type":"Polygon","properties":{"adm1_psgc":500000000,"adm2_psgc":500500000,"adm3_psgc":500518000,"adm4_psgc":500518010,"adm4_en":"Dap-dap","geo_level":"Bgy","len_crs":16871,"area_crs":8751950,"len_km":16,"area_km2":8},"id":500518010},{"arcs":[[41,-23,-37,-2,42,43,-17]],"type":"Polygon","properties":{"adm1_psgc":500000000,"adm2_psgc":500500000,"adm3_psgc":500518000,"adm4_psgc":500518011,"adm4_en":"Gajo","geo_level":"Bgy","len_crs":4771,"area_crs":774034,"len_km":4,"area_km2":0},"id":500518011},{"arcs":[[44,-13,45,46]],"type":"Polygon","properties":{"adm1_psgc":500000000,"adm2_psgc":500500000,"adm3_psgc":500518000,"adm4_psgc":500518012,"adm4_en":"Joroan","geo_level":"Bgy","len_crs":16349,"area_crs":7944166,"len_km":16,"area_km2":7},"id":500518012},{"arcs":[[47,48,-34,-28]],"type":"Polygon","properties":{"adm1_psgc":500000000,"adm2_psgc":500500000,"adm3_psgc":500518000,"adm4_psgc":500518013,"adm4_en":"Libjo","geo_level":"Bgy","len_crs":4810,"area_crs":1190570,"len_km":4,"area_km2":1},"id":500518013},{"arcs":[[49,50,-8,-49]],"type":"Polygon","properties":{"adm1_psgc":500000000,"adm2_psgc":500500000,"adm3_psgc":500518000,"adm4_psgc":500518014,"adm4_en":"Libtong","geo_level":"Bgy","len_crs":3813,"area_crs":695795,"len_km":3,"area_km2":0},"id":500518014},{"arcs":[[51,52,-9,53]],"type":"Polygon","properties":{"adm1_psgc":500000000,"adm2_psgc":500500000,"adm3_psgc":500518000,"adm4_psgc":500518017,"adm4_en":"Matalibong","geo_level":"Bgy","len_crs":8910,"area_crs":3277101,"len_km":8,"area_km2":3},"id":500518017},{"arcs":[[54,-47,55,56]],"type":"Polygon","properties":{"adm1_psgc":500000000,"adm2_psgc":500500000,"adm3_psgc":500518000,"adm4_psgc":500518018,"adm4_en":"Maynonong","geo_level":"Bgy","len_crs":16952,"area_crs":7788435,"len_km":16,"area_km2":7},"id":500518018},{"arcs":[[-40,57]],"type":"Polygon","properties":{"adm1_psgc":500000000,"adm2_psgc":500500000,"adm3_psgc":500518000,"adm4_psgc":500518019,"adm4_en":"Mayong","geo_level":"Bgy","len_crs":15906,"area_crs":8246809,"len_km":15,"area_km2":8},"id":500518019},{"arcs":[[-57,58,-38,59]],"type":"Polygon","properties":{"adm1_psgc":500000000,"adm2_psgc":500500000,"adm3_psgc":500518000,"adm4_psgc":500518020,"adm4_en":"Misibis","geo_level":"Bgy","len_crs":17525,"area_crs":10455587,"len_km":17,"area_km2":10},"id":500518020},{"arcs":[[60,-35,-32,-10,-53,61,62]],"type":"Polygon","properties":{"adm1_psgc":500000000,"adm2_psgc":500500000,"adm3_psgc":500518000,"adm4_psgc":500518021,"adm4_en":"Naga","geo_level":"Bgy","len_crs":16278,"area_crs":6978353,"len_km":16,"area_km2":6},"id":500518021},{"arcs":[[63,-20,-42,-16,64]],"type":"Polygon","properties":{"adm1_psgc":500000000,"adm2_psgc":500500000,"adm3_psgc":500518000,"adm4_psgc":500518023,"adm4_en":"Nagas","geo_level":"Bgy","len_crs":11166,"area_crs":6100502,"len_km":11,"area_km2":6},"id":500518023},{"arcs":[[-43,-1,-51,65]],"type":"Polygon","properties":{"adm1_psgc":500000000,"adm2_psgc":500500000,"adm3_psgc":500518000,"adm4_psgc":500518024,"adm4_en":"Oyama","geo_level":"Bgy","len_crs":2121,"area_crs":169141,"len_km":2,"area_km2":0},"id":500518024},{"arcs":[[-29,-36,-61,66]],"type":"Polygon","properties":{"adm1_psgc":500000000,"adm2_psgc":500500000,"adm3_psgc":500518000,"adm4_psgc":500518025,"adm4_en":"Putsan","geo_level":"Bgy","len_crs":5500,"area_crs":1469345,"len_km":5,"area_km2":1},"id":500518025},{"arcs":[[-64,67,-24,-5,-21]],"type":"Polygon","properties":{"adm1_psgc":500000000,"adm2_psgc":500500000,"adm3_psgc":500518000,"adm4_psgc":500518026,"adm4_en":"San Bernardo","geo_level":"Bgy","len_crs":22248,"area_crs":15770907,"len_km":22,"area_km2":15},"id":500518026},{"arcs":[[-62,-52,68]],"type":"Polygon","properties":{"adm1_psgc":500000000,"adm2_psgc":500500000,"adm3_psgc":500518000,"adm4_psgc":500518027,"adm4_en":"Sogod","geo_level":"Bgy","len_crs":5281,"area_crs":1159377,"len_km":5,"area_km2":1},"id":500518027},{"arcs":[[-44,-66,-50,-48,-27,-18]],"type":"Polygon",