{"type":"Topology","arcs":[[[540,727],[-4,-74]],[[536,653],[-81,-6]],[[455,647],[-39,58]],[[416,705],[72,37],[52,-15]],[[871,368],[43,-72]],[[914,296],[-47,-38]],[[867,258],[-59,57]],[[808,315],[63,53]],[[791,69],[-96,-19]],[[695,50],[-37,27]],[[658,77],[79,40]],[[737,117],[54,-48]],[[622,393],[-92,-32]],[[530,361],[-19,105]],[[511,466],[100,3]],[[611,469],[11,-76]],[[334,586],[-21,-86]],[[313,500],[-21,-61]],[[292,439],[-78,55]],[[214,494],[77,119]],[[291,613],[43,-27]],[[326,352],[21,-57]],[[347,295],[-106,-6]],[[241,289],[-108,22]],[[133,311],[69,67]],[[202,378],[94,58]],[[296,436],[30,-84]],[[374,181],[-16,-20]],[[358,161],[-72,53],[-45,75]],[[347,295],[41,-78],[-14,-36]],[[808,446],[-34,-26]],[[774,420],[-60,39]],[[714,459],[-35,48]],[[679,507],[45,24]],[[724,531],[84,-85]],[[609,252],[-113,-26]],[[496,226],[-21,120]],[[475,346],[55,15]],[[530,361],[58,-38],[21,-71]],[[695,50],[-85,-50],[-25,65]],[[585,65],[47,26]],[[632,91],[26,-14]],[[622,393],[43,-42]],[[665,351],[25,-52]],[[690,299],[-81,-47]],[[443,357],[-24,16],[-93,-21]],[[296,436],[-4,3]],[[313,500],[109,9]],[[422,509],[21,-152]],[[690,591],[-106,-57]],[[584,534],[-18,35]],[[566,569],[-18,44]],[[548,613],[110,32]],[[658,645],[32,-54]],[[455,647],[3,-56]],[[458,591],[-124,-5]],[[334,586],[26,44],[-33,60],[89,15]],[[148,538],[-63,-88],[-15,-70]],[[70,380],[-70,64],[92,142],[56,-48]],[[214,494],[-66,44]],[[148,538],[31,78],[80,17],[32,-20]],[[808,315],[-34,105]],[[808,446],[63,-78]],[[548,613],[-12,40]],[[536,653],[110,22]],[[646,675],[12,-30]],[[914,296],[46,-49],[-3,-96],[-90,107]],[[214,494],[-63,-69]],[[151,425],[-58,-74]],[[93,351],[-23,29]],[[737,117],[23,43]],[[760,160],[52,18],[29,-89],[-50,-20]],[[475,346],[-32,11]],[[422,509],[47,8]],[[469,517],[42,-51]],[[202,378],[-51,47]],[[606,745],[-66,-18]],[[416,705],[-26,88],[61,4],[58,97],[69,-76],[28,-73]],[[496,226],[-122,-45]],[[714,459],[-9,-61],[-40,-47]],[[611,469],[68,38]],[[609,252],[34,-76]],[[643,176],[-11,-85]],[[585,65],[-39,40],[-69,5]],[[477,110],[-6,69],[25,47]],[[566,569],[-88,-9]],[[478,560],[-20,31]],[[477,110],[-30,-17],[-89,68]],[[611,469],[-27,65]],[[690,591],[34,-60]],[[469,517],[9,43]],[[606,745],[40,-70]],[[643,176],[30,38],[79,40]],[[752,254],[8,-94]],[[690,299],[62,-45]],[[133,311],[-40,40]]],"transform":{"scale":[0.00019905158645827647,0.0002032758243847977],"translate":[123.86063425300006,11.918660082000029]},"objects":{"bgysubmuns-municity-504105000":{"type":"GeometryCollection","geometries":[{"arcs":[[0,1,2,3]],"type":"Polygon","properties":{"adm1_psgc":500000000,"adm2_psgc":504100000,"adm3_psgc":504105000,"adm4_psgc":504105001,"adm4_en":"Abaca","geo_level":"Bgy","len_crs":8523,"area_crs":3745569,"len_km":8,"area_km2":3},"id":504105001},{"arcs":[[4,5,6,7]],"type":"Polygon","properties":{"adm1_psgc":500000000,"adm2_psgc":504100000,"adm3_psgc":504105000,"adm4_psgc":504105002,"adm4_en":"Aguada","geo_level":"Bgy","len_crs":7047,"area_crs":2874291,"len_km":7,"area_km2":2},"id":504105002},{"arcs":[[8,9,10,11]],"type":"Polygon","properties":{"adm1_psgc":500000000,"adm2_psgc":504100000,"adm3_psgc":504105000,"adm4_psgc":504105003,"adm4_en":"Badiang","geo_level":"Bgy","len_crs":7470,"area_crs":2955044,"len_km":7,"area_km2":2},"id":504105003},{"arcs":[[12,13,14,15]],"type":"Polygon","properties":{"adm1_psgc":500000000,"adm2_psgc":504100000,"adm3_psgc":504105000,"adm4_psgc":504105004,"adm4_en":"Bagumbayan","geo_level":"Bgy","len_crs":8551,"area_crs":4477444,"len_km":8,"area_km2":4},"id":504105004},{"arcs":[[16,17,18,19,20]],"type":"Polygon","properties":{"adm1_psgc":500000000,"adm2_psgc":504100000,"adm3_psgc":504105000,"adm4_psgc":504105005,"adm4_en":"Cadulawan","geo_level":"Bgy","len_crs":13072,"area_crs":5297177,"len_km":13,"area_km2":5},"id":504105005},{"arcs":[[21,22,23,24,25,26]],"type":"Polygon","properties":{"adm1_psgc":500000000,"adm2_psgc":504100000,"adm3_psgc":504105000,"adm4_psgc":504105006,"adm4_en":"Cagbatang","geo_level":"Bgy","len_crs":16908,"area_crs":8300587,"len_km":16,"area_km2":8},"id":504105006},{"arcs":[[27,28,-23,29]],"type":"Polygon","properties":{"adm1_psgc":500000000,"adm2_psgc":504100000,"adm3_psgc":504105000,"adm4_psgc":504105007,"adm4_en":"Chimenea","geo_level":"Bgy","len_crs":10094,"area_crs":5378015,"len_km":10,"area_km2":5},"id":504105007},{"arcs":[[30,31,32,33,34]],"type":"Polygon","properties":{"adm1_psgc":500000000,"adm2_psgc":504100000,"adm3_psgc":504105000,"adm4_psgc":504105008,"adm4_en":"Concepcion","geo_level":"Bgy","len_crs":9968,"area_crs":2523876,"len_km":9,"area_km2":2},"id":504105008},{"arcs":[[35,36,37,38]],"type":"Polygon","properties":{"adm1_psgc":500000000,"adm2_psgc":504100000,"adm3_psgc":504105000,"adm4_psgc":504105010,"adm4_en":"Curvada","geo_level":"Bgy","len_crs":10217,"area_crs":5910852,"len_km":10,"area_km2":5},"id":504105010},{"arcs":[[-10,39,40,41]],"type":"Polygon","properties":{"adm1_psgc":500000000,"adm2_psgc":504100000,"adm3_psgc":504105000,"adm4_psgc":504105011,"adm4_en":"Divisoria","geo_level":"Bgy","len_crs":8964,"area_crs":3531209,"len_km":8,"area_km2":3},"id":504105011},{"arcs":[[42,43,44,-39,-13]],"type":"Polygon","properties":{"adm1_psgc":500000000,"adm2_psgc":504100000,"adm3_psgc":504105000,"adm4_psgc":504105012,"adm4_en":"Domorog","geo_level":"Bgy","len_crs":12377,"area_crs":5292076,"len_km":12,"area_km2":5},"id":504105012},{"arcs":[[45,-27,46,-18,47,48]],"type":"Polygon","properties":{"adm1_psgc":500000000,"adm2_psgc":504100000,"adm3_psgc":504105000,"adm4_psgc":504105013,"adm4_en":"Estampar","geo_level":"Bgy","len_crs":14646,"area_crs":8429853,"len_km":14,"area_km2":8},"id":504105013},{"arcs":[[49,50,51,52,53]],"type":"Polygon","properties":{"adm1_psgc":500000000,"adm2_psgc":504100000,"adm3_psgc":504105000,"adm4_psgc":504105014,"adm4_en":"Gahit","geo_level":"Bgy","len_crs":8578,"area_crs":4428318,"len_km":8,"area_km2":4},"id":504105014},{"arcs":[[54,55,56,-3]],"type":"Polygon","properties":{"adm1_psgc":500000000,"adm2_psgc":504100000,"adm3_psgc":504105000,"adm4_psgc":504105015,"adm4_en":"Libtong","geo_level":"Bgy","len_crs":12072,"area_crs":5511981,"len_km":12,"area_km2":5},"id":504105015},{"arcs":[[57,58]],"type":"Polygon","properties":{"adm1_psgc":500000000,"adm2_psgc":504100000,"adm3_psgc":504105000,"adm4_psgc":504105016,"adm4_en":"Liong","geo_level":"Bgy","len_crs":13812,"area_crs":6550246,"len_km":13,"area_km2":6},"id":504105016},{"arcs":[[-20,59,60]],"type":"Polygon","properties":{"adm1_psgc":500000000,"adm2_psgc":504100000,"adm3_psgc":504105000,"adm4_psgc":504105017,"adm4_en":"Maanahao","geo_level":"Bgy","len_crs":9396,"area_crs":5676199,"len_km":9,"area_km2":5},"id":504105017},{"arcs":[[-8,61,-31,62]],"type":"Polygon","properties":{"adm1_psgc":500000000,"adm2_psgc":504100000,"adm3_psgc":504105000,"adm4_psgc":504105018,"adm4_en":"Madamba","geo_level":"Bgy","len_crs":8932,"area_crs":3685595,"len_km":8,"area_km2":3},"id":504105018},{"arcs":[[-53,63,64,65]],"type":"Polygon","properties":{"adm1_psgc":500000000,"adm2_psgc":504100000,"adm3_psgc":504105000,"adm4_psgc":504105019,"adm4_en":"Malobago","geo_level":"Bgy","len_crs":6777,"area_crs":2003165,"len_km":6,"area_km2":2},"id":504105019},{"arcs":[[-6,66]],"type":"Polygon","properties":{"adm1_psgc":500000000,"adm2_psgc":504100000,"adm3_psgc":504105000,"adm4_psgc":504105020,"adm4_en":"Matayum","geo_level":"Bgy","len_crs":9092,"area_crs":3644389,"len_km":9,"area_km2":3},"id":504105020},{"arcs":[[67,68,69,-58,-60]],"type":"Polygon","properties":{"adm1_psgc":500000000,"adm2_psgc":504100000,"adm3_psgc":504105000,"adm4_psgc":504105021,"adm4_en":"Matubinao","geo_level":"Bgy","len_crs":15454,"area_crs":5573888,"len_km":15,"area_km2":5},"id":504105021},{"arcs":[[-12,70,71]],"type":"Polygon","properties":{"adm1_psgc":500000000,"adm2_psgc":504100000,"adm3_psgc":504105000,"adm4_psgc":504105022,"adm4_en":"Mintac","geo_level":"Bgy","len_crs":7848,"area_crs":3219780,"len_km":7,"area_km2":3},"id":504105022},{"arcs":[[-14,-38,72,-49,73,74]],"type":"Polygon","properties":{"adm1_psgc":500000000,"adm2_psgc":504100000,