{"type":"Topology","arcs":[[[517,460],[-68,-55]],[[449,405],[-54,28]],[[395,433],[-5,17]],[[390,450],[127,10]],[[643,337],[-107,-16]],[[536,321],[-102,-12]],[[434,309],[2,25]],[[436,334],[13,71]],[[517,460],[126,-123]],[[322,249],[-43,-126]],[[279,123],[-40,-16]],[[239,107],[-29,68]],[[210,175],[53,73]],[[263,248],[59,1]],[[367,219],[-7,-29]],[[360,190],[-5,-65]],[[355,125],[-9,4]],[[346,129],[-38,-6]],[[308,123],[-29,0]],[[322,249],[45,-30]],[[346,129],[28,-73]],[[374,56],[-107,-56]],[[267,0],[41,123]],[[394,252],[-19,-22]],[[375,230],[-3,29]],[[372,259],[22,-7]],[[244,271],[19,-23]],[[210,175],[-35,-31]],[[175,144],[-15,53]],[[160,197],[45,75]],[[205,272],[39,-1]],[[375,230],[-8,-11]],[[322,249],[8,7]],[[330,256],[2,-2]],[[332,254],[40,5]],[[434,309],[-11,-56]],[[423,253],[-29,-1]],[[332,254],[75,47]],[[407,301],[29,33]],[[531,225],[67,-47]],[[598,178],[-165,-108]],[[433,70],[-2,62]],[[431,132],[12,56]],[[443,188],[-6,19]],[[437,207],[94,18]],[[330,256],[40,49]],[[370,305],[37,-4]],[[267,0],[-117,20]],[[150,20],[89,87]],[[643,337],[-45,-159]],[[531,225],[5,96]],[[370,305],[17,27]],[[387,332],[8,101]],[[281,350],[27,-49]],[[308,301],[-64,-30]],[[205,272],[6,153]],[[211,425],[70,-75]],[[150,20],[-88,74]],[[62,94],[113,50]],[[62,94],[-62,173]],[[0,267],[160,-70]],[[431,132],[-76,-7]],[[360,190],[83,-2]],[[433,70],[-59,-14]],[[437,207],[-14,46]],[[308,301],[79,31]],[[281,350],[57,114]],[[338,464],[52,-14]],[[193,516],[18,-91]],[[0,267],[111,263],[82,-14]],[[193,516],[145,-52]]],"transform":{"scale":[0.0003027123110419434,0.00024038154339620687],"translate":[120.99319999000012,16.324894530000048]},"objects":{"bgysubmuns-municity-205004000":{"type":"GeometryCollection","geometries":[{"arcs":[[0,1,2,3]],"type":"Polygon","properties":{"adm1_psgc":200000000,"adm2_psgc":205000000,"adm3_psgc":205004000,"adm4_psgc":205004001,"adm4_en":"Abian","geo_level":"Bgy","len_crs":10272,"area_crs":4134110,"len_km":10,"area_km2":4},"id":205004001},{"arcs":[[4,5,6,7,-1,8]],"type":"Polygon","properties":{"adm1_psgc":200000000,"adm2_psgc":205000000,"adm3_psgc":205004000,"adm4_psgc":205004002,"adm4_en":"Abinganan","geo_level":"Bgy","len_crs":26790,"area_crs":27355320,"len_km":26,"area_km2":27},"id":205004002},{"arcs":[[9,10,11,12,13]],"type":"Polygon","properties":{"adm1_psgc":200000000,"adm2_psgc":205000000,"adm3_psgc":205004000,"adm4_psgc":205004003,"adm4_en":"Aliaga","geo_level":"Bgy","len_crs":13821,"area_crs":9030436,"len_km":13,"area_km2":9},"id":205004003},{"arcs":[[14,15,16,17,18,-10,19]],"type":"Polygon","properties":{"adm1_psgc":200000000,"adm2_psgc":205000000,"adm3_psgc":205004000,"adm4_psgc":205004005,"adm4_en":"Almaguer North","geo_level":"Bgy","len_crs":12623,"area_crs":5159314,"len_km":12,"area_km2":5},"id":205004005},{"arcs":[[20,21,22,-18]],"type":"Polygon","properties":{"adm1_psgc":200000000,"adm2_psgc":205000000,"adm3_psgc":205004000,"adm4_psgc":205004006,"adm4_en":"Almaguer South","geo_level":"Bgy","len_crs":12891,"area_crs":5670469,"len_km":12,"area_km2":5},"id":205004006},{"arcs":[[23,24,25]],"type":"Polygon","properties":{"adm1_psgc":200000000,"adm2_psgc":205000000,"adm3_psgc":205004000,"adm4_psgc":205004007,"adm4_en":"Banggot","geo_level":"Bgy","len_crs":3476,"area_crs":601029,"len_km":3,"area_km2":0},"id":205004007},{"arcs":[[26,-13,27,28,29,30]],"type":"Polygon","properties":{"adm1_psgc":200000000,"adm2_psgc":205000000,"adm3_psgc":205004000,"adm4_psgc":205004008,"adm4_en":"Barat","geo_level":"Bgy","len_crs":10265,"area_crs":5625182,"len_km":10,"area_km2":5},"id":205004008},{"arcs":[[31,-20,32,33,34,-25]],"type":"Polygon","properties":{"adm1_psgc":200000000,"adm2_psgc":205000000,"adm3_psgc":205004000,"adm4_psgc":205004009,"adm4_en":"Buag","geo_level":"Bgy","len_crs":4625,"area_crs":1023473,"len_km":4,"area_km2":1},"id":205004009},{"arcs":[[-7,35,36,-26,-35,37,38]],"type":"Polygon","properties":{"adm1_psgc":200000000,"adm2_psgc":205000000,"adm3_psgc":205004000,"adm4_psgc":205004010,"adm4_en":"Calaocan","geo_level":"Bgy","len_crs":10848,"area_crs":1863966,"len_km":10,"area_km2":1},"id":205004010},{"arcs":[[39,40,41,42,43,44]],"type":"Polygon","properties":{"adm1_psgc":200000000,"adm2_psgc":205000000,"adm3_psgc":205004000,"adm4_psgc":205004011,"adm4_en":"Dullao","geo_level":"Bgy","len_crs":21704,"area_crs":23883343,"len_km":21,"area_km2":23},"id":205004011},{"arcs":[[-38,-34,45,46]],"type":"Polygon","properties":{"adm1_psgc":200000000,"adm2_psgc":205000000,"adm3_psgc":205004000,"adm4_psgc":205004012,"adm4_en":"Homestead","geo_level":"Bgy","len_crs":6437,"area_crs":1421802,"len_km":6,"area_km2":1},"id":205004012},{"arcs":[[-23,47,48,-11,-19]],"type":"Polygon","properties":{"adm1_psgc":200000000,"adm2_psgc":205000000,"adm3_psgc":205004000,"adm4_psgc":205004013,"adm4_en":"Indiana","geo_level":"Bgy","len_crs":17167,"area_crs":8581069,"len_km":17,"area_km2":8},"id":205004013},{"arcs":[[49,-40,50,-5]],"type":"Polygon","properties":{"adm1_psgc":200000000,"adm2_psgc":205000000,"adm3_psgc":205004000,"adm4_psgc":205004014,"adm4_en":"Mabuslo","geo_level":"Bgy","len_crs":15839,"area_crs":8882389,"len_km":15,"area_km2":8},"id":205004014},{"arcs":[[-8,-39,-47,51,52,-2]],"type":"Polygon","properties":{"adm1_psgc":200000000,"adm2_psgc":205000000,"adm3_psgc":205004000,"adm4_psgc":205004015,"adm4_en":"Macate","geo_level":"Bgy","len_crs":11845,"area_crs":4966142,"len_km":11,"area_km2":4},"id":205004015},{"arcs":[[53,54,-31,55,56]],"type":"Polygon","properties":{"adm1_psgc":200000000,"adm2_psgc":205000000,"adm3_psgc":205004000,"adm4_psgc":205004016,"adm4_en":"Manamtam","geo_level":"Bgy","len_crs":14230,"area_crs":8709554,"len_km":14,"area_km2":8},"id":205004016},{"arcs":[[-49,57,58,-28,-12]],"type":"Polygon","properties":{"adm1_psgc":200000000,"adm2_psgc":205000000,"adm3_psgc":205004000,"adm4_psgc":205004017,"adm4_en":"Mauan","geo_level":"Bgy","len_crs":15747,"area_crs":11135628,"len_km":15,"area_km2":11},"id":205004017},{"arcs":[[-29,-59,59,60]],"type":"Polygon","properties":{"adm1_psgc":200000000,"adm2_psgc":205000000,"adm3_psgc":205004000,"adm4_psgc":205004018,"adm4_en":"Salinas","geo_level":"Bgy","len_crs":17276,"area_crs":15648298,"len_km":17,"area_km2":15},"id":205004018},{"arcs":[[-43,61,-16,62]],"type":"Polygon","properties":{"adm1_psgc":200000000,"adm2_psgc":205000000,"adm3_psgc":205004000,"adm4_psgc":205004020,"adm4_en":"San Antonio North","geo_level":"Bgy","len_crs":9626,"area_crs":4970006,"len_km":9,"area_km2":4},"id":205004020},{"arcs":[[-42,63,-21,-17,-62]],"type":"Polygon","properties":{"adm1_psgc":200000000,"adm2_psgc":205000000,"adm3_psgc":205004000,"adm4_psgc":205004021,"adm4_en":"San Antonio South","geo_level":"Bgy","len_crs":9795,"area_crs":4443562,"len_km":9,"area_km2":4},"id":205004021},{"arcs":[[-45,64,-36,-6,-51]],"type":"Polygon","properties":{"adm1_psgc":200000000,"adm2_psgc":205000000,"adm3_psgc":205004000,"adm4_psgc":205004022,"adm4_en":"San Fernando","geo_level":"Bgy","len_crs":14958,"area_crs":9142307,"len_km":14,"area_km2":9},"id":205004022},{"arcs":[[-46,-33,-14,-27,-55,65,-52]],"type":"Polygon","properties":{"adm1_psgc":200000000,"adm2_psgc":205000000,"adm3_psgc":205004000,"adm4_psgc":205004023,"adm4_en":"San Leonardo","geo_level":"Bgy","len_crs":11053,"area_crs":4718619,"len_km":11,"area_km2":4},"id":205004023},{"arcs":[[-3,-53,-66,-54,66,67]],"type":"Polygon","properties":{"adm1_psgc":200000000,"adm2_psgc":205000000,"adm3_psgc":205004000,"adm4_psgc":205004024,"adm4_en":"Santo Domingo","geo_level":"Bgy","len_crs":13169,"area_crs":10846352,"len_km":13,"area_km2":10},"id":205004024},{"arcs":[[68,-56,-30,-61,69]],"type":"Polygon","properties":{"adm1_psgc":200000000,"adm2_psgc":205000000,"adm3_psgc":205004000,"adm4_psgc":205004025,"adm4_en":"Pallas","geo_level":"Bgy","len_crs":27106,"area_crs":39440602,"len_km":27,"area_km2":39},"id":205004025},{"arcs":[[-44,-63,-15,-32,-24,-37,-65]],"type":"Polygon","properties":{"adm1_psgc":200000000,"adm2_psgc":205000000,"adm3_psgc":205004000,"adm4_psgc":205004026,"adm4_en":"Magsaysay Hills",