{"type":"Topology","arcs":[[[435,344],[-26,-50]],[[409,294],[-86,-83]],[[323,211],[25,130]],[[348,341],[17,17]],[[365,358],[70,-14]],[[529,253],[-4,16]],[[525,269],[-1,3]],[[524,272],[32,2]],[[556,274],[-27,-21]],[[529,253],[-48,-10]],[[481,243],[4,20]],[[485,263],[40,6]],[[189,450],[-79,-40]],[[110,410],[-4,136]],[[106,546],[31,18]],[[137,564],[52,-114]],[[528,298],[-3,-8]],[[525,290],[-5,-5]],[[520,285],[-24,-9]],[[496,276],[-12,-4]],[[484,272],[-2,14]],[[482,286],[7,11]],[[489,297],[39,1]],[[513,155],[-194,-70]],[[319,85],[30,108]],[[349,193],[97,43]],[[446,236],[67,-81]],[[424,429],[-59,-71]],[[348,341],[-55,27]],[[293,368],[0,1]],[[293,369],[66,46]],[[359,415],[65,14]],[[608,199],[-8,-83],[-288,-108]],[[312,8],[7,77]],[[513,155],[95,44]],[[313,435],[46,-20]],[[293,369],[-287,-11]],[[6,358],[-6,49]],[[0,407],[110,3]],[[189,450],[124,-15]],[[462,339],[27,-42]],[[482,286],[-73,8]],[[435,344],[27,-5]],[[514,391],[14,-89]],[[528,302],[0,-4]],[[462,339],[-4,46]],[[458,385],[56,6]],[[293,368],[-31,-142]],[[262,226],[-76,-226]],[[186,0],[-111,0],[-69,358]],[[533,282],[-9,0]],[[524,282],[-4,3]],[[525,290],[13,0]],[[538,290],[-5,-8]],[[301,681],[-110,-45]],[[191,636],[-35,106]],[[156,742],[-27,170]],[[129,912],[120,13]],[[249,925],[52,-244]],[[446,236],[35,7]],[[556,274],[2,2]],[[558,276],[38,2]],[[596,278],[12,-79]],[[424,429],[31,20]],[[455,449],[3,-64]],[[156,742],[-74,-26]],[[82,716],[-73,217]],[[9,933],[120,-21]],[[547,389],[-33,2]],[[455,449],[32,27]],[[487,476],[60,-87]],[[524,282],[0,-6]],[[524,276],[0,-4]],[[524,272],[-28,4]],[[0,407],[49,277]],[[49,684],[57,-138]],[[323,211],[-61,15]],[[450,518],[37,-42]],[[313,435],[137,83]],[[577,298],[-39,-8]],[[528,302],[55,10]],[[583,312],[-6,-14]],[[137,564],[54,72]],[[301,681],[149,-163]],[[581,291],[-48,-9]],[[577,298],[4,-7]],[[558,276],[-34,0]],[[581,291],[15,-13]],[[485,263],[-1,9]],[[323,211],[26,-18]],[[312,8],[-126,-8]],[[126,1059],[123,-134]],[[9,933],[13,113]],[[22,1046],[104,13]],[[49,684],[33,32]],[[22,1046],[104,13]],[[547,389],[36,-77]]],"transform":{"scale":[0.0002013005953947518,0.00018868825023603549],"translate":[123.38355391500012,13.64534671100006]},"objects":{"bgysubmuns-municity-501715000":{"type":"GeometryCollection","geometries":[{"arcs":[[0,1,2,3,4]],"type":"Polygon","properties":{"adm1_psgc":500000000,"adm2_psgc":501700000,"adm3_psgc":501715000,"adm4_psgc":501715001,"adm4_en":"Abucayan","geo_level":"Bgy","len_crs":9169,"area_crs":4678290,"len_km":9,"area_km2":4},"id":501715001},{"arcs":[[5,6,7,8]],"type":"Polygon","properties":{"adm1_psgc":500000000,"adm2_psgc":501700000,"adm3_psgc":501715000,"adm4_psgc":501715002,"adm4_en":"Bagumbayan Grande","geo_level":"Bgy","len_crs":1944,"area_crs":173831,"len_km":1,"area_km2":0},"id":501715002},{"arcs":[[9,10,11,-6]],"type":"Polygon","properties":{"adm1_psgc":500000000,"adm2_psgc":501700000,"adm3_psgc":501715000,"adm4_psgc":501715003,"adm4_en":"Bagumbayan Pequeño","geo_level":"Bgy","len_crs":2749,"area_crs":392979,"len_km":2,"area_km2":0},"id":501715003},{"arcs":[[12,13,14,15]],"type":"Polygon","properties":{"adm1_psgc":500000000,"adm2_psgc":501700000,"adm3_psgc":501715000,"adm4_psgc":501715004,"adm4_en":"Balaynan","geo_level":"Bgy","len_crs":10347,"area_crs":4597691,"len_km":10,"area_km2":4},"id":501715004},{"arcs":[[16,17,18,19,20,21,22]],"type":"Polygon","properties":{"adm1_psgc":500000000,"adm2_psgc":501700000,"adm3_psgc":501715000,"adm4_psgc":501715005,"adm4_en":"Belen","geo_level":"Bgy","len_crs":2650,"area_crs":347274,"len_km":2,"area_km2":0},"id":501715005},{"arcs":[[23,24,25,26]],"type":"Polygon","properties":{"adm1_psgc":500000000,"adm2_psgc":501700000,"adm3_psgc":501715000,"adm4_psgc":501715006,"adm4_en":"Buyo","geo_level":"Bgy","len_crs":12200,"area_crs":7565032,"len_km":12,"area_km2":7},"id":501715006},{"arcs":[[27,-4,28,29,30,31]],"type":"Polygon","properties":{"adm1_psgc":500000000,"adm2_psgc":501700000,"adm3_psgc":501715000,"adm4_psgc":501715007,"adm4_en":"Cagaycay","geo_level":"Bgy","len_crs":8631,"area_crs":2812555,"len_km":8,"area_km2":2},"id":501715007},{"arcs":[[32,33,-24,34]],"type":"Polygon","properties":{"adm1_psgc":500000000,"adm2_psgc":501700000,"adm3_psgc":501715000,"adm4_psgc":501715008,"adm4_en":"Catagbacan","geo_level":"Bgy","len_crs":17775,"area_crs":8844662,"len_km":17,"area_km2":8},"id":501715008},{"arcs":[[35,-31,36,37,38,-13,39]],"type":"Polygon","properties":{"adm1_psgc":500000000,"adm2_psgc":501700000,"adm3_psgc":501715000,"adm4_psgc":501715009,"adm4_en":"Digdigon","geo_level":"Bgy","len_crs":21768,"area_crs":9206159,"len_km":21,"area_km2":9},"id":501715009},{"arcs":[[40,-22,41,-1,42]],"type":"Polygon","properties":{"adm1_psgc":500000000,"adm2_psgc":501700000,"adm3_psgc":501715000,"adm4_psgc":501715010,"adm4_en":"Gimaga","geo_level":"Bgy","len_crs":4974,"area_crs":1630233,"len_km":4,"area_km2":1},"id":501715010},{"arcs":[[43,44,-23,-41,45,46]],"type":"Polygon","properties":{"adm1_psgc":500000000,"adm2_psgc":501700000,"adm3_psgc":501715000,"adm4_psgc":501715011,"adm4_en":"Halawig-Gogon","geo_level":"Bgy","len_crs":6308,"area_crs":2191987,"len_km":6,"area_km2":2},"id":501715011},{"arcs":[[-30,47,48,49,-37]],"type":"Polygon","properties":{"adm1_psgc":500000000,"adm2_psgc":501700000,"adm3_psgc":501715000,"adm4_psgc":501715013,"adm4_en":"Hiwacloy","geo_level":"Bgy","len_crs":25985,"area_crs":32392879,"len_km":25,"area_km2":32},"id":501715013},{"arcs":[[50,51,-18,52,53]],"type":"Polygon","properties":{"adm1_psgc":500000000,"adm2_psgc":501700000,"adm3_psgc":501715000,"adm4_psgc":501715014,"adm4_en":"La Purisima","geo_level":"Bgy","len_crs":980,"area_crs":36648,"len_km":0,"area_km2":0},"id":501715014},{"arcs":[[54,55,56,57,58]],"type":"Polygon","properties":{"adm1_psgc":500000000,"adm2_psgc":501700000,"adm3_psgc":501715000,"adm4_psgc":501715015,"adm4_en":"Lamon","geo_level":"Bgy","len_crs":22295,"area_crs":12590678,"len_km":22,"area_km2":12},"id":501715015},{"arcs":[[-35,-27,59,-10,-9,60,61,62]],"type":"Polygon","properties":{"adm1_psgc":500000000,"adm2_psgc":501700000,"adm3_psgc":501715000,"adm4_psgc":501715016,"adm4_en":"Matacla","geo_level":"Bgy","len_crs":10676,"area_crs":4708785,"len_km":10,"area_km2":4},"id":501715016},{"arcs":[[-46,-43,-5,-28,63,64]],"type":"Polygon","properties":{"adm1_psgc":500000000,"adm2_psgc":501700000,"adm3_psgc":501715000,"adm4_psgc":501715017,"adm4_en":"Maymatan","geo_level":"Bgy","len_crs":7248,"area_crs":2499485,"len_km":7,"area_km2":2},"id":501715017},{"arcs":[[-57,65,66,67]],"type":"Polygon","properties":{"adm1_psgc":500000000,"adm2_psgc":501700000,"adm3_psgc":501715000,"adm4_psgc":501715018,"adm4_en":"Maysalay","geo_level":"Bgy","len_crs":16062,"area_crs":7872535,"len_km":16,"area_km2":7},"id":501715018},{"arcs":[[68,-47,-65,69,70]],"type":"Polygon","properties":{"adm1_psgc":500000000,"adm2_psgc":501700000,"adm3_psgc":501715000,"adm4_psgc":501715019,"adm4_en":"Napawon","geo_level":"Bgy","len_crs":6535,"area_crs":2497958,"len_km":6,"area_km2":2},"id":501715019},{"arcs":[[71,72,73,-19,-52]],"type":"Polygon","properties":{"adm1_psgc":500000000,"adm2_psgc":501700000,"adm3_psgc":501715000,"adm4_psgc":501715020,"adm4_en":"Panday","geo_level":"Bgy","len_crs":1570,"area_crs":124877,"len_km":1,"area_km2":0},"id":501715020},{"arcs":[[-14,-39,74,75]],"type":"Polygon","properties":{"adm1_psgc":500000000,"adm2_psgc":501700000,"adm3_psgc":501715000,"adm4_psgc":501715021,"adm4_en":"Payatan","geo_level":"Bgy","len_crs":19204,"area_crs":10559930,"len_km":19,"area_km2":10},"id":501715021},{"arcs":[[-3,76,-48,-29]],"type":"Polygon","properties":{"adm1_psgc":500000000,"adm2_psgc":501700000,"adm3_psgc":501715000,"adm4_psgc":501715022,"adm4_en":"Pinaglabanan","geo_level":"Bgy","len_crs":9912,"area_crs":3441076,"len_km":9,"area_km2":3},"id":501715022},{"arcs":[[77,-70,-64,-32,-36,78]],"type":"Polygon","properties":{"adm1_psgc":500000000,"adm2_psgc":501700000,"adm3_psgc":501715000,"adm4_psgc":501715023,"adm4_en":"Salog","geo_level":"Bgy","len_crs":14601,"area_crs":8629782,"len_km":14,"area_km2":8},