{"type":"Topology","arcs":[[[193,348],[-49,6]],[[144,354],[-25,11]],[[119,365],[-59,54]],[[60,419],[10,45]],[[70,464],[107,-2]],[[177,462],[16,-114]],[[595,237],[-99,-120],[-108,-54]],[[388,63],[0,148]],[[388,211],[83,-25],[45,76]],[[516,262],[79,-25]],[[49,313],[-10,-9]],[[39,304],[-20,3]],[[19,307],[-4,6]],[[15,313],[5,3]],[[20,316],[29,-3]],[[19,307],[-3,-11]],[[16,296],[-3,-12]],[[13,284],[-13,3]],[[0,287],[15,26]],[[42,291],[17,-34]],[[59,257],[-33,1]],[[26,258],[-13,26]],[[16,296],[26,-5]],[[39,304],[3,-13]],[[346,239],[42,-28]],[[388,63],[-105,39]],[[283,102],[9,94]],[[292,196],[54,43]],[[516,262],[-13,1]],[[503,263],[-13,149]],[[490,412],[-2,24]],[[488,436],[130,-109],[-23,-90]],[[503,263],[-128,54]],[[375,317],[-59,78]],[[316,395],[174,17]],[[195,527],[-18,-65]],[[70,464],[19,94]],[[89,558],[106,-31]],[[205,104],[-18,-104]],[[187,0],[-64,63]],[[123,63],[51,42]],[[174,105],[31,-1]],[[346,239],[-9,35]],[[337,274],[38,43]],[[119,365],[-70,-52]],[[20,316],[-5,125]],[[15,441],[45,-22]],[[193,348],[144,-74]],[[292,196],[-65,0]],[[227,196],[-83,54]],[[144,250],[0,104]],[[15,441],[74,117]],[[144,250],[-53,-60]],[[91,190],[-32,67]],[[227,196],[-29,-69]],[[198,127],[-107,63]],[[388,63],[-201,-63]],[[205,104],[78,-2]],[[174,105],[24,22]],[[91,190],[-8,-105]],[[83,85],[-83,118]],[[0,203],[26,55]],[[123,63],[-40,22]],[[0,203],[0,84]],[[379,489],[-63,-94]],[[195,527],[184,-38]],[[379,489],[109,-53]]],"transform":{"scale":[0.0002341904207121081,0.00021747131541221483],"translate":[122.84452084600002,10.208288542000048]},"objects":{"bgysubmuns-municity-604511000":{"type":"GeometryCollection","geometries":[{"arcs":[[0,1,2,3,4,5]],"type":"Polygon","properties":{"adm1_psgc":600000000,"adm2_psgc":604500000,"adm3_psgc":604511000,"adm4_psgc":604511001,"adm4_en":"Anahaw","geo_level":"Bgy","len_crs":12567,"area_crs":7637216,"len_km":12,"area_km2":7},"id":604511001},{"arcs":[[6,7,8,9]],"type":"Polygon","properties":{"adm1_psgc":600000000,"adm2_psgc":604500000,"adm3_psgc":604511000,"adm4_psgc":604511002,"adm4_en":"Aranda","geo_level":"Bgy","len_crs":23285,"area_crs":11695872,"len_km":23,"area_km2":11},"id":604511002},{"arcs":[[10,11,12,13,14]],"type":"Polygon","properties":{"adm1_psgc":600000000,"adm2_psgc":604500000,"adm3_psgc":604511000,"adm4_psgc":604511003,"adm4_en":"Barangay I","geo_level":"Bgy","len_crs":2082,"area_crs":173023,"len_km":2,"area_km2":0},"id":604511003},{"arcs":[[15,16,17,18,-13]],"type":"Polygon","properties":{"adm1_psgc":600000000,"adm2_psgc":604500000,"adm3_psgc":604511000,"adm4_psgc":604511004,"adm4_en":"Barangay II","geo_level":"Bgy","len_crs":1953,"area_crs":206131,"len_km":1,"area_km2":0},"id":604511004},{"arcs":[[19,20,21,-17,22]],"type":"Polygon","properties":{"adm1_psgc":600000000,"adm2_psgc":604500000,"adm3_psgc":604511000,"adm4_psgc":604511005,"adm4_en":"Barangay III","geo_level":"Bgy","len_crs":3894,"area_crs":713084,"len_km":3,"area_km2":0},"id":604511005},{"arcs":[[23,-23,-16,-12]],"type":"Polygon","properties":{"adm1_psgc":600000000,"adm2_psgc":604500000,"adm3_psgc":604511000,"adm4_psgc":604511006,"adm4_en":"Barangay IV","geo_level":"Bgy","len_crs":1997,"area_crs":192088,"len_km":1,"area_km2":0},"id":604511006},{"arcs":[[24,-8,25,26,27]],"type":"Polygon","properties":{"adm1_psgc":600000000,"adm2_psgc":604500000,"adm3_psgc":604511000,"adm4_psgc":604511007,"adm4_en":"Bato","geo_level":"Bgy","len_crs":13259,"area_crs":7096525,"len_km":13,"area_km2":7},"id":604511007},{"arcs":[[-10,28,29,30,31]],"type":"Polygon","properties":{"adm1_psgc":600000000,"adm2_psgc":604500000,"adm3_psgc":604511000,"adm4_psgc":604511009,"adm4_en":"Calapi","geo_level":"Bgy","len_crs":14974,"area_crs":9661232,"len_km":14,"area_km2":9},"id":604511009},{"arcs":[[32,33,34,-30]],"type":"Polygon","properties":{"adm1_psgc":600000000,"adm2_psgc":604500000,"adm3_psgc":604511000,"adm4_psgc":604511010,"adm4_en":"Camalobalo","geo_level":"Bgy","len_crs":16573,"area_crs":10544826,"len_km":16,"area_km2":10},"id":604511010},{"arcs":[[35,-5,36,37]],"type":"Polygon","properties":{"adm1_psgc":600000000,"adm2_psgc":604500000,"adm3_psgc":604511000,"adm4_psgc":604511011,"adm4_en":"Camba-og","geo_level":"Bgy","len_crs":10568,"area_crs":5144957,"len_km":10,"area_km2":5},"id":604511011},{"arcs":[[38,39,40,41]],"type":"Polygon","properties":{"adm1_psgc":600000000,"adm2_psgc":604500000,"adm3_psgc":604511000,"adm4_psgc":604511012,"adm4_en":"Cambugsa","geo_level":"Bgy","len_crs":9365,"area_crs":3296740,"len_km":9,"area_km2":3},"id":604511012},{"arcs":[[-29,-9,-25,42,43,-33]],"type":"Polygon","properties":{"adm1_psgc":600000000,"adm2_psgc":604500000,"adm3_psgc":604511000,"adm4_psgc":604511013,"adm4_en":"Candumarao","geo_level":"Bgy","len_crs":15246,"area_crs":8159894,"len_km":15,"area_km2":8},"id":604511013},{"arcs":[[-3,44,-15,45,46]],"type":"Polygon","properties":{"adm1_psgc":600000000,"adm2_psgc":604500000,"adm3_psgc":604511000,"adm4_psgc":604511014,"adm4_en":"Gargato","geo_level":"Bgy","len_crs":11203,"area_crs":6815569,"len_km":11,"area_km2":6},"id":604511014},{"arcs":[[47,-43,-28,48,49,50,-1]],"type":"Polygon","properties":{"adm1_psgc":600000000,"adm2_psgc":604500000,"adm3_psgc":604511000,"adm4_psgc":604511015,"adm4_en":"Himaya","geo_level":"Bgy","len_crs":17951,"area_crs":11810679,"len_km":17,"area_km2":11},"id":604511015},{"arcs":[[-37,-4,-47,51]],"type":"Polygon","properties":{"adm1_psgc":600000000,"adm2_psgc":604500000,"adm3_psgc":604511000,"adm4_psgc":604511016,"adm4_en":"Miranda","geo_level":"Bgy","len_crs":10348,"area_crs":3711837,"len_km":10,"area_km2":3},"id":604511016},{"arcs":[[-51,52,53,-20,-24,-11,-45,-2]],"type":"Polygon","properties":{"adm1_psgc":600000000,"adm2_psgc":604500000,"adm3_psgc":604511000,"adm4_psgc":604511017,"adm4_en":"Nanunga","geo_level":"Bgy","len_crs":12498,"area_crs":6532431,"len_km":12,"area_km2":6},"id":604511017},{"arcs":[[54,55,-53,-50]],"type":"Polygon","properties":{"adm1_psgc":600000000,"adm2_psgc":604500000,"adm3_psgc":604511000,"adm4_psgc":604511018,"adm4_en":"Narauis","geo_level":"Bgy","len_crs":11297,"area_crs":4877205,"len_km":11,"area_km2":4},"id":604511018},{"arcs":[[-26,56,-39,57]],"type":"Polygon","properties":{"adm1_psgc":600000000,"adm2_psgc":604500000,"adm3_psgc":604511000,"adm4_psgc":604511019,"adm4_en":"Palayog","geo_level":"Bgy","len_crs":17388,"area_crs":8496096,"len_km":17,"area_km2":8},"id":604511019},{"arcs":[[-27,-58,-42,58,-55,-49]],"type":"Polygon","properties":{"adm1_psgc":600000000,"adm2_psgc":604500000,"adm3_psgc":604511000,"adm4_psgc":604511020,"adm4_en":"Paticui","geo_level":"Bgy","len_crs":12998,"area_crs":6215381,"len_km":12,"area_km2":6},"id":604511020},{"arcs":[[-54,59,60,61,-21]],"type":"Polygon","properties":{"adm1_psgc":600000000,"adm2_psgc":604500000,"adm3_psgc":604511000,"adm4_psgc":604511021,"adm4_en":"Pilar","geo_level":"Bgy","len_crs":14005,"area_crs":6940945,"len_km":14,"area_km2":6},"id":604511021},{"arcs":[[-59,-41,62,-60,-56]],"type":"Polygon","properties":{"adm1_psgc":600000000,"adm2_psgc":604500000,"adm3_psgc":604511000,"adm4_psgc":604511022,"adm4_en":"Quiwi","geo_level":"Bgy","len_crs":12517,"area_crs":3933936,"len_km":12,"area_km2":3},"id":604511022},{"arcs":[[-22,-62,63,-18]],"type":"Polygon","properties":{"adm1_psgc":600000000,"adm2_psgc":604500000,"adm3_psgc":604511000,"adm4_psgc":604511023,"adm4_en":"Tagda","geo_level":"Bgy","len_crs":5437,"area_crs":1050100,"len_km":5,"area_km2":1},"id":604511023},{"arcs":[[64,-34,-44,-48,-6,-36,65]],"type":"Polygon","properties":{"adm1_psgc":600000000,"adm2_psgc":604500000,"adm3_psgc":604511000,"adm4_psgc":604511024,"adm4_en":"Tuguis","geo_level":"Bgy","len_crs":23329,"area_crs":20088945,"len_km":23,"area_km2":20},"id":604511024},{"arcs":[[-31,-35,-65,66]],"type":"Polygon","properties":{"adm1_psgc":600000000,"adm2_psgc":604500000,"adm3_psgc":604511000,"adm4_psgc":604511025,"adm4_en":"Baga-as","geo_level":"Bgy","len_crs":11428,"area_crs":7600837,"len_km":11,"area_km2":7},"id":604511025}]}}}