{"type":"Topology","arcs":[[[417,435],[-52,-115]],[[365,320],[-14,23]],[[351,343],[8,106]],[[359,449],[58,-14]],[[560,313],[1,-74]],[[561,239],[-6,-11]],[[555,228],[-60,-3]],[[495,225],[-13,74]],[[482,299],[33,21]],[[515,320],[45,-7]],[[358,523],[-39,-56]],[[319,467],[-12,3]],[[307,470],[-14,37]],[[293,507],[35,37]],[[328,544],[30,-21]],[[180,524],[25,-12]],[[205,512],[-38,-63]],[[167,449],[-18,-42]],[[149,407],[-48,17]],[[101,424],[50,117]],[[151,541],[29,-17]],[[624,204],[1,-99]],[[625,105],[-66,-105]],[[559,0],[-4,228]],[[561,239],[63,-35]],[[149,407],[-5,-24]],[[144,383],[-144,42]],[[0,425],[101,-1]],[[624,204],[71,1]],[[695,205],[-70,-100]],[[286,514],[7,-7]],[[307,470],[-33,-65]],[[274,405],[-107,44]],[[205,512],[81,2]],[[699,309],[-139,4]],[[515,320],[37,59]],[[552,379],[18,31]],[[570,410],[129,-101]],[[319,467],[40,-18]],[[351,343],[-105,27]],[[246,370],[28,35]],[[502,122],[-102,71]],[[400,193],[57,5]],[[457,198],[45,-76]],[[482,299],[-34,0]],[[448,299],[-83,21]],[[417,435],[135,-56]],[[0,425],[83,133]],[[83,558],[68,-17]],[[272,609],[14,-95]],[[180,524],[40,106]],[[220,630],[52,-21]],[[83,558],[137,72]],[[699,309],[-4,-104]],[[559,0],[-57,122]],[[457,198],[-10,11]],[[447,209],[48,16]],[[246,370],[-102,13]],[[358,523],[11,20]],[[369,543],[71,-4],[130,-129]],[[448,299],[-1,-90]],[[400,193],[-35,127]],[[321,569],[7,-25]],[[272,609],[49,-40]],[[321,569],[48,-26]]],"transform":{"scale":[0.0002597590200286398,0.0002745894777778147],"translate":[124.90472750700006,7.422394538000048]},"objects":{"bgysubmuns-municity-1001308000":{"type":"GeometryCollection","geometries":[{"arcs":[[0,1,2,3]],"type":"Polygon","properties":{"adm1_psgc":1000000000,"adm2_psgc":1001300000,"adm3_psgc":1001308000,"adm4_psgc":1001308003,"adm4_en":"Balintawak","geo_level":"Bgy","len_crs":10707,"area_crs":5239462,"len_km":10,"area_km2":5},"id":1001308003},{"arcs":[[4,5,6,7,8,9]],"type":"Polygon","properties":{"adm1_psgc":1000000000,"adm2_psgc":1001300000,"adm3_psgc":1001308000,"adm4_psgc":1001308006,"adm4_en":"Cagawasan","geo_level":"Bgy","len_crs":9717,"area_crs":5183951,"len_km":9,"area_km2":5},"id":1001308006},{"arcs":[[10,11,12,13,14]],"type":"Polygon","properties":{"adm1_psgc":1000000000,"adm2_psgc":1001300000,"adm3_psgc":1001308000,"adm4_psgc":1001308007,"adm4_en":"East Kibawe","geo_level":"Bgy","len_crs":7063,"area_crs":2735849,"len_km":7,"area_km2":2},"id":1001308007},{"arcs":[[15,16,17,18,19,20]],"type":"Polygon","properties":{"adm1_psgc":1000000000,"adm2_psgc":1001300000,"adm3_psgc":1001308000,"adm4_psgc":1001308008,"adm4_en":"Gutapol","geo_level":"Bgy","len_crs":10752,"area_crs":6290159,"len_km":10,"area_km2":6},"id":1001308008},{"arcs":[[21,22,23,-6,24]],"type":"Polygon","properties":{"adm1_psgc":1000000000,"adm2_psgc":1001300000,"adm3_psgc":1001308000,"adm4_psgc":1001308011,"adm4_en":"Pinamula","geo_level":"Bgy","len_crs":16953,"area_crs":11920917,"len_km":16,"area_km2":11},"id":1001308011},{"arcs":[[-19,25,26,27]],"type":"Polygon","properties":{"adm1_psgc":1000000000,"adm2_psgc":1001300000,"adm3_psgc":1001308000,"adm4_psgc":1001308013,"adm4_en":"Kiorao","geo_level":"Bgy","len_crs":12955,"area_crs":7121886,"len_km":12,"area_km2":7},"id":1001308013},{"arcs":[[-22,28,29]],"type":"Polygon","properties":{"adm1_psgc":1000000000,"adm2_psgc":1001300000,"adm3_psgc":1001308000,"adm4_psgc":1001308014,"adm4_en":"Kisawa","geo_level":"Bgy","len_crs":11058,"area_crs":7570580,"len_km":11,"area_km2":7},"id":1001308014},{"arcs":[[30,-13,31,32,-17,33]],"type":"Polygon","properties":{"adm1_psgc":1000000000,"adm2_psgc":1001300000,"adm3_psgc":1001308000,"adm4_psgc":1001308015,"adm4_en":"Labuagon","geo_level":"Bgy","len_crs":12774,"area_crs":7616622,"len_km":12,"area_km2":7},"id":1001308015},{"arcs":[[34,-10,35,36,37]],"type":"Polygon","properties":{"adm1_psgc":1000000000,"adm2_psgc":1001300000,"adm3_psgc":1001308000,"adm4_psgc":1001308016,"adm4_en":"Magsaysay","geo_level":"Bgy","len_crs":17109,"area_crs":9138205,"len_km":17,"area_km2":9},"id":1001308016},{"arcs":[[38,-3,39,40,-32,-12]],"type":"Polygon","properties":{"adm1_psgc":1000000000,"adm2_psgc":1001300000,"adm3_psgc":1001308000,"adm4_psgc":1001308018,"adm4_en":"Marapangi","geo_level":"Bgy","len_crs":11735,"area_crs":8475601,"len_km":11,"area_km2":8},"id":1001308018},{"arcs":[[41,42,43]],"type":"Polygon","properties":{"adm1_psgc":1000000000,"adm2_psgc":1001300000,"adm3_psgc":1001308000,"adm4_psgc":1001308019,"adm4_en":"Mascariñas","geo_level":"Bgy","len_crs":8515,"area_crs":2543745,"len_km":8,"area_km2":2},"id":1001308019},{"arcs":[[-36,-9,44,45,-1,46]],"type":"Polygon","properties":{"adm1_psgc":1000000000,"adm2_psgc":1001300000,"adm3_psgc":1001308000,"adm4_psgc":1001308020,"adm4_en":"Natulongan","geo_level":"Bgy","len_crs":16813,"area_crs":12526448,"len_km":16,"area_km2":12},"id":1001308020},{"arcs":[[-20,-28,47,48]],"type":"Polygon","properties":{"adm1_psgc":1000000000,"adm2_psgc":1001300000,"adm3_psgc":1001308000,"adm4_psgc":1001308021,"adm4_en":"New Kidapawan","geo_level":"Bgy","len_crs":16116,"area_crs":12097130,"len_km":16,"area_km2":12},"id":1001308021},{"arcs":[[49,-34,-16,50,51]],"type":"Polygon","properties":{"adm1_psgc":1000000000,"adm2_psgc":1001300000,"adm3_psgc":1001308000,"adm4_psgc":1001308023,"adm4_en":"Old Kibawe","geo_level":"Bgy","len_crs":15004,"area_crs":8556147,"len_km":15,"area_km2":8},"id":1001308023},{"arcs":[[-51,-21,-49,52]],"type":"Polygon","properties":{"adm1_psgc":1000000000,"adm2_psgc":1001300000,"adm3_psgc":1001308000,"adm4_psgc":1001308028,"adm4_en":"Romagooc","geo_level":"Bgy","len_crs":14781,"area_crs":8318032,"len_km":14,"area_km2":8},"id":1001308028},{"arcs":[[53,-29,-25,-5,-35]],"type":"Polygon","properties":{"adm1_psgc":1000000000,"adm2_psgc":1001300000,"adm3_psgc":1001308000,"adm4_psgc":1001308030,"adm4_en":"Sampaguita","geo_level":"Bgy","len_crs":14390,"area_crs":13211958,"len_km":14,"area_km2":13},"id":1001308030},{"arcs":[[54,-44,55,56,-7,-24]],"type":"Polygon","properties":{"adm1_psgc":1000000000,"adm2_psgc":1001300000,"adm3_psgc":1001308000,"adm4_psgc":1001308031,"adm4_en":"Sanipon","geo_level":"Bgy","len_crs":19505,"area_crs":10880977,"len_km":19,"area_km2":10},"id":1001308031},{"arcs":[[-41,57,-26,-18,-33]],"type":"Polygon","properties":{"adm1_psgc":1000000000,"adm2_psgc":1001300000,"adm3_psgc":1001308000,"adm4_psgc":1001308032,"adm4_en":"Spring","geo_level":"Bgy","len_crs":9882,"area_crs":5420725,"len_km":9,"area_km2":5},"id":1001308032},{"arcs":[[-37,-47,-4,-39,-11,58,59]],"type":"Polygon","properties":{"adm1_psgc":1000000000,"adm2_psgc":1001300000,"adm3_psgc":1001308000,"adm4_psgc":1001308033,"adm4_en":"Talahiron","geo_level":"Bgy","len_crs":20619,"area_crs":16707986,"len_km":20,"area_km2":16},"id":1001308033},{"arcs":[[60,-56,-43,61,-46]],"type":"Polygon","properties":{"adm1_psgc":1000000000,"adm2_psgc":1001300000,"adm3_psgc":1001308000,"adm4_psgc":1001308034,"adm4_en":"Tumaras","geo_level":"Bgy","len_crs":12657,"area_crs":5503773,"len_km":12,"area_km2":5},"id":1001308034},{"arcs":[[62,-14,-31,-50,63]],"type":"Polygon","properties":{"adm1_psgc":1000000000,"adm2_psgc":1001300000,"adm3_psgc":1001308000,"adm4_psgc":1001308035,"adm4_en":"West Kibawe","geo_level":"Bgy","len_crs":10713,"area_crs":1843193,"len_km":10,"area_km2":1},"id":1001308035},{"arcs":[[-8,-57,-61,-45]],"type":"Polygon","properties":{"adm1_psgc":1000000000,"adm2_psgc":1001300000,"adm3_psgc":1001308000,"adm4_psgc":1001308036,"adm4_en":"Bukang Liwayway","geo_level":"Bgy","len_crs":8689,"area_crs":4217874,"len_km":8,"area_km2":4},"id":1001308036},{"arcs":[[-59,-15,-63,64]],"type":"Polygon","properties":{"adm1_psgc":1000000000,"adm2_psgc":1001300000,"adm3_psgc":1001308000,"adm4_psgc":1001308037,"adm4_en":"Palma","geo_level":"Bgy","len_crs":5899,"area_crs":1212206,"len_km":5,"area_km2":1},"id":1001308037}]}}}