{"type":"Topology","arcs":[[[301,76],[88,-12]],[[389,64],[-39,-64],[-66,32],[-59,49]],[[225,81],[76,-5]],[[159,773],[-69,-73]],[[90,700],[-12,83]],[[78,783],[81,-10]],[[397,498],[-239,-46]],[[158,452],[-3,102]],[[155,554],[30,1],[175,84],[44,27]],[[404,666],[-7,-168]],[[317,312],[-2,-37]],[[315,275],[-109,-11]],[[206,264],[-6,51]],[[200,315],[117,-3]],[[84,821],[-17,3]],[[67,824],[-20,63]],[[47,887],[24,19]],[[71,906],[13,-85]],[[404,413],[-228,4]],[[176,417],[-18,35]],[[397,498],[7,-85]],[[131,608],[-3,-6]],[[128,602],[-4,3]],[[124,605],[-42,42]],[[82,647],[3,11]],[[85,658],[99,12]],[[184,670],[-53,-62]],[[314,230],[-91,-4]],[[223,226],[-17,38]],[[315,275],[-1,-45]],[[400,198],[-7,4]],[[393,202],[8,9]],[[401,211],[-1,-13]],[[250,114],[-12,4]],[[238,118],[1,3]],[[239,121],[11,-7]],[[402,1065],[-99,-41],[-41,24],[-81,-33],[-110,-109]],[[47,887],[-21,77],[-26,19],[250,186],[152,108],[0,-212]],[[251,118],[-1,-4]],[[239,121],[-2,5]],[[237,126],[14,-8]],[[400,1032],[-316,-211]],[[402,1065],[-2,-33]],[[405,710],[-143,-26]],[[262,684],[-78,-14]],[[85,658],[5,42]],[[159,773],[54,23],[10,32],[180,153]],[[403,981],[2,-271]],[[314,209],[-8,-92]],[[306,117],[-55,1]],[[237,126],[-14,100]],[[314,230],[0,-21]],[[404,413],[-27,-41]],[[377,372],[-60,-3]],[[317,369],[-130,-7]],[[187,362],[-11,55]],[[306,117],[-5,-41]],[[225,81],[13,37]],[[155,554],[-27,48]],[[131,608],[67,3],[64,73]],[[405,710],[-1,-44]],[[400,198],[-11,-134]],[[314,209],[79,-7]],[[200,315],[-13,47]],[[317,369],[0,-57]],[[124,605],[-42,42]],[[377,372],[24,-161]],[[78,783],[-11,41]],[[400,1032],[3,-51]]],"transform":{"scale":[0.00021009923209872755,0.0001766073978073428],"translate":[125.16180995600004,11.085927619000074]},"objects":{"bgysubmuns-municity-806010000":{"type":"GeometryCollection","geometries":[{"arcs":[[0,1,2]],"type":"Polygon","properties":{"adm1_psgc":800000000,"adm2_psgc":806000000,"adm3_psgc":806010000,"adm4_psgc":806010001,"adm4_en":"Amambucale","geo_level":"Bgy","len_crs":9211,"area_crs":2983922,"len_km":9,"area_km2":2},"id":806010001},{"arcs":[[3,4,5]],"type":"Polygon","properties":{"adm1_psgc":800000000,"adm2_psgc":806000000,"adm3_psgc":806010000,"adm4_psgc":806010002,"adm4_en":"Caluwayan","geo_level":"Bgy","len_crs":8502,"area_crs":1828924,"len_km":8,"area_km2":1},"id":806010002},{"arcs":[[6,7,8,9]],"type":"Polygon","properties":{"adm1_psgc":800000000,"adm2_psgc":806000000,"adm3_psgc":806010000,"adm4_psgc":806010003,"adm4_en":"Canyoyo","geo_level":"Bgy","len_crs":17513,"area_crs":13869581,"len_km":17,"area_km2":13},"id":806010003},{"arcs":[[10,11,12,13]],"type":"Polygon","properties":{"adm1_psgc":800000000,"adm2_psgc":806000000,"adm3_psgc":806010000,"adm4_psgc":806010004,"adm4_en":"Ferreras","geo_level":"Bgy","len_crs":7385,"area_crs":2246567,"len_km":7,"area_km2":2},"id":806010004},{"arcs":[[14,15,16,17]],"type":"Polygon","properties":{"adm1_psgc":800000000,"adm2_psgc":806000000,"adm3_psgc":806010000,"adm4_psgc":806010005,"adm4_en":"Legaspi","geo_level":"Bgy","len_crs":5152,"area_crs":583729,"len_km":5,"area_km2":0},"id":806010005},{"arcs":[[18,19,-7,20]],"type":"Polygon","properties":{"adm1_psgc":800000000,"adm2_psgc":806000000,"adm3_psgc":806010000,"adm4_psgc":806010006,"adm4_en":"Logero","geo_level":"Bgy","len_crs":13488,"area_crs":6493937,"len_km":13,"area_km2":6},"id":806010006},{"arcs":[[21,22,23,24,25,26]],"type":"Polygon","properties":{"adm1_psgc":800000000,"adm2_psgc":806000000,"adm3_psgc":806010000,"adm4_psgc":806010007,"adm4_en":"Osmeña","geo_level":"Bgy","len_crs":6222,"area_crs":1246927,"len_km":6,"area_km2":1},"id":806010007},{"arcs":[[27,28,-12,29]],"type":"Polygon","properties":{"adm1_psgc":800000000,"adm2_psgc":806000000,"adm3_psgc":806010000,"adm4_psgc":806010008,"adm4_en":"Pinalanga","geo_level":"Bgy","len_crs":6653,"area_crs":1955922,"len_km":6,"area_km2":1},"id":806010008},{"arcs":[[30,31,32]],"type":"Polygon","properties":{"adm1_psgc":800000000,"adm2_psgc":806000000,"adm3_psgc":806010000,"adm4_psgc":806010009,"adm4_en":"Pinamitinan","geo_level":"Bgy","len_crs":742,"area_crs":27018,"len_km":0,"area_km2":0},"id":806010009},{"arcs":[[33,34,35]],"type":"Polygon","properties":{"adm1_psgc":800000000,"adm2_psgc":806000000,"adm3_psgc":806010000,"adm4_psgc":806010010,"adm4_en":"Catato Pob.","geo_level":"Bgy","len_crs":667,"area_crs":18133,"len_km":0,"area_km2":0},"id":806010010},{"arcs":[[36,-17,37]],"type":"Polygon","properties":{"adm1_psgc":800000000,"adm2_psgc":806000000,"adm3_psgc":806010000,"adm4_psgc":806010011,"adm4_en":"San Roque","geo_level":"Bgy","len_crs":29088,"area_crs":24696254,"len_km":29,"area_km2":24},"id":806010011},{"arcs":[[38,-36,39,40]],"type":"Polygon","properties":{"adm1_psgc":800000000,"adm2_psgc":806000000,"adm3_psgc":806010000,"adm4_psgc":806010012,"adm4_en":"Santo Niño Pob.","geo_level":"Bgy","len_crs":847,"area_crs":22836,"len_km":0,"area_km2":0},"id":806010012},{"arcs":[[41,-18,-37,42]],"type":"Polygon","properties":{"adm1_psgc":800000000,"adm2_psgc":806000000,"adm3_psgc":806010000,"adm4_psgc":806010013,"adm4_en":"Tagalag","geo_level":"Bgy","len_crs":19940,"area_crs":12999041,"len_km":19,"area_km2":12},"id":806010013},{"arcs":[[43,44,-26,45,-4,46,47]],"type":"Polygon","properties":{"adm1_psgc":800000000,"adm2_psgc":806000000,"adm3_psgc":806010000,"adm4_psgc":806010014,"adm4_en":"Tinabanan","geo_level":"Bgy","len_crs":23777,"area_crs":22760182,"len_km":23,"area_km2":22},"id":806010014},{"arcs":[[48,49,-41,50,-28,51]],"type":"Polygon","properties":{"adm1_psgc":800000000,"adm2_psgc":806000000,"adm3_psgc":806010000,"adm4_psgc":806010015,"adm4_en":"Amantillo","geo_level":"Bgy","len_crs":11341,"area_crs":4181479,"len_km":11,"area_km2":4},"id":806010015},{"arcs":[[52,53,54,55,-19]],"type":"Polygon","properties":{"adm1_psgc":800000000,"adm2_psgc":806000000,"adm3_psgc":806010000,"adm4_psgc":806010016,"adm4_en":"Binukyahan","geo_level":"Bgy","len_crs":12165,"area_crs":4455030,"len_km":12,"area_km2":4},"id":806010016},{"arcs":[[-34,-39,-50,56,-3,57]],"type":"Polygon","properties":{"adm1_psgc":800000000,"adm2_psgc":806000000,"adm3_psgc":806010000,"adm4_psgc":806010017,"adm4_en":"Lipata","geo_level":"Bgy","len_crs":5673,"area_crs":1391061,"len_km":5,"area_km2":1},"id":806010017},{"arcs":[[-9,58,-22,59,-44,60]],"type":"Polygon","properties":{"adm1_psgc":800000000,"adm2_psgc":806000000,"adm3_psgc":806010000,"adm4_psgc":806010018,"adm4_en":"Mabuhay","geo_level":"Bgy","len_crs":15418,"area_crs":7918596,"len_km":15,"area_km2":7},"id":806010018},{"arcs":[[-31,61,-1,-57,-49,62]],"type":"Polygon","properties":{"adm1_psgc":800000000,"adm2_psgc":806000000,"adm3_psgc":806010000,"adm4_psgc":806010019,"adm4_en":"Malobago","geo_level":"Bgy","len_crs":9546,"area_crs":5436837,"len_km":9,"area_km2":5},"id":806010019},{"arcs":[[-14,63,-55,64]],"type":"Polygon","properties":{"adm1_psgc":800000000,"adm2_psgc":806000000,"adm3_psgc":806010000,"adm4_psgc":806010020,"adm4_en":"Odoc","geo_level":"Bgy","len_crs":8303,"area_crs":3034419,"len_km":8,"area_km2":3},"id":806010020},{"arcs":[[-27,-45,-60]],"type":"Polygon","properties":{"adm1_psgc":800000000,"adm2_psgc":806000000,"adm3_psgc":806010000,"adm4_psgc":806010021,"adm4_en":"Panan-awan","geo_level":"Bgy","len_crs":7180,"area_crs":2095258,"len_km":7,"area_km2":2},"id":806010021},{"arcs":[[65,-24]],"type":"Polygon","properties":{"adm1_psgc":800000000,"adm2_psgc":806000000,"adm3_psgc":806010000,"adm4_psgc":806010022,"adm4_en":"Roño","geo_level":"Bgy","len_crs":3347,"area_crs":198051,"len_km":3,"area_km2":0},"id":806010022},{"arcs":[[-32,-63,-52,-30,-11,-65,-54,66]],"type":"Polygon","properties":{"adm1_psgc":800000000,"adm2_psgc":806000000,"adm3_psgc":806010000,"adm4_psgc":806010023,"adm4_en":"Santa Rita","geo_level":"Bgy","len_crs":9987,"area_crs":5636691,"len_km":9,"area_km2":5},"id":806010023},{"arcs":[[-47,-6,67,-15,-42,68]],"type":"Polygon","properties":{"adm1_psgc":800000000,"adm2_psgc":806000000,"adm3_psgc":806010000,"adm4_psgc":806010024,"adm4_en":"Veloso","geo_level":"Bgy","len_crs":21022,"area_crs":10873284,