{"type":"Topology","arcs":[[[298,34],[-35,15]],[[263,49],[-14,92]],[[249,141],[24,6]],[[273,147],[25,-113]],[[309,179],[113,-8]],[[422,171],[-114,-171]],[[308,0],[-10,34]],[[273,147],[12,40]],[[285,187],[24,-8]],[[532,589],[3,-24]],[[535,565],[-48,-12]],[[487,553],[-73,-21]],[[414,532],[0,11]],[[414,543],[65,47]],[[479,590],[53,-1]],[[773,546],[-36,-35]],[[737,511],[-179,107]],[[558,618],[-20,31]],[[538,649],[7,31]],[[545,680],[228,-134]],[[673,390],[-182,-1]],[[491,389],[-80,48]],[[411,437],[-2,19]],[[409,456],[5,41]],[[414,497],[139,0]],[[553,497],[120,-107]],[[714,778],[-28,-107]],[[686,671],[-70,57]],[[616,728],[-5,61]],[[611,789],[103,-11]],[[616,728],[-73,22]],[[543,750],[68,39]],[[446,282],[-24,-111]],[[309,179],[72,98]],[[381,277],[3,23]],[[384,300],[62,-18]],[[387,330],[-3,-30]],[[381,277],[-66,21]],[[315,298],[15,31]],[[330,329],[57,1]],[[805,575],[-119,96]],[[714,778],[123,-109],[-32,-94]],[[805,575],[-32,-29]],[[545,680],[-19,20]],[[526,700],[17,50]],[[737,511],[-46,-93]],[[691,418],[-156,147]],[[532,589],[26,29]],[[327,480],[83,-44]],[[410,436],[-15,-35]],[[395,401],[-90,-8]],[[305,393],[-8,88]],[[297,481],[30,-1]],[[479,590],[59,59]],[[315,298],[-50,-43]],[[265,255],[-8,70]],[[257,325],[46,31]],[[303,356],[27,-27]],[[367,712],[93,-15]],[[460,697],[66,3]],[[414,543],[-15,25]],[[399,568],[-61,162]],[[338,730],[29,-18]],[[691,418],[-18,-28]],[[553,497],[-66,56]],[[305,393],[-2,-37]],[[257,325],[-108,36],[-115,202]],[[34,563],[218,113]],[[252,676],[45,-195]],[[285,187],[-30,14]],[[255,201],[10,54]],[[34,563],[-34,62],[252,122]],[[252,747],[0,-71]],[[414,532],[0,-35]],[[409,456],[-13,112]],[[396,568],[3,0]],[[491,389],[-45,-107]],[[387,330],[8,71]],[[410,436],[1,1]],[[249,141],[6,60]],[[327,480],[69,88]],[[252,676],[73,69]],[[325,745],[13,-15]],[[308,0],[-45,49]],[[337,975],[-5,-43]],[[332,932],[-46,0]],[[286,932],[51,43]],[[439,838],[-23,-68]],[[416,770],[-10,31]],[[406,801],[33,37]],[[461,889],[-22,-51]],[[406,801],[-24,24]],[[382,825],[19,65]],[[401,890],[60,-1]],[[416,770],[3,-41]],[[419,729],[-52,-17]],[[325,745],[-1,9]],[[324,754],[58,71]],[[258,888],[19,-12]],[[277,876],[-68,-3]],[[209,873],[49,15]],[[348,972],[53,-82]],[[324,754],[-79,15]],[[245,769],[-36,104]],[[277,876],[55,56]],[[337,975],[11,-3]],[[252,747],[-7,22]],[[419,729],[41,-32]],[[258,888],[28,44]],[[348,972],[113,-83]]],"transform":{"scale":[0.00009599363918756353,0.00010091278871793353],"translate":[121.0222366910001,14.467449865000047]},"objects":{"bgysubmuns-municity-1381500000":{"type":"GeometryCollection","geometries":[{"arcs":[[0,1,2,3]],"type":"Polygon","properties":{"adm1_psgc":1300000000,"adm2_psgc":1381500000,"adm3_psgc":1381500000,"adm4_psgc":1381500001,"adm4_en":"Tanyag","geo_level":"Bgy","len_crs":3156,"area_crs":365139,"len_km":3,"area_km2":0},"id":1381500001},{"arcs":[[4,5,6,-4,7,8]],"type":"Polygon","properties":{"adm1_psgc":1300000000,"adm2_psgc":1381500000,"adm3_psgc":1381500000,"adm4_psgc":1381500002,"adm4_en":"Bagumbayan","geo_level":"Bgy","len_crs":7677,"area_crs":2260867,"len_km":7,"area_km2":2},"id":1381500002},{"arcs":[[9,10,11,12,13,14]],"type":"Polygon","properties":{"adm1_psgc":1300000000,"adm2_psgc":1381500000,"adm3_psgc":1381500000,"adm4_psgc":1381500003,"adm4_en":"Bambang","geo_level":"Bgy","len_crs":3654,"area_crs":423517,"len_km":3,"area_km2":0},"id":1381500003},{"arcs":[[15,16,17,18,19]],"type":"Polygon","properties":{"adm1_psgc":1300000000,"adm2_psgc":1381500000,"adm3_psgc":1381500000,"adm4_psgc":1381500004,"adm4_en":"Calzada","geo_level":"Bgy","len_crs":7684,"area_crs":1796790,"len_km":7,"area_km2":1},"id":1381500004},{"arcs":[[20,21,22,23,24,25]],"type":"Polygon","properties":{"adm1_psgc":1300000000,"adm2_psgc":1381500000,"adm3_psgc":1381500000,"adm4_psgc":1381500005,"adm4_en":"Hagonoy","geo_level":"Bgy","len_crs":8270,"area_crs":2365581,"len_km":8,"area_km2":2},"id":1381500005},{"arcs":[[26,27,28,29]],"type":"Polygon","properties":{"adm1_psgc":1300000000,"adm2_psgc":1381500000,"adm3_psgc":1381500000,"adm4_psgc":1381500006,"adm4_en":"Ibayo-Tipas","geo_level":"Bgy","len_crs":4946,"area_crs":877871,"len_km":4,"area_km2":0},"id":1381500006},{"arcs":[[30,31,-29]],"type":"Polygon","properties":{"adm1_psgc":1300000000,"adm2_psgc":1381500000,"adm3_psgc":1381500000,"adm4_psgc":1381500007,"adm4_en":"Ligid-Tipas","geo_level":"Bgy","len_crs":3293,"area_crs":485000,"len_km":3,"area_km2":0},"id":1381500007},{"arcs":[[32,-5,33,34,35]],"type":"Polygon","properties":{"adm1_psgc":1300000000,"adm2_psgc":1381500000,"adm3_psgc":1381500000,"adm4_psgc":1381500008,"adm4_en":"Lower Bicutan","geo_level":"Bgy","len_crs":5577,"area_crs":1249448,"len_km":5,"area_km2":1},"id":1381500008},{"arcs":[[36,-35,37,38,39]],"type":"Polygon","properties":{"adm1_psgc":1300000000,"adm2_psgc":1381500000,"adm3_psgc":1381500000,"adm4_psgc":1381500009,"adm4_en":"Maharlika Village","geo_level":"Bgy","len_crs":2808,"area_crs":466343,"len_km":2,"area_km2":0},"id":1381500009},{"arcs":[[40,-27,41]],"type":"Polygon","properties":{"adm1_psgc":1300000000,"adm2_psgc":1381500000,"adm3_psgc":1381500000,"adm4_psgc":1381500010,"adm4_en":"Napindan","geo_level":"Bgy","len_crs":7026,"area_crs":2098179,"len_km":7,"area_km2":2},"id":1381500010},{"arcs":[[-28,-41,42,-20,43,44,-31]],"type":"Polygon","properties":{"adm1_psgc":1300000000,"adm2_psgc":1381500000,"adm3_psgc":1381500000,"adm4_psgc":1381500011,"adm4_en":"Palingon","geo_level":"Bgy","len_crs":9000,"area_crs":1424429,"len_km":9,"area_km2":1},"id":1381500011},{"arcs":[[-17,45,46,-10,47]],"type":"Polygon","properties":{"adm1_psgc":1300000000,"adm2_psgc":1381500000,"adm3_psgc":1381500000,"adm4_psgc":1381500012,"adm4_en":"Santa Ana","geo_level":"Bgy","len_crs":7466,"area_crs":1918064,"len_km":7,"area_km2":1},"id":1381500012},{"arcs":[[48,49,50,51,52]],"type":"Polygon","properties":{"adm1_psgc":1300000000,"adm2_psgc":1381500000,"adm3_psgc":1381500000,"adm4_psgc":1381500013,"adm4_en":"Central Signal Village","geo_level":"Bgy","len_crs":4968,"area_crs":718477,"len_km":4,"area_km2":0},"id":1381500013},{"arcs":[[-48,-15,53,-18]],"type":"Polygon","properties":{"adm1_psgc":1300000000,"adm2_psgc":1381500000,"adm3_psgc":1381500000,"adm4_psgc":1381500014,"adm4_en":"Tuktukan","geo_level":"Bgy","len_crs":3585,"area_crs":334411,"len_km":3,"area_km2":0},"id":1381500014},{"arcs":[[-39,54,55,56,57]],"type":"Polygon","properties":{"adm1_psgc":1300000000,"adm2_psgc":1381500000,"adm3_psgc":1381500000,"adm4_psgc":1381500015,"adm4_en":"Upper Bicutan","geo_level":"Bgy","len_crs":3357,"area_crs":457950,"len_km":3,"area_km2":0},"id":1381500015},{"arcs":[[58,59,-44,-19,-54,-14,60,61,62]],"type":"Polygon","properties":{"adm1_psgc":1300000000,"adm2_psgc":1381500000,"adm3_psgc":1381500000,"adm4_psgc":1381500016,"adm4_en":"Ususan","geo_level":"Bgy","len_crs":10084,"area_crs":1815894,"len_km":10,"area_km2":1},"id":1381500016},{"arcs":[[63,-26,64,-11,-47]],"type":"Polygon","properties":{"adm1_psgc":1300000000,"adm2_psgc":1381500000,"adm3_psgc":1381500000,"adm4_psgc":1381500017,"adm4_en":"Wawa","geo_level":"Bgy","len_crs":6365,"area_crs":1026843,"len_km":6,"area_km2":1},"id":1381500017},{"arcs":[[-52,65,-57,66,67,68]],"type":"Polygon","properties":{"adm1_psgc":1300000000,"adm2_psgc":1381500000,"adm3_psgc":1381500000,"adm4_psgc":1381500018,"adm4_en":"Western Bicutan","geo_level":"Bgy","len_crs":14171,"area_crs":6411988,"len_km":14,"area_km2":6},"id":1381500018},{"arcs":[[-34,-9,69,70,-55,-38]],"type":"Polygon","properties":{"adm1_psgc":1300000000,"adm2_psgc":1381500000,"adm3_psgc":1381500000,"adm4_psgc":1381500019,"adm4_en":"Central Bicutan","geo_level":"Bgy","len_crs":4881,"area_crs":857291,"len_km":4,"area_km2":0},"id":1381500019},{"arcs":[[-68,71,72]],"type":"Polygon","properties":{"adm1_psgc":1300000000,"adm2_psgc":1381500000,"adm3_psgc":1381500000,"adm4_psgc":1381500020,"adm4_en":"Fort Bonifacio","geo_level":"Bgy","len_crs":7901,"area_crs":1515006,"len_km":7,"area_km2":1},"id":1381500020},{"arcs":[[-13,73,-24,74,75,-61]],"type":"Polygon",