{"type":"Topology","arcs":[[[116,486],[-48,-109]],[[68,377],[-7,-54]],[[61,323],[-59,-21]],[[2,302],[16,197]],[[18,499],[98,-13]],[[82,154],[-34,-51]],[[48,103],[-48,101]],[[0,204],[82,-50]],[[210,514],[-24,-57]],[[186,457],[-70,29]],[[116,486],[20,61]],[[136,547],[32,-11]],[[168,536],[20,15]],[[188,551],[22,-37]],[[251,328],[-106,-90]],[[145,238],[4,30]],[[149,268],[10,129]],[[159,397],[61,19]],[[220,416],[31,-88]],[[328,430],[26,-11]],[[354,419],[-103,-91]],[[220,416],[0,6]],[[220,422],[108,8]],[[307,515],[58,-32]],[[365,483],[-37,-53]],[[220,422],[-34,35]],[[210,514],[97,1]],[[238,646],[0,-22]],[[238,624],[-30,-59]],[[208,565],[-20,-14]],[[168,536],[-13,88]],[[155,624],[-1,1]],[[154,625],[8,36]],[[162,661],[76,-15]],[[145,238],[0,-27]],[[145,211],[-63,-57]],[[0,204],[2,98]],[[61,323],[88,-55]],[[260,14],[-64,-14]],[[196,0],[64,14]],[[68,377],[91,20]],[[130,594],[6,-47]],[[18,499],[33,74]],[[51,573],[79,21]],[[304,237],[-124,-71]],[[180,166],[-35,45]],[[251,328],[53,-91]],[[302,563],[-29,-21]],[[273,542],[-65,23]],[[238,624],[64,-61]],[[457,512],[-92,-29]],[[307,515],[-34,27]],[[302,563],[128,46]],[[430,609],[27,-97]],[[461,424],[-103,-18]],[[358,406],[-4,13]],[[457,512],[4,-88]],[[461,424],[35,-60],[-96,-42]],[[400,322],[-42,84]],[[180,166],[80,-152]],[[196,0],[-57,49]],[[139,49],[-57,105]],[[139,49],[-91,54]],[[130,594],[5,7]],[[135,601],[20,23]],[[135,601],[19,24]],[[400,322],[-96,-85]],[[51,573],[111,88]],[[238,646],[131,25],[61,-62]]],"transform":{"scale":[0.00021402671774194094,0.00022989613561850029],"translate":[123.15225663700005,13.42774505500006]},"objects":{"bgysubmuns-municity-501722000":{"type":"GeometryCollection","geometries":[{"arcs":[[0,1,2,3,4]],"type":"Polygon","properties":{"adm1_psgc":500000000,"adm2_psgc":501700000,"adm3_psgc":501722000,"adm4_psgc":501722001,"adm4_en":"Antipolo","geo_level":"Bgy","len_crs":14578,"area_crs":8234689,"len_km":14,"area_km2":8},"id":501722001},{"arcs":[[5,6,7]],"type":"Polygon","properties":{"adm1_psgc":500000000,"adm2_psgc":501700000,"adm3_psgc":501722000,"adm4_psgc":501722002,"adm4_en":"Bagolatao","geo_level":"Bgy","len_crs":8408,"area_crs":3804023,"len_km":8,"area_km2":3},"id":501722002},{"arcs":[[8,9,10,11,12,13]],"type":"Polygon","properties":{"adm1_psgc":500000000,"adm2_psgc":501700000,"adm3_psgc":501722000,"adm4_psgc":501722003,"adm4_en":"Bagongbong","geo_level":"Bgy","len_crs":8845,"area_crs":3501255,"len_km":8,"area_km2":3},"id":501722003},{"arcs":[[14,15,16,17,18]],"type":"Polygon","properties":{"adm1_psgc":500000000,"adm2_psgc":501700000,"adm3_psgc":501722000,"adm4_psgc":501722004,"adm4_en":"Baliuag Nuevo","geo_level":"Bgy","len_crs":12658,"area_crs":5237992,"len_km":12,"area_km2":5},"id":501722004},{"arcs":[[19,20,-19,21,22]],"type":"Polygon","properties":{"adm1_psgc":500000000,"adm2_psgc":501700000,"adm3_psgc":501722000,"adm4_psgc":501722005,"adm4_en":"Baliuag Viejo","geo_level":"Bgy","len_crs":11322,"area_crs":6048129,"len_km":11,"area_km2":6},"id":501722005},{"arcs":[[23,24,-23,25,-9,26]],"type":"Polygon","properties":{"adm1_psgc":500000000,"adm2_psgc":501700000,"adm3_psgc":501722000,"adm4_psgc":501722006,"adm4_en":"Catanusan","geo_level":"Bgy","len_crs":12825,"area_crs":7196354,"len_km":12,"area_km2":7},"id":501722006},{"arcs":[[27,28,29,-13,30,31,32,33]],"type":"Polygon","properties":{"adm1_psgc":500000000,"adm2_psgc":501700000,"adm3_psgc":501722000,"adm4_psgc":501722007,"adm4_en":"Del Carmen-Del Rosario","geo_level":"Bgy","len_crs":10932,"area_crs":4544608,"len_km":10,"area_km2":4},"id":501722007},{"arcs":[[-16,34,35,-8,36,-3,37]],"type":"Polygon","properties":{"adm1_psgc":500000000,"adm2_psgc":501700000,"adm3_psgc":501722000,"adm4_psgc":501722008,"adm4_en":"Del Socorro","geo_level":"Bgy","len_crs":13292,"area_crs":9716915,"len_km":13,"area_km2":9},"id":501722008},{"arcs":[[38,39]],"type":"Polygon","properties":{"adm1_psgc":500000000,"adm2_psgc":501700000,"adm3_psgc":501722000,"adm4_psgc":501722009,"adm4_en":"Hamoraon","geo_level":"Bgy","len_crs":8939,"area_crs":2801167,"len_km":8,"area_km2":2},"id":501722009},{"arcs":[[-38,-2,40,-17]],"type":"Polygon","properties":{"adm1_psgc":500000000,"adm2_psgc":501700000,"adm3_psgc":501722000,"adm4_psgc":501722010,"adm4_en":"Hobo","geo_level":"Bgy","len_crs":9948,"area_crs":5147511,"len_km":9,"area_km2":5},"id":501722010},{"arcs":[[41,-11,-5,42,43]],"type":"Polygon","properties":{"adm1_psgc":500000000,"adm2_psgc":501700000,"adm3_psgc":501722000,"adm4_psgc":501722011,"adm4_en":"Irayang Solong","geo_level":"Bgy","len_crs":10407,"area_crs":4716042,"len_km":10,"area_km2":4},"id":501722011},{"arcs":[[44,45,-35,-15,46]],"type":"Polygon","properties":{"adm1_psgc":500000000,"adm2_psgc":501700000,"adm3_psgc":501722000,"adm4_psgc":501722012,"adm4_en":"Magadap","geo_level":"Bgy","len_crs":13185,"area_crs":8272853,"len_km":13,"area_km2":8},"id":501722012},{"arcs":[[47,48,-29,49]],"type":"Polygon","properties":{"adm1_psgc":500000000,"adm2_psgc":501700000,"adm3_psgc":501722000,"adm4_psgc":501722013,"adm4_en":"Malitbog","geo_level":"Bgy","len_crs":8201,"area_crs":3286576,"len_km":8,"area_km2":3},"id":501722013},{"arcs":[[50,-24,51,-48,52,53]],"type":"Polygon","properties":{"adm1_psgc":500000000,"adm2_psgc":501700000,"adm3_psgc":501722000,"adm4_psgc":501722014,"adm4_en":"Manapao","geo_level":"Bgy","len_crs":12964,"area_crs":8826398,"len_km":12,"area_km2":8},"id":501722014},{"arcs":[[54,55,-20,-25,-51,56]],"type":"Polygon","properties":{"adm1_psgc":500000000,"adm2_psgc":501700000,"adm3_psgc":501722000,"adm4_psgc":501722015,"adm4_en":"Mataoroc","geo_level":"Bgy","len_crs":11322,"area_crs":4933992,"len_km":11,"area_km2":4},"id":501722015},{"arcs":[[57,58,-55]],"type":"Polygon","properties":{"adm1_psgc":500000000,"adm2_psgc":501700000,"adm3_psgc":501722000,"adm4_psgc":501722016,"adm4_en":"Sagrada","geo_level":"Bgy","len_crs":9966,"area_crs":5766972,"len_km":9,"area_km2":5},"id":501722016},{"arcs":[[59,-40,60,61,-36,-46]],"type":"Polygon","properties":{"adm1_psgc":500000000,"adm2_psgc":501700000,"adm3_psgc":501722000,"adm4_psgc":501722017,"adm4_en":"Salingogon","geo_level":"Bgy","len_crs":15573,"area_crs":8596317,"len_km":15,"area_km2":8},"id":501722017},{"arcs":[[62,-6,-62]],"type":"Polygon","properties":{"adm1_psgc":500000000,"adm2_psgc":501700000,"adm3_psgc":501722000,"adm4_psgc":501722018,"adm4_en":"San Antonio","geo_level":"Bgy","len_crs":9076,"area_crs":3246111,"len_km":9,"area_km2":3},"id":501722018},{"arcs":[[-12,-42,63,64,-31]],"type":"Polygon","properties":{"adm1_psgc":500000000,"adm2_psgc":501700000,"adm3_psgc":501722000,"adm4_psgc":501722019,"adm4_en":"San Felipe-Santiago","geo_level":"Bgy","len_crs":6118,"area_crs":1301761,"len_km":6,"area_km2":1},"id":501722019},{"arcs":[[-32,-65,65]],"type":"Polygon","properties":{"adm1_psgc":500000000,"adm2_psgc":501700000,"adm3_psgc":501722000,"adm4_psgc":501722020,"adm4_en":"San Francisco","geo_level":"Bgy","len_crs":1616,"area_crs":56052,"len_km":1,"area_km2":0},"id":501722020},{"arcs":[[-59,66,-47,-21,-56]],"type":"Polygon","properties":{"adm1_psgc":500000000,"adm2_psgc":501700000,"adm3_psgc":501722000,"adm4_psgc":501722021,"adm4_en":"San Jose","geo_level":"Bgy","len_crs":15053,"area_crs":5694454,"len_km":15,"area_km2":5},"id":501722021},{"arcs":[[-33,-66,-64,-44,67]],"type":"Polygon","properties":{"adm1_psgc":500000000,"adm2_psgc":501700000,"adm3_psgc":501722000,"adm4_psgc":501722022,"adm4_en":"San Juan-San Lorenzo","geo_level":"Bgy","len_crs":8159,"area_crs":1961546,"len_km":8,"area_km2":1},"id":501722022},{"arcs":[[-52,-27,-14,-30,-49]],"type":"Polygon","properties":{"adm1_psgc":500000000,"adm2_psgc":501700000,"adm3_psgc":501722000,"adm4_psgc":501722023,"adm4_en":"Taban","geo_level":"Bgy","len_crs":7654,"area_crs":1958814,"len_km":7,"area_km2":1},"id":501722023},{"arcs":[[-53,-50,-28,68]],"type":"Polygon","properties":{"adm1_psgc":500000000,"adm2_psgc":501700000,"adm3_psgc":501722000,"adm4_psgc":501722024,"adm4_en":"Tariric","geo_level":"Bgy","len_crs":14862,"area_crs":7127936,"len_km":14,"area_km2":7},