{"type":"Topology","arcs":[[[917,491],[129,-93],[56,-9],[34,-92],[-164,-42]],[[972,255],[-44,103],[-67,21]],[[861,379],[-1,82]],[[860,461],[57,30]],[[904,523],[-122,6]],[[782,529],[7,68]],[[789,597],[-2,29]],[[787,626],[85,16]],[[872,642],[32,-119]],[[861,379],[-72,-17]],[[789,362],[-23,8]],[[766,370],[32,75]],[[798,445],[62,16]],[[702,923],[0,-3]],[[702,920],[0,3]],[[703,940],[-1,-15]],[[702,925],[-7,-3],[-10,-10],[17,5]],[[702,917],[6,-165]],[[708,752],[3,-20]],[[711,732],[11,-29]],[[722,703],[-64,20]],[[658,723],[-45,153],[-53,59]],[[560,935],[143,5]],[[511,919],[80,-213]],[[591,706],[-50,-46]],[[541,660],[-14,1]],[[527,661],[-66,69],[-48,152]],[[413,882],[98,37]],[[789,362],[-25,-170]],[[764,192],[-84,-45]],[[680,147],[-12,48],[70,106]],[[738,301],[28,69]],[[748,473],[-41,-83]],[[707,390],[-71,58],[24,29],[-39,62]],[[621,539],[127,-66]],[[707,390],[-62,-98]],[[645,292],[-149,-31]],[[496,261],[-93,-17],[-7,107]],[[396,351],[311,39]],[[527,661],[-105,-17]],[[422,644],[-6,98]],[[416,742],[-3,140]],[[658,723],[-67,-17]],[[511,919],[49,16]],[[738,301],[-93,-9]],[[748,473],[34,56]],[[782,529],[16,-84]],[[787,626],[-65,77]],[[722,703],[52,17]],[[774,720],[57,10]],[[831,730],[41,-88]],[[702,923],[0,-3]],[[743,889],[-6,-36]],[[737,853],[-2,-8]],[[735,845],[4,-88]],[[739,757],[-31,-5]],[[702,917],[41,-28]],[[703,940],[-1,-15]],[[680,147],[11,-90],[-215,-57],[20,261]],[[541,660],[65,-113]],[[606,547],[6,-9]],[[612,538],[-252,-41]],[[360,497],[-46,65],[-3,68]],[[311,630],[111,14]],[[396,351],[-36,146]],[[612,538],[9,1]],[[739,739],[-28,-7]],[[739,757],[0,-18]],[[739,739],[35,-19]],[[972,255],[-208,-63]],[[904,523],[13,-32]],[[37,996],[32,-49],[65,-6],[8,-75],[-121,45],[-21,55],[37,30]],[[606,547],[183,50]],[[311,630],[-2,99],[107,13]],[[735,845],[59,-27],[37,-88]],[[743,889],[-6,-36]]],"transform":{"scale":[0.00014780296566904835,0.000159079914658627],"translate":[123.88119377400005,12.730133836000052]},"objects":{"bgysubmuns-municity-506210000":{"type":"GeometryCollection","geometries":[{"arcs":[[0,1,2,3]],"type":"Polygon","properties":{"adm1_psgc":500000000,"adm2_psgc":506200000,"adm3_psgc":506210000,"adm4_psgc":506210001,"adm4_en":"Anog","geo_level":"Bgy","len_crs":14508,"area_crs":9497517,"len_km":14,"area_km2":9},"id":506210001},{"arcs":[[4,5,6,7,8]],"type":"Polygon","properties":{"adm1_psgc":500000000,"adm2_psgc":506200000,"adm3_psgc":506210000,"adm4_psgc":506210002,"adm4_en":"Aroroy","geo_level":"Bgy","len_crs":7419,"area_crs":3033201,"len_km":7,"area_km2":3},"id":506210002},{"arcs":[[9,10,11,12,-3]],"type":"Polygon","properties":{"adm1_psgc":500000000,"adm2_psgc":506200000,"adm3_psgc":506210000,"adm4_psgc":506210003,"adm4_en":"Bacolod","geo_level":"Bgy","len_crs":5873,"area_crs":2211931,"len_km":5,"area_km2":2},"id":506210003},{"arcs":[[15,16,17,18,19,20,21,22]],"type":"Polygon","properties":{"adm1_psgc":500000000,"adm2_psgc":506200000,"adm3_psgc":506210000,"adm4_psgc":506210004,"adm4_en":"Binanuahan","geo_level":"Bgy","len_crs":15594,"area_crs":4884338,"len_km":15,"area_km2":4},"id":506210004},{"arcs":[[23,24,25,26,27]],"type":"Polygon","properties":{"adm1_psgc":500000000,"adm2_psgc":506200000,"adm3_psgc":506210000,"adm4_psgc":506210005,"adm4_en":"Biriran","geo_level":"Bgy","len_crs":13233,"area_crs":7334513,"len_km":13,"area_km2":7},"id":506210005},{"arcs":[[28,29,30,31,-11]],"type":"Polygon","properties":{"adm1_psgc":500000000,"adm2_psgc":506200000,"adm3_psgc":506210000,"adm4_psgc":506210006,"adm4_en":"Buraburan","geo_level":"Bgy","len_crs":9700,"area_crs":3516220,"len_km":9,"area_km2":3},"id":506210006},{"arcs":[[32,33,34]],"type":"Polygon","properties":{"adm1_psgc":500000000,"adm2_psgc":506200000,"adm3_psgc":506210000,"adm4_psgc":506210007,"adm4_en":"Calateo","geo_level":"Bgy","len_crs":7798,"area_crs":2292985,"len_km":7,"area_km2":2},"id":506210007},{"arcs":[[35,36,37,38]],"type":"Polygon","properties":{"adm1_psgc":500000000,"adm2_psgc":506200000,"adm3_psgc":506210000,"adm4_psgc":506210008,"adm4_en":"Calmayon","geo_level":"Bgy","len_crs":12968,"area_crs":7832834,"len_km":12,"area_km2":7},"id":506210008},{"arcs":[[-27,39,40,41]],"type":"Polygon","properties":{"adm1_psgc":500000000,"adm2_psgc":506200000,"adm3_psgc":506210000,"adm4_psgc":506210009,"adm4_en":"Carohayon","geo_level":"Bgy","len_crs":13351,"area_crs":2517070,"len_km":13,"area_km2":2},"id":506210009},{"arcs":[[42,-24,43,-22]],"type":"Polygon","properties":{"adm1_psgc":500000000,"adm2_psgc":506200000,"adm3_psgc":506210000,"adm4_psgc":506210010,"adm4_en":"Catanagan","geo_level":"Bgy","len_crs":11366,"area_crs":4558102,"len_km":11,"area_km2":4},"id":506210010},{"arcs":[[-12,-32,44,-36,-33,45,46]],"type":"Polygon","properties":{"adm1_psgc":500000000,"adm2_psgc":506200000,"adm3_psgc":506210000,"adm4_psgc":506210011,"adm4_en":"Catanusan","geo_level":"Bgy","len_crs":11436,"area_crs":3717506,"len_km":11,"area_km2":3},"id":506210011},{"arcs":[[-8,47,48,49,50]],"type":"Polygon","properties":{"adm1_psgc":500000000,"adm2_psgc":506200000,"adm3_psgc":506210000,"adm4_psgc":506210012,"adm4_en":"Cogon","geo_level":"Bgy","len_crs":6953,"area_crs":2854811,"len_km":6,"area_km2":2},"id":506210012},{"arcs":[[52,53,54,55,-18,56]],"type":"Polygon","properties":{"adm1_psgc":500000000,"adm2_psgc":506200000,"adm3_psgc":506210000,"adm4_psgc":506210013,"adm4_en":"Embarcadero","geo_level":"Bgy","len_crs":9914,"area_crs":1590792,"len_km":9,"area_km2":1},"id":506210013},{"arcs":[[58,-37,-45,-31]],"type":"Polygon","properties":{"adm1_psgc":500000000,"adm2_psgc":506200000,"adm3_psgc":506210000,"adm4_psgc":506210014,"adm4_en":"Guruyan","geo_level":"Bgy","len_crs":17363,"area_crs":14188762,"len_km":17,"area_km2":14},"id":506210014},{"arcs":[[59,60,61,62,63,-40,-26]],"type":"Polygon","properties":{"adm1_psgc":500000000,"adm2_psgc":506200000,"adm3_psgc":506210000,"adm4_psgc":506210016,"adm4_en":"Lajong","geo_level":"Bgy","len_crs":12946,"area_crs":9712051,"len_km":12,"area_km2":9},"id":506210016},{"arcs":[[-39,64,-62,65,-34]],"type":"Polygon","properties":{"adm1_psgc":500000000,"adm2_psgc":506200000,"adm3_psgc":506210000,"adm4_psgc":506210017,"adm4_en":"Maalo","geo_level":"Bgy","len_crs":15404,"area_crs":11587417,"len_km":15,"area_km2":11},"id":506210017},{"arcs":[[66,-19,-56,67]],"type":"Polygon","properties":{"adm1_psgc":500000000,"adm2_psgc":506200000,"adm3_psgc":506210000,"adm4_psgc":506210019,"adm4_en":"North Poblacion","geo_level":"Bgy","len_crs":1695,"area_crs":165679,"len_km":1,"area_km2":0},"id":506210019},{"arcs":[[-49,-20,-67,68]],"type":"Polygon","properties":{"adm1_psgc":500000000,"adm2_psgc":506200000,"adm3_psgc":506210000,"adm4_psgc":506210020,"adm4_en":"South Poblacion","geo_level":"Bgy","len_crs":2863,"area_crs":368279,"len_km":2,"area_km2":0},"id":506210020},{"arcs":[[69,-29,-10,-2]],"type":"Polygon","properties":{"adm1_psgc":500000000,"adm2_psgc":506200000,"adm3_psgc":506210000,"adm4_psgc":506210021,"adm4_en":"Puting Sapa","geo_level":"Bgy","len_crs":10888,"area_crs":7262614,"len_km":10,"area_km2":7},"id":506210021},{"arcs":[[70,-4,-13,-47,-5]],"type":"Polygon","properties":{"adm1_psgc":500000000,"adm2_psgc":506200000,"adm3_psgc":506210000,"adm4_psgc":506210022,"adm4_en":"Rangas","geo_level":"Bgy","len_crs":6573,"area_crs":2161127,"len_km":6,"area_km2":2},"id":506210022},{"arcs":[[71]],"type":"Polygon","properties":{"adm1_psgc":500000000,"adm2_psgc":506200000,"adm3_psgc":506210000,"adm4_psgc":506210023,"adm4_en":"Sablayan","geo_level":"Bgy","len_crs":15024,"area_crs":3167486,"len_km":15,"area_km2":3},"id":506210023},{"arcs":[[-46,-35,-66,-61,72,-6]],"type":"Polygon","properties":{"adm1_psgc":500000000,"adm2_psgc":506200000,"adm3_psgc":506210000,"adm4_psgc":506210024,"adm4_en":"Sipaya","geo_level":"Bgy","len_crs":8517,"area_crs":2663625,"len_km":8,"area_km2":2},"id":506210024},{"arcs":[[-48,-7,-73,-60,-25,-43,-21]],"type":"Polygon","properties":{"adm1_psgc":500000000,"adm2_psgc":506200000,"adm3_psgc":506210000,"adm4_psgc":506210025,"adm4_en":"Taboc","geo_level":"Bgy","len_crs":11367,"area_crs":8100179,