{"type":"Topology","arcs":[[[645,183],[-11,-35]],[[634,148],[-5,4]],[[629,152],[4,33]],[[633,185],[6,27]],[[639,212],[6,-29]],[[523,326],[-15,-40]],[[508,286],[-45,-54]],[[463,232],[-166,31]],[[297,263],[125,78]],[[422,341],[62,29]],[[484,370],[39,-44]],[[683,451],[-4,-155]],[[679,296],[-28,-24]],[[651,272],[-167,98]],[[422,341],[-107,67]],[[315,408],[-254,59]],[[61,467],[234,264],[246,136],[142,-416]],[[883,232],[-95,-127]],[[788,105],[-23,88]],[[765,193],[36,31]],[[801,224],[16,-2]],[[817,222],[66,10]],[[659,217],[7,-23]],[[666,194],[-19,-15]],[[647,179],[-2,4]],[[639,212],[0,1]],[[639,213],[1,4]],[[640,217],[18,5]],[[658,222],[1,-5]],[[274,266],[23,-3]],[[463,232],[-40,-96]],[[423,136],[-423,42]],[[0,178],[274,88]],[[586,167],[21,-32]],[[607,135],[29,-116]],[[636,19],[-39,-19]],[[597,0],[-139,111]],[[458,111],[128,56]],[[881,381],[-45,-12]],[[836,369],[-54,71]],[[782,440],[99,-59]],[[629,152],[-9,-1]],[[620,151],[-30,32]],[[590,183],[24,35]],[[614,218],[19,-33]],[[647,179],[10,-39]],[[657,140],[-18,-11]],[[639,129],[-5,19]],[[675,165],[-18,-25]],[[666,194],[9,-29]],[[651,272],[0,-18]],[[651,254],[-11,-37]],[[639,213],[-31,25]],[[608,238],[-14,3]],[[594,241],[-71,85]],[[274,266],[41,142]],[[788,105],[-25,-31]],[[763,74],[-12,27]],[[751,101],[-63,92]],[[688,193],[7,15]],[[695,208],[42,0]],[[737,208],[28,-15]],[[608,238],[6,-20]],[[590,183],[-4,-16]],[[458,111],[-35,25]],[[508,286],[86,-45]],[[762,284],[-25,-76]],[[695,208],[-12,19]],[[683,227],[3,74]],[[686,301],[76,-17]],[[728,441],[56,-148]],[[784,293],[33,-71]],[[801,224],[-39,60]],[[686,301],[-7,-5]],[[683,451],[45,-10]],[[763,74],[-31,-43]],[[732,31],[-52,35]],[[680,66],[-26,27]],[[654,93],[-3,18]],[[651,111],[100,-10]],[[836,369],[-52,-76]],[[728,441],[54,-1]],[[688,193],[-13,-28]],[[659,217],[24,10]],[[680,66],[-43,-46]],[[637,20],[17,73]],[[639,129],[-27,1]],[[612,130],[8,21]],[[612,130],[-5,5]],[[651,111],[-12,18]],[[732,31],[-135,-31]],[[636,19],[1,1]],[[881,381],[2,-149]],[[0,178],[61,289]],[[651,254],[7,-32]]],"transform":{"scale":[0.0001917196783690895,0.00011348677739331954],"translate":[120.46726020500013,15.124031315000023]},"objects":{"bgysubmuns-municity-330100000":{"type":"GeometryCollection","geometries":[{"arcs":[[0,1,2,3,4]],"type":"Polygon","properties":{"adm1_psgc":300000000,"adm2_psgc":330100000,"adm3_psgc":330100000,"adm4_psgc":330100001,"adm4_en":"Agapito del Rosario","geo_level":"Bgy","len_crs":1764,"area_crs":119549,"len_km":1,"area_km2":0},"id":330100001},{"arcs":[[5,6,7,8,9,10]],"type":"Polygon","properties":{"adm1_psgc":300000000,"adm2_psgc":330100000,"adm3_psgc":330100000,"adm4_psgc":330100002,"adm4_en":"Anunas","geo_level":"Bgy","len_crs":11856,"area_crs":4653758,"len_km":11,"area_km2":4},"id":330100002},{"arcs":[[11,12,13,-10,14,15,16]],"type":"Polygon","properties":{"adm1_psgc":300000000,"adm2_psgc":330100000,"adm3_psgc":330100000,"adm4_psgc":330100003,"adm4_en":"Balibago","geo_level":"Bgy","len_crs":39058,"area_crs":43329756,"len_km":39,"area_km2":43},"id":330100003},{"arcs":[[17,18,19,20,21]],"type":"Polygon","properties":{"adm1_psgc":300000000,"adm2_psgc":330100000,"adm3_psgc":330100000,"adm4_psgc":330100004,"adm4_en":"Capaya","geo_level":"Bgy","len_crs":8345,"area_crs":3116611,"len_km":8,"area_km2":3},"id":330100004},{"arcs":[[22,23,24,-5,25,26,27,28]],"type":"Polygon","properties":{"adm1_psgc":300000000,"adm2_psgc":330100000,"adm3_psgc":330100000,"adm4_psgc":330100005,"adm4_en":"Claro M. Recto","geo_level":"Bgy","len_crs":1724,"area_crs":189354,"len_km":1,"area_km2":0},"id":330100005},{"arcs":[[29,-8,30,31,32]],"type":"Polygon","properties":{"adm1_psgc":300000000,"adm2_psgc":330100000,"adm3_psgc":330100000,"adm4_psgc":330100006,"adm4_en":"Cuayan","geo_level":"Bgy","len_crs":22580,"area_crs":10549792,"len_km":22,"area_km2":10},"id":330100006},{"arcs":[[33,34,35,36,37]],"type":"Polygon","properties":{"adm1_psgc":300000000,"adm2_psgc":330100000,"adm3_psgc":330100000,"adm4_psgc":330100007,"adm4_en":"Cutcut","geo_level":"Bgy","len_crs":10392,"area_crs":4614109,"len_km":10,"area_km2":4},"id":330100007},{"arcs":[[38,39,40]],"type":"Polygon","properties":{"adm1_psgc":300000000,"adm2_psgc":330100000,"adm3_psgc":330100000,"adm4_psgc":330100008,"adm4_en":"Cutud","geo_level":"Bgy","len_crs":8109,"area_crs":2527010,"len_km":8,"area_km2":2},"id":330100008},{"arcs":[[-3,41,42,43,44]],"type":"Polygon","properties":{"adm1_psgc":300000000,"adm2_psgc":330100000,"adm3_psgc":330100000,"adm4_psgc":330100010,"adm4_en":"Lourdes North West","geo_level":"Bgy","len_crs":2701,"area_crs":443564,"len_km":2,"area_km2":0},"id":330100010},{"arcs":[[45,46,47,-1,-25]],"type":"Polygon","properties":{"adm1_psgc":300000000,"adm2_psgc":330100000,"adm3_psgc":330100000,"adm4_psgc":330100011,"adm4_en":"Lourdes Sur","geo_level":"Bgy","len_crs":2032,"area_crs":213478,"len_km":2,"area_km2":0},"id":330100011},{"arcs":[[48,-46,-24,49]],"type":"Polygon","properties":{"adm1_psgc":300000000,"adm2_psgc":330100000,"adm3_psgc":330100000,"adm4_psgc":330100012,"adm4_en":"Lourdes Sur East","geo_level":"Bgy","len_crs":1918,"area_crs":236120,"len_km":1,"area_km2":0},"id":330100012},{"arcs":[[50,51,-27,52,53,54,-11,-14]],"type":"Polygon","properties":{"adm1_psgc":300000000,"adm2_psgc":330100000,"adm3_psgc":330100000,"adm4_psgc":330100013,"adm4_en":"Malabañas","geo_level":"Bgy","len_crs":10159,"area_crs":2409910,"len_km":10,"area_km2":2},"id":330100013},{"arcs":[[-9,-30,55,-15]],"type":"Polygon","properties":{"adm1_psgc":300000000,"adm2_psgc":330100000,"adm3_psgc":330100000,"adm4_psgc":330100014,"adm4_en":"Margot","geo_level":"Bgy","len_crs":8075,"area_crs":2802442,"len_km":8,"area_km2":2},"id":330100014},{"arcs":[[-19,56,57,58,59,60,61]],"type":"Polygon","properties":{"adm1_psgc":300000000,"adm2_psgc":330100000,"adm3_psgc":330100000,"adm4_psgc":330100015,"adm4_en":"Mining","geo_level":"Bgy","len_crs":7236,"area_crs":1830106,"len_km":7,"area_km2":1},"id":330100015},{"arcs":[[-54,62,-44,63,-38,64,-31,-7,65]],"type":"Polygon","properties":{"adm1_psgc":300000000,"adm2_psgc":330100000,"adm3_psgc":330100000,"adm4_psgc":330100017,"adm4_en":"Pampang","geo_level":"Bgy","len_crs":10712,"area_crs":3400718,"len_km":10,"area_km2":3},"id":330100017},{"arcs":[[66,-61,67,68,69]],"type":"Polygon","properties":{"adm1_psgc":300000000,"adm2_psgc":330100000,"adm3_psgc":330100000,"adm4_psgc":330100018,"adm4_en":"Pandan","geo_level":"Bgy","len_crs":5677,"area_crs":1548838,"len_km":5,"area_km2":1},"id":330100018},{"arcs":[[70,71,-21,72,-70,73,-12,74]],"type":"Polygon","properties":{"adm1_psgc":300000000,"adm2_psgc":330100000,"adm3_psgc":330100000,"adm4_psgc":330100019,"adm4_en":"Pulung Maragul","geo_level":"Bgy","len_crs":9808,"area_crs":3063251,"len_km":9,"area_km2":3},"id":330100019},{"arcs":[[-58,75,76,77,78,79]],"type":"Polygon","properties":{"adm1_psgc":300000000,"adm2_psgc":330100000,"adm3_psgc":330100000,"adm4_psgc":330100020,"adm4_en":"Pulungbulu","geo_level":"Bgy","len_crs":6546,"area_crs":1638452,"len_km":6,"area_km2":1},"id":330100020},{"arcs":[[-40,80,-71,81]],"type":"Polygon","properties":{"adm1_psgc":300000000,"adm2_psgc":330100000,"adm3_psgc":330100000,"adm4_psgc":330100021,"adm4_en":"Pulung Cacutud","geo_level":"Bgy","len_crs":6843,"area_crs":1863515,"len_km":6,"area_km2":1},"id":330100021},{"arcs":[[-60,82,-50,-23,83,-68]],"type":"Polygon","properties":{"adm1_psgc":300000000,"adm2_psgc":330100000,"adm3_psgc":330100000,"adm4_psgc":330100022,"adm4_en":"Salapungan","geo_level":"Bgy","len_crs":2297,"area_crs":274764,"len_km":2,"area_km2":0},"id":330100022},{"arcs":[[84,85,-78]],"type":"Polygon","properties":{"adm1_psgc":300000000,"adm2_psgc":330100000,"adm3_psgc":330100000,"adm4_psgc":330100023,"adm4_en":"San Jose","geo_level":"Bgy","len_crs":3403,"area_crs":515917,"len_km":3,"area_km2":0},"id":330100023},{"arcs":[[-48,86,87,-42,-2]],"type":"Polygon","properties":{"adm1_psgc":300000000,"adm2_psgc":330100000,"adm3_psgc":330100000,"adm4_psgc":330100024,"adm4_en":"San Nicolas","geo_level":"Bgy","len_crs":1818,"area_crs":165020,