{"type":"Topology","arcs":[[[601,278],[152,-104]],[[753,174],[-31,-81]],[[722,93],[-150,26]],[[572,119],[-4,107]],[[568,226],[7,48]],[[575,274],[6,11]],[[581,285],[20,-7]],[[550,123],[-78,15]],[[472,138],[12,30]],[[484,168],[51,69]],[[535,237],[15,-114]],[[553,257],[-1,-11]],[[552,246],[16,-20]],[[572,119],[-22,4]],[[535,237],[3,7]],[[538,244],[6,10]],[[544,254],[9,3]],[[553,257],[-1,10]],[[552,267],[4,5]],[[556,272],[8,3]],[[564,275],[7,-10]],[[571,265],[-9,-9]],[[562,256],[-9,1]],[[564,275],[-4,12]],[[560,287],[17,4]],[[577,291],[4,-6]],[[575,274],[-11,1]],[[536,253],[8,1]],[[538,244],[-2,9]],[[562,256],[-10,-10]],[[536,253],[-8,0]],[[528,253],[1,6]],[[529,259],[3,4]],[[532,263],[4,-10]],[[544,254],[0,10]],[[544,264],[8,3]],[[544,264],[-12,-1]],[[532,263],[11,12]],[[543,275],[1,-11]],[[575,274],[-4,-9]],[[556,272],[-11,5]],[[545,277],[11,12]],[[556,289],[4,-2]],[[484,168],[13,40]],[[497,208],[31,45]],[[543,275],[2,2]],[[566,316],[-10,-27]],[[529,259],[-55,42]],[[474,301],[92,15]],[[497,208],[-11,2]],[[486,210],[-30,85]],[[456,295],[18,6]],[[472,138],[-27,6]],[[445,144],[41,66]],[[601,278],[-4,12]],[[597,290],[16,-2]],[[613,288],[-12,-10]],[[632,294],[-26,4]],[[606,298],[25,25]],[[631,323],[25,27]],[[656,350],[19,-6]],[[675,344],[-43,-50]],[[632,294],[-19,-6]],[[597,290],[4,9]],[[601,299],[5,-1]],[[796,257],[-43,-83]],[[675,344],[121,-87]],[[648,355],[8,-5]],[[631,323],[-16,8]],[[615,331],[33,24]],[[601,299],[14,32]],[[665,424],[-17,-69]],[[577,291],[-11,25]],[[566,316],[99,108]],[[916,845],[-174,-300]],[[742,545],[-221,114]],[[521,659],[395,186]],[[445,144],[-162,-22]],[[283,122],[-25,204]],[[258,326],[198,-31]],[[283,122],[-250,-122]],[[33,0],[-33,177]],[[0,177],[258,149]],[[1004,222],[-282,-129]],[[796,257],[208,-35]],[[742,545],[-77,-121]],[[258,326],[263,333]],[[981,473],[-239,72]],[[916,845],[65,-372]],[[33,0],[-33,177]],[[981,473],[23,-251]]],"transform":{"scale":[0.000071355107569696,0.00006615933846151497],"translate":[122.42498435900008,10.761994400000049]},"objects":{"bgysubmuns-municity-603041000":{"type":"GeometryCollection","geometries":[{"arcs":[[0,1,2,3,4,5,6]],"type":"Polygon","properties":{"adm1_psgc":600000000,"adm2_psgc":603000000,"adm3_psgc":603041000,"adm4_psgc":603041001,"adm4_en":"Bgy. 1 Pob.","geo_level":"Bgy","len_crs":4963,"area_crs":1263058,"len_km":4,"area_km2":1},"id":603041001},{"arcs":[[7,8,9,10]],"type":"Polygon","properties":{"adm1_psgc":600000000,"adm2_psgc":603000000,"adm3_psgc":603041000,"adm4_psgc":603041002,"adm4_en":"Bgy. 10","geo_level":"Bgy","len_crs":2539,"area_crs":197430,"len_km":2,"area_km2":0},"id":603041002},{"arcs":[[[11,12,-4,13,-11,14,15,16]],[[17,18,19,20,21,22]],[[23,24,25,-6,26]]],"type":"MultiPolygon","properties":{"adm1_psgc":600000000,"adm2_psgc":603000000,"adm3_psgc":603041000,"adm4_psgc":603041003,"adm4_en":"Bgy. 11 Pob.","geo_level":"Bgy","len_crs":3675,"area_crs":344115,"len_km":3,"area_km2":0},"id":603041003},{"arcs":[[[27,-16,28]],[[-23,29,-12]],[[30,31,32,33]],[[-17,34,35,-18]],[[36,37,38]],[[-27,39,-21]],[[-20,40,41,42,-24]]],"type":"MultiPolygon","properties":{"adm1_psgc":600000000,"adm2_psgc":603000000,"adm3_psgc":603041000,"adm4_psgc":603041004,"adm4_en":"Bgy. 12 Pob.","geo_level":"Bgy","len_crs":2173,"area_crs":32351,"len_km":2,"area_km2":0},"id":603041004},{"arcs":[[[-29,-15,-10,43,44,-31]],[[-34,-37,-35,-28]],[[-39,45,-41,-19,-36]]],"type":"MultiPolygon","properties":{"adm1_psgc":600000000,"adm2_psgc":603000000,"adm3_psgc":603041000,"adm4_psgc":603041005,"adm4_en":"Bgy. 13 Pob.","geo_level":"Bgy","len_crs":2316,"area_crs":111683,"len_km":2,"area_km2":0},"id":603041005},{"arcs":[[46,-42,-46,-38,-33,47,48]],"type":"Polygon","properties":{"adm1_psgc":600000000,"adm2_psgc":603000000,"adm3_psgc":603041000,"adm4_psgc":603041006,"adm4_en":"Bgy. 14 Pob.","geo_level":"Bgy","len_crs":2139,"area_crs":248330,"len_km":2,"area_km2":0},"id":603041006},{"arcs":[[-32,-45,49,50,51,-48]],"type":"Polygon","properties":{"adm1_psgc":600000000,"adm2_psgc":603000000,"adm3_psgc":603041000,"adm4_psgc":603041007,"adm4_en":"Bgy. 15 Pob.","geo_level":"Bgy","len_crs":2140,"area_crs":251691,"len_km":2,"area_km2":0},"id":603041007},{"arcs":[[-50,-44,-9,52,53]],"type":"Polygon","properties":{"adm1_psgc":600000000,"adm2_psgc":603000000,"adm3_psgc":603041000,"adm4_psgc":603041008,"adm4_en":"Bgy. 16 Pob.","geo_level":"Bgy","len_crs":1595,"area_crs":123522,"len_km":1,"area_km2":0},"id":603041008},{"arcs":[[[54,55,56]],[[57,58,59,60,61]]],"type":"MultiPolygon","properties":{"adm1_psgc":600000000,"adm2_psgc":603000000,"adm3_psgc":603041000,"adm4_psgc":603041009,"adm4_en":"Bgy. 2 Pob.","geo_level":"Bgy","len_crs":1880,"area_crs":68062,"len_km":1,"area_km2":0},"id":603041009},{"arcs":[[-58,62,-56,63,64]],"type":"Polygon","properties":{"adm1_psgc":600000000,"adm2_psgc":603000000,"adm3_psgc":603041000,"adm4_psgc":603041010,"adm4_en":"Bgy. 3 Pob.","geo_level":"Bgy","len_crs":1207,"area_crs":40456,"len_km":1,"area_km2":0},"id":603041010},{"arcs":[[65,-1,-57,-63,-62,66]],"type":"Polygon","properties":{"adm1_psgc":600000000,"adm2_psgc":603000000,"adm3_psgc":603041000,"adm4_psgc":603041011,"adm4_en":"Bgy. 4 Pob.","geo_level":"Bgy","len_crs":4738,"area_crs":849058,"len_km":4,"area_km2":0},"id":603041011},{"arcs":[[67,-60,68,69]],"type":"Polygon","properties":{"adm1_psgc":600000000,"adm2_psgc":603000000,"adm3_psgc":603041000,"adm4_psgc":603041012,"adm4_en":"Bgy. 5 Pob.","geo_level":"Bgy","len_crs":862,"area_crs":47204,"len_km":0,"area_km2":0},"id":603041012},{"arcs":[[-59,-65,70,-69]],"type":"Polygon","properties":{"adm1_psgc":600000000,"adm2_psgc":603000000,"adm3_psgc":603041000,"adm4_psgc":603041013,"adm4_en":"Bgy. 6 Pob.","geo_level":"Bgy","len_crs":794,"area_crs":31043,"len_km":0,"area_km2":0},"id":603041013},{"arcs":[[-13,-30,-22,-40,-5]],"type":"Polygon","properties":{"adm1_psgc":600000000,"adm2_psgc":603000000,"adm3_psgc":603041000,"adm4_psgc":603041014,"adm4_en":"Bgy. 7 Pob.","geo_level":"Bgy","len_crs":985,"area_crs":43448,"len_km":0,"area_km2":0},"id":603041014},{"arcs":[[71,-70,-71,-64,-55,-7,-26,72,73]],"type":"Polygon","properties":{"adm1_psgc":600000000,"adm2_psgc":603000000,"adm3_psgc":603041000,"adm4_psgc":603041015,"adm4_en":"Bgy. 8 Pob.","geo_level":"Bgy","len_crs":3677,"area_crs":332962,"len_km":3,"area_km2":0},"id":603041015},{"arcs":[[-25,-43,-47,-73]],"type":"Polygon","properties":{"adm1_psgc":600000000,"adm2_psgc":603000000,"adm3_psgc":603041000,"adm4_psgc":603041016,"adm4_en":"Bgy. 9 Pob.","geo_level":"Bgy","len_crs":1055,"area_crs":57827,"len_km":1,"area_km2":0},"id":603041016},{"arcs":[[74,75,76]],"type":"Polygon","properties":{"adm1_psgc":600000000,"adm2_psgc":603000000,"adm3_psgc":603041000,"adm4_psgc":603041017,"adm4_en":"Consolacion","geo_level":"Bgy","len_crs":8932,"area_crs":3829784,"len_km":8,"area_km2":3},"id":603041017},{"arcs":[[-51,-54,77,78,79]],"type":"Polygon","properties":{"adm1_psgc":600000000,"adm2_psgc":603000000,"adm3_psgc":603041000,"adm4_psgc":603041018,"adm4_en":"Igtambo","geo_level":"Bgy","len_crs":6623,"area_crs":1499367,"len_km":6,"area_km2":1},"id":603041018},{"arcs":[[80,81,82,-79]],"type":"Polygon","properties":{"adm1_psgc":600000000,"adm2_psgc":603000000,"adm3_psgc":603041000,"adm4_psgc":603041019,"adm4_en":"San Antonio","geo_level":"Bgy","len_crs":7449,"area_crs":2696911,"len_km":7,"area_km2":2},"id":603041019},{"arcs":[[83,-2,-66,84]],"type":"Polygon","properties":{"adm1_psgc":600000000,"adm2_psgc":603000000,"adm3_psgc":603041000,"adm4_psgc":603041020,"adm4_en":"San Jose","geo_level":"Bgy","len_crs":9823,"area_crs":6085094,"len_km":9,"area_km2":6},"id":603041020},{"arcs":[[85,-74,-49,-52,-80,86,-76]],"type":"Polygon","properties":{"adm1_psgc":600000000,"adm2_psgc":603000000,"adm3_psgc":603041000,"adm4_psgc":603041021,"adm4_en":"Santa Cruz","geo_level":"Bgy","len_crs":11318,"area_crs":5647806,"len_km":11,"area_km2":5},"id":603041021},{"arcs":[[87,-75,88]],"type":"Polygon","properties":{"adm1_psgc":600000000,"adm2_psgc":603000000,"adm3_psgc":603041000,