{"type":"Topology","arcs":[[[522,280],[113,21]],[[635,301],[5,-21]],[[640,280],[-58,-35]],[[582,245],[-110,6]],[[472,251],[-13,-5]],[[459,246],[-1,35]],[[458,281],[1,28]],[[459,309],[63,-29]],[[473,170],[-7,-57]],[[466,113],[-126,-107]],[[340,6],[-32,104]],[[308,110],[1,69]],[[309,179],[23,3]],[[332,182],[141,-12]],[[127,406],[-37,-56]],[[90,350],[-90,45]],[[0,395],[100,154]],[[100,549],[27,-143]],[[582,245],[-109,-75]],[[473,170],[-1,81]],[[218,166],[37,-55]],[[255,111],[-12,-13]],[[243,98],[-139,45]],[[104,143],[-2,22]],[[102,165],[116,1]],[[329,539],[-75,-60]],[[254,479],[-27,89]],[[227,568],[91,17]],[[318,585],[11,-46]],[[399,477],[-19,-36]],[[380,441],[-42,-11]],[[338,430],[-103,-50]],[[235,380],[-32,35]],[[203,415],[51,64]],[[329,539],[70,-62]],[[522,280],[7,140]],[[529,420],[61,14]],[[590,434],[45,-133]],[[455,376],[4,-67]],[[459,309],[-36,0]],[[423,309],[-69,20]],[[354,329],[-2,23]],[[352,352],[54,38]],[[406,390],[49,-14]],[[191,259],[27,-93]],[[102,165],[-7,118]],[[95,283],[96,-24]],[[340,6],[-116,-6]],[[224,0],[19,98]],[[255,111],[53,-1]],[[154,411],[0,-7]],[[154,404],[-27,2]],[[100,549],[68,24]],[[168,573],[-14,-162]],[[104,143],[-67,26]],[[37,169],[-28,75]],[[9,244],[86,39]],[[513,423],[16,-3]],[[455,376],[58,47]],[[458,498],[-59,-21]],[[318,585],[84,31]],[[402,616],[56,-118]],[[203,415],[-49,-4]],[[168,573],[59,-5]],[[104,143],[33,-133]],[[137,10],[-100,159]],[[218,166],[91,13]],[[154,404],[37,-145]],[[95,283],[-5,67]],[[235,380],[97,-49]],[[332,331],[5,-44]],[[337,287],[-146,-28]],[[406,390],[-26,51]],[[458,498],[47,16]],[[505,514],[8,-91]],[[224,0],[-87,10]],[[352,352],[-14,78]],[[354,329],[-22,2]],[[423,309],[-1,-29]],[[422,280],[-85,-14]],[[337,266],[0,21]],[[422,280],[1,-27]],[[423,253],[-85,-5]],[[338,248],[-1,18]],[[458,281],[-36,-1]],[[459,246],[-36,7]],[[640,280],[30,-166],[-204,-1]],[[551,550],[-46,-36]],[[402,616],[149,-66]],[[332,182],[6,66]],[[551,550],[39,-116]],[[9,244],[-9,151]]],"transform":{"scale":[0.00014272631940304647,0.00012541195779222817],"translate":[120.48379141700002,16.074742397000023]},"objects":{"bgysubmuns-municity-105530000":{"type":"GeometryCollection","geometries":[{"arcs":[[0,1,2,3,4,5,6,7]],"type":"Polygon","properties":{"adm1_psgc":100000000,"adm2_psgc":105500000,"adm3_psgc":105530000,"adm4_psgc":105530001,"adm4_en":"Alipangpang","geo_level":"Bgy","len_crs":7016,"area_crs":1495720,"len_km":7,"area_km2":1},"id":105530001},{"arcs":[[8,9,10,11,12,13]],"type":"Polygon","properties":{"adm1_psgc":100000000,"adm2_psgc":105500000,"adm3_psgc":105530000,"adm4_psgc":105530002,"adm4_en":"Amagbagan","geo_level":"Bgy","len_crs":9301,"area_crs":4585893,"len_km":9,"area_km2":4},"id":105530002},{"arcs":[[14,15,16,17]],"type":"Polygon","properties":{"adm1_psgc":100000000,"adm2_psgc":105500000,"adm3_psgc":105530000,"adm4_psgc":105530003,"adm4_en":"Balacag","geo_level":"Bgy","len_crs":8223,"area_crs":3295684,"len_km":8,"area_km2":3},"id":105530003},{"arcs":[[18,19,-4]],"type":"Polygon","properties":{"adm1_psgc":100000000,"adm2_psgc":105500000,"adm3_psgc":105530000,"adm4_psgc":105530004,"adm4_en":"Banding","geo_level":"Bgy","len_crs":5022,"area_crs":1350682,"len_km":5,"area_km2":1},"id":105530004},{"arcs":[[20,21,22,23,24]],"type":"Polygon","properties":{"adm1_psgc":100000000,"adm2_psgc":105500000,"adm3_psgc":105530000,"adm4_psgc":105530006,"adm4_en":"Bantugan","geo_level":"Bgy","len_crs":5783,"area_crs":1647241,"len_km":5,"area_km2":1},"id":105530006},{"arcs":[[25,26,27,28]],"type":"Polygon","properties":{"adm1_psgc":100000000,"adm2_psgc":105500000,"adm3_psgc":105530000,"adm4_psgc":105530007,"adm4_en":"Batakil","geo_level":"Bgy","len_crs":5894,"area_crs":1379820,"len_km":5,"area_km2":1},"id":105530007},{"arcs":[[29,30,31,32,33,-26,34]],"type":"Polygon","properties":{"adm1_psgc":100000000,"adm2_psgc":105500000,"adm3_psgc":105530000,"adm4_psgc":105530008,"adm4_en":"Bobonan","geo_level":"Bgy","len_crs":9516,"area_crs":2576291,"len_km":9,"area_km2":2},"id":105530008},{"arcs":[[-1,35,36,37]],"type":"Polygon","properties":{"adm1_psgc":100000000,"adm2_psgc":105500000,"adm3_psgc":105530000,"adm4_psgc":105530009,"adm4_en":"Buneg","geo_level":"Bgy","len_crs":7051,"area_crs":2797600,"len_km":7,"area_km2":2},"id":105530009},{"arcs":[[38,39,40,41,42,43]],"type":"Polygon","properties":{"adm1_psgc":100000000,"adm2_psgc":105500000,"adm3_psgc":105530000,"adm4_psgc":105530010,"adm4_en":"Cablong","geo_level":"Bgy","len_crs":4743,"area_crs":1319010,"len_km":4,"area_km2":1},"id":105530010},{"arcs":[[44,-25,45,46]],"type":"Polygon","properties":{"adm1_psgc":100000000,"adm2_psgc":105500000,"adm3_psgc":105530000,"adm4_psgc":105530011,"adm4_en":"Castaño","geo_level":"Bgy","len_crs":6652,"area_crs":1878455,"len_km":6,"area_km2":1},"id":105530011},{"arcs":[[-11,47,48,-22,49]],"type":"Polygon","properties":{"adm1_psgc":100000000,"adm2_psgc":105500000,"adm3_psgc":105530000,"adm4_psgc":105530012,"adm4_en":"Dilan","geo_level":"Bgy","len_crs":5978,"area_crs":1932062,"len_km":5,"area_km2":1},"id":105530012},{"arcs":[[50,51,-18,52,53]],"type":"Polygon","properties":{"adm1_psgc":100000000,"adm2_psgc":105500000,"adm3_psgc":105530000,"adm4_psgc":105530013,"adm4_en":"Don Benito","geo_level":"Bgy","len_crs":6299,"area_crs":2447881,"len_km":6,"area_km2":2},"id":105530013},{"arcs":[[-24,54,55,56,-46]],"type":"Polygon","properties":{"adm1_psgc":100000000,"adm2_psgc":105500000,"adm3_psgc":105530000,"adm4_psgc":105530014,"adm4_en":"Haway","geo_level":"Bgy","len_crs":5635,"area_crs":1643206,"len_km":5,"area_km2":1},"id":105530014},{"arcs":[[57,-36,-8,-39,58]],"type":"Polygon","properties":{"adm1_psgc":100000000,"adm2_psgc":105500000,"adm3_psgc":105530000,"adm4_psgc":105530015,"adm4_en":"Imbalbalatong","geo_level":"Bgy","len_crs":5913,"area_crs":1905307,"len_km":5,"area_km2":1},"id":105530015},{"arcs":[[59,-35,-29,60,61]],"type":"Polygon","properties":{"adm1_psgc":100000000,"adm2_psgc":105500000,"adm3_psgc":105530000,"adm4_psgc":105530016,"adm4_en":"Inoman","geo_level":"Bgy","len_crs":6466,"area_crs":2705012,"len_km":6,"area_km2":2},"id":105530016},{"arcs":[[-27,-34,62,-54,63]],"type":"Polygon","properties":{"adm1_psgc":100000000,"adm2_psgc":105500000,"adm3_psgc":105530000,"adm4_psgc":105530017,"adm4_en":"Laoac","geo_level":"Bgy","len_crs":6757,"area_crs":2108156,"len_km":6,"area_km2":2},"id":105530017},{"arcs":[[64,65,-55]],"type":"Polygon","properties":{"adm1_psgc":100000000,"adm2_psgc":105500000,"adm3_psgc":105530000,"adm4_psgc":105530018,"adm4_en":"Maambal","geo_level":"Bgy","len_crs":7152,"area_crs":2443573,"len_km":7,"area_km2":2},"id":105530018},{"arcs":[[-50,-21,66,-12]],"type":"Polygon","properties":{"adm1_psgc":100000000,"adm2_psgc":105500000,"adm3_psgc":105530000,"adm4_psgc":105530019,"adm4_en":"Malasin","geo_level":"Bgy","len_crs":4261,"area_crs":1015394,"len_km":4,"area_km2":1},"id":105530019},{"arcs":[[67,-47,68,-15,-52]],"type":"Polygon","properties":{"adm1_psgc":100000000,"adm2_psgc":105500000,"adm3_psgc":105530000,"adm4_psgc":105530020,"adm4_en":"Malokiat","geo_level":"Bgy","len_crs":6188,"area_crs":1987693,"len_km":6,"area_km2":1},"id":105530020},{"arcs":[[69,70,71,-68,-51,-63,-33]],"type":"Polygon","properties":{"adm1_psgc":100000000,"adm2_psgc":105500000,"adm3_psgc":105530000,"adm4_psgc":105530021,"adm4_en":"Manaol","geo_level":"Bgy","len_crs":8534,"area_crs":3672723,"len_km":8,"area_km2":3},"id":105530021},{"arcs":[[-59,-44,72,-30,-60,73,74]],"type":"Polygon","properties":{"adm1_psgc":100000000,"adm2_psgc":105500000,"adm3_psgc":105530000,"adm4_psgc":105530022,"adm4_en":"Nama","geo_level":"Bgy","len_crs":6729,"area_crs":2442082,"len_km":6,"area_km2":2},"id":105530022},{"arcs":[[-49,75,-65,-23]],"type":"Polygon","properties":{"adm1_psgc":100000000,"adm2_psgc":105500000,"adm3_psgc":105530000,"adm4_psgc":105530023,"adm4_en":"Nantangalan","geo_level":"Bgy","len_crs":7401,"area_crs":2658060,"len_km":7,"area_km2":2},"id":105530023},{"arcs":[[-43,76,-31,-73]],"type":"Polygon","properties":{"adm1_psgc":100000000,"adm2_psgc":105500000,