{"type":"Topology","arcs":[[[373,458],[62,-141],[-42,-53]],[[393,264],[-84,92]],[[309,356],[8,94]],[[317,450],[56,8]],[[125,258],[97,-103]],[[222,155],[-41,-39]],[[181,116],[-137,48]],[[44,164],[-34,-10]],[[10,154],[61,137]],[[71,291],[54,-33]],[[138,60],[-122,-60],[-6,154]],[[44,164],[94,-104]],[[236,358],[-10,-70]],[[226,288],[-101,-30]],[[71,291],[-25,106]],[[46,397],[66,-37],[62,42]],[[174,402],[62,-44]],[[282,642],[-78,-28]],[[204,614],[-42,14]],[[162,628],[-16,48]],[[146,676],[140,46]],[[286,722],[-4,-80]],[[326,622],[41,-17]],[[367,605],[-33,-58]],[[334,547],[-42,-16]],[[292,531],[-36,1]],[[256,532],[-52,82]],[[282,642],[44,-20]],[[181,116],[3,-37]],[[184,79],[-46,-19]],[[393,264],[-11,-97],[-82,-11],[-116,-77]],[[222,155],[4,133]],[[236,358],[73,-2]],[[418,608],[53,-18]],[[471,590],[-3,-22]],[[468,568],[-75,-74]],[[393,494],[-57,26]],[[336,520],[-2,27]],[[367,605],[51,3]],[[256,532],[-18,-35]],[[238,497],[-5,-18]],[[233,479],[-166,-27]],[[67,452],[24,91]],[[91,543],[71,85]],[[536,652],[-65,-62]],[[418,608],[-51,123]],[[367,731],[169,-79]],[[286,722],[55,3]],[[341,725],[-15,-103]],[[91,543],[-91,87],[146,46]],[[536,652],[-68,-84]],[[308,487],[-11,-23]],[[297,464],[-34,-30]],[[263,434],[-1,51]],[[262,485],[27,8]],[[289,493],[19,-6]],[[341,725],[26,6]],[[233,479],[-7,-33]],[[226,446],[-52,-44]],[[46,397],[21,55]],[[226,446],[37,-12]],[[297,464],[20,-14]],[[393,494],[-20,-36]],[[308,487],[28,33]],[[289,493],[3,38]],[[238,497],[24,-12]]],"transform":{"scale":[0.00024305247947757605,0.0002627888207935079],"translate":[125.73868123000013,7.324189626000019]},"objects":{"bgysubmuns-municity-1102319000":{"type":"GeometryCollection","geometries":[{"arcs":[[0,1,2,3]],"type":"Polygon","properties":{"adm1_psgc":1100000000,"adm2_psgc":1102300000,"adm3_psgc":1102319000,"adm4_psgc":1102319001,"adm4_en":"Apokon","geo_level":"Bgy","len_crs":19630,"area_crs":7772743,"len_km":19,"area_km2":7},"id":1102319001},{"arcs":[[4,5,6,7,8,9]],"type":"Polygon","properties":{"adm1_psgc":1100000000,"adm2_psgc":1102300000,"adm3_psgc":1102319000,"adm4_psgc":1102319003,"adm4_en":"Bincungan","geo_level":"Bgy","len_crs":25183,"area_crs":11666830,"len_km":25,"area_km2":11},"id":1102319003},{"arcs":[[10,-8,11]],"type":"Polygon","properties":{"adm1_psgc":1100000000,"adm2_psgc":1102300000,"adm3_psgc":1102319000,"adm4_psgc":1102319004,"adm4_en":"Busaon","geo_level":"Bgy","len_crs":22475,"area_crs":11488522,"len_km":22,"area_km2":11},"id":1102319004},{"arcs":[[12,13,-10,14,15,16]],"type":"Polygon","properties":{"adm1_psgc":1100000000,"adm2_psgc":1102300000,"adm3_psgc":1102319000,"adm4_psgc":1102319005,"adm4_en":"Canocotan","geo_level":"Bgy","len_crs":19891,"area_crs":11505798,"len_km":19,"area_km2":11},"id":1102319005},{"arcs":[[17,18,19,20,21]],"type":"Polygon","properties":{"adm1_psgc":1100000000,"adm2_psgc":1102300000,"adm3_psgc":1102319000,"adm4_psgc":1102319006,"adm4_en":"Cuambogan","geo_level":"Bgy","len_crs":12421,"area_crs":8796337,"len_km":12,"area_km2":8},"id":1102319006},{"arcs":[[22,23,24,25,26,-18,27]],"type":"Polygon","properties":{"adm1_psgc":1100000000,"adm2_psgc":1102300000,"adm3_psgc":1102319000,"adm4_psgc":1102319007,"adm4_en":"La Filipina","geo_level":"Bgy","len_crs":14574,"area_crs":8578269,"len_km":14,"area_km2":8},"id":1102319007},{"arcs":[[28,29,-12,-7]],"type":"Polygon","properties":{"adm1_psgc":1100000000,"adm2_psgc":1102300000,"adm3_psgc":1102319000,"adm4_psgc":1102319008,"adm4_en":"Liboganon","geo_level":"Bgy","len_crs":17985,"area_crs":5210484,"len_km":17,"area_km2":5},"id":1102319008},{"arcs":[[-2,30,-29,-6,31,-13,32]],"type":"Polygon","properties":{"adm1_psgc":1100000000,"adm2_psgc":1102300000,"adm3_psgc":1102319000,"adm4_psgc":1102319009,"adm4_en":"Madaum","geo_level":"Bgy","len_crs":32398,"area_crs":29711430,"len_km":32,"area_km2":29},"id":1102319009},{"arcs":[[33,34,35,36,37,-24,38]],"type":"Polygon","properties":{"adm1_psgc":1100000000,"adm2_psgc":1102300000,"adm3_psgc":1102319000,"adm4_psgc":1102319010,"adm4_en":"Magdum","geo_level":"Bgy","len_crs":14168,"area_crs":7390862,"len_km":14,"area_km2":7},"id":1102319010},{"arcs":[[-27,39,40,41,42,43,-19]],"type":"Polygon","properties":{"adm1_psgc":1100000000,"adm2_psgc":1102300000,"adm3_psgc":1102319000,"adm4_psgc":1102319011,"adm4_en":"Mankilam","geo_level":"Bgy","len_crs":20527,"area_crs":15144855,"len_km":20,"area_km2":15},"id":1102319011},{"arcs":[[44,-34,45,46]],"type":"Polygon","properties":{"adm1_psgc":1100000000,"adm2_psgc":1102300000,"adm3_psgc":1102319000,"adm4_psgc":1102319012,"adm4_en":"New Balamban","geo_level":"Bgy","len_crs":16855,"area_crs":8429274,"len_km":16,"area_km2":8},"id":1102319012},{"arcs":[[-28,-22,47,48]],"type":"Polygon","properties":{"adm1_psgc":1100000000,"adm2_psgc":1102300000,"adm3_psgc":1102319000,"adm4_psgc":1102319013,"adm4_en":"Nueva Fuerza","geo_level":"Bgy","len_crs":10316,"area_crs":4524904,"len_km":10,"area_km2":4},"id":1102319013},{"arcs":[[-44,49,-20]],"type":"Polygon","properties":{"adm1_psgc":1100000000,"adm2_psgc":1102300000,"adm3_psgc":1102319000,"adm4_psgc":1102319014,"adm4_en":"Pagsabangan","geo_level":"Bgy","len_crs":14182,"area_crs":9841011,"len_km":14,"area_km2":9},"id":1102319014},{"arcs":[[50,-35,-45]],"type":"Polygon","properties":{"adm1_psgc":1100000000,"adm2_psgc":1102300000,"adm3_psgc":1102319000,"adm4_psgc":1102319015,"adm4_en":"Pandapan","geo_level":"Bgy","len_crs":11965,"area_crs":5390566,"len_km":11,"area_km2":5},"id":1102319015},{"arcs":[[51,52,53,54,55]],"type":"Polygon","properties":{"adm1_psgc":1100000000,"adm2_psgc":1102300000,"adm3_psgc":1102319000,"adm4_psgc":1102319016,"adm4_en":"Magugpo Poblacion","geo_level":"Bgy","len_crs":5201,"area_crs":958803,"len_km":5,"area_km2":0},"id":1102319016},{"arcs":[[-39,-23,-49,56,-46]],"type":"Polygon","properties":{"adm1_psgc":1100000000,"adm2_psgc":1102300000,"adm3_psgc":1102319000,"adm4_psgc":1102319018,"adm4_en":"San Agustin","geo_level":"Bgy","len_crs":12662,"area_crs":4175491,"len_km":12,"area_km2":4},"id":1102319018},{"arcs":[[-32,-5,-14]],"type":"Polygon","properties":{"adm1_psgc":1100000000,"adm2_psgc":1102300000,"adm3_psgc":1102319000,"adm4_psgc":1102319019,"adm4_en":"San Isidro","geo_level":"Bgy","len_crs":15257,"area_crs":7996193,"len_km":15,"area_km2":7},"id":1102319019},{"arcs":[[57,58,-16,59,-42]],"type":"Polygon","properties":{"adm1_psgc":1100000000,"adm2_psgc":1102300000,"adm3_psgc":1102319000,"adm4_psgc":1102319020,"adm4_en":"San Miguel","geo_level":"Bgy","len_crs":15154,"area_crs":10265182,"len_km":15,"area_km2":10},"id":1102319020},{"arcs":[[-3,-33,-17,-59,60,-53,61]],"type":"Polygon","properties":{"adm1_psgc":1100000000,"adm2_psgc":1102300000,"adm3_psgc":1102319000,"adm4_psgc":1102319022,"adm4_en":"Visayan Village","geo_level":"Bgy","len_crs":13424,"area_crs":8156475,"len_km":13,"area_km2":8},"id":1102319022},{"arcs":[[62,-4,-62,-52,63,-37]],"type":"Polygon","properties":{"adm1_psgc":1100000000,"adm2_psgc":1102300000,"adm3_psgc":1102319000,"adm4_psgc":1102319023,"adm4_en":"Magugpo East","geo_level":"Bgy","len_crs":7825,"area_crs":2990475,"len_km":7,"area_km2":2},"id":1102319023},{"arcs":[[-64,-56,64,-25,-38]],"type":"Polygon","properties":{"adm1_psgc":1100000000,"adm2_psgc":1102300000,"adm3_psgc":1102319000,"adm4_psgc":1102319024,"adm4_en":"Magugpo North","geo_level":"Bgy","len_crs":5475,"area_crs":1191703,"len_km":5,"area_km2":1},"id":1102319024},{"arcs":[[65,-54,-61,-58,-41]],"type":"Polygon","properties":{"adm1_psgc":1100000000,"adm2_psgc":1102300000,"adm3_psgc":1102319000,"adm4_psgc":1102319025,"adm4_en":"Magugpo South","geo_level":"Bgy","len_crs":5524,"area_crs":1387172,"len_km":5,"area_km2":1},"id":1102319025},{"arcs":[[-65,-55,-66,-40,-26]],"type":"Polygon","properties":{"adm1_psgc":1100000000,"adm2_psgc":1102300000,"adm3_psgc":1102319000,"adm4_psgc":1102319026,"adm4_en":"Magugpo West","geo_level":"Bgy","len_crs":5199,"area_crs":1763786,"len_km":5,"area_km2":1},"id":1102319026}]}}}