{"type":"Topology","arcs":[[[390,638],[-12,-36]],[[378,602],[-56,-34],[-23,-45]],[[299,523],[-58,68]],[[241,591],[108,87]],[[349,678],[41,-40]],[[349,678],[32,28],[-50,46]],[[331,752],[38,29],[61,-75],[-40,-68]],[[241,591],[-53,26],[0,66],[-68,60]],[[120,743],[42,30]],[[162,773],[56,-26],[26,-50],[55,11],[32,44]],[[554,108],[-131,72]],[[423,180],[-3,29]],[[420,209],[-7,27]],[[413,236],[97,19]],[[510,255],[51,-46],[-7,-101]],[[299,523],[58,-95]],[[357,428],[-232,-47]],[[125,381],[-19,45],[13,80],[43,42]],[[162,548],[79,43]],[[200,164],[-46,-51]],[[154,113],[24,73]],[[178,186],[22,-22]],[[433,10],[-50,116]],[[383,126],[17,17]],[[400,143],[104,-89]],[[504,54],[-71,-44]],[[420,209],[-90,-16],[-41,-87]],[[289,106],[-49,61],[-50,-82],[-36,28]],[[200,164],[18,24]],[[218,188],[187,69]],[[405,257],[8,-21]],[[464,583],[-65,-104]],[[399,479],[-42,-51]],[[378,602],[86,-19]],[[585,387],[-41,14],[-35,-56]],[[509,345],[-152,83]],[[399,479],[90,22]],[[489,501],[54,-45],[42,-69]],[[554,108],[20,-62],[-70,8]],[[400,143],[23,37]],[[613,449],[-39,41]],[[574,490],[133,37]],[[707,527],[-94,-78]],[[433,10],[-27,-10],[-58,82]],[[348,82],[35,44]],[[386,291],[-186,-68]],[[200,223],[-24,32],[-51,126]],[[357,428],[29,-137]],[[509,345],[1,-90]],[[405,257],[-19,34]],[[348,82],[-59,24]],[[162,548],[-45,43],[-66,33],[18,65],[-69,-7]],[[0,682],[120,61]],[[550,517],[-61,-16]],[[464,583],[62,35]],[[526,618],[24,-101]],[[0,682],[50,82],[-7,190],[56,-43],[-32,-32],[40,-93],[55,-13]],[[675,636],[-125,-119]],[[526,618],[62,33],[29,43],[58,-58]],[[195,201],[23,-13]],[[178,186],[17,15]],[[195,201],[5,22]],[[613,449],[-28,-62]],[[550,517],[24,-27]],[[675,636],[-8,-89],[40,-20]]],"transform":{"scale":[0.00010307506930692757,0.0000927213490566116],"translate":[124.82088846500004,11.620314981000034]},"objects":{"bgysubmuns-municity-806023000":{"type":"GeometryCollection","geometries":[{"arcs":[[0,1,2,3,4]],"type":"Polygon","properties":{"adm1_psgc":800000000,"adm2_psgc":806000000,"adm3_psgc":806023000,"adm4_psgc":806023001,"adm4_en":"Alegria","geo_level":"Bgy","len_crs":5409,"area_crs":1212793,"len_km":5,"area_km2":1},"id":806023001},{"arcs":[[-5,5,6]],"type":"Polygon","properties":{"adm1_psgc":800000000,"adm2_psgc":806000000,"adm3_psgc":806023000,"adm4_psgc":806023002,"adm4_en":"Arteche","geo_level":"Bgy","len_crs":5567,"area_crs":815048,"len_km":5,"area_km2":0},"id":806023002},{"arcs":[[-6,-4,7,8,9]],"type":"Polygon","properties":{"adm1_psgc":800000000,"adm2_psgc":806000000,"adm3_psgc":806023000,"adm4_psgc":806023003,"adm4_en":"Bioso","geo_level":"Bgy","len_crs":9343,"area_crs":2285182,"len_km":9,"area_km2":2},"id":806023003},{"arcs":[[10,11,12,13,14]],"type":"Polygon","properties":{"adm1_psgc":800000000,"adm2_psgc":806000000,"adm3_psgc":806023000,"adm4_psgc":806023004,"adm4_en":"Boblaran","geo_level":"Bgy","len_crs":5618,"area_crs":1448747,"len_km":5,"area_km2":1},"id":806023004},{"arcs":[[15,16,17,18,-3]],"type":"Polygon","properties":{"adm1_psgc":800000000,"adm2_psgc":806000000,"adm3_psgc":806023000,"adm4_psgc":806023005,"adm4_en":"Botaera","geo_level":"Bgy","len_crs":11771,"area_crs":3389437,"len_km":11,"area_km2":3},"id":806023005},{"arcs":[[19,20,21]],"type":"Polygon","properties":{"adm1_psgc":800000000,"adm2_psgc":806000000,"adm3_psgc":806023000,"adm4_psgc":806023006,"adm4_en":"Buntay","geo_level":"Bgy","len_crs":3194,"area_crs":277765,"len_km":3,"area_km2":0},"id":806023006},{"arcs":[[22,23,24,25]],"type":"Polygon","properties":{"adm1_psgc":800000000,"adm2_psgc":806000000,"adm3_psgc":806023000,"adm4_psgc":806023007,"adm4_en":"Camayse","geo_level":"Bgy","len_crs":6425,"area_crs":994370,"len_km":6,"area_km2":0},"id":806023007},{"arcs":[[-13,26,27,-20,28,29,30]],"type":"Polygon","properties":{"adm1_psgc":800000000,"adm2_psgc":806000000,"adm3_psgc":806023000,"adm4_psgc":806023008,"adm4_en":"Canwarak","geo_level":"Bgy","len_crs":9656,"area_crs":1606238,"len_km":9,"area_km2":1},"id":806023008},{"arcs":[[31,32,-16,-2,33]],"type":"Polygon","properties":{"adm1_psgc":800000000,"adm2_psgc":806000000,"adm3_psgc":806023000,"adm4_psgc":806023009,"adm4_en":"Ibarra","geo_level":"Bgy","len_crs":6306,"area_crs":1880617,"len_km":6,"area_km2":1},"id":806023009},{"arcs":[[34,35,-33,36,37]],"type":"Polygon","properties":{"adm1_psgc":800000000,"adm2_psgc":806000000,"adm3_psgc":806023000,"adm4_psgc":806023010,"adm4_en":"Lumalantang","geo_level":"Bgy","len_crs":8181,"area_crs":2157317,"len_km":8,"area_km2":2},"id":806023010},{"arcs":[[38,-25,39,-11]],"type":"Polygon","properties":{"adm1_psgc":800000000,"adm2_psgc":806000000,"adm3_psgc":806023000,"adm4_psgc":806023011,"adm4_en":"Macalunod","geo_level":"Bgy","len_crs":7531,"area_crs":1212122,"len_km":7,"area_km2":1},"id":806023011},{"arcs":[[40,41,42]],"type":"Polygon","properties":{"adm1_psgc":800000000,"adm2_psgc":806000000,"adm3_psgc":806023000,"adm4_psgc":806023012,"adm4_en":"Maga-an","geo_level":"Bgy","len_crs":6728,"area_crs":629716,"len_km":6,"area_km2":0},"id":806023012},{"arcs":[[-23,43,44]],"type":"Polygon","properties":{"adm1_psgc":800000000,"adm2_psgc":806000000,"adm3_psgc":806023000,"adm4_psgc":806023013,"adm4_en":"Maputi","geo_level":"Bgy","len_crs":5812,"area_crs":633764,"len_km":5,"area_km2":0},"id":806023013},{"arcs":[[45,46,-17,47]],"type":"Polygon","properties":{"adm1_psgc":800000000,"adm2_psgc":806000000,"adm3_psgc":806023000,"adm4_psgc":806023014,"adm4_en":"Monbon","geo_level":"Bgy","len_crs":8517,"area_crs":3846210,"len_km":8,"area_km2":3},"id":806023014},{"arcs":[[48,-14,-31,49,-48,-36]],"type":"Polygon","properties":{"adm1_psgc":800000000,"adm2_psgc":806000000,"adm3_psgc":806023000,"adm4_psgc":806023015,"adm4_en":"Mualbual","geo_level":"Bgy","len_crs":7293,"area_crs":1922714,"len_km":7,"area_km2":1},"id":806023015},{"arcs":[[-40,-24,-45,50,-27,-12]],"type":"Polygon","properties":{"adm1_psgc":800000000,"adm2_psgc":806000000,"adm3_psgc":806023000,"adm4_psgc":806023016,"adm4_en":"Pangdan","geo_level":"Bgy","len_crs":5219,"area_crs":1127038,"len_km":5,"area_km2":1},"id":806023016},{"type":null,"properties":{"adm1_psgc":800000000,"adm2_psgc":806000000,"adm3_psgc":806023000,"adm4_psgc":806023019,"adm4_en":"Poro","geo_level":"Bgy","len_crs":3429,"area_crs":214255,"len_km":3,"area_km2":0},"id":806023019},{"arcs":[[-19,51,52,-8]],"type":"Polygon","properties":{"adm1_psgc":800000000,"adm2_psgc":806000000,"adm3_psgc":806023000,"adm4_psgc":806023020,"adm4_en":"San Isidro","geo_level":"Bgy","len_crs":9533,"area_crs":2341626,"len_km":9,"area_km2":2},"id":806023020},{"arcs":[[53,-37,-32,54,55]],"type":"Polygon","properties":{"adm1_psgc":800000000,"adm2_psgc":806000000,"adm3_psgc":806023000,"adm4_psgc":806023021,"adm4_en":"Sugod","geo_level":"Bgy","len_crs":5522,"area_crs":1090982,"len_km":5,"area_km2":1},"id":806023021},{"arcs":[[-9,-53,56]],"type":"Polygon","properties":{"adm1_psgc":800000000,"adm2_psgc":806000000,"adm3_psgc":806023000,"adm4_psgc":806023022,"adm4_en":"Tinaugan","geo_level":"Bgy","len_crs":10382,"area_crs":1812644,"len_km":10,"area_km2":1},"id":806023022},{"arcs":[[57,-56,58]],"type":"Polygon","properties":{"adm1_psgc":800000000,"adm2_psgc":806000000,"adm3_psgc":806023000,"adm4_psgc":806023023,"adm4_en":"Tubigan","geo_level":"Bgy","len_crs":5984,"area_crs":1336933,"len_km":5,"area_km2":1},"id":806023023},{"arcs":[[59,-29,-22,60]],"type":"Polygon","properties":{"adm1_psgc":800000000,"adm2_psgc":806000000,"adm3_psgc":806023000,"adm4_psgc":806023024,"adm4_en":"Poblacion 1","geo_level":"Bgy","len_crs":2102,"area_crs":91919,"len_km":2,"area_km2":0},"id":806023024},{"arcs":[[-30,-60,61,-46,-50]],"type":"Polygon","properties":{"adm1_psgc":800000000,"adm2_psgc":806000000,"adm3_psgc":806023000,"adm4_psgc":806023025,"adm4_en":"Poblacion 2","geo_level":"Bgy","len_crs":5560,"area_crs":995774,"len_km":5,"area_km2":0},"id":806023025},{"arcs":[[-41,62,-38,-54,63]],"type":"Polygon","properties":{"adm1_psgc":800000000,"adm2_psgc":806000000,"adm3_psgc":806023000,"adm4_psgc":806023026,"adm4_en":"Marapilit","geo_level":"Bgy","len_crs":5182,