{"type":"Topology","arcs":[[[516,168],[-108,0]],[[408,168],[-9,28]],[[399,196],[-4,47]],[[395,243],[110,25]],[[505,268],[11,-100]],[[211,646],[60,2]],[[271,648],[50,-23]],[[321,625],[-42,-62]],[[279,563],[-193,4]],[[86,567],[0,44]],[[86,611],[0,21]],[[86,632],[5,19]],[[91,651],[120,-5]],[[279,563],[2,-45]],[[281,518],[-175,-4]],[[106,514],[-20,7]],[[86,521],[0,46]],[[252,807],[-31,-6]],[[221,801],[-69,-19]],[[152,782],[21,81],[79,-56]],[[380,196],[-78,4]],[[302,200],[-73,151]],[[229,351],[-14,40]],[[215,391],[68,7]],[[283,398],[57,-75],[40,-127]],[[86,611],[-84,2]],[[2,613],[-2,144]],[[0,757],[26,0]],[[26,757],[60,-125]],[[97,109],[82,-35],[31,-71]],[[210,3],[-172,-3],[2,109]],[[40,109],[57,0]],[[211,646],[25,90]],[[236,736],[13,8]],[[249,744],[22,-96]],[[334,563],[-7,-67]],[[327,496],[-46,22]],[[321,625],[13,-62]],[[91,651],[54,79]],[[145,730],[81,5]],[[226,735],[10,1]],[[235,195],[19,-62]],[[254,133],[-39,-5]],[[215,128],[-86,105],[-99,53]],[[30,286],[103,23]],[[133,309],[102,-114]],[[0,757],[26,0]],[[395,243],[-34,121]],[[361,364],[81,6]],[[442,370],[63,-102]],[[78,441],[44,-98]],[[122,343],[11,-34]],[[30,286],[-9,4]],[[21,290],[-12,177]],[[9,467],[69,-26]],[[106,514],[30,-30]],[[136,484],[-58,-43]],[[9,467],[-2,46]],[[7,513],[79,8]],[[349,404],[-66,-6]],[[215,391],[-36,56]],[[179,447],[137,12]],[[316,459],[33,-55]],[[361,364],[-12,40]],[[316,459],[11,37]],[[334,563],[46,-35],[62,-158]],[[215,128],[-118,-19]],[[40,109],[-19,181]],[[229,351],[-107,-8]],[[136,484],[43,-37]],[[380,196],[19,0]],[[408,168],[-12,-160]],[[396,8],[-46,0]],[[350,8],[-96,125]],[[235,195],[67,5]],[[516,168],[-57,-159],[-63,-1]],[[350,8],[-140,-5]],[[7,513],[-5,100]],[[226,735],[-5,66]],[[252,807],[-3,-63]],[[145,730],[7,52]]],"transform":{"scale":[0.00015204993604632522,0.00021342954113556597],"translate":[123.5538967980001,8.436623812000052]},"objects":{"bgysubmuns-municity-1004213000":{"type":"GeometryCollection","geometries":[{"arcs":[[0,1,2,3,4]],"type":"Polygon","properties":{"adm1_psgc":1000000000,"adm2_psgc":1004200000,"adm3_psgc":1004213000,"adm4_psgc":1004213001,"adm4_en":"Bautista","geo_level":"Bgy","len_crs":11638,"area_crs":3613740,"len_km":11,"area_km2":3},"id":1004213001},{"arcs":[[5,6,7,8,9,10,11,12]],"type":"Polygon","properties":{"adm1_psgc":1000000000,"adm2_psgc":1004200000,"adm3_psgc":1004213000,"adm4_psgc":1004213002,"adm4_en":"Bitibut","geo_level":"Bgy","len_crs":12020,"area_crs":6924716,"len_km":12,"area_km2":6},"id":1004213002},{"arcs":[[13,14,15,16,-9]],"type":"Polygon","properties":{"adm1_psgc":1000000000,"adm2_psgc":1004200000,"adm3_psgc":1004213000,"adm4_psgc":1004213003,"adm4_en":"Boundary","geo_level":"Bgy","len_crs":9482,"area_crs":3438903,"len_km":9,"area_km2":3},"id":1004213003},{"arcs":[[17,18,19]],"type":"Polygon","properties":{"adm1_psgc":1000000000,"adm2_psgc":1004200000,"adm3_psgc":1004213000,"adm4_psgc":1004213004,"adm4_en":"Caluya","geo_level":"Bgy","len_crs":9919,"area_crs":2589449,"len_km":9,"area_km2":2},"id":1004213004},{"arcs":[[20,21,22,23,24]],"type":"Polygon","properties":{"adm1_psgc":1000000000,"adm2_psgc":1004200000,"adm3_psgc":1004213000,"adm4_psgc":1004213005,"adm4_en":"Capundag","geo_level":"Bgy","len_crs":14111,"area_crs":6173914,"len_km":14,"area_km2":6},"id":1004213005},{"arcs":[[-11,25,26,27,28]],"type":"Polygon","properties":{"adm1_psgc":1000000000,"adm2_psgc":1004200000,"adm3_psgc":1004213000,"adm4_psgc":1004213006,"adm4_en":"Casul","geo_level":"Bgy","len_crs":12211,"area_crs":3808966,"len_km":12,"area_km2":3},"id":1004213006},{"arcs":[[29,30,31]],"type":"Polygon","properties":{"adm1_psgc":1000000000,"adm2_psgc":1004200000,"adm3_psgc":1004213000,"adm4_psgc":1004213007,"adm4_en":"Dasa","geo_level":"Bgy","len_crs":10923,"area_crs":6022876,"len_km":10,"area_km2":6},"id":1004213007},{"arcs":[[-6,32,33,34]],"type":"Polygon","properties":{"adm1_psgc":1000000000,"adm2_psgc":1004200000,"adm3_psgc":1004213000,"adm4_psgc":1004213008,"adm4_en":"Dioyo","geo_level":"Bgy","len_crs":8349,"area_crs":1674995,"len_km":8,"area_km2":1},"id":1004213008},{"arcs":[[35,36,-14,-8,37]],"type":"Polygon","properties":{"adm1_psgc":1000000000,"adm2_psgc":1004200000,"adm3_psgc":1004213000,"adm4_psgc":1004213009,"adm4_en":"Guinabot","geo_level":"Bgy","len_crs":11622,"area_crs":2242837,"len_km":11,"area_km2":2},"id":1004213009},{"arcs":[[-13,38,39,40,-33]],"type":"Polygon","properties":{"adm1_psgc":1000000000,"adm2_psgc":1004200000,"adm3_psgc":1004213000,"adm4_psgc":1004213010,"adm4_en":"Libertad","geo_level":"Bgy","len_crs":9233,"area_crs":3431083,"len_km":9,"area_km2":3},"id":1004213010},{"arcs":[[41,42,43,44,45]],"type":"Polygon","properties":{"adm1_psgc":1000000000,"adm2_psgc":1004200000,"adm3_psgc":1004213000,"adm4_psgc":1004213011,"adm4_en":"Locus","geo_level":"Bgy","len_crs":19702,"area_crs":4579862,"len_km":19,"area_km2":4},"id":1004213011},{"arcs":[[-28,46]],"type":"Polygon","properties":{"adm1_psgc":1000000000,"adm2_psgc":1004200000,"adm3_psgc":1004213000,"adm4_psgc":1004213012,"adm4_en":"Manla","geo_level":"Bgy","len_crs":8563,"area_crs":1915511,"len_km":8,"area_km2":1},"id":1004213012},{"arcs":[[-4,47,48,49]],"type":"Polygon","properties":{"adm1_psgc":1000000000,"adm2_psgc":1004200000,"adm3_psgc":1004213000,"adm4_psgc":1004213013,"adm4_en":"Masubong","geo_level":"Bgy","len_crs":11503,"area_crs":4683787,"len_km":11,"area_km2":4},"id":1004213013},{"arcs":[[50,51,-45,52,53,54]],"type":"Polygon","properties":{"adm1_psgc":1000000000,"adm2_psgc":1004200000,"adm3_psgc":1004213000,"adm4_psgc":1004213016,"adm4_en":"Agapito Yap, Sr.","geo_level":"Bgy","len_crs":15780,"area_crs":5257394,"len_km":15,"area_km2":5},"id":1004213016},{"arcs":[[55,56,-55,57,58,-16]],"type":"Polygon","properties":{"adm1_psgc":1000000000,"adm2_psgc":1004200000,"adm3_psgc":1004213000,"adm4_psgc":1004213017,"adm4_en":"Poblacion","geo_level":"Bgy","len_crs":7802,"area_crs":2528922,"len_km":7,"area_km2":2},"id":1004213017},{"arcs":[[59,-24,60,61,62]],"type":"Polygon","properties":{"adm1_psgc":1000000000,"adm2_psgc":1004200000,"adm3_psgc":1004213000,"adm4_psgc":1004213018,"adm4_en":"Salimpuno","geo_level":"Bgy","len_crs":8270,"area_crs":3222769,"len_km":8,"area_km2":3},"id":1004213018},{"arcs":[[-49,63,-63,64,-36,65]],"type":"Polygon","properties":{"adm1_psgc":1000000000,"adm2_psgc":1004200000,"adm3_psgc":1004213000,"adm4_psgc":1004213019,"adm4_en":"San Agustin","geo_level":"Bgy","len_crs":17896,"area_crs":5012991,"len_km":17,"area_km2":5},"id":1004213019},{"arcs":[[-44,66,-32,67,-53]],"type":"Polygon","properties":{"adm1_psgc":1000000000,"adm2_psgc":1004200000,"adm3_psgc":1004213000,"adm4_psgc":1004213020,"adm4_en":"Sinaad","geo_level":"Bgy","len_crs":16020,"area_crs":7729730,"len_km":16,"area_km2":7},"id":1004213020},{"arcs":[[-61,-23,68,-51,-57,69]],"type":"Polygon","properties":{"adm1_psgc":1000000000,"adm2_psgc":1004200000,"adm3_psgc":1004213000,"adm4_psgc":1004213021,"adm4_en":"Sipac","geo_level":"Bgy","len_crs":11895,"area_crs":5450612,"len_km":11,"area_km2":5},"id":1004213021},{"arcs":[[-21,70,-2,71,72,73,-42,74]],"type":"Polygon","properties":{"adm1_psgc":1000000000,"adm2_psgc":1004200000,"adm3_psgc":1004213000,"adm4_psgc":1004213022,"adm4_en":"Sixto Velez, Sr.","geo_level":"Bgy","len_crs":18948,"area_crs":8365341,"len_km":18,"area_km2":8},"id":1004213022},{"arcs":[[75,-72,-1]],"type":"Polygon","properties":{"adm1_psgc":1000000000,"adm2_psgc":1004200000,"adm3_psgc":1004213000,"adm4_psgc":1004213023,"adm4_en":"Upper Bautista","geo_level":"Bgy","len_crs":15738,"area_crs":5685918,"len_km":15,"area_km2":5},"id":1004213023},{"arcs":[[-48,-3,-71,-25,-60,-64]],"type":"Polygon","properties":{"adm1_psgc":1000000000,"adm2_psgc":1004200000,"adm3_psgc":1004213000,"adm4_psgc":1004213024,"adm4_en":"Ventura","geo_level":"Bgy","len_crs":16117,"area_crs":3961940,"len_km":16,"area_km2":3},"id":1004213024},{"arcs":[[-75,-46,-52,-69,-22]],"type":"Polygon","properties":{"adm1_psgc":1000000000,"adm2_psgc":1004200000,"adm3_psgc":1004213000,"adm4_psgc":1004213025,"adm4_en":"Medallo",