{"type":"Topology","arcs":[[[365,1078],[-25,-58]],[[340,1020],[-12,2]],[[328,1022],[-14,76]],[[314,1098],[51,-20]],[[398,875],[-69,-38]],[[329,837],[-4,69]],[[325,906],[73,-31]],[[577,83],[-132,-83],[-25,79]],[[420,79],[95,61]],[[515,140],[62,-57]],[[408,1080],[-10,-69]],[[398,1011],[-58,9]],[[365,1078],[43,2]],[[679,375],[-73,31]],[[606,406],[-35,72]],[[571,478],[50,31],[25,56]],[[646,565],[85,-141],[-52,-49]],[[217,888],[-122,-24]],[[95,864],[-13,7]],[[82,871],[101,84],[34,-67]],[[424,617],[43,-75]],[[467,542],[0,-66]],[[467,476],[-60,-12]],[[407,464],[-93,163]],[[314,627],[110,-10]],[[504,467],[42,-73]],[[546,394],[-53,-49]],[[493,345],[-16,13]],[[477,358],[-66,84]],[[411,442],[-4,22]],[[467,476],[37,-9]],[[520,993],[-75,4]],[[445,997],[-2,59]],[[443,1056],[77,-63]],[[549,831],[-84,-36],[-59,-52]],[[406,743],[-65,53]],[[341,796],[-12,41]],[[398,875],[134,54]],[[532,929],[-39,-53],[56,-45]],[[400,693],[24,-76]],[[314,627],[-8,23]],[[306,650],[94,43]],[[252,1047],[76,-25]],[[328,1022],[-46,-54]],[[282,968],[-30,79]],[[609,623],[-110,-58]],[[499,565],[-16,64]],[[483,629],[20,62],[98,62]],[[601,753],[36,-74],[-28,-56]],[[445,997],[-47,14]],[[408,1080],[35,-24]],[[571,478],[-67,-11]],[[467,542],[32,23]],[[609,623],[37,-58]],[[420,79],[-58,69],[14,29]],[[376,177],[67,-13],[60,53]],[[503,217],[12,-77]],[[520,993],[12,-64]],[[325,906],[-43,62]],[[306,751],[-11,-77]],[[295,674],[-28,-13],[-145,-1]],[[122,660],[8,68]],[[130,728],[23,22],[90,-10],[53,23]],[[296,763],[10,-12]],[[114,736],[16,-8]],[[122,660],[-114,35],[-8,89]],[[0,784],[114,-48]],[[95,864],[32,-33]],[[127,831],[-13,-95]],[[0,784],[82,87]],[[406,743],[12,-46]],[[418,697],[-18,-4]],[[306,650],[-11,24]],[[306,751],[35,45]],[[418,697],[65,-68]],[[549,831],[52,-78]],[[493,345],[10,-128]],[[376,177],[-20,125]],[[356,302],[50,-2],[71,58]],[[679,375],[-36,-116],[41,-166],[-107,-10]],[[546,394],[60,12]],[[127,831],[118,10]],[[245,841],[51,-78]],[[252,1047],[62,51]],[[217,888],[28,-47]],[[356,302],[-75,7],[13,67],[117,66]]],"transform":{"scale":[0.00020052048016416847,0.00021076060746812858],"translate":[124.41417147100003,11.218075447000047]},"objects":{"bgysubmuns-municity-803729000":{"type":"GeometryCollection","geometries":[{"arcs":[[0,1,2,3]],"type":"Polygon","properties":{"adm1_psgc":800000000,"adm2_psgc":803700000,"adm3_psgc":803729000,"adm4_psgc":803729001,"adm4_en":"Bachao","geo_level":"Bgy","len_crs":10363,"area_crs":1641608,"len_km":10,"area_km2":1},"id":803729001},{"arcs":[[4,5,6]],"type":"Polygon","properties":{"adm1_psgc":800000000,"adm2_psgc":803700000,"adm3_psgc":803729000,"adm4_psgc":803729002,"adm4_en":"Baco","geo_level":"Bgy","len_crs":7927,"area_crs":2167016,"len_km":7,"area_km2":2},"id":803729002},{"arcs":[[7,8,9]],"type":"Polygon","properties":{"adm1_psgc":800000000,"adm2_psgc":803700000,"adm3_psgc":803729000,"adm4_psgc":803729003,"adm4_en":"Bagaba-o","geo_level":"Bgy","len_crs":10318,"area_crs":6293220,"len_km":10,"area_km2":6},"id":803729003},{"arcs":[[10,11,-1,12]],"type":"Polygon","properties":{"adm1_psgc":800000000,"adm2_psgc":803700000,"adm3_psgc":803729000,"adm4_psgc":803729004,"adm4_en":"Basud","geo_level":"Bgy","len_crs":5739,"area_crs":1555223,"len_km":5,"area_km2":1},"id":803729004},{"arcs":[[13,14,15,16]],"type":"Polygon","properties":{"adm1_psgc":800000000,"adm2_psgc":803700000,"adm3_psgc":803729000,"adm4_psgc":803729005,"adm4_en":"Belen","geo_level":"Bgy","len_crs":13958,"area_crs":8501812,"len_km":13,"area_km2":8},"id":803729005},{"arcs":[[17,18,19]],"type":"Polygon","properties":{"adm1_psgc":800000000,"adm2_psgc":803700000,"adm3_psgc":803729000,"adm4_psgc":803729006,"adm4_en":"Burabod","geo_level":"Bgy","len_crs":10207,"area_crs":3060705,"len_km":10,"area_km2":3},"id":803729006},{"arcs":[[20,21,22,23,24]],"type":"Polygon","properties":{"adm1_psgc":800000000,"adm2_psgc":803700000,"adm3_psgc":803729000,"adm4_psgc":803729007,"adm4_en":"Calaguise","geo_level":"Bgy","len_crs":12755,"area_crs":7726875,"len_km":12,"area_km2":7},"id":803729007},{"arcs":[[25,26,27,28,29,-23,30]],"type":"Polygon","properties":{"adm1_psgc":800000000,"adm2_psgc":803700000,"adm3_psgc":803729000,"adm4_psgc":803729008,"adm4_en":"Consuegra","geo_level":"Bgy","len_crs":11632,"area_crs":5017372,"len_km":11,"area_km2":5},"id":803729008},{"arcs":[[31,32,33]],"type":"Polygon","properties":{"adm1_psgc":800000000,"adm2_psgc":803700000,"adm3_psgc":803729000,"adm4_psgc":803729009,"adm4_en":"Culasi","geo_level":"Bgy","len_crs":7666,"area_crs":1842886,"len_km":7,"area_km2":1},"id":803729009},{"arcs":[[34,35,36,-5,37,38]],"type":"Polygon","properties":{"adm1_psgc":800000000,"adm2_psgc":803700000,"adm3_psgc":803729000,"adm4_psgc":803729010,"adm4_en":"Danus","geo_level":"Bgy","len_crs":16838,"area_crs":10099626,"len_km":16,"area_km2":10},"id":803729010},{"arcs":[[39,-25,40,41]],"type":"Polygon","properties":{"adm1_psgc":800000000,"adm2_psgc":803700000,"adm3_psgc":803729000,"adm4_psgc":803729011,"adm4_en":"Elizabeth","geo_level":"Bgy","len_crs":9254,"area_crs":2876191,"len_km":9,"area_km2":2},"id":803729011},{"arcs":[[42,43,44]],"type":"Polygon","properties":{"adm1_psgc":800000000,"adm2_psgc":803700000,"adm3_psgc":803729000,"adm4_psgc":803729012,"adm4_en":"Kawayan","geo_level":"Bgy","len_crs":7639,"area_crs":1997273,"len_km":7,"area_km2":1},"id":803729012},{"arcs":[[45,46,47,48]],"type":"Polygon","properties":{"adm1_psgc":800000000,"adm2_psgc":803700000,"adm3_psgc":803729000,"adm4_psgc":803729013,"adm4_en":"Libas","geo_level":"Bgy","len_crs":15266,"area_crs":9058554,"len_km":15,"area_km2":9},"id":803729013},{"arcs":[[-33,49,-11,50]],"type":"Polygon","properties":{"adm1_psgc":800000000,"adm2_psgc":803700000,"adm3_psgc":803729000,"adm4_psgc":803729014,"adm4_en":"Maanda","geo_level":"Bgy","len_crs":5421,"area_crs":1315229,"len_km":5,"area_km2":1},"id":803729014},{"arcs":[[-16,51,-31,-22,52,-46,53]],"type":"Polygon","properties":{"adm1_psgc":800000000,"adm2_psgc":803700000,"adm3_psgc":803729000,"adm4_psgc":803729015,"adm4_en":"Macupa","geo_level":"Bgy","len_crs":14847,"area_crs":8873682,"len_km":14,"area_km2":8},"id":803729015},{"arcs":[[-9,54,55,56]],"type":"Polygon","properties":{"adm1_psgc":800000000,"adm2_psgc":803700000,"adm3_psgc":803729000,"adm4_psgc":803729016,"adm4_en":"Mataloto","geo_level":"Bgy","len_crs":10795,"area_crs":5033339,"len_km":10,"area_km2":5},"id":803729016},{"arcs":[[-12,-50,-32,57,-38,-7,58,-44,-2]],"type":"Polygon","properties":{"adm1_psgc":800000000,"adm2_psgc":803700000,"adm3_psgc":803729000,"adm4_psgc":803729017,"adm4_en":"Palarao","geo_level":"Bgy","len_crs":17821,"area_crs":10887740,"len_km":17,"area_km2":10},"id":803729017},{"arcs":[[59,60,61,62,63]],"type":"Polygon","properties":{"adm1_psgc":800000000,"adm2_psgc":803700000,"adm3_psgc":803729000,"adm4_psgc":803729018,"adm4_en":"Palid I","geo_level":"Bgy","len_crs":13293,"area_crs":7468921,"len_km":13,"area_km2":7},"id":803729018},{"arcs":[[64,-62,65,66]],"type":"Polygon","properties":{"adm1_psgc":800000000,"adm2_psgc":803700000,"adm3_psgc":803729000,"adm4_psgc":803729019,"adm4_en":"Palid II","geo_level":"Bgy","len_crs":11694,"area_crs":5294572,"len_km":11,"area_km2":5},"id":803729019},{"arcs":[[67,68,-67,69,-19]],"type":"Polygon","properties":{"adm1_psgc":800000000,"adm2_psgc":803700000,"adm3_psgc":803729000,"adm4_psgc":803729020,"adm4_en":"Parasan","geo_level":"Bgy","len_crs":11463,"area_crs":5297610,"len_km":11,"area_km2":5},"id":803729020},{"arcs":[[70,71,-42,72,-60,73,-36]],"type":"Polygon","properties":{"adm1_psgc":800000000,"adm2_psgc":803700000,"adm3_psgc":803729000,"adm4_psgc":803729021,"adm4_en":"Poblacion","geo_level":"Bgy","len_crs":13965,"area_crs":5505182,"len_km":13,"area_km2":5},"id":803729021},{"arcs":[[-47,-53,-21,-40,-72,74]],"type":"Polygon","properties":{"adm1_psgc":800000000,"adm2_psgc":803700000,"adm3_psgc":803729000,"adm4_psgc":803729022,"adm4_en":"Salog","geo_level":"Bgy","len_crs":10071,"area_crs":3459214,"len_km":10,"area_km2":3},"id":803729022},{"arcs":[[-48,-75,-71,-35,75]],"type":"Polygon",