{"type":"Topology","arcs":[[[432,207],[0,-7]],[[432,200],[-43,-96]],[[389,104],[9,56]],[[398,160],[14,30]],[[412,190],[20,17]],[[389,100],[2,-18]],[[391,82],[-23,-2]],[[368,80],[0,3]],[[368,83],[0,10]],[[368,93],[21,7]],[[465,350],[-19,-74]],[[446,276],[-32,-25]],[[414,251],[-37,6]],[[377,257],[-18,64]],[[359,321],[90,42]],[[449,363],[16,-13]],[[308,164],[14,2]],[[322,166],[-6,-69]],[[316,97],[-8,-5]],[[308,92],[-55,77]],[[253,169],[55,-5]],[[391,82],[88,-36]],[[479,46],[-149,-32]],[[330,14],[13,11]],[[343,25],[7,38]],[[350,63],[0,7]],[[350,70],[18,10]],[[302,339],[-11,-112]],[[291,227],[-36,-20]],[[255,207],[-227,21]],[[28,228],[65,118]],[[93,346],[143,13]],[[236,359],[66,-20]],[[308,92],[-42,-92]],[[266,0],[-266,117]],[[0,117],[253,52]],[[377,257],[21,-97]],[[389,104],[0,-4]],[[368,93],[-18,-7]],[[350,86],[-6,4]],[[344,90],[-8,0]],[[336,90],[-20,7]],[[322,166],[-31,61]],[[302,339],[57,-18]],[[538,184],[-106,16]],[[432,207],[14,69]],[[465,350],[204,137]],[[669,487],[-131,-303]],[[308,164],[-53,43]],[[449,363],[36,112]],[[485,475],[-3,14]],[[482,489],[186,48]],[[668,537],[1,-50]],[[336,90],[2,-24]],[[338,66],[5,-41]],[[330,14],[-64,-14]],[[412,190],[2,61]],[[302,464],[-66,-105]],[[93,346],[209,118]],[[357,459],[2,-138]],[[302,464],[55,-5]],[[357,459],[128,16]],[[344,90],[-3,-23]],[[341,67],[-3,-1]],[[350,86],[0,-7]],[[350,79],[0,-9]],[[350,63],[-9,4]],[[368,83],[-18,-4]],[[482,489],[25,254],[161,-206]],[[538,184],[-59,-138]],[[0,117],[28,111]]],"transform":{"scale":[0.00017797270553062363,0.00018936991655450273],"translate":[121.36175347700008,14.455069511000026]},"objects":{"bgysubmuns-municity-403427000":{"type":"GeometryCollection","geometries":[{"arcs":[[0,1,2,3,4]],"type":"Polygon","properties":{"adm1_psgc":400000000,"adm2_psgc":403400000,"adm3_psgc":403427000,"adm4_psgc":403427001,"adm4_en":"Adia","geo_level":"Bgy","len_crs":6041,"area_crs":866421,"len_km":6,"area_km2":0},"id":403427001},{"arcs":[[5,6,7,8,9]],"type":"Polygon","properties":{"adm1_psgc":400000000,"adm2_psgc":403400000,"adm3_psgc":403427000,"adm4_psgc":403427002,"adm4_en":"Bagong Pook","geo_level":"Bgy","len_crs":1903,"area_crs":167733,"len_km":1,"area_km2":0},"id":403427002},{"arcs":[[10,11,12,13,14,15]],"type":"Polygon","properties":{"adm1_psgc":400000000,"adm2_psgc":403400000,"adm3_psgc":403427000,"adm4_psgc":403427003,"adm4_en":"Bagumbayan","geo_level":"Bgy","len_crs":7743,"area_crs":2516054,"len_km":7,"area_km2":2},"id":403427003},{"arcs":[[16,17,18,19,20]],"type":"Polygon","properties":{"adm1_psgc":400000000,"adm2_psgc":403400000,"adm3_psgc":403427000,"adm4_psgc":403427004,"adm4_en":"Bubukal","geo_level":"Bgy","len_crs":7297,"area_crs":2016849,"len_km":7,"area_km2":2},"id":403427004},{"arcs":[[21,22,23,24,25,26,-7]],"type":"Polygon","properties":{"adm1_psgc":400000000,"adm2_psgc":403400000,"adm3_psgc":403427000,"adm4_psgc":403427005,"adm4_en":"Cabooan","geo_level":"Bgy","len_crs":8945,"area_crs":3832504,"len_km":8,"area_km2":3},"id":403427005},{"arcs":[[27,28,29,30,31,32]],"type":"Polygon","properties":{"adm1_psgc":400000000,"adm2_psgc":403400000,"adm3_psgc":403427000,"adm4_psgc":403427006,"adm4_en":"Calangay","geo_level":"Bgy","len_crs":15552,"area_crs":13475736,"len_km":15,"area_km2":13},"id":403427006},{"arcs":[[33,34,35,-20]],"type":"Polygon","properties":{"adm1_psgc":400000000,"adm2_psgc":403400000,"adm3_psgc":403427000,"adm4_psgc":403427007,"adm4_en":"Cambuja","geo_level":"Bgy","len_crs":17001,"area_crs":10227463,"len_km":17,"area_km2":10},"id":403427007},{"arcs":[[-14,36,-3,37,-10,38,39,40,41,-18,42,-28,43]],"type":"Polygon","properties":{"adm1_psgc":400000000,"adm2_psgc":403400000,"adm3_psgc":403427000,"adm4_psgc":403427008,"adm4_en":"Coralan","geo_level":"Bgy","len_crs":16654,"area_crs":6153851,"len_km":16,"area_km2":6},"id":403427008},{"arcs":[[44,-1,45,-11,46,47]],"type":"Polygon","properties":{"adm1_psgc":400000000,"adm2_psgc":403400000,"adm3_psgc":403427000,"adm4_psgc":403427009,"adm4_en":"Cueva","geo_level":"Bgy","len_crs":21185,"area_crs":13402896,"len_km":21,"area_km2":13},"id":403427009},{"arcs":[[-17,48,-29,-43]],"type":"Polygon","properties":{"adm1_psgc":400000000,"adm2_psgc":403400000,"adm3_psgc":403427000,"adm4_psgc":403427010,"adm4_en":"Inayapan","geo_level":"Bgy","len_crs":5593,"area_crs":845360,"len_km":5,"area_km2":0},"id":403427010},{"arcs":[[-47,-16,49,50,51,52]],"type":"Polygon","properties":{"adm1_psgc":400000000,"adm2_psgc":403400000,"adm3_psgc":403427000,"adm4_psgc":403427011,"adm4_en":"Jose Laurel, Sr.","geo_level":"Bgy","len_crs":15034,"area_crs":7004419,"len_km":15,"area_km2":7},"id":403427011},{"arcs":[[53,54,-24,55,-34,-19,-42]],"type":"Polygon","properties":{"adm1_psgc":400000000,"adm2_psgc":403400000,"adm3_psgc":403427000,"adm4_psgc":403427012,"adm4_en":"Kayhakat","geo_level":"Bgy","len_crs":6466,"area_crs":1790989,"len_km":6,"area_km2":1},"id":403427012},{"arcs":[[-5,56,-12,-46]],"type":"Polygon","properties":{"adm1_psgc":400000000,"adm2_psgc":403400000,"adm3_psgc":403427000,"adm4_psgc":403427013,"adm4_en":"Macasipac","geo_level":"Bgy","len_crs":5220,"area_crs":1195096,"len_km":5,"area_km2":1},"id":403427013},{"arcs":[[-57,-4,-37,-13]],"type":"Polygon","properties":{"adm1_psgc":400000000,"adm2_psgc":403400000,"adm3_psgc":403427000,"adm4_psgc":403427014,"adm4_en":"Masinao","geo_level":"Bgy","len_crs":6029,"area_crs":1357649,"len_km":6,"area_km2":1},"id":403427014},{"arcs":[[57,-32,58]],"type":"Polygon","properties":{"adm1_psgc":400000000,"adm2_psgc":403400000,"adm3_psgc":403427000,"adm4_psgc":403427015,"adm4_en":"Mataling-Ting","geo_level":"Bgy","len_crs":14311,"area_crs":6088725,"len_km":14,"area_km2":6},"id":403427015},{"arcs":[[59,-44,-33,-58,60]],"type":"Polygon","properties":{"adm1_psgc":400000000,"adm2_psgc":403400000,"adm3_psgc":403427000,"adm4_psgc":403427016,"adm4_en":"Pao-o","geo_level":"Bgy","len_crs":10383,"area_crs":4559532,"len_km":10,"area_km2":4},"id":403427016},{"arcs":[[-15,-60,61,-50]],"type":"Polygon","properties":{"adm1_psgc":400000000,"adm2_psgc":403400000,"adm3_psgc":403427000,"adm4_psgc":403427018,"adm4_en":"Parang Ng Buho","geo_level":"Bgy","len_crs":10229,"area_crs":5847756,"len_km":10,"area_km2":5},"id":403427018},{"arcs":[[62,63,-54,-41]],"type":"Polygon","properties":{"adm1_psgc":400000000,"adm2_psgc":403400000,"adm3_psgc":403427000,"adm4_psgc":403427019,"adm4_en":"Barangay I","geo_level":"Bgy","len_crs":1276,"area_crs":63666,"len_km":1,"area_km2":0},"id":403427019},{"arcs":[[64,65,-26,66,-63,-40]],"type":"Polygon","properties":{"adm1_psgc":400000000,"adm2_psgc":403400000,"adm3_psgc":403427000,"adm4_psgc":403427020,"adm4_en":"Barangay II","geo_level":"Bgy","len_crs":1411,"area_crs":83270,"len_km":1,"area_km2":0},"id":403427020},{"arcs":[[-9,67,-65,-39]],"type":"Polygon","properties":{"adm1_psgc":400000000,"adm2_psgc":403400000,"adm3_psgc":403427000,"adm4_psgc":403427021,"adm4_en":"Barangay III","geo_level":"Bgy","len_crs":1173,"area_crs":72156,"len_km":1,"area_km2":0},"id":403427021},{"arcs":[[-27,-66,-68,-8]],"type":"Polygon","properties":{"adm1_psgc":400000000,"adm2_psgc":403400000,"adm3_psgc":403427000,"adm4_psgc":403427022,"adm4_en":"Barangay IV","geo_level":"Bgy","len_crs":1198,"area_crs":79174,"len_km":1,"area_km2":0},"id":403427022},{"arcs":[[-25,-55,-64,-67]],"type":"Polygon","properties":{"adm1_psgc":400000000,"adm2_psgc":403400000,"adm3_psgc":403427000,"adm4_psgc":403427023,"adm4_en":"Jose Rizal","geo_level":"Bgy","len_crs":2251,"area_crs":155107,"len_km":2,"area_km2":0},"id":403427023},{"arcs":[[-52,68]],"type":"Polygon","properties":{"adm1_psgc":400000000,"adm2_psgc":403400000,"adm3_psgc":403427000,"adm4_psgc":403427024,"adm4_en":"Santiago","geo_level":"Bgy","len_crs":16853,"area_crs":12570795,"len_km":16,"area_km2":12},"id":403427024},{"arcs":[[69,-22,-6,-38,-2,-45]],"type":"Polygon","properties":{"adm1_psgc":400000000,"adm2_psgc":403400000,"adm3_psgc":403427000,"adm4_psgc":403427025,"adm4_en":"Talangka","geo_level":"Bgy","len_crs":13353,"area_crs":7636373,"len_km":13,"area_km2":7},