{"type":"Topology","arcs":[[[406,458],[-10,-16]],[[396,442],[-15,-32]],[[381,410],[0,-2]],[[381,408],[-4,2]],[[377,410],[-76,112]],[[301,522],[11,9]],[[312,531],[49,20]],[[361,551],[45,-93]],[[384,584],[42,-41]],[[426,543],[3,-16]],[[429,527],[-23,-69]],[[361,551],[-5,43]],[[356,594],[28,-10]],[[714,532],[166,-125]],[[880,407],[-235,16]],[[645,423],[-140,24]],[[505,447],[-27,24]],[[478,471],[90,41]],[[568,512],[146,20]],[[377,410],[-6,-7]],[[371,403],[-15,-6]],[[356,397],[-4,-3]],[[352,394],[-7,-16]],[[345,378],[-3,-7]],[[342,371],[-146,-77]],[[196,294],[105,228]],[[376,372],[10,-5]],[[386,367],[-5,-2]],[[381,365],[-26,14]],[[355,379],[2,3]],[[357,382],[19,-10]],[[352,394],[-7,-16]],[[360,389],[-3,-7]],[[355,379],[-3,-6]],[[352,373],[-10,-2]],[[356,397],[4,-8]],[[381,365],[-9,1]],[[372,366],[-20,7]],[[371,403],[-7,-16]],[[364,387],[-4,2]],[[381,408],[-11,-24]],[[370,384],[-6,3]],[[370,384],[5,-2]],[[375,382],[5,-2]],[[380,380],[-4,-8]],[[386,408],[-11,-26]],[[381,410],[5,-2]],[[388,376],[2,-8]],[[390,368],[-4,-1]],[[380,380],[8,-4]],[[175,590],[-33,-206]],[[142,384],[33,206]],[[513,594],[18,-35]],[[531,559],[-102,-32]],[[426,543],[87,51]],[[645,423],[-81,-33]],[[564,390],[-58,9]],[[506,399],[-1,48]],[[418,690],[-34,-106]],[[356,594],[-3,123]],[[353,717],[65,-27]],[[254,664],[107,-113]],[[312,531],[-114,55]],[[198,586],[56,78]],[[478,471],[-82,-29]],[[531,559],[37,-47]],[[506,399],[-51,-75]],[[455,324],[-65,44]],[[388,376],[-2,32]],[[507,687],[6,-93]],[[418,690],[89,-3]],[[564,390],[25,-131]],[[589,259],[-79,-1]],[[510,258],[-55,66]],[[517,170],[-46,-118]],[[471,52],[-48,-13]],[[423,39],[-38,110]],[[385,149],[147,48]],[[532,197],[-15,-27]],[[591,99],[-120,-47]],[[517,170],[74,-71]],[[657,179],[-68,80]],[[880,407],[0,-127],[-223,-101]],[[254,664],[99,53]],[[372,366],[13,-217]],[[423,39],[-341,-39],[-82,105],[142,279]],[[142,384],[54,-90]],[[507,687],[207,-155]],[[175,590],[23,-4]],[[657,179],[-66,-80]],[[532,197],[-22,61]]],"transform":{"scale":[0.00017006930454549585,0.00015007559274760006],"translate":[121.49208853200003,14.057448725000027]},"objects":{"bgysubmuns-municity-405623000":{"type":"GeometryCollection","geometries":[{"arcs":[[0,1,2,3,4,5,6,7]],"type":"Polygon","properties":{"adm1_psgc":400000000,"adm2_psgc":405600000,"adm3_psgc":405623000,"adm4_psgc":405623001,"adm4_en":"Abang","geo_level":"Bgy","len_crs":7527,"area_crs":1917000,"len_km":7,"area_km2":1},"id":405623001},{"arcs":[[8,9,10,-8,11,12]],"type":"Polygon","properties":{"adm1_psgc":400000000,"adm2_psgc":405600000,"adm3_psgc":405623000,"adm4_psgc":405623002,"adm4_en":"Aliliw","geo_level":"Bgy","len_crs":5952,"area_crs":1402425,"len_km":5,"area_km2":1},"id":405623002},{"arcs":[[13,14,15,16,17,18]],"type":"Polygon","properties":{"adm1_psgc":400000000,"adm2_psgc":405600000,"adm3_psgc":405623000,"adm4_psgc":405623003,"adm4_en":"Atulinao","geo_level":"Bgy","len_crs":18881,"area_crs":8443247,"len_km":18,"area_km2":8},"id":405623003},{"arcs":[[19,20,21,22,23,24,25,-5]],"type":"Polygon","properties":{"adm1_psgc":400000000,"adm2_psgc":405600000,"adm3_psgc":405623000,"adm4_psgc":405623004,"adm4_en":"Ayuti","geo_level":"Bgy","len_crs":16031,"area_crs":6088771,"len_km":16,"area_km2":6},"id":405623004},{"arcs":[[26,27,28,29,30]],"type":"Polygon","properties":{"adm1_psgc":400000000,"adm2_psgc":405600000,"adm3_psgc":405623000,"adm4_psgc":405623005,"adm4_en":"Barangay 2","geo_level":"Bgy","len_crs":1303,"area_crs":36418,"len_km":1,"area_km2":0},"id":405623005},{"arcs":[[31,-23]],"type":"Polygon","properties":{"adm1_psgc":400000000,"adm2_psgc":405600000,"adm3_psgc":405623000,"adm4_psgc":405623006,"adm4_en":"Barangay 3","geo_level":"Bgy","len_crs":1212,"area_crs":42236,"len_km":1,"area_km2":0},"id":405623006},{"arcs":[[32,-30,33,34,-24,-32,-22,35]],"type":"Polygon","properties":{"adm1_psgc":400000000,"adm2_psgc":405600000,"adm3_psgc":405623000,"adm4_psgc":405623007,"adm4_en":"Barangay 4","geo_level":"Bgy","len_crs":1395,"area_crs":61775,"len_km":1,"area_km2":0},"id":405623007},{"arcs":[[36,37,-34,-29]],"type":"Polygon","properties":{"adm1_psgc":400000000,"adm2_psgc":405600000,"adm3_psgc":405623000,"adm4_psgc":405623008,"adm4_en":"Barangay 5","geo_level":"Bgy","len_crs":1301,"area_crs":50123,"len_km":1,"area_km2":0},"id":405623008},{"arcs":[[38,39,-36,-21]],"type":"Polygon","properties":{"adm1_psgc":400000000,"adm2_psgc":405600000,"adm3_psgc":405623000,"adm4_psgc":405623009,"adm4_en":"Barangay 6","geo_level":"Bgy","len_crs":979,"area_crs":50885,"len_km":0,"area_km2":0},"id":405623009},{"arcs":[[-4,40,41,-39,-20]],"type":"Polygon","properties":{"adm1_psgc":400000000,"adm2_psgc":405600000,"adm3_psgc":405623000,"adm4_psgc":405623010,"adm4_en":"Barangay 7","geo_level":"Bgy","len_crs":1208,"area_crs":50814,"len_km":1,"area_km2":0},"id":405623010},{"arcs":[[-42,42,43,44,-31,-33,-40]],"type":"Polygon","properties":{"adm1_psgc":400000000,"adm2_psgc":405600000,"adm3_psgc":405623000,"adm4_psgc":405623011,"adm4_en":"Barangay 8","geo_level":"Bgy","len_crs":1076,"area_crs":55436,"len_km":1,"area_km2":0},"id":405623011},{"arcs":[[45,-43,-41,-3,46]],"type":"Polygon","properties":{"adm1_psgc":400000000,"adm2_psgc":405600000,"adm3_psgc":405623000,"adm4_psgc":405623012,"adm4_en":"Barangay 9","geo_level":"Bgy","len_crs":1137,"area_crs":45353,"len_km":1,"area_km2":0},"id":405623012},{"arcs":[[47,48,-27,-45,49]],"type":"Polygon","properties":{"adm1_psgc":400000000,"adm2_psgc":405600000,"adm3_psgc":405623000,"adm4_psgc":405623013,"adm4_en":"Barangay 10","geo_level":"Bgy","len_crs":890,"area_crs":35987,"len_km":0,"area_km2":0},"id":405623013},{"arcs":[[50,51]],"type":"Polygon","properties":{"adm1_psgc":400000000,"adm2_psgc":405600000,"adm3_psgc":405623000,"adm4_psgc":405623014,"adm4_en":"Igang","geo_level":"Bgy","len_crs":10984,"area_crs":2270322,"len_km":10,"area_km2":2},"id":405623014},{"arcs":[[52,53,-10,54]],"type":"Polygon","properties":{"adm1_psgc":400000000,"adm2_psgc":405600000,"adm3_psgc":405623000,"adm4_psgc":405623015,"adm4_en":"Kabatete","geo_level":"Bgy","len_crs":5482,"area_crs":1065865,"len_km":5,"area_km2":1},"id":405623015},{"arcs":[[55,56,57,-16]],"type":"Polygon","properties":{"adm1_psgc":400000000,"adm2_psgc":405600000,"adm3_psgc":405623000,"adm4_psgc":405623016,"adm4_en":"Kakawit","geo_level":"Bgy","len_crs":7323,"area_crs":2470424,"len_km":7,"area_km2":2},"id":405623016},{"arcs":[[58,-13,59,60]],"type":"Polygon","properties":{"adm1_psgc":400000000,"adm2_psgc":405600000,"adm3_psgc":405623000,"adm4_psgc":405623017,"adm4_en":"Kalangay","geo_level":"Bgy","len_crs":6600,"area_crs":2419694,"len_km":6,"area_km2":2},"id":405623017},{"arcs":[[61,-7,62,63]],"type":"Polygon","properties":{"adm1_psgc":400000000,"adm2_psgc":405600000,"adm3_psgc":405623000,"adm4_psgc":405623018,"adm4_en":"Kalyaat","geo_level":"Bgy","len_crs":9575,"area_crs":2317783,"len_km":9,"area_km2":2},"id":405623018},{"arcs":[[-18,64,-1,-11,-54,65]],"type":"Polygon","properties":{"adm1_psgc":400000000,"adm2_psgc":405600000,"adm3_psgc":405623000,"adm4_psgc":405623019,"adm4_en":"Kilib","geo_level":"Bgy","len_crs":9061,"area_crs":3332295,"len_km":9,"area_km2":3},"id":405623019},{"arcs":[[-58,66,67,-48,68,-47,-2,-65,-17]],"type":"Polygon","properties":{"adm1_psgc":400000000,"adm2_psgc":405600000,"adm3_psgc":405623000,"adm4_psgc":405623020,"adm4_en":"Kulapi","geo_level":"Bgy","len_crs":8585,"area_crs":3345841,"len_km":8,"area_km2":3},"id":405623020},{"arcs":[[69,-55,-9,-59,70]],"type":"Polygon","properties":{"adm1_psgc":400000000,"adm2_psgc":405600000,"adm3_psgc":405623000,"adm4_psgc":405623021,"adm4_en":"Mahabang Parang","geo_level":"Bgy","len_crs":9727,"area_crs":3758947,"len_km":9,"area_km2":3},"id":405623021},{"arcs":[[71,72,73,-67,-57]],"type":"Polygon","properties":{"adm1_psgc":400000000,"adm2_psgc":405600000,"adm3_psgc":405623000,"adm4_psgc":405623022,"adm4_en":"Malupak","geo_level":"Bgy","len_crs":9666,"area_crs":4571028,"len_km":9,"area_km2":4},"id":405623022},{"arcs":[[74,75,76,77,78]],"type":"Polygon","properties":{"adm1_psgc":400000000,