{"type":"Topology","arcs":[[[261,274],[43,-82]],[[304,192],[-39,-2]],[[265,190],[-148,-5]],[[117,185],[-11,65]],[[106,250],[31,31]],[[137,281],[124,-7]],[[139,508],[-101,-13]],[[38,495],[-14,60]],[[24,555],[59,10]],[[83,565],[43,15]],[[126,580],[13,-72]],[[106,250],[-35,-1]],[[71,249],[5,125]],[[76,374],[89,3]],[[165,377],[-28,-96]],[[272,353],[-107,24]],[[165,377],[-10,63]],[[155,440],[128,13]],[[283,453],[-11,-100]],[[341,596],[-95,-13]],[[246,583],[-37,75]],[[209,658],[102,31]],[[311,689],[30,-93]],[[179,717],[-67,-45]],[[112,672],[-50,7]],[[62,679],[36,66]],[[98,745],[6,17]],[[104,762],[75,-45]],[[76,374],[-38,121]],[[139,508],[16,-68]],[[117,185],[-72,-93]],[[45,92],[24,37],[2,120]],[[116,921],[2,-118]],[[118,803],[-71,4]],[[47,807],[13,124]],[[60,931],[56,-10]],[[387,75],[-30,-24]],[[357,51],[-58,-10],[-24,90]],[[275,131],[47,3]],[[322,134],[65,-59]],[[241,761],[-62,-44]],[[104,762],[14,41]],[[116,921],[93,12]],[[209,933],[32,-172]],[[246,583],[-120,-3]],[[83,565],[-27,53],[56,54]],[[179,717],[30,-59]],[[219,0],[-67,1],[-51,49],[35,34]],[[136,84],[47,34]],[[183,118],[36,-118]],[[272,353],[-11,-79]],[[275,131],[-92,-13]],[[136,84],[-91,8]],[[265,190],[10,-59]],[[62,679],[-62,0]],[[0,679],[67,68]],[[67,747],[31,-2]],[[60,931],[34,76],[94,51],[21,-125]],[[341,596],[9,-37],[-104,-24]],[[246,535],[-107,-27]],[[24,555],[-24,124]],[[246,535],[37,-82]],[[241,761],[70,-72]],[[67,747],[-20,60]],[[357,51],[5,-27]],[[362,24],[-143,-24]],[[387,75],[-25,-51]],[[304,192],[18,-58]]],"transform":{"scale":[0.00018836879844976373,0.0002126802003780934],"translate":[125.17223254700004,8.868637429000044]},"objects":{"bgysubmuns-municity-1004317000":{"type":"GeometryCollection","geometries":[{"arcs":[[0,1,2,3,4,5]],"type":"Polygon","properties":{"adm1_psgc":1000000000,"adm2_psgc":1004300000,"adm3_psgc":1004317000,"adm4_psgc":1004317001,"adm4_en":"Abunda","geo_level":"Bgy","len_crs":13281,"area_crs":6823258,"len_km":13,"area_km2":6},"id":1004317001},{"arcs":[[6,7,8,9,10]],"type":"Polygon","properties":{"adm1_psgc":1000000000,"adm2_psgc":1004300000,"adm3_psgc":1004317000,"adm4_psgc":1004317002,"adm4_en":"Artadi","geo_level":"Bgy","len_crs":7790,"area_crs":3182530,"len_km":7,"area_km2":3},"id":1004317002},{"arcs":[[-5,11,12,13,14]],"type":"Polygon","properties":{"adm1_psgc":1000000000,"adm2_psgc":1004300000,"adm3_psgc":1004317000,"adm4_psgc":1004317003,"adm4_en":"Bonifacio Aquino","geo_level":"Bgy","len_crs":9633,"area_crs":4881193,"len_km":9,"area_km2":4},"id":1004317003},{"arcs":[[15,16,17,18]],"type":"Polygon","properties":{"adm1_psgc":1000000000,"adm2_psgc":1004300000,"adm3_psgc":1004317000,"adm4_psgc":1004317004,"adm4_en":"Cabalawan","geo_level":"Bgy","len_crs":12263,"area_crs":4946817,"len_km":12,"area_km2":4},"id":1004317004},{"arcs":[[19,20,21,22]],"type":"Polygon","properties":{"adm1_psgc":1000000000,"adm2_psgc":1004300000,"adm3_psgc":1004317000,"adm4_psgc":1004317005,"adm4_en":"Cabantian","geo_level":"Bgy","len_crs":8483,"area_crs":4368105,"len_km":8,"area_km2":4},"id":1004317005},{"arcs":[[23,24,25,26,27]],"type":"Polygon","properties":{"adm1_psgc":1000000000,"adm2_psgc":1004300000,"adm3_psgc":1004317000,"adm4_psgc":1004317006,"adm4_en":"Cabubuhan","geo_level":"Bgy","len_crs":7085,"area_crs":3108005,"len_km":7,"area_km2":3},"id":1004317006},{"arcs":[[-17,-14,28,-7,29]],"type":"Polygon","properties":{"adm1_psgc":1000000000,"adm2_psgc":1004300000,"adm3_psgc":1004317000,"adm4_psgc":1004317007,"adm4_en":"Candiis","geo_level":"Bgy","len_crs":10576,"area_crs":5517017,"len_km":10,"area_km2":5},"id":1004317007},{"arcs":[[30,31,-12,-4]],"type":"Polygon","properties":{"adm1_psgc":1000000000,"adm2_psgc":1004300000,"adm3_psgc":1004317000,"adm4_psgc":1004317008,"adm4_en":"Consuelo","geo_level":"Bgy","len_crs":9624,"area_crs":2605234,"len_km":9,"area_km2":2},"id":1004317008},{"arcs":[[32,33,34,35]],"type":"Polygon","properties":{"adm1_psgc":1000000000,"adm2_psgc":1004300000,"adm3_psgc":1004317000,"adm4_psgc":1004317009,"adm4_en":"Damayuhan","geo_level":"Bgy","len_crs":8775,"area_crs":3828895,"len_km":8,"area_km2":3},"id":1004317009},{"arcs":[[36,37,38,39]],"type":"Polygon","properties":{"adm1_psgc":1000000000,"adm2_psgc":1004300000,"adm3_psgc":1004317000,"adm4_psgc":1004317010,"adm4_en":"Gumabon","geo_level":"Bgy","len_crs":9453,"area_crs":3262305,"len_km":9,"area_km2":3},"id":1004317010},{"arcs":[[40,-28,41,-33,42,43]],"type":"Polygon","properties":{"adm1_psgc":1000000000,"adm2_psgc":1004300000,"adm3_psgc":1004317000,"adm4_psgc":1004317011,"adm4_en":"Kauswagan","geo_level":"Bgy","len_crs":13389,"area_crs":10342045,"len_km":13,"area_km2":10},"id":1004317011},{"arcs":[[-21,44,-10,45,-24,46]],"type":"Polygon","properties":{"adm1_psgc":1000000000,"adm2_psgc":1004300000,"adm3_psgc":1004317000,"adm4_psgc":1004317012,"adm4_en":"Kibungsod","geo_level":"Bgy","len_crs":12177,"area_crs":6903084,"len_km":12,"area_km2":6},"id":1004317012},{"arcs":[[47,48,49]],"type":"Polygon","properties":{"adm1_psgc":1000000000,"adm2_psgc":1004300000,"adm3_psgc":1004317000,"adm4_psgc":1004317013,"adm4_en":"Mahayahay","geo_level":"Bgy","len_crs":8278,"area_crs":4011732,"len_km":8,"area_km2":4},"id":1004317013},{"arcs":[[50,-6,-15,-16]],"type":"Polygon","properties":{"adm1_psgc":1000000000,"adm2_psgc":1004300000,"adm3_psgc":1004317000,"adm4_psgc":1004317014,"adm4_en":"Mindulao","geo_level":"Bgy","len_crs":13164,"area_crs":5333473,"len_km":13,"area_km2":5},"id":1004317014},{"arcs":[[51,-49,52,-31,-3,53]],"type":"Polygon","properties":{"adm1_psgc":1000000000,"adm2_psgc":1004300000,"adm3_psgc":1004317000,"adm4_psgc":1004317015,"adm4_en":"Pag-asa","geo_level":"Bgy","len_crs":12520,"area_crs":6526173,"len_km":12,"area_km2":6},"id":1004317015},{"arcs":[[-26,54,55,56]],"type":"Polygon","properties":{"adm1_psgc":1000000000,"adm2_psgc":1004300000,"adm3_psgc":1004317000,"adm4_psgc":1004317016,"adm4_en":"Poblacion","geo_level":"Bgy","len_crs":6368,"area_crs":1153826,"len_km":6,"area_km2":1},"id":1004317016},{"arcs":[[-43,-36,57]],"type":"Polygon","properties":{"adm1_psgc":1000000000,"adm2_psgc":1004300000,"adm3_psgc":1004317000,"adm4_psgc":1004317017,"adm4_en":"San Isidro","geo_level":"Bgy","len_crs":10840,"area_crs":6349703,"len_km":10,"area_km2":6},"id":1004317017},{"arcs":[[-20,58,59,-11,-45]],"type":"Polygon","properties":{"adm1_psgc":1000000000,"adm2_psgc":1004300000,"adm3_psgc":1004317000,"adm4_psgc":1004317018,"adm4_en":"San Vicente","geo_level":"Bgy","len_crs":11864,"area_crs":6011879,"len_km":11,"area_km2":6},"id":1004317018},{"arcs":[[-46,-9,60,-55,-25]],"type":"Polygon","properties":{"adm1_psgc":1000000000,"adm2_psgc":1004300000,"adm3_psgc":1004317000,"adm4_psgc":1004317019,"adm4_en":"Santa Cruz","geo_level":"Bgy","len_crs":10070,"area_crs":4139695,"len_km":10,"area_km2":4},"id":1004317019},{"arcs":[[-18,-30,-60,61]],"type":"Polygon","properties":{"adm1_psgc":1000000000,"adm2_psgc":1004300000,"adm3_psgc":1004317000,"adm4_psgc":1004317020,"adm4_en":"Tibon-tibon","geo_level":"Bgy","len_crs":10594,"area_crs":5287329,"len_km":10,"area_km2":5},"id":1004317020},{"arcs":[[-22,-47,-41,62]],"type":"Polygon","properties":{"adm1_psgc":1000000000,"adm2_psgc":1004300000,"adm3_psgc":1004317000,"adm4_psgc":1004317021,"adm4_en":"Tulang","geo_level":"Bgy","len_crs":7699,"area_crs":3657204,"len_km":7,"area_km2":3},"id":1004317021},{"arcs":[[-42,-27,-57,63,-34]],"type":"Polygon","properties":{"adm1_psgc":1000000000,"adm2_psgc":1004300000,"adm3_psgc":1004317000,"adm4_psgc":1004317022,"adm4_en":"Villa Felipa","geo_level":"Bgy","len_crs":5969,"area_crs":1447041,"len_km":5,"area_km2":1},"id":1004317022},{"arcs":[[64,65,-50,-52,-38]],"type":"Polygon","properties":{"adm1_psgc":1000000000,"adm2_psgc":1004300000,"adm3_psgc":1004317000,"adm4_psgc":1004317023,"adm4_en":"Katipunan","geo_level":"Bgy","len_crs":11990,"area_crs":5840379,"len_km":11,"area_km2":5},"id":1004317023},{"arcs":[[-65,-37,66]],"type":"Polygon","properties":{"adm1_psgc":1000000000,"adm2_psgc":1004300000,"adm3_psgc":1004317000,"adm4_psgc":1004317024,