{"type":"Topology","arcs":[[[819,389],[21,-34],[65,-18],[54,-65]],[[959,272],[-36,-6],[-56,29],[-32,-37],[54,-25],[29,-59],[77,-46]],[[995,128],[-176,-78]],[[819,50],[-62,249],[3,17]],[[760,316],[23,53]],[[783,369],[0,1]],[[783,370],[36,19]],[[664,52],[-7,-52]],[[657,0],[-125,70],[-54,13],[-106,-9]],[[372,74],[5,58]],[[377,132],[44,46]],[[421,178],[50,-4],[55,-22],[138,-100]],[[695,875],[-232,-176]],[[463,699],[18,86],[-39,-31],[-24,-48],[-32,2],[-36,30],[-16,93],[13,36],[81,34],[135,194],[111,14],[-7,-119],[19,-22],[9,-93]],[[372,74],[-41,-3],[-66,36],[15,33]],[[280,140],[13,20],[84,-28]],[[578,427],[-53,-18]],[[525,409],[-8,17]],[[517,426],[42,41]],[[559,467],[19,-40]],[[716,835],[-45,-165],[5,-127]],[[676,543],[-60,14],[-99,43],[-51,49],[-3,50]],[[695,875],[21,-40]],[[819,50],[-162,-50]],[[664,52],[67,40],[-81,116],[-82,41]],[[568,249],[-17,123],[-19,22]],[[532,394],[23,8],[88,-38],[72,-41],[45,-7]],[[1030,238],[-71,34]],[[819,389],[21,19],[46,104]],[[886,512],[144,-274]],[[1030,238],[16,-49],[-51,-61]],[[525,409],[7,-15]],[[568,249],[-128,43]],[[440,292],[-87,51]],[[353,343],[96,38]],[[449,381],[34,49],[34,-4]],[[449,381],[-1,11]],[[448,392],[-9,32],[-34,22],[48,79],[59,-29],[12,-35],[35,6]],[[366,516],[-86,133],[-204,33]],[[76,682],[55,94],[197,83],[-12,-84],[11,-43],[-2,-65],[85,-11],[11,-58],[-40,-33],[-15,-49]],[[440,292],[-28,-51],[9,-63]],[[280,140],[-70,97],[-38,85]],[[172,322],[125,21],[56,0]],[[578,427],[60,3],[47,-24],[47,-3],[51,-34]],[[783,370],[-41,48],[50,22],[-21,24],[-43,5],[-52,74]],[[716,835],[88,-157],[82,-166]],[[366,516],[-28,-20],[45,-86],[65,-18]],[[172,322],[-1,144],[-171,184],[76,32]]],"transform":{"scale":[0.00025594508126193847,0.00024192508115415955],"translate":[121.01704493800003,15.708809818000075]},"objects":{"bgysubmuns-municity-304920000":{"type":"GeometryCollection","geometries":[{"arcs":[[0,1,2,3,4,5,6]],"type":"Polygon","properties":{"adm1_psgc":300000000,"adm2_psgc":304900000,"adm3_psgc":304920000,"adm4_psgc":304920001,"adm4_en":"Cadaclan","geo_level":"Bgy","len_crs":33560,"area_crs":28959705,"len_km":33,"area_km2":28},"id":304920001},{"arcs":[[7,8,9,10,11]],"type":"Polygon","properties":{"adm1_psgc":300000000,"adm2_psgc":304900000,"adm3_psgc":304920000,"adm4_psgc":304920003,"adm4_en":"Cambitala","geo_level":"Bgy","len_crs":21276,"area_crs":15616040,"len_km":21,"area_km2":15},"id":304920003},{"arcs":[[12,13]],"type":"Polygon","properties":{"adm1_psgc":300000000,"adm2_psgc":304900000,"adm3_psgc":304920000,"adm4_psgc":304920004,"adm4_en":"Conversion","geo_level":"Bgy","len_crs":50203,"area_crs":59501039,"len_km":50,"area_km2":59},"id":304920004},{"arcs":[[-10,14,15]],"type":"Polygon","properties":{"adm1_psgc":300000000,"adm2_psgc":304900000,"adm3_psgc":304920000,"adm4_psgc":304920005,"adm4_en":"Ganduz","geo_level":"Bgy","len_crs":9228,"area_crs":5067390,"len_km":9,"area_km2":5},"id":304920005},{"arcs":[[[16,17,18,19]],[[20,21,-13,22]]],"type":"MultiPolygon","properties":{"adm1_psgc":300000000,"adm2_psgc":304900000,"adm3_psgc":304920000,"adm4_psgc":304920007,"adm4_en":"Liberty","geo_level":"Bgy","len_crs":61988,"area_crs":33588004,"len_km":61,"area_km2":33},"id":304920007},{"arcs":[[-4,23,-8,24,25,26]],"type":"Polygon","properties":{"adm1_psgc":300000000,"adm2_psgc":304900000,"adm3_psgc":304920000,"adm4_psgc":304920009,"adm4_en":"Malbang","geo_level":"Bgy","len_crs":34615,"area_crs":37012003,"len_km":34,"area_km2":37},"id":304920009},{"arcs":[[27,-1,28,29]],"type":"Polygon","properties":{"adm1_psgc":300000000,"adm2_psgc":304900000,"adm3_psgc":304920000,"adm4_psgc":304920010,"adm4_en":"Marikit","geo_level":"Bgy","len_crs":20615,"area_crs":13104233,"len_km":20,"area_km2":13},"id":304920010},{"arcs":[[-28,30,-2]],"type":"Polygon","properties":{"adm1_psgc":300000000,"adm2_psgc":304900000,"adm3_psgc":304920000,"adm4_psgc":304920011,"adm4_en":"Napon-Napon","geo_level":"Bgy","len_crs":17213,"area_crs":13168535,"len_km":17,"area_km2":13},"id":304920011},{"arcs":[[-18,31,-26,32,33,34,35]],"type":"Polygon","properties":{"adm1_psgc":300000000,"adm2_psgc":304900000,"adm3_psgc":304920000,"adm4_psgc":304920012,"adm4_en":"Poblacion East","geo_level":"Bgy","len_crs":17975,"area_crs":14271730,"len_km":17,"area_km2":14},"id":304920012},{"arcs":[[[-19,-36,36,37]],[[38,39]]],"type":"MultiPolygon","properties":{"adm1_psgc":300000000,"adm2_psgc":304900000,"adm3_psgc":304920000,"adm4_psgc":304920013,"adm4_en":"Poblacion West","geo_level":"Bgy","len_crs":95962,"area_crs":39741535,"len_km":95,"area_km2":39},"id":304920013},{"arcs":[[40,-11,-16,41,42,-34]],"type":"Polygon","properties":{"adm1_psgc":300000000,"adm2_psgc":304900000,"adm3_psgc":304920000,"adm4_psgc":304920014,"adm4_en":"Sampaloc","geo_level":"Bgy","len_crs":21880,"area_crs":27837109,"len_km":21,"area_km2":27},"id":304920014},{"arcs":[[-25,-12,-41,-33]],"type":"Polygon","properties":{"adm1_psgc":300000000,"adm2_psgc":304900000,"adm3_psgc":304920000,"adm4_psgc":304920015,"adm4_en":"San Juan","geo_level":"Bgy","len_crs":24487,"area_crs":25729994,"len_km":24,"area_km2":25},"id":304920015},{"arcs":[[[-5,-27,-32,-17,43]],[[-29,-7,44,-21,45]]],"type":"MultiPolygon","properties":{"adm1_psgc":300000000,"adm2_psgc":304900000,"adm3_psgc":304920000,"adm4_psgc":304920016,"adm4_en":"Villarica","geo_level":"Bgy","len_crs":64165,"area_crs":48921991,"len_km":64,"area_km2":48},"id":304920016},{"arcs":[[46,-37,-35,-43,47,-39]],"type":"Polygon","properties":{"adm1_psgc":300000000,"adm2_psgc":304900000,"adm3_psgc":304920000,"adm4_psgc":304920017,"adm4_en":"Fatima","geo_level":"Bgy","len_crs":47352,"area_crs":57279482,"len_km":47,"area_km2":57},"id":304920017}]}}}