{"type":"Topology","arcs":[[[2160,961],[76,-114],[-151,39],[44,70],[31,5]],[[2351,1015],[-78,-68],[-95,-9],[-1,37],[72,4],[102,36]],[[1856,1312],[89,-22],[32,-186],[-38,-20],[-46,55],[-62,12],[-11,44],[36,117]],[[1777,1564],[32,-31],[223,-81],[83,-45],[65,-79],[-15,-129],[-83,-89],[-79,-9],[-21,23],[-22,104],[20,36],[85,-11],[9,118],[-21,20],[-78,-60],[-48,38],[-91,-34],[-14,65],[-59,-37],[15,-76],[-42,-165],[-67,203],[22,87],[55,74],[31,78]],[[2910,1588],[93,-31],[60,-55],[0,-46],[-63,-69],[-69,36],[-71,89],[8,58],[42,18]],[[814,351],[176,-65],[-25,-41],[-179,-29],[-58,80],[86,55]],[[952,615],[105,-26],[-23,-56],[-82,82]],[[1273,1109],[31,-27],[28,-86],[-37,-28],[-76,63],[-91,-91],[-47,-29],[-28,-64],[-46,60],[-57,-87],[-76,5],[-52,-81],[-26,1],[-91,-64],[43,-65],[-29,-66],[-86,-30],[-26,33],[46,114],[61,68],[79,58],[129,120],[80,37],[41,61],[72,40],[158,58]],[[203,1756],[101,-82],[-29,-82],[-148,-38],[-70,25],[-7,64],[44,62],[109,51]],[[2167,361],[-14,-69],[-72,-81],[-46,-14],[-11,96],[87,-33],[56,101]],[[1963,452],[20,-62],[-70,-40],[-29,44],[79,58]],[[208,3762],[154,-29],[105,-82],[28,-214],[-71,-138],[-41,3],[-98,-78],[-62,-24],[-175,14],[-45,15],[-3,64],[21,170],[34,-9],[21,84],[-26,54],[28,87],[71,65],[59,18]]],"transform":{"scale":[0.00006952829382958228,0.000062137041998947],"translate":[120.84154070600005,6.109221044000036]},"objects":{"bgysubmuns-municity-1906606000":{"type":"GeometryCollection","geometries":[{"arcs":[[[0]],[[1]],[[2]],[[3]],[[4]]],"type":"MultiPolygon","properties":{"adm1_psgc":1900000000,"adm2_psgc":1906600000,"adm3_psgc":1906606000,"adm4_psgc":1906606002,"adm4_en":"Bubuan","geo_level":"Bgy","len_crs":76215,"area_crs":9564297,"len_km":76,"area_km2":9},"id":1906606002},{"arcs":[[[5]],[[6]],[[7]],[[8]]],"type":"MultiPolygon","properties":{"adm1_psgc":1900000000,"adm2_psgc":1906600000,"adm3_psgc":1906606000,"adm4_psgc":1906606003,"adm4_en":"Kabuukan","geo_level":"Bgy","len_crs":117034,"area_crs":7756135,"len_km":117,"area_km2":7},"id":1906606003},{"arcs":[[[9]],[[10]]],"type":"MultiPolygon","properties":{"adm1_psgc":1900000000,"adm2_psgc":1906600000,"adm3_psgc":1906606000,"adm4_psgc":1906606008,"adm4_en":"Pag-asinan","geo_level":"Bgy","len_crs":35258,"area_crs":1430756,"len_km":35,"area_km2":1},"id":1906606008},{"type":null,"properties":{"adm1_psgc":1900000000,"adm2_psgc":1906600000,"adm3_psgc":1906606000,"adm4_psgc":1906606012,"adm4_en":"Bangas","geo_level":"Bgy","len_crs":14776,"area_crs":517028,"len_km":14,"area_km2":0},"id":1906606012},{"arcs":[[11]],"type":"Polygon","properties":{"adm1_psgc":1900000000,"adm2_psgc":1906600000,"adm3_psgc":1906606000,"adm4_psgc":1906606015,"adm4_en":"Teomabal","geo_level":"Bgy","len_crs":22818,"area_crs":11025818,"len_km":22,"area_km2":11},"id":1906606015}]}}}