{"type":"Topology","arcs":[[[117,359],[-112,-30]],[[5,329],[-4,79]],[[1,408],[79,5]],[[80,413],[37,-54]],[[339,194],[25,-30]],[[364,164],[-55,0]],[[309,164],[-13,13]],[[296,177],[-3,29]],[[293,206],[25,4]],[[318,210],[21,-16]],[[213,225],[46,-42]],[[259,183],[-60,-69]],[[199,114],[-142,108]],[[57,222],[92,28]],[[149,250],[64,-25]],[[324,293],[-19,-47]],[[305,246],[-33,18]],[[272,264],[-70,80]],[[202,344],[49,33]],[[251,377],[73,-84]],[[269,389],[-18,-12]],[[202,344],[-23,26]],[[179,370],[-10,107]],[[169,477],[100,-88]],[[489,173],[-63,-61]],[[426,112],[-17,3]],[[409,115],[-45,49]],[[364,164],[54,49]],[[418,213],[71,-40]],[[420,252],[-81,-58]],[[318,210],[-13,36]],[[324,293],[42,32]],[[366,325],[54,-73]],[[124,590],[-124,-2]],[[0,588],[14,118],[95,52],[15,-168]],[[409,115],[-5,-26]],[[404,89],[-127,52]],[[277,141],[32,23]],[[154,515],[-81,-22]],[[73,493],[-68,-23]],[[5,470],[-5,118]],[[124,590],[30,-75]],[[1,408],[4,62]],[[73,493],[7,-80]],[[420,252],[-2,-39]],[[296,177],[-47,-42]],[[249,135],[-50,-21]],[[259,183],[34,23]],[[277,141],[-28,-6]],[[179,370],[-62,-11]],[[154,515],[15,-38]],[[213,225],[59,39]],[[57,222],[-52,107]],[[117,359],[32,-109]],[[489,173],[88,-64],[5,-71],[-197,-38],[41,112]],[[269,389],[97,-64]],[[404,89],[-105,-33],[-22,85]]],"transform":{"scale":[0.00012013108591070527,0.00014772806596304768],"translate":[123.92330781400004,10.35014834000003]},"objects":{"bgysubmuns-municity-702219000":{"type":"GeometryCollection","geometries":[{"arcs":[[0,1,2,3]],"type":"Polygon","properties":{"adm1_psgc":700000000,"adm2_psgc":702200000,"adm3_psgc":702219000,"adm4_psgc":702219001,"adm4_en":"Cabangahan","geo_level":"Bgy","len_crs":4997,"area_crs":1557559,"len_km":4,"area_km2":1},"id":702219001},{"arcs":[[4,5,6,7,8,9]],"type":"Polygon","properties":{"adm1_psgc":700000000,"adm2_psgc":702200000,"adm3_psgc":702219000,"adm4_psgc":702219002,"adm4_en":"Cansaga","geo_level":"Bgy","len_crs":3225,"area_crs":405785,"len_km":3,"area_km2":0},"id":702219002},{"arcs":[[10,11,12,13,14]],"type":"Polygon","properties":{"adm1_psgc":700000000,"adm2_psgc":702200000,"adm3_psgc":702219000,"adm4_psgc":702219003,"adm4_en":"Casili","geo_level":"Bgy","len_crs":8158,"area_crs":2621835,"len_km":8,"area_km2":2},"id":702219003},{"arcs":[[15,16,17,18,19]],"type":"Polygon","properties":{"adm1_psgc":700000000,"adm2_psgc":702200000,"adm3_psgc":702219000,"adm4_psgc":702219004,"adm4_en":"Danglag","geo_level":"Bgy","len_crs":5770,"area_crs":1534462,"len_km":5,"area_km2":1},"id":702219004},{"arcs":[[20,-19,21,22,23]],"type":"Polygon","properties":{"adm1_psgc":700000000,"adm2_psgc":702200000,"adm3_psgc":702219000,"adm4_psgc":702219005,"adm4_en":"Garing","geo_level":"Bgy","len_crs":6516,"area_crs":2145383,"len_km":6,"area_km2":2},"id":702219005},{"arcs":[[24,25,26,27,28]],"type":"Polygon","properties":{"adm1_psgc":700000000,"adm2_psgc":702200000,"adm3_psgc":702219000,"adm4_psgc":702219006,"adm4_en":"Jugan","geo_level":"Bgy","len_crs":5177,"area_crs":1674195,"len_km":5,"area_km2":1},"id":702219006},{"arcs":[[29,-10,30,-16,31,32]],"type":"Polygon","properties":{"adm1_psgc":700000000,"adm2_psgc":702200000,"adm3_psgc":702219000,"adm4_psgc":702219007,"adm4_en":"Lamac","geo_level":"Bgy","len_crs":7315,"area_crs":1739596,"len_km":7,"area_km2":1},"id":702219007},{"arcs":[[33,34]],"type":"Polygon","properties":{"adm1_psgc":700000000,"adm2_psgc":702200000,"adm3_psgc":702219000,"adm4_psgc":702219008,"adm4_en":"Lanipga","geo_level":"Bgy","len_crs":7886,"area_crs":3709652,"len_km":7,"area_km2":3},"id":702219008},{"arcs":[[-27,35,36,37,-6]],"type":"Polygon","properties":{"adm1_psgc":700000000,"adm2_psgc":702200000,"adm3_psgc":702219000,"adm4_psgc":702219009,"adm4_en":"Nangka","geo_level":"Bgy","len_crs":5081,"area_crs":1018992,"len_km":5,"area_km2":1},"id":702219009},{"arcs":[[38,39,40,-34,41]],"type":"Polygon","properties":{"adm1_psgc":700000000,"adm2_psgc":702200000,"adm3_psgc":702219000,"adm4_psgc":702219010,"adm4_en":"Panas","geo_level":"Bgy","len_crs":6946,"area_crs":2805532,"len_km":6,"area_km2":2},"id":702219010},{"arcs":[[-3,42,-40,43]],"type":"Polygon","properties":{"adm1_psgc":700000000,"adm2_psgc":702200000,"adm3_psgc":702219000,"adm4_psgc":702219011,"adm4_en":"Panoypoy","geo_level":"Bgy","len_crs":4353,"area_crs":1117841,"len_km":4,"area_km2":1},"id":702219011},{"arcs":[[-28,-5,-30,44]],"type":"Polygon","properties":{"adm1_psgc":700000000,"adm2_psgc":702200000,"adm3_psgc":702219000,"adm4_psgc":702219012,"adm4_en":"Pitogo","geo_level":"Bgy","len_crs":4248,"area_crs":700641,"len_km":4,"area_km2":0},"id":702219012},{"arcs":[[45,46,-12,47,-8]],"type":"Polygon","properties":{"adm1_psgc":700000000,"adm2_psgc":702200000,"adm3_psgc":702219000,"adm4_psgc":702219013,"adm4_en":"Poblacion Occidental","geo_level":"Bgy","len_crs":4584,"area_crs":558038,"len_km":4,"area_km2":0},"id":702219013},{"arcs":[[-38,48,-46,-7]],"type":"Polygon","properties":{"adm1_psgc":700000000,"adm2_psgc":702200000,"adm3_psgc":702219000,"adm4_psgc":702219014,"adm4_en":"Poblacion Oriental","geo_level":"Bgy","len_crs":2388,"area_crs":294507,"len_km":2,"area_km2":0},"id":702219014},{"arcs":[[-23,49,-4,-44,-39,50]],"type":"Polygon","properties":{"adm1_psgc":700000000,"adm2_psgc":702200000,"adm3_psgc":702219000,"adm4_psgc":702219015,"adm4_en":"Polog","geo_level":"Bgy","len_crs":7019,"area_crs":2688404,"len_km":7,"area_km2":2},"id":702219015},{"arcs":[[-31,-9,-48,-11,51,-17]],"type":"Polygon","properties":{"adm1_psgc":700000000,"adm2_psgc":702200000,"adm3_psgc":702219000,"adm4_psgc":702219016,"adm4_en":"Pulpogan","geo_level":"Bgy","len_crs":4325,"area_crs":1053983,"len_km":4,"area_km2":1},"id":702219016},{"arcs":[[-14,52,-1,53]],"type":"Polygon","properties":{"adm1_psgc":700000000,"adm2_psgc":702200000,"adm3_psgc":702219000,"adm4_psgc":702219017,"adm4_en":"Sacsac","geo_level":"Bgy","len_crs":6935,"area_crs":2972740,"len_km":6,"area_km2":2},"id":702219017},{"arcs":[[-25,54]],"type":"Polygon","properties":{"adm1_psgc":700000000,"adm2_psgc":702200000,"adm3_psgc":702219000,"adm4_psgc":702219018,"adm4_en":"Tayud","geo_level":"Bgy","len_crs":22387,"area_crs":4729564,"len_km":22,"area_km2":4},"id":702219018},{"arcs":[[-32,-20,-21,55]],"type":"Polygon","properties":{"adm1_psgc":700000000,"adm2_psgc":702200000,"adm3_psgc":702219000,"adm4_psgc":702219019,"adm4_en":"Tilhaong","geo_level":"Bgy","len_crs":4597,"area_crs":699170,"len_km":4,"area_km2":0},"id":702219019},{"arcs":[[-18,-52,-15,-54,-50,-22]],"type":"Polygon","properties":{"adm1_psgc":700000000,"adm2_psgc":702200000,"adm3_psgc":702219000,"adm4_psgc":702219020,"adm4_en":"Tolotolo","geo_level":"Bgy","len_crs":6734,"area_crs":2706178,"len_km":6,"area_km2":2},"id":702219020},{"arcs":[[56,-37]],"type":"Polygon","properties":{"adm1_psgc":700000000,"adm2_psgc":702200000,"adm3_psgc":702219000,"adm4_psgc":702219021,"adm4_en":"Tugbongan","geo_level":"Bgy","len_crs":8135,"area_crs":1190091,"len_km":8,"area_km2":1},"id":702219021}]}}}