{"type":"Topology","arcs":[[[416,365],[-5,-38]],[[411,327],[-2,-45]],[[409,282],[-97,13]],[[312,295],[33,91]],[[345,386],[71,-21]],[[247,233],[27,-55]],[[274,178],[-55,-21]],[[219,157],[-34,79]],[[185,236],[62,-3]],[[232,303],[-65,-26]],[[167,277],[-20,46]],[[147,323],[73,13]],[[220,336],[12,-33]],[[147,323],[114,93]],[[261,416],[-41,-80]],[[513,320],[3,-3]],[[516,317],[-37,-38]],[[479,279],[-70,3]],[[411,327],[52,8]],[[463,335],[50,-15]],[[629,441],[-116,-121]],[[463,335],[8,37]],[[471,372],[158,69]],[[479,279],[-5,-104]],[[474,175],[-57,-27]],[[417,148],[-15,28]],[[402,176],[-9,12]],[[393,188],[-4,29]],[[389,217],[20,65]],[[274,178],[36,-1]],[[310,177],[7,-28]],[[317,149],[-33,-73]],[[284,76],[-43,35]],[[241,111],[-22,46]],[[264,274],[-2,-21]],[[262,253],[-15,-20]],[[185,236],[-18,41]],[[232,303],[32,-29]],[[358,228],[-48,-51]],[[262,253],[96,-25]],[[389,217],[-31,11]],[[264,274],[48,21]],[[261,416],[84,-30]],[[241,111],[-241,158],[147,54]],[[402,176],[-112,-159]],[[290,17],[-6,59]],[[317,149],[76,39]],[[611,329],[-47,-23]],[[564,306],[-48,11]],[[629,441],[-18,-112]],[[564,306],[-19,-153]],[[545,153],[-57,-62]],[[488,91],[-11,80]],[[477,171],[-3,4]],[[417,148],[-106,-148]],[[311,0],[-21,17]],[[488,91],[-72,-19]],[[416,72],[61,99]],[[416,72],[-105,-72]],[[416,365],[55,7]],[[611,329],[-66,-176]]],"transform":{"scale":[0.0003538240492846158,0.0003230388253968036],"translate":[124.51666026800001,12.228430569000066]},"objects":{"bgysubmuns-municity-804824000":{"type":"GeometryCollection","geometries":[{"arcs":[[0,1,2,3,4]],"type":"Polygon","properties":{"adm1_psgc":800000000,"adm2_psgc":804800000,"adm3_psgc":804824000,"adm4_psgc":804824001,"adm4_en":"Bayho","geo_level":"Bgy","len_crs":13262,"area_crs":10400751,"len_km":13,"area_km2":10},"id":804824001},{"arcs":[[5,6,7,8]],"type":"Polygon","properties":{"adm1_psgc":800000000,"adm2_psgc":804800000,"adm3_psgc":804824000,"adm4_psgc":804824002,"adm4_en":"Bonifacio","geo_level":"Bgy","len_crs":10720,"area_crs":5339567,"len_km":10,"area_km2":5},"id":804824002},{"arcs":[[9,10,11,12]],"type":"Polygon","properties":{"adm1_psgc":800000000,"adm2_psgc":804800000,"adm3_psgc":804824000,"adm4_psgc":804824003,"adm4_en":"Cagamesarag","geo_level":"Bgy","len_crs":8653,"area_crs":3933376,"len_km":8,"area_km2":3},"id":804824003},{"arcs":[[-12,13,14]],"type":"Polygon","properties":{"adm1_psgc":800000000,"adm2_psgc":804800000,"adm3_psgc":804824000,"adm4_psgc":804824004,"adm4_en":"Cag-aguingay","geo_level":"Bgy","len_crs":12675,"area_crs":9601171,"len_km":12,"area_km2":9},"id":804824004},{"arcs":[[15,16,17,-2,18,19]],"type":"Polygon","properties":{"adm1_psgc":800000000,"adm2_psgc":804800000,"adm3_psgc":804824000,"adm4_psgc":804824005,"adm4_en":"Curry","geo_level":"Bgy","len_crs":10988,"area_crs":6952677,"len_km":10,"area_km2":6},"id":804824005},{"arcs":[[20,-20,21,22]],"type":"Polygon","properties":{"adm1_psgc":800000000,"adm2_psgc":804800000,"adm3_psgc":804824000,"adm4_psgc":804824006,"adm4_en":"Gebonawan","geo_level":"Bgy","len_crs":28888,"area_crs":28272824,"len_km":28,"area_km2":28},"id":804824006},{"arcs":[[23,24,25,26,27,28,-18]],"type":"Polygon","properties":{"adm1_psgc":800000000,"adm2_psgc":804800000,"adm3_psgc":804824000,"adm4_psgc":804824007,"adm4_en":"Gen. Luna","geo_level":"Bgy","len_crs":18049,"area_crs":10786294,"len_km":18,"area_km2":10},"id":804824007},{"arcs":[[29,30,31,32,33,-7]],"type":"Polygon","properties":{"adm1_psgc":800000000,"adm2_psgc":804800000,"adm3_psgc":804824000,"adm4_psgc":804824008,"adm4_en":"Getigo","geo_level":"Bgy","len_crs":13815,"area_crs":8551569,"len_km":13,"area_km2":8},"id":804824008},{"arcs":[[34,35,-9,36,-10,37]],"type":"Polygon","properties":{"adm1_psgc":800000000,"adm2_psgc":804800000,"adm3_psgc":804824000,"adm4_psgc":804824009,"adm4_en":"Henaronagan","geo_level":"Bgy","len_crs":9981,"area_crs":6517075,"len_km":9,"area_km2":6},"id":804824009},{"arcs":[[38,-30,-6,-36,39]],"type":"Polygon","properties":{"adm1_psgc":800000000,"adm2_psgc":804800000,"adm3_psgc":804824000,"adm4_psgc":804824010,"adm4_en":"Lope De Vega","geo_level":"Bgy","len_crs":11757,"area_crs":8152843,"len_km":11,"area_km2":8},"id":804824010},{"arcs":[[-29,40,-40,-35,41,-3]],"type":"Polygon","properties":{"adm1_psgc":800000000,"adm2_psgc":804800000,"adm3_psgc":804824000,"adm4_psgc":804824011,"adm4_en":"Lower Caynaga","geo_level":"Bgy","len_crs":14932,"area_crs":9246280,"len_km":14,"area_km2":9},"id":804824011},{"arcs":[[-4,-42,-38,-13,-15,42]],"type":"Polygon","properties":{"adm1_psgc":800000000,"adm2_psgc":804800000,"adm3_psgc":804824000,"adm4_psgc":804824012,"adm4_en":"Maghipid","geo_level":"Bgy","len_crs":15181,"area_crs":14999573,"len_km":15,"area_km2":14},"id":804824012},{"arcs":[[-11,-37,-8,-34,43]],"type":"Polygon","properties":{"adm1_psgc":800000000,"adm2_psgc":804800000,"adm3_psgc":804824000,"adm4_psgc":804824013,"adm4_en":"Magsaysay","geo_level":"Bgy","len_crs":29993,"area_crs":37751560,"len_km":29,"area_km2":37},"id":804824013},{"arcs":[[44,45,-32,46,-27]],"type":"Polygon","properties":{"adm1_psgc":800000000,"adm2_psgc":804800000,"adm3_psgc":804824000,"adm4_psgc":804824014,"adm4_en":"Osmeña","geo_level":"Bgy","len_crs":18323,"area_crs":12235925,"len_km":18,"area_km2":12},"id":804824014},{"arcs":[[47,48,-16,-21,49]],"type":"Polygon","properties":{"adm1_psgc":800000000,"adm2_psgc":804800000,"adm3_psgc":804824000,"adm4_psgc":804824015,"adm4_en":"Paguite","geo_level":"Bgy","len_crs":15684,"area_crs":14471258,"len_km":15,"area_km2":14},"id":804824015},{"arcs":[[50,51,52,53,-24,-17,-49]],"type":"Polygon","properties":{"adm1_psgc":800000000,"adm2_psgc":804800000,"adm3_psgc":804824000,"adm4_psgc":804824016,"adm4_en":"Roxas","geo_level":"Bgy","len_crs":23267,"area_crs":17302098,"len_km":23,"area_km2":17},"id":804824016},{"arcs":[[54,55,-45,-26]],"type":"Polygon","properties":{"adm1_psgc":800000000,"adm2_psgc":804800000,"adm3_psgc":804824000,"adm4_psgc":804824017,"adm4_en":"Sampaguita","geo_level":"Bgy","len_crs":18539,"area_crs":8117826,"len_km":18,"area_km2":8},"id":804824017},{"arcs":[[56,57,-53]],"type":"Polygon","properties":{"adm1_psgc":800000000,"adm2_psgc":804800000,"adm3_psgc":804824000,"adm4_psgc":804824018,"adm4_en":"San Francisco","geo_level":"Bgy","len_crs":13144,"area_crs":6748902,"len_km":13,"area_km2":6},"id":804824018},{"arcs":[[-58,58,-55,-25,-54]],"type":"Polygon","properties":{"adm1_psgc":800000000,"adm2_psgc":804800000,"adm3_psgc":804824000,"adm4_psgc":804824019,"adm4_en":"San Jose","geo_level":"Bgy","len_crs":19333,"area_crs":8220169,"len_km":19,"area_km2":8},"id":804824019},{"arcs":[[-19,-1,59,-22]],"type":"Polygon","properties":{"adm1_psgc":800000000,"adm2_psgc":804800000,"adm3_psgc":804824000,"adm4_psgc":804824020,"adm4_en":"San Miguel","geo_level":"Bgy","len_crs":7708,"area_crs":2498944,"len_km":7,"area_km2":2},"id":804824020},{"arcs":[[-51,-48,60]],"type":"Polygon","properties":{"adm1_psgc":800000000,"adm2_psgc":804800000,"adm3_psgc":804824000,"adm4_psgc":804824021,"adm4_en":"Somoroy","geo_level":"Bgy","len_crs":14810,"area_crs":8382111,"len_km":14,"area_km2":8},"id":804824021},{"arcs":[[-28,-47,-31,-39,-41]],"type":"Polygon","properties":{"adm1_psgc":800000000,"adm2_psgc":804800000,"adm3_psgc":804824000,"adm4_psgc":804824022,"adm4_en":"Upper Caynaga","geo_level":"Bgy","len_crs":10347,"area_crs":5006699,"len_km":10,"area_km2":5},"id":804824022}]}}}