{"type":"Topology","arcs":[[[71,674],[26,-62]],[[97,612],[-29,-64]],[[68,548],[-68,57],[71,69]],[[253,316],[-2,-69]],[[251,247],[-91,83]],[[160,330],[59,8]],[[219,338],[34,-22]],[[121,422],[42,-11]],[[163,411],[-12,-58]],[[151,353],[-9,-1]],[[142,352],[-27,71]],[[115,423],[6,-1]],[[402,528],[-39,-49]],[[363,479],[-25,-22]],[[338,457],[-48,47]],[[290,504],[15,59]],[[305,563],[39,20]],[[344,583],[58,-55]],[[411,331],[-158,-15]],[[253,316],[21,78]],[[274,394],[64,63]],[[363,479],[48,-148]],[[242,31],[4,100]],[[246,131],[5,116]],[[411,331],[170,76],[228,151],[-73,43]],[[736,601],[114,77],[93,-56],[-49,-96],[-6,-124],[-47,-53],[-85,-349],[-284,20],[-158,46],[-72,-35]],[[249,411],[-44,-9]],[[205,402],[-10,46]],[[195,448],[-5,23]],[[190,471],[30,11]],[[220,482],[25,7]],[[245,489],[4,-78]],[[246,131],[-107,12]],[[139,143],[3,209]],[[151,353],[9,-23]],[[184,474],[-23,-2]],[[161,472],[-40,-50]],[[115,423],[-10,65]],[[105,488],[22,12]],[[127,500],[65,20]],[[192,520],[-8,-46]],[[290,504],[-5,2]],[[285,506],[-10,8]],[[275,514],[-34,43]],[[241,557],[37,9]],[[278,566],[27,-3]],[[285,506],[-14,-104]],[[271,402],[-22,9]],[[245,489],[30,25]],[[498,605],[-96,-77]],[[344,583],[0,38]],[[344,621],[154,-16]],[[195,448],[-37,-12]],[[158,436],[3,36]],[[184,474],[6,-3]],[[129,688],[31,-42]],[[160,646],[-25,-16]],[[135,630],[-38,-18]],[[71,674],[58,14]],[[158,436],[5,-25]],[[186,531],[6,-11]],[[127,500],[33,87]],[[160,587],[26,-56]],[[241,557],[-30,-15]],[[211,542],[-25,-11]],[[160,587],[-25,43]],[[160,646],[118,-80]],[[220,482],[-9,60]],[[274,394],[-3,8]],[[242,31],[-130,-3],[27,115]],[[205,402],[14,-64]],[[105,488],[-37,60]],[[129,688],[215,-67]],[[498,605],[148,40],[90,-44]]],"transform":{"scale":[0.0002876360678684919,0.0002356086642442354],"translate":[122.08906121700011,7.600986349000041]},"objects":{"bgysubmuns-municity-907219000":{"type":"GeometryCollection","geometries":[{"arcs":[[0,1,2]],"type":"Polygon","properties":{"adm1_psgc":900000000,"adm2_psgc":907200000,"adm3_psgc":907219000,"adm4_psgc":907219002,"adm4_en":"Balagunan","geo_level":"Bgy","len_crs":18609,"area_crs":5462471,"len_km":18,"area_km2":5},"id":907219002},{"arcs":[[3,4,5,6]],"type":"Polygon","properties":{"adm1_psgc":900000000,"adm2_psgc":907200000,"adm3_psgc":907219000,"adm4_psgc":907219004,"adm4_en":"Andres Micubo Jr.","geo_level":"Bgy","len_crs":9211,"area_crs":4973978,"len_km":9,"area_km2":4},"id":907219004},{"arcs":[[7,8,9,10,11]],"type":"Polygon","properties":{"adm1_psgc":900000000,"adm2_psgc":907200000,"adm3_psgc":907219000,"adm4_psgc":907219005,"adm4_en":"Bucana","geo_level":"Bgy","len_crs":6309,"area_crs":2094043,"len_km":6,"area_km2":2},"id":907219005},{"arcs":[[12,13,14,15,16,17]],"type":"Polygon","properties":{"adm1_psgc":900000000,"adm2_psgc":907200000,"adm3_psgc":907219000,"adm4_psgc":907219006,"adm4_en":"Bulacan","geo_level":"Bgy","len_crs":10855,"area_crs":7214142,"len_km":10,"area_km2":7},"id":907219006},{"arcs":[[18,19,20,-14,21]],"type":"Polygon","properties":{"adm1_psgc":900000000,"adm2_psgc":907200000,"adm3_psgc":907219000,"adm4_psgc":907219008,"adm4_en":"Dionisio Riconalla","geo_level":"Bgy","len_crs":14935,"area_crs":12506050,"len_km":14,"area_km2":12},"id":907219008},{"arcs":[[22,23,-4,-19,24,25]],"type":"Polygon","properties":{"adm1_psgc":900000000,"adm2_psgc":907200000,"adm3_psgc":907219000,"adm4_psgc":907219009,"adm4_en":"Candiz","geo_level":"Bgy","len_crs":71818,"area_crs":197988325,"len_km":71,"area_km2":197},"id":907219009},{"arcs":[[26,27,28,29,30,31]],"type":"Polygon","properties":{"adm1_psgc":900000000,"adm2_psgc":907200000,"adm3_psgc":907219000,"adm4_psgc":907219011,"adm4_en":"Jose P. Brillantes, Sr.","geo_level":"Bgy","len_crs":7496,"area_crs":3022685,"len_km":7,"area_km2":3},"id":907219011},{"arcs":[[-5,-24,32,33,-10,34]],"type":"Polygon","properties":{"adm1_psgc":900000000,"adm2_psgc":907200000,"adm3_psgc":907219000,"adm4_psgc":907219012,"adm4_en":"Latabon","geo_level":"Bgy","len_crs":17743,"area_crs":10123592,"len_km":17,"area_km2":10},"id":907219012},{"arcs":[[35,36,-12,37,38,39,40]],"type":"Polygon","properties":{"adm1_psgc":900000000,"adm2_psgc":907200000,"adm3_psgc":907219000,"adm4_psgc":907219013,"adm4_en":"Mateo Francisco","geo_level":"Bgy","len_crs":9663,"area_crs":3546638,"len_km":9,"area_km2":3},"id":907219013},{"arcs":[[-16,41,42,43,44,45]],"type":"Polygon","properties":{"adm1_psgc":900000000,"adm2_psgc":907200000,"adm3_psgc":907219000,"adm4_psgc":907219014,"adm4_en":"Malipot","geo_level":"Bgy","len_crs":6911,"area_crs":2130237,"len_km":6,"area_km2":2},"id":907219014},{"arcs":[[46,47,-32,48,-43]],"type":"Polygon","properties":{"adm1_psgc":900000000,"adm2_psgc":907200000,"adm3_psgc":907219000,"adm4_psgc":907219016,"adm4_en":"New Lituban","geo_level":"Bgy","len_crs":7832,"area_crs":3093879,"len_km":7,"area_km2":3},"id":907219016},{"arcs":[[49,-18,50,51]],"type":"Polygon","properties":{"adm1_psgc":900000000,"adm2_psgc":907200000,"adm3_psgc":907219000,"adm4_psgc":907219018,"adm4_en":"Pisawak","geo_level":"Bgy","len_crs":13996,"area_crs":9953797,"len_km":13,"area_km2":9},"id":907219018},{"arcs":[[-29,52,53,-36,54]],"type":"Polygon","properties":{"adm1_psgc":900000000,"adm2_psgc":907200000,"adm3_psgc":907219000,"adm4_psgc":907219019,"adm4_en":"Poblacion","geo_level":"Bgy","len_crs":4288,"area_crs":806980,"len_km":4,"area_km2":0},"id":907219019},{"arcs":[[55,56,57,-1,58]],"type":"Polygon","properties":{"adm1_psgc":900000000,"adm2_psgc":907200000,"adm3_psgc":907219000,"adm4_psgc":907219021,"adm4_en":"Santa Maria","geo_level":"Bgy","len_crs":21389,"area_crs":4688508,"len_km":21,"area_km2":4},"id":907219021},{"arcs":[[-54,59,-8,-37]],"type":"Polygon","properties":{"adm1_psgc":900000000,"adm2_psgc":907200000,"adm3_psgc":907219000,"adm4_psgc":907219022,"adm4_en":"Suhaile Arabi","geo_level":"Bgy","len_crs":6297,"area_crs":1353629,"len_km":6,"area_km2":1},"id":907219022},{"arcs":[[60,-40,61,62]],"type":"Polygon","properties":{"adm1_psgc":900000000,"adm2_psgc":907200000,"adm3_psgc":907219000,"adm4_psgc":907219023,"adm4_en":"Tibangao","geo_level":"Bgy","len_crs":7493,"area_crs":3183248,"len_km":7,"area_km2":3},"id":907219023},{"arcs":[[-45,63,64,-63,65,-57,66]],"type":"Polygon","properties":{"adm1_psgc":900000000,"adm2_psgc":907200000,"adm3_psgc":907219000,"adm4_psgc":907219024,"adm4_en":"S. Cabral","geo_level":"Bgy","len_crs":11971,"area_crs":5843098,"len_km":11,"area_km2":5},"id":907219024},{"arcs":[[-49,-31,67,-64,-44]],"type":"Polygon","properties":{"adm1_psgc":900000000,"adm2_psgc":907200000,"adm3_psgc":907219000,"adm4_psgc":907219025,"adm4_en":"Datu Sailila","geo_level":"Bgy","len_crs":7415,"area_crs":1971455,"len_km":7,"area_km2":1},"id":907219025},{"arcs":[[-15,-21,68,-47,-42]],"type":"Polygon","properties":{"adm1_psgc":900000000,"adm2_psgc":907200000,"adm3_psgc":907219000,"adm4_psgc":907219026,"adm4_en":"Makiang","geo_level":"Bgy","len_crs":8083,"area_crs":2373521,"len_km":8,"area_km2":2},"id":907219026},{"arcs":[[-33,-23,69]],"type":"Polygon","properties":{"adm1_psgc":900000000,"adm2_psgc":907200000,"adm3_psgc":907219000,"adm4_psgc":907219027,"adm4_en":"Malambuhangin","geo_level":"Bgy","len_crs":15811,"area_crs":10676674,"len_km":15,"area_km2":10},"id":907219027},{"arcs":[[70,-6,-35,-9,-60,-53,-28]],"type":"Polygon","properties":{"adm1_psgc":900000000,"adm2_psgc":907200000,"adm3_psgc":907219000,"adm4_psgc":907219028,"adm4_en":"Manaol","geo_level":"Bgy","len_crs":9618,"area_crs":3871824,"len_km":9,"area_km2":3},"id":907219028},{"arcs":[[-62,-39,71,-2,-58,-66]],"type":"Polygon","properties":{"adm1_psgc":900000000,"adm2_psgc":907200000,"adm3_psgc":907219000,"adm4_psgc":907219029,"adm4_en":"Matiag","geo_level":"Bgy","len_crs":12114,"area_crs":4922899,"len_km":12,"area_km2":4},"id":907219029},{"arcs":[[-69,-20,-7,-71,-27,-48]],"type":"Polygon","properties":{"adm1_psgc":900000000,"adm2_psgc":907200000,"adm3_psgc":907219000,"adm4_psgc":907219030,"adm4_en":"Pangian","geo_level":"Bgy","len_crs":7659,"area_crs":3637086,"len_km":7,"area_km2":3},