{"type":"Topology","arcs":[[[384,312],[-18,-58]],[[366,254],[-76,-24]],[[290,230],[-29,11]],[[261,241],[23,57]],[[284,298],[43,35]],[[327,333],[57,-21]],[[27,418],[-2,-34]],[[25,384],[-25,-36]],[[0,348],[27,70]],[[230,368],[8,-61]],[[238,307],[-22,-41]],[[216,266],[-101,29]],[[115,295],[2,102]],[[117,397],[87,13]],[[204,410],[26,-42]],[[240,177],[45,3]],[[285,180],[17,-39]],[[302,141],[-5,-65]],[[297,76],[-78,28]],[[219,104],[-2,75]],[[217,179],[23,-2]],[[578,383],[-1,-34]],[[577,349],[-160,47]],[[417,396],[0,20]],[[417,416],[-4,158]],[[413,574],[92,-161],[73,-30]],[[216,266],[-5,-22]],[[211,244],[-50,-26]],[[161,218],[-46,73]],[[115,291],[0,4]],[[474,198],[-74,-54]],[[400,144],[-98,-3]],[[285,180],[5,50]],[[366,254],[108,-56]],[[577,349],[-8,-33]],[[569,316],[-185,-4]],[[384,312],[33,84]],[[115,291],[-63,10]],[[52,301],[0,79]],[[52,380],[65,17]],[[322,585],[2,-144]],[[324,441],[-2,-1]],[[322,440],[-75,18]],[[247,458],[-3,5]],[[244,463],[78,122]],[[52,301],[-52,47]],[[25,384],[27,-4]],[[247,458],[-43,-48]],[[27,418],[169,1],[48,44]],[[715,272],[-52,-79]],[[663,193],[-96,-67]],[[567,126],[-183,-126]],[[384,0],[16,144]],[[474,198],[95,118]],[[578,383],[137,-111]],[[692,103],[-29,90]],[[715,272],[49,-59],[-72,-110]],[[417,416],[-93,25]],[[322,585],[91,-11]],[[282,354],[-6,-8]],[[276,346],[-14,-48]],[[262,298],[-24,9]],[[230,368],[52,-14]],[[384,0],[-87,76]],[[322,440],[-40,-86]],[[692,103],[-125,23]],[[240,177],[21,64]],[[262,298],[22,0]],[[217,179],[-6,65]],[[219,104],[-58,114]],[[327,333],[-51,13]]],"transform":{"scale":[0.0001614835052354696,0.0001416535264957469],"translate":[120.48331279100012,17.906874307000066]},"objects":{"bgysubmuns-municity-102819000":{"type":"GeometryCollection","geometries":[{"arcs":[[0,1,2,3,4,5]],"type":"Polygon","properties":{"adm1_psgc":100000000,"adm2_psgc":102800000,"adm3_psgc":102819000,"adm4_psgc":102819001,"adm4_en":"Aglipay","geo_level":"Bgy","len_crs":6981,"area_crs":2343606,"len_km":6,"area_km2":2},"id":102819001},{"arcs":[[6,7,8]],"type":"Polygon","properties":{"adm1_psgc":100000000,"adm2_psgc":102800000,"adm3_psgc":102819000,"adm4_psgc":102819002,"adm4_en":"Apatut-Lubong","geo_level":"Bgy","len_crs":5726,"area_crs":1411620,"len_km":5,"area_km2":1},"id":102819002},{"arcs":[[9,10,11,12,13,14]],"type":"Polygon","properties":{"adm1_psgc":100000000,"adm2_psgc":102800000,"adm3_psgc":102819000,"adm4_psgc":102819003,"adm4_en":"Badio","geo_level":"Bgy","len_crs":8447,"area_crs":3049799,"len_km":8,"area_km2":3},"id":102819003},{"arcs":[[15,16,17,18,19,20]],"type":"Polygon","properties":{"adm1_psgc":100000000,"adm2_psgc":102800000,"adm3_psgc":102819000,"adm4_psgc":102819004,"adm4_en":"Barbar","geo_level":"Bgy","len_crs":5959,"area_crs":1839748,"len_km":5,"area_km2":1},"id":102819004},{"arcs":[[21,22,23,24,25]],"type":"Polygon","properties":{"adm1_psgc":100000000,"adm2_psgc":102800000,"adm3_psgc":102819000,"adm4_psgc":102819005,"adm4_en":"Buanga","geo_level":"Bgy","len_crs":11267,"area_crs":3719457,"len_km":11,"area_km2":3},"id":102819005},{"arcs":[[26,27,28,29,-12]],"type":"Polygon","properties":{"adm1_psgc":100000000,"adm2_psgc":102800000,"adm3_psgc":102819000,"adm4_psgc":102819006,"adm4_en":"Bulbulala","geo_level":"Bgy","len_crs":5025,"area_crs":1100186,"len_km":5,"area_km2":1},"id":102819006},{"arcs":[[30,31,-17,32,-2,33]],"type":"Polygon","properties":{"adm1_psgc":100000000,"adm2_psgc":102800000,"adm3_psgc":102819000,"adm4_psgc":102819007,"adm4_en":"Bungro","geo_level":"Bgy","len_crs":9393,"area_crs":3408736,"len_km":9,"area_km2":3},"id":102819007},{"arcs":[[34,35,36,-23]],"type":"Polygon","properties":{"adm1_psgc":100000000,"adm2_psgc":102800000,"adm3_psgc":102819000,"adm4_psgc":102819008,"adm4_en":"Cabaroan","geo_level":"Bgy","len_crs":9097,"area_crs":3065957,"len_km":9,"area_km2":3},"id":102819008},{"arcs":[[-30,37,38,39,-13]],"type":"Polygon","properties":{"adm1_psgc":100000000,"adm2_psgc":102800000,"adm3_psgc":102819000,"adm4_psgc":102819009,"adm4_en":"Capangdanan","geo_level":"Bgy","len_crs":5762,"area_crs":1976621,"len_km":5,"area_km2":1},"id":102819009},{"arcs":[[40,41,42,43,44]],"type":"Polygon","properties":{"adm1_psgc":100000000,"adm2_psgc":102800000,"adm3_psgc":102819000,"adm4_psgc":102819010,"adm4_en":"Dalayap","geo_level":"Bgy","len_crs":7274,"area_crs":2737342,"len_km":7,"area_km2":2},"id":102819010},{"arcs":[[-39,45,-8,46]],"type":"Polygon","properties":{"adm1_psgc":100000000,"adm2_psgc":102800000,"adm3_psgc":102819000,"adm4_psgc":102819011,"adm4_en":"Darat","geo_level":"Bgy","len_crs":4570,"area_crs":987269,"len_km":4,"area_km2":0},"id":102819011},{"arcs":[[47,-14,-40,-47,-7,48,-44]],"type":"Polygon","properties":{"adm1_psgc":100000000,"adm2_psgc":102800000,"adm3_psgc":102819000,"adm4_psgc":102819012,"adm4_en":"Gulpeng","geo_level":"Bgy","len_crs":9922,"area_crs":1571611,"len_km":9,"area_km2":1},"id":102819012},{"arcs":[[49,50,51,52,-31,53,-35,-22,54]],"type":"Polygon","properties":{"adm1_psgc":100000000,"adm2_psgc":102800000,"adm3_psgc":102819000,"adm4_psgc":102819013,"adm4_en":"Liliputen","geo_level":"Bgy","len_crs":19841,"area_crs":11252016,"len_km":19,"area_km2":11},"id":102819013},{"arcs":[[55,-50,56]],"type":"Polygon","properties":{"adm1_psgc":100000000,"adm2_psgc":102800000,"adm3_psgc":102819000,"adm4_psgc":102819014,"adm4_en":"Lumbaan-Bicbica","geo_level":"Bgy","len_crs":6816,"area_crs":2583549,"len_km":6,"area_km2":2},"id":102819014},{"arcs":[[-25,57,-41,58]],"type":"Polygon","properties":{"adm1_psgc":100000000,"adm2_psgc":102800000,"adm3_psgc":102819000,"adm4_psgc":102819015,"adm4_en":"Nagtrigoan","geo_level":"Bgy","len_crs":8694,"area_crs":3492965,"len_km":8,"area_km2":3},"id":102819015},{"arcs":[[59,60,61,-10,62]],"type":"Polygon","properties":{"adm1_psgc":100000000,"adm2_psgc":102800000,"adm3_psgc":102819000,"adm4_psgc":102819016,"adm4_en":"Pagdilao","geo_level":"Bgy","len_crs":4379,"area_crs":876692,"len_km":4,"area_km2":0},"id":102819016},{"arcs":[[-53,63,-18,-32]],"type":"Polygon","properties":{"adm1_psgc":100000000,"adm2_psgc":102800000,"adm3_psgc":102819000,"adm4_psgc":102819017,"adm4_en":"Pugaoan","geo_level":"Bgy","len_crs":7707,"area_crs":2616798,"len_km":7,"area_km2":2},"id":102819017},{"arcs":[[64,-63,-15,-48,-43]],"type":"Polygon","properties":{"adm1_psgc":100000000,"adm2_psgc":102800000,"adm3_psgc":102819000,"adm4_psgc":102819018,"adm4_en":"Puritac","geo_level":"Bgy","len_crs":6064,"area_crs":1916636,"len_km":6,"area_km2":1},"id":102819018},{"arcs":[[-56,65,-51]],"type":"Polygon","properties":{"adm1_psgc":100000000,"adm2_psgc":102800000,"adm3_psgc":102819000,"adm4_psgc":102819019,"adm4_en":"Sacritan","geo_level":"Bgy","len_crs":9595,"area_crs":2086693,"len_km":9,"area_km2":2},"id":102819019},{"arcs":[[-33,-16,66,-3]],"type":"Polygon","properties":{"adm1_psgc":100000000,"adm2_psgc":102800000,"adm3_psgc":102819000,"adm4_psgc":102819020,"adm4_en":"Salanap","geo_level":"Bgy","len_crs":3796,"area_crs":733106,"len_km":3,"area_km2":0},"id":102819020},{"arcs":[[-34,-1,-36,-54]],"type":"Polygon","properties":{"adm1_psgc":100000000,"adm2_psgc":102800000,"adm3_psgc":102819000,"adm4_psgc":102819021,"adm4_en":"Santo Tomas","geo_level":"Bgy","len_crs":10414,"area_crs":4078258,"len_km":10,"area_km2":4},"id":102819021},{"arcs":[[67,-4,-67,-21,68,-27,-11,-62]],"type":"Polygon","properties":{"adm1_psgc":100000000,"adm2_psgc":102800000,"adm3_psgc":102819000,"adm4_psgc":102819022,"adm4_en":"Tartarabang","geo_level":"Bgy","len_crs":6470,"area_crs":1253094,"len_km":6,"area_km2":1},"id":102819022},{"arcs":[[-20,69,-28,-69]],"type":"Polygon","properties":{"adm1_psgc":100000000,"adm2_psgc":102800000,"adm3_psgc":102819000,"adm4_psgc":102819023,"adm4_en":"Puzol","geo_level":"Bgy","len_crs":6267,"area_crs":2184918,"len_km":6,"area_km2":2},"id":102819023},{"arcs":[[-24,-37,-6,70,-60,-65,-42,-58]],"type":"Polygon","properties":{"adm1_psgc":100000000,"adm2_psgc":102800000,"adm3_psgc":102819000,"adm4_psgc":102819024,"adm4_en":"Upon","geo_level":"Bgy","len_crs":7718,"area_crs":2746988,"len_km":7,