{"type":"Topology","arcs":[[[432,299],[140,-171],[-66,-128]],[[506,0],[-122,242]],[[384,242],[-8,21]],[[376,263],[-26,75]],[[350,338],[22,19]],[[372,357],[60,-58]],[[372,357],[-63,65]],[[309,422],[15,23]],[[324,445],[108,-146]],[[350,338],[-44,2]],[[306,340],[-9,63]],[[297,403],[12,19]],[[146,132],[-4,-110]],[[142,22],[-142,148]],[[0,170],[146,-38]],[[194,223],[-4,-6]],[[190,217],[-44,-85]],[[0,170],[3,113]],[[3,283],[191,-60]],[[297,403],[-135,109]],[[162,512],[45,43]],[[207,555],[117,-110]],[[306,340],[-52,3]],[[254,343],[-94,93]],[[160,436],[-23,42]],[[137,478],[25,34]],[[250,134],[138,-110]],[[388,24],[-246,-2]],[[190,217],[60,-83]],[[208,324],[34,-24]],[[242,300],[-5,-25]],[[237,275],[1,-47]],[[238,228],[-44,-5]],[[3,283],[62,103]],[[65,386],[143,-62]],[[163,409],[45,-85]],[[65,386],[20,33]],[[85,419],[78,-10]],[[384,242],[-134,-108]],[[238,228],[48,-2]],[[286,226],[32,4]],[[318,230],[11,13]],[[329,243],[24,6]],[[353,249],[23,14]],[[296,291],[-16,-13]],[[280,278],[-8,7]],[[272,285],[5,3]],[[277,288],[14,8]],[[291,296],[5,-5]],[[280,278],[-12,-22]],[[268,256],[-14,-6]],[[254,250],[18,35]],[[267,301],[10,-13]],[[254,250],[-17,25]],[[242,300],[8,17]],[[250,317],[17,-16]],[[329,243],[-33,48]],[[291,296],[18,20]],[[309,316],[44,-67]],[[506,0],[-118,24]],[[137,478],[-50,79]],[[87,557],[120,-2]],[[318,230],[-38,48]],[[160,436],[3,-27]],[[85,419],[2,138]],[[254,343],[-4,-26]],[[306,340],[-39,-39]],[[286,226],[-18,30]],[[306,340],[3,-24]]],"transform":{"scale":[0.0002816855402099906,0.0001944980538599371],"translate":[121.071164672,16.42876389900005]},"objects":{"bgysubmuns-municity-205005000":{"type":"GeometryCollection","geometries":[{"arcs":[[0,1,2,3,4,5]],"type":"Polygon","properties":{"adm1_psgc":200000000,"adm2_psgc":205000000,"adm3_psgc":205005000,"adm4_psgc":205005001,"adm4_en":"Bonfal East","geo_level":"Bgy","len_crs":23499,"area_crs":21089223,"len_km":23,"area_km2":21},"id":205005001},{"arcs":[[-6,6,7,8]],"type":"Polygon","properties":{"adm1_psgc":200000000,"adm2_psgc":205000000,"adm3_psgc":205005000,"adm4_psgc":205005002,"adm4_en":"Bonfal Proper","geo_level":"Bgy","len_crs":11116,"area_crs":4228916,"len_km":11,"area_km2":4},"id":205005002},{"arcs":[[-5,9,10,11,-7]],"type":"Polygon","properties":{"adm1_psgc":200000000,"adm2_psgc":205000000,"adm3_psgc":205005000,"adm4_psgc":205005003,"adm4_en":"Bonfal West","geo_level":"Bgy","len_crs":7016,"area_crs":2304296,"len_km":7,"area_km2":2},"id":205005003},{"arcs":[[12,13,14]],"type":"Polygon","properties":{"adm1_psgc":200000000,"adm2_psgc":205000000,"adm3_psgc":205005000,"adm4_psgc":205005004,"adm4_en":"Buenavista","geo_level":"Bgy","len_crs":13596,"area_crs":9924963,"len_km":13,"area_km2":9},"id":205005004},{"arcs":[[15,16,-15,17,18]],"type":"Polygon","properties":{"adm1_psgc":200000000,"adm2_psgc":205000000,"adm3_psgc":205005000,"adm4_psgc":205005005,"adm4_en":"Busilac","geo_level":"Bgy","len_crs":16259,"area_crs":15165894,"len_km":16,"area_km2":15},"id":205005005},{"arcs":[[-8,-12,19,20,21]],"type":"Polygon","properties":{"adm1_psgc":200000000,"adm2_psgc":205000000,"adm3_psgc":205005000,"adm4_psgc":205005006,"adm4_en":"Casat","geo_level":"Bgy","len_crs":12681,"area_crs":6104281,"len_km":12,"area_km2":6},"id":205005006},{"arcs":[[-11,22,23,24,25,-20]],"type":"Polygon","properties":{"adm1_psgc":200000000,"adm2_psgc":205000000,"adm3_psgc":205005000,"adm4_psgc":205005008,"adm4_en":"La Torre North","geo_level":"Bgy","len_crs":15292,"area_crs":7140538,"len_km":15,"area_km2":7},"id":205005008},{"arcs":[[26,27,-13,-17,28]],"type":"Polygon","properties":{"adm1_psgc":200000000,"adm2_psgc":205000000,"adm3_psgc":205005000,"adm4_psgc":205005009,"adm4_en":"Magapuy","geo_level":"Bgy","len_crs":19767,"area_crs":15361276,"len_km":19,"area_km2":15},"id":205005009},{"arcs":[[29,30,31,32,-19,33,34]],"type":"Polygon","properties":{"adm1_psgc":200000000,"adm2_psgc":205000000,"adm3_psgc":205005000,"adm4_psgc":205005010,"adm4_en":"Magsaysay","geo_level":"Bgy","len_crs":20613,"area_crs":10380316,"len_km":20,"area_km2":10},"id":205005010},{"arcs":[[35,-35,36,37]],"type":"Polygon","properties":{"adm1_psgc":200000000,"adm2_psgc":205000000,"adm3_psgc":205005000,"adm4_psgc":205005011,"adm4_en":"Masoc","geo_level":"Bgy","len_crs":12176,"area_crs":5123644,"len_km":12,"area_km2":5},"id":205005011},{"arcs":[[-3,38,-29,-16,-33,39,40,41,42,43]],"type":"Polygon","properties":{"adm1_psgc":200000000,"adm2_psgc":205000000,"adm3_psgc":205005000,"adm4_psgc":205005012,"adm4_en":"Paitan","geo_level":"Bgy","len_crs":14083,"area_crs":7496592,"len_km":14,"area_km2":7},"id":205005012},{"arcs":[[44,45,46,47,48]],"type":"Polygon","properties":{"adm1_psgc":200000000,"adm2_psgc":205000000,"adm3_psgc":205005000,"adm4_psgc":205005014,"adm4_en":"Don Domingo Maddela Pob.","geo_level":"Bgy","len_crs":1620,"area_crs":115919,"len_km":1,"area_km2":0},"id":205005014},{"arcs":[[49,50,51,-46]],"type":"Polygon","properties":{"adm1_psgc":200000000,"adm2_psgc":205000000,"adm3_psgc":205005000,"adm4_psgc":205005015,"adm4_en":"Don Tomas Maddela Pob.","geo_level":"Bgy","len_crs":2356,"area_crs":226424,"len_km":2,"area_km2":0},"id":205005015},{"arcs":[[52,-47,-52,53,-31,54,55]],"type":"Polygon","properties":{"adm1_psgc":200000000,"adm2_psgc":205000000,"adm3_psgc":205005000,"adm4_psgc":205005016,"adm4_en":"District III Pob.","geo_level":"Bgy","len_crs":4113,"area_crs":992139,"len_km":4,"area_km2":0},"id":205005016},{"arcs":[[-43,56,-49,57,58]],"type":"Polygon","properties":{"adm1_psgc":200000000,"adm2_psgc":205000000,"adm3_psgc":205005000,"adm4_psgc":205005017,"adm4_en":"District IV","geo_level":"Bgy","len_crs":5247,"area_crs":1177048,"len_km":5,"area_km2":1},"id":205005017},{"arcs":[[59,-27,-39,-2]],"type":"Polygon","properties":{"adm1_psgc":200000000,"adm2_psgc":205000000,"adm3_psgc":205005000,"adm4_psgc":205005019,"adm4_en":"Bansing","geo_level":"Bgy","len_crs":20553,"area_crs":16462557,"len_km":20,"area_km2":16},"id":205005019},{"arcs":[[-21,-26,60,61]],"type":"Polygon","properties":{"adm1_psgc":200000000,"adm2_psgc":205000000,"adm3_psgc":205005000,"adm4_psgc":205005020,"adm4_en":"Cabuaan","geo_level":"Bgy","len_crs":10682,"area_crs":6249361,"len_km":10,"area_km2":6},"id":205005020},{"arcs":[[-42,62,-45,-57]],"type":"Polygon","properties":{"adm1_psgc":200000000,"adm2_psgc":205000000,"adm3_psgc":205005000,"adm4_psgc":205005021,"adm4_en":"Don Mariano Marcos","geo_level":"Bgy","len_crs":4118,"area_crs":652524,"len_km":4,"area_km2":0},"id":205005021},{"arcs":[[-25,63,-38,64,-61]],"type":"Polygon","properties":{"adm1_psgc":200000000,"adm2_psgc":205000000,"adm3_psgc":205005000,"adm4_psgc":205005022,"adm4_en":"Ipil-Cuneg","geo_level":"Bgy","len_crs":9750,"area_crs":4425476,"len_km":9,"area_km2":4},"id":205005022},{"arcs":[[65,-55,-30,-36,-64,-24]],"type":"Polygon","properties":{"adm1_psgc":200000000,"adm2_psgc":205000000,"adm3_psgc":205005000,"adm4_psgc":205005023,"adm4_en":"La Torre South","geo_level":"Bgy","len_crs":10857,"area_crs":2566736,"len_km":10,"area_km2":2},"id":205005023},{"arcs":[[66,-56,-66,-23]],"type":"Polygon","properties":{"adm1_psgc":200000000,"adm2_psgc":205000000,"adm3_psgc":205005000,"adm4_psgc":205005024,"adm4_en":"Luyang","geo_level":"Bgy","len_crs":4907,"area_crs":1424781,"len_km":4,"area_km2":1},"id":205005024},{"arcs":[[-41,67,-50,-63]],"type":"Polygon","properties":{"adm1_psgc":200000000,"adm2_psgc":205000000,"adm3_psgc":205005000,"adm4_psgc":205005025,"adm4_en":"Salvacion","geo_level":"Bgy","len_crs":4014,"area_crs":932928,"len_km":4,"area_km2":0},"id":205005025},{"arcs":[[-58,-48,-53,-67,68]],"type":"Polygon","properties":{"adm1_psgc":200000000,"adm2_psgc":205000000,"adm3_psgc":205005000,"adm4_psgc":205005026,"adm4_en":"San Nicolas North","geo_level":"Bgy","len_crs":4083,"area_crs":496379,"len_km":4,"area_km2":0},"id":205005026},{"arcs":[[-4,-44,-59,-69,-10]],"type":"Polygon","properties":{"adm1_psgc":200000000,"adm2_psgc":205000000,"adm3_psgc":205005000,"adm4_psgc":205005027,"adm4_en":"Santa Rosa","geo_level":"Bgy","len_crs":7653,