{"type":"Topology","arcs":[[[359,375],[-10,-61]],[[349,314],[-102,-14]],[[247,300],[-9,4]],[[238,304],[-32,75]],[[206,379],[35,6]],[[241,385],[118,-10]],[[459,504],[48,-78]],[[507,426],[-148,-51]],[[359,375],[12,61]],[[371,436],[86,70]],[[457,506],[2,-2]],[[361,101],[-48,49]],[[313,150],[46,57],[-10,107]],[[349,314],[199,42]],[[548,356],[-14,-58],[-173,-197]],[[361,101],[-111,-100],[-70,-1],[-59,64]],[[121,64],[192,86]],[[457,506],[-64,28]],[[393,534],[-21,63]],[[372,597],[32,16]],[[404,613],[55,-109]],[[371,645],[-57,-30]],[[314,615],[-10,32]],[[304,647],[-22,42]],[[282,689],[89,-44]],[[69,317],[10,-121]],[[79,196],[-65,7]],[[14,203],[-14,25],[44,97]],[[44,325],[25,-8]],[[114,588],[38,1]],[[152,589],[-14,-41]],[[138,548],[-68,-28]],[[70,520],[12,76]],[[82,596],[32,-8]],[[371,436],[-33,39]],[[338,475],[14,59]],[[352,534],[41,0]],[[238,304],[-159,-108]],[[69,317],[76,29]],[[145,346],[61,33]],[[372,597],[-54,-28]],[[318,569],[-10,-1]],[[308,568],[6,47]],[[371,645],[33,-32]],[[247,300],[-29,-94]],[[218,206],[-55,-60]],[[163,146],[-84,50]],[[249,603],[-4,-85]],[[245,518],[-26,16]],[[219,534],[-81,14]],[[152,589],[34,37]],[[186,626],[63,-23]],[[121,64],[-25,20]],[[96,84],[67,62]],[[218,206],[95,-56]],[[507,426],[41,-70]],[[352,534],[-34,35]],[[245,518],[38,-21]],[[283,497],[-42,-112]],[[241,385],[-57,106]],[[184,491],[35,43]],[[217,671],[-19,-21]],[[198,650],[-12,-24]],[[114,588],[55,121]],[[169,709],[48,-38]],[[304,647],[-55,-44]],[[198,650],[47,23]],[[245,673],[37,16]],[[217,671],[28,2]],[[145,346],[-7,121]],[[138,467],[46,24]],[[44,325],[16,145]],[[60,470],[78,-3]],[[96,84],[-40,31],[-42,88]],[[308,568],[-25,-71]],[[60,470],[10,50]],[[82,596],[87,113]],[[338,475],[-55,22]]],"transform":{"scale":[0.0002307927645984988,0.00021060467842026756],"translate":[123.60419515100011,12.198647831000073]},"objects":{"bgysubmuns-municity-504113000":{"type":"GeometryCollection","geometries":[{"arcs":[[0,1,2,3,4,5]],"type":"Polygon","properties":{"adm1_psgc":500000000,"adm2_psgc":504100000,"adm3_psgc":504113000,"adm4_psgc":504113001,"adm4_en":"Baang","geo_level":"Bgy","len_crs":10805,"area_crs":5311732,"len_km":10,"area_km2":5},"id":504113001},{"arcs":[[6,7,8,9,10]],"type":"Polygon","properties":{"adm1_psgc":500000000,"adm2_psgc":504100000,"adm3_psgc":504113000,"adm4_psgc":504113002,"adm4_en":"Bagacay","geo_level":"Bgy","len_crs":12018,"area_crs":4670372,"len_km":12,"area_km2":4},"id":504113002},{"arcs":[[11,12,13,14]],"type":"Polygon","properties":{"adm1_psgc":500000000,"adm2_psgc":504100000,"adm3_psgc":504113000,"adm4_psgc":504113003,"adm4_en":"Balatucan","geo_level":"Bgy","len_crs":19502,"area_crs":16130470,"len_km":19,"area_km2":16},"id":504113003},{"arcs":[[15,16,-12]],"type":"Polygon","properties":{"adm1_psgc":500000000,"adm2_psgc":504100000,"adm3_psgc":504113000,"adm4_psgc":504113004,"adm4_en":"Barag","geo_level":"Bgy","len_crs":14355,"area_crs":11501761,"len_km":14,"area_km2":11},"id":504113004},{"arcs":[[-11,17,18,19,20]],"type":"Polygon","properties":{"adm1_psgc":500000000,"adm2_psgc":504100000,"adm3_psgc":504113000,"adm4_psgc":504113005,"adm4_en":"Dacu","geo_level":"Bgy","len_crs":7427,"area_crs":2272445,"len_km":7,"area_km2":2},"id":504113005},{"arcs":[[21,22,23,24]],"type":"Polygon","properties":{"adm1_psgc":500000000,"adm2_psgc":504100000,"adm3_psgc":504113000,"adm4_psgc":504113006,"adm4_en":"Fabrica","geo_level":"Bgy","len_crs":8410,"area_crs":2372412,"len_km":8,"area_km2":2},"id":504113006},{"arcs":[[25,26,27,28]],"type":"Polygon","properties":{"adm1_psgc":500000000,"adm2_psgc":504100000,"adm3_psgc":504113000,"adm4_psgc":504113007,"adm4_en":"Guintorelan","geo_level":"Bgy","len_crs":8793,"area_crs":3590876,"len_km":8,"area_km2":3},"id":504113007},{"arcs":[[29,30,31,32,33]],"type":"Polygon","properties":{"adm1_psgc":500000000,"adm2_psgc":504100000,"adm3_psgc":504113000,"adm4_psgc":504113008,"adm4_en":"Holjogon","geo_level":"Bgy","len_crs":6883,"area_crs":2642124,"len_km":6,"area_km2":2},"id":504113008},{"arcs":[[-18,-10,34,35,36]],"type":"Polygon","properties":{"adm1_psgc":500000000,"adm2_psgc":504100000,"adm3_psgc":504113000,"adm4_psgc":504113009,"adm4_en":"Lalaguna","geo_level":"Bgy","len_crs":9936,"area_crs":3849946,"len_km":9,"area_km2":3},"id":504113009},{"arcs":[[-4,37,-26,38,39]],"type":"Polygon","properties":{"adm1_psgc":500000000,"adm2_psgc":504100000,"adm3_psgc":504113000,"adm4_psgc":504113010,"adm4_en":"Lomocloc","geo_level":"Bgy","len_crs":14056,"area_crs":9315059,"len_km":14,"area_km2":9},"id":504113010},{"arcs":[[-20,40,41,42,-22,43]],"type":"Polygon","properties":{"adm1_psgc":500000000,"adm2_psgc":504100000,"adm3_psgc":504113000,"adm4_psgc":504113011,"adm4_en":"Luyong Catungan","geo_level":"Bgy","len_crs":7265,"area_crs":2154962,"len_km":7,"area_km2":2},"id":504113011},{"arcs":[[44,45,46,-38,-3]],"type":"Polygon","properties":{"adm1_psgc":500000000,"adm2_psgc":504100000,"adm3_psgc":504113000,"adm4_psgc":504113012,"adm4_en":"Mabuhay","geo_level":"Bgy","len_crs":12637,"area_crs":6872969,"len_km":12,"area_km2":6},"id":504113012},{"arcs":[[47,48,49,-31,50,51]],"type":"Polygon","properties":{"adm1_psgc":500000000,"adm2_psgc":504100000,"adm3_psgc":504113000,"adm4_psgc":504113013,"adm4_en":"Mandali","geo_level":"Bgy","len_crs":9935,"area_crs":4258280,"len_km":9,"area_km2":4},"id":504113013},{"arcs":[[-17,52,53,-46,54]],"type":"Polygon","properties":{"adm1_psgc":500000000,"adm2_psgc":504100000,"adm3_psgc":504113000,"adm4_psgc":504113014,"adm4_en":"Mapuyo","geo_level":"Bgy","len_crs":12890,"area_crs":6471342,"len_km":12,"area_km2":6},"id":504113014},{"arcs":[[55,-14,-1,-8]],"type":"Polygon","properties":{"adm1_psgc":500000000,"adm2_psgc":504100000,"adm3_psgc":504113000,"adm4_psgc":504113015,"adm4_en":"Marintoc","geo_level":"Bgy","len_crs":13863,"area_crs":8571611,"len_km":13,"area_km2":8},"id":504113015},{"arcs":[[-37,56,-41,-19]],"type":"Polygon","properties":{"adm1_psgc":500000000,"adm2_psgc":504100000,"adm3_psgc":504113000,"adm4_psgc":504113016,"adm4_en":"Nasunduan","geo_level":"Bgy","len_crs":5327,"area_crs":1761406,"len_km":5,"area_km2":1},"id":504113016},{"arcs":[[57,58,59,60,-49]],"type":"Polygon","properties":{"adm1_psgc":500000000,"adm2_psgc":504100000,"adm3_psgc":504113000,"adm4_psgc":504113017,"adm4_en":"Pinamalatican","geo_level":"Bgy","len_crs":8856,"area_crs":4170321,"len_km":8,"area_km2":4},"id":504113017},{"arcs":[[61,62,-51,-30,63,64]],"type":"Polygon","properties":{"adm1_psgc":500000000,"adm2_psgc":504100000,"adm3_psgc":504113000,"adm4_psgc":504113018,"adm4_en":"Pinamarbuhan","geo_level":"Bgy","len_crs":11050,"area_crs":2994647,"len_km":11,"area_km2":2},"id":504113018},{"arcs":[[-24,65,-52,-63,66,67]],"type":"Polygon","properties":{"adm1_psgc":500000000,"adm2_psgc":504100000,"adm3_psgc":504113000,"adm4_psgc":504113019,"adm4_en":"Poblacion Dist. I","geo_level":"Bgy","len_crs":8539,"area_crs":2871794,"len_km":8,"area_km2":2},"id":504113019},{"arcs":[[-67,-62,68]],"type":"Polygon","properties":{"adm1_psgc":500000000,"adm2_psgc":504100000,"adm3_psgc":504113000,"adm4_psgc":504113020,"adm4_en":"Poblacion Dist. II","geo_level":"Bgy","len_crs":3794,"area_crs":429510,"len_km":3,"area_km2":0},"id":504113020},{"arcs":[[-5,-40,69,70,-60]],"type":"Polygon","properties":{"adm1_psgc":500000000,"adm2_psgc":504100000,"adm3_psgc":504113000,"adm4_psgc":504113021,"adm4_en":"Polot","geo_level":"Bgy","len_crs":9728,"area_crs":5436888,"len_km":9,"area_km2":5},"id":504113021},{"arcs":[[-70,-39,-29,71,72]],"type":"Polygon","properties":{"adm1_psgc":500000000,"adm2_psgc":504100000,"adm3_psgc":504113000,"adm4_psgc":504113022,"adm4_en":"Sambulawan","geo_level":"Bgy","len_crs":10944,"area_crs":7759199,"len_km":10,"area_km2":7},"id":504113022},{"arcs":[[-47,-54,73,-27]],"type":"Polygon","properties":{"adm1_psgc":500000000,"adm2_psgc":504100000,"adm3_psgc":504113000,"adm4_psgc":504113023,"adm4_en":"Santa Maria","geo_level":"Bgy","len_crs":9868,"area_crs":5058204,"len_km":9,"area_km2":5},"id":504113023},{"arcs":[[-55,-45,-2,-13]],"type":"Polygon",