{"type":"Topology","arcs":[[[326,621],[23,-45]],[[349,576],[0,-102]],[[349,474],[-140,-17]],[[209,457],[-28,65],[9,55]],[[190,577],[68,12],[18,35]],[[276,624],[50,-3]],[[662,444],[-25,-65]],[[637,379],[-69,-112]],[[568,267],[-45,37]],[[523,304],[38,54],[-44,46]],[[517,404],[10,52]],[[527,456],[135,-12]],[[347,413],[-113,-9]],[[234,404],[-25,53]],[[349,474],[-2,-61]],[[519,572],[-114,12]],[[405,584],[19,137]],[[424,721],[114,-42],[-19,-107]],[[517,91],[-15,-49],[-74,-42],[-79,58]],[[349,58],[50,42]],[[399,100],[46,26],[72,-35]],[[53,737],[20,-25],[-11,-115],[-24,3],[-38,106],[53,31]],[[568,267],[46,-38]],[[614,229],[-60,-88]],[[554,141],[-94,62]],[[460,203],[63,101]],[[519,572],[8,-116]],[[517,404],[-128,-33]],[[389,371],[-42,42]],[[349,576],[56,8]],[[460,203],[-34,10]],[[426,213],[-82,96]],[[344,309],[45,62]],[[361,726],[-35,-105]],[[276,624],[-77,15]],[[199,639],[-5,38],[109,118],[58,-69]],[[384,145],[-91,-7]],[[293,138],[-11,54]],[[282,192],[146,8]],[[428,200],[-44,-55]],[[426,213],[2,-13]],[[282,192],[-14,40],[60,72]],[[328,304],[16,5]],[[519,572],[123,3],[20,-131]],[[328,304],[-33,13],[-61,87]],[[637,379],[91,-35],[-31,-49],[-39,5],[-44,-71]],[[554,141],[-37,-50]],[[399,100],[-15,45]],[[349,58],[-64,46],[8,34]],[[361,726],[63,-5]],[[190,577],[9,62]]],"transform":{"scale":[0.0001498502032967063,0.0001652729987421262],"translate":[123.91505247600004,11.073590266000048]},"objects":{"bgysubmuns-municity-702231000":{"type":"GeometryCollection","geometries":[{"arcs":[[0,1,2,3,4,5]],"type":"Polygon","properties":{"adm1_psgc":700000000,"adm2_psgc":702200000,"adm3_psgc":702231000,"adm4_psgc":702231001,"adm4_en":"Antipolo","geo_level":"Bgy","len_crs":10971,"area_crs":6434684,"len_km":10,"area_km2":6},"id":702231001},{"arcs":[[6,7,8,9,10,11]],"type":"Polygon","properties":{"adm1_psgc":700000000,"adm2_psgc":702200000,"adm3_psgc":702231000,"adm4_psgc":702231002,"adm4_en":"Curva","geo_level":"Bgy","len_crs":10524,"area_crs":4555016,"len_km":10,"area_km2":4},"id":702231002},{"arcs":[[12,13,-3,14]],"type":"Polygon","properties":{"adm1_psgc":700000000,"adm2_psgc":702200000,"adm3_psgc":702231000,"adm4_psgc":702231003,"adm4_en":"Daanlungsod","geo_level":"Bgy","len_crs":6775,"area_crs":2030156,"len_km":6,"area_km2":2},"id":702231003},{"arcs":[[15,16,17]],"type":"Polygon","properties":{"adm1_psgc":700000000,"adm2_psgc":702200000,"adm3_psgc":702231000,"adm4_psgc":702231004,"adm4_en":"Dalingding Sur","geo_level":"Bgy","len_crs":8406,"area_crs":4428435,"len_km":8,"area_km2":4},"id":702231004},{"arcs":[[18,19,20]],"type":"Polygon","properties":{"adm1_psgc":700000000,"adm2_psgc":702200000,"adm3_psgc":702231000,"adm4_psgc":702231005,"adm4_en":"Dayhagon","geo_level":"Bgy","len_crs":8899,"area_crs":3686640,"len_km":8,"area_km2":3},"id":702231005},{"arcs":[[21]],"type":"Polygon","properties":{"adm1_psgc":700000000,"adm2_psgc":702200000,"adm3_psgc":702231000,"adm4_psgc":702231006,"adm4_en":"Gibitngil","geo_level":"Bgy","len_crs":8117,"area_crs":2142982,"len_km":8,"area_km2":2},"id":702231006},{"arcs":[[22,23,24,25,-9]],"type":"Polygon","properties":{"adm1_psgc":700000000,"adm2_psgc":702200000,"adm3_psgc":702231000,"adm4_psgc":702231007,"adm4_en":"Canhabagat","geo_level":"Bgy","len_crs":9220,"area_crs":3905811,"len_km":9,"area_km2":3},"id":702231007},{"arcs":[[26,-11,27,28,-15,-2,29,-16]],"type":"Polygon","properties":{"adm1_psgc":700000000,"adm2_psgc":702200000,"adm3_psgc":702231000,"adm4_psgc":702231008,"adm4_en":"Caputatan Norte","geo_level":"Bgy","len_crs":12566,"area_crs":9729053,"len_km":12,"area_km2":9},"id":702231008},{"arcs":[[-26,30,31,32,-28,-10]],"type":"Polygon","properties":{"adm1_psgc":700000000,"adm2_psgc":702200000,"adm3_psgc":702231000,"adm4_psgc":702231009,"adm4_en":"Caputatan Sur","geo_level":"Bgy","len_crs":11031,"area_crs":7378314,"len_km":11,"area_km2":7},"id":702231009},{"arcs":[[33,-6,34,35]],"type":"Polygon","properties":{"adm1_psgc":700000000,"adm2_psgc":702200000,"adm3_psgc":702231000,"adm4_psgc":702231010,"adm4_en":"Kawit","geo_level":"Bgy","len_crs":10238,"area_crs":5350401,"len_km":10,"area_km2":5},"id":702231010},{"arcs":[[36,37,38,39]],"type":"Polygon","properties":{"adm1_psgc":700000000,"adm2_psgc":702200000,"adm3_psgc":702231000,"adm4_psgc":702231011,"adm4_en":"Lamintak Norte","geo_level":"Bgy","len_crs":7189,"area_crs":2031713,"len_km":7,"area_km2":2},"id":702231011},{"arcs":[[40,-39,41,42,-32]],"type":"Polygon","properties":{"adm1_psgc":700000000,"adm2_psgc":702200000,"adm3_psgc":702231000,"adm4_psgc":702231012,"adm4_en":"Luy-a","geo_level":"Bgy","len_crs":10480,"area_crs":2855201,"len_km":10,"area_km2":2},"id":702231012},{"arcs":[[-12,-27,43]],"type":"Polygon","properties":{"adm1_psgc":700000000,"adm2_psgc":702200000,"adm3_psgc":702231000,"adm4_psgc":702231013,"adm4_en":"Panugnawan","geo_level":"Bgy","len_crs":8797,"area_crs":4868584,"len_km":8,"area_km2":4},"id":702231013},{"arcs":[[-33,-43,44,-13,-29]],"type":"Polygon","properties":{"adm1_psgc":700000000,"adm2_psgc":702200000,"adm3_psgc":702231000,"adm4_psgc":702231014,"adm4_en":"Poblacion","geo_level":"Bgy","len_crs":9556,"area_crs":3183855,"len_km":9,"area_km2":3},"id":702231014},{"arcs":[[-23,-8,45]],"type":"Polygon","properties":{"adm1_psgc":700000000,"adm2_psgc":702200000,"adm3_psgc":702231000,"adm4_psgc":702231015,"adm4_en":"Tindog","geo_level":"Bgy","len_crs":12522,"area_crs":3514522,"len_km":12,"area_km2":3},"id":702231015},{"arcs":[[-25,46,-21,47,-40,-41,-31]],"type":"Polygon","properties":{"adm1_psgc":700000000,"adm2_psgc":702200000,"adm3_psgc":702231000,"adm4_psgc":702231016,"adm4_en":"Don Virgilio Gonzales","geo_level":"Bgy","len_crs":9582,"area_crs":3236936,"len_km":9,"area_km2":3},"id":702231016},{"arcs":[[-48,-20,48,-37]],"type":"Polygon","properties":{"adm1_psgc":700000000,"adm2_psgc":702200000,"adm3_psgc":702231000,"adm4_psgc":702231017,"adm4_en":"Lamintak Sur","geo_level":"Bgy","len_crs":7434,"area_crs":1743135,"len_km":7,"area_km2":1},"id":702231017},{"arcs":[[-17,-30,-1,-34,49]],"type":"Polygon","properties":{"adm1_psgc":700000000,"adm2_psgc":702200000,"adm3_psgc":702231000,"adm4_psgc":702231018,"adm4_en":"Maharuhay","geo_level":"Bgy","len_crs":7663,"area_crs":3518599,"len_km":7,"area_km2":3},"id":702231018},{"arcs":[[-5,50,-35]],"type":"Polygon","properties":{"adm1_psgc":700000000,"adm2_psgc":702200000,"adm3_psgc":702231000,"adm4_psgc":702231019,"adm4_en":"Mahawak","geo_level":"Bgy","len_crs":4915,"area_crs":1330536,"len_km":4,"area_km2":1},"id":702231019}]}}}