{"type":"Topology","arcs":[[[526,172],[-63,-1]],[[463,171],[-51,36]],[[412,207],[77,12]],[[489,219],[37,-47]],[[62,439],[-30,-49]],[[32,390],[-32,-46]],[[0,344],[0,100]],[[0,444],[62,-5]],[[354,394],[-7,-13]],[[347,381],[-26,-96]],[[321,285],[-3,-7]],[[318,278],[-42,37]],[[276,315],[-24,130]],[[252,445],[4,4]],[[256,449],[42,-2]],[[298,447],[56,-53]],[[389,274],[-23,-82]],[[366,192],[-48,86]],[[321,285],[68,-11]],[[459,406],[-9,-64]],[[450,342],[-1,-1]],[[449,341],[-95,53]],[[298,447],[-16,35]],[[282,482],[18,27]],[[300,509],[159,-103]],[[536,263],[201,-183]],[[737,80],[-92,-80],[-119,172]],[[489,219],[14,19]],[[503,238],[10,9]],[[513,247],[23,16]],[[252,445],[-46,-120]],[[206,325],[-143,9]],[[63,334],[22,26]],[[85,360],[52,65]],[[137,425],[110,27]],[[247,452],[9,-3]],[[570,310],[-34,-47]],[[513,247],[5,60]],[[518,307],[33,17]],[[551,324],[19,-14]],[[449,341],[-15,-10]],[[434,331],[-19,-25]],[[415,306],[-68,75]],[[598,300],[-28,10]],[[551,324],[4,33]],[[555,357],[43,-57]],[[536,371],[-52,-43]],[[484,328],[-34,14]],[[459,406],[77,-35]],[[282,482],[-35,-30]],[[137,425],[93,161]],[[230,586],[70,-77]],[[518,307],[-34,21]],[[536,371],[19,-14]],[[598,300],[139,-220]],[[0,444],[82,172]],[[82,616],[-20,-177]],[[503,238],[-69,93]],[[276,315],[-70,10]],[[137,425],[-75,14]],[[82,616],[148,-30]],[[463,171],[-93,12]],[[370,183],[42,24]],[[85,360],[-53,30]],[[370,183],[-4,9]],[[389,274],[26,32]],[[63,334],[-63,10]]],"transform":{"scale":[0.00019162051424696997,0.00020381519967534593],"translate":[123.86251650500003,7.942905382000049]},"objects":{"bgysubmuns-municity-1003511000":{"type":"GeometryCollection","geometries":[{"arcs":[[0,1,2,3]],"type":"Polygon","properties":{"adm1_psgc":1000000000,"adm2_psgc":1003500000,"adm3_psgc":1003511000,"adm4_psgc":1003511001,"adm4_en":"Babasalon","geo_level":"Bgy","len_crs":5787,"area_crs":1512186,"len_km":5,"area_km2":1},"id":1003511001},{"arcs":[[4,5,6,7]],"type":"Polygon","properties":{"adm1_psgc":1000000000,"adm2_psgc":1003500000,"adm3_psgc":1003511000,"adm4_psgc":1003511002,"adm4_en":"Baguiguicon","geo_level":"Bgy","len_crs":8454,"area_crs":2784727,"len_km":8,"area_km2":2},"id":1003511002},{"arcs":[[8,9,10,11,12,13,14,15]],"type":"Polygon","properties":{"adm1_psgc":1000000000,"adm2_psgc":1003500000,"adm3_psgc":1003511000,"adm4_psgc":1003511003,"adm4_en":"Daan Campo","geo_level":"Bgy","len_crs":12629,"area_crs":4461989,"len_km":12,"area_km2":4},"id":1003511003},{"arcs":[[16,17,-11,18]],"type":"Polygon","properties":{"adm1_psgc":1000000000,"adm2_psgc":1003500000,"adm3_psgc":1003511000,"adm4_psgc":1003511004,"adm4_en":"Durianon","geo_level":"Bgy","len_crs":6593,"area_crs":1738600,"len_km":6,"area_km2":1},"id":1003511004},{"arcs":[[19,20,21,-16,22,23,24]],"type":"Polygon","properties":{"adm1_psgc":1000000000,"adm2_psgc":1003500000,"adm3_psgc":1003511000,"adm4_psgc":1003511005,"adm4_en":"Ilihan","geo_level":"Bgy","len_crs":17121,"area_crs":4391673,"len_km":17,"area_km2":4},"id":1003511005},{"arcs":[[25,26,-4,27,28,29]],"type":"Polygon","properties":{"adm1_psgc":1000000000,"adm2_psgc":1003500000,"adm3_psgc":1003511000,"adm4_psgc":1003511006,"adm4_en":"Lamigadato","geo_level":"Bgy","len_crs":19164,"area_crs":14498233,"len_km":19,"area_km2":14},"id":1003511006},{"arcs":[[-14,30,31,32,33,34,35]],"type":"Polygon","properties":{"adm1_psgc":1000000000,"adm2_psgc":1003500000,"adm3_psgc":1003511000,"adm4_psgc":1003511007,"adm4_en":"Lemoncret","geo_level":"Bgy","len_crs":13875,"area_crs":5480265,"len_km":13,"area_km2":5},"id":1003511007},{"arcs":[[36,-30,37,38,39]],"type":"Polygon","properties":{"adm1_psgc":1000000000,"adm2_psgc":1003500000,"adm3_psgc":1003511000,"adm4_psgc":1003511008,"adm4_en":"Lubo","geo_level":"Bgy","len_crs":5086,"area_crs":1180123,"len_km":5,"area_km2":1},"id":1003511008},{"arcs":[[-22,40,41,42,-9]],"type":"Polygon","properties":{"adm1_psgc":1000000000,"adm2_psgc":1003500000,"adm3_psgc":1003511000,"adm4_psgc":1003511009,"adm4_en":"Lumbac","geo_level":"Bgy","len_crs":7334,"area_crs":1540364,"len_km":7,"area_km2":1},"id":1003511009},{"arcs":[[43,-40,44,45]],"type":"Polygon","properties":{"adm1_psgc":1000000000,"adm2_psgc":1003500000,"adm3_psgc":1003511000,"adm4_psgc":1003511010,"adm4_en":"Malabaogan","geo_level":"Bgy","len_crs":4097,"area_crs":1049755,"len_km":4,"area_km2":1},"id":1003511010},{"arcs":[[46,47,-20,48]],"type":"Polygon","properties":{"adm1_psgc":1000000000,"adm2_psgc":1003500000,"adm3_psgc":1003511000,"adm4_psgc":1003511011,"adm4_en":"Mapantao","geo_level":"Bgy","len_crs":6586,"area_crs":1569508,"len_km":6,"area_km2":1},"id":1003511011},{"arcs":[[-24,49,-35,50,51]],"type":"Polygon","properties":{"adm1_psgc":1000000000,"adm2_psgc":1003500000,"adm3_psgc":1003511000,"adm4_psgc":1003511012,"adm4_en":"Olango","geo_level":"Bgy","len_crs":13453,"area_crs":5394814,"len_km":13,"area_km2":5},"id":1003511012},{"arcs":[[-45,-39,52,-47,53]],"type":"Polygon","properties":{"adm1_psgc":1000000000,"adm2_psgc":1003500000,"adm3_psgc":1003511000,"adm4_psgc":1003511013,"adm4_en":"Pangao","geo_level":"Bgy","len_crs":4703,"area_crs":1503772,"len_km":4,"area_km2":1},"id":1003511013},{"arcs":[[54,-26,-37,-44]],"type":"Polygon","properties":{"adm1_psgc":1000000000,"adm2_psgc":1003500000,"adm3_psgc":1003511000,"adm4_psgc":1003511014,"adm4_en":"Pelingkingan","geo_level":"Bgy","len_crs":14042,"area_crs":6003177,"len_km":14,"area_km2":6},"id":1003511014},{"arcs":[[-8,55,56]],"type":"Polygon","properties":{"adm1_psgc":1000000000,"adm2_psgc":1003500000,"adm3_psgc":1003511000,"adm4_psgc":1003511015,"adm4_en":"Lower Caningag","geo_level":"Bgy","len_crs":11426,"area_crs":7021656,"len_km":11,"area_km2":7},"id":1003511015},{"arcs":[[-23,-15,-36,-50]],"type":"Polygon","properties":{"adm1_psgc":1000000000,"adm2_psgc":1003500000,"adm3_psgc":1003511000,"adm4_psgc":1003511016,"adm4_en":"Poblacion","geo_level":"Bgy","len_crs":4541,"area_crs":818892,"len_km":4,"area_km2":0},"id":1003511016},{"arcs":[[-53,-38,-29,57,-41,-21,-48]],"type":"Polygon","properties":{"adm1_psgc":1000000000,"adm2_psgc":1003500000,"adm3_psgc":1003511000,"adm4_psgc":1003511017,"adm4_en":"Rarab","geo_level":"Bgy","len_crs":6903,"area_crs":1538538,"len_km":6,"area_km2":1},"id":1003511017},{"arcs":[[58,-31,-13]],"type":"Polygon","properties":{"adm1_psgc":1000000000,"adm2_psgc":1003500000,"adm3_psgc":1003511000,"adm4_psgc":1003511018,"adm4_en":"Somiorang","geo_level":"Bgy","len_crs":9332,"area_crs":3987553,"len_km":9,"area_km2":3},"id":1003511018},{"arcs":[[-51,59,-57,60]],"type":"Polygon","properties":{"adm1_psgc":1000000000,"adm2_psgc":1003500000,"adm3_psgc":1003511000,"adm4_psgc":1003511019,"adm4_en":"Upper Caningag","geo_level":"Bgy","len_crs":13412,"area_crs":10128821,"len_km":13,"area_km2":10},"id":1003511019},{"arcs":[[61,62,-2]],"type":"Polygon","properties":{"adm1_psgc":1000000000,"adm2_psgc":1003500000,"adm3_psgc":1003511000,"adm4_psgc":1003511020,"adm4_en":"Talambo","geo_level":"Bgy","len_crs":5326,"area_crs":1675086,"len_km":5,"area_km2":1},"id":1003511020},{"arcs":[[-34,63,-5,-60]],"type":"Polygon","properties":{"adm1_psgc":1000000000,"adm2_psgc":1003500000,"adm3_psgc":1003511000,"adm4_psgc":1003511021,"adm4_en":"Tambacon","geo_level":"Bgy","len_crs":6091,"area_crs":2260260,"len_km":6,"area_km2":2},"id":1003511021},{"arcs":[[-28,-3,-63,64,-17,65,-42,-58]],"type":"Polygon","properties":{"adm1_psgc":1000000000,"adm2_psgc":1003500000,"adm3_psgc":1003511000,"adm4_psgc":1003511022,"adm4_en":"Tawinian","geo_level":"Bgy","len_crs":9877,"area_crs":4944086,"len_km":9,"area_km2":4},"id":1003511022},{"arcs":[[-33,66,-6,-64]],"type":"Polygon","properties":{"adm1_psgc":1000000000,"adm2_psgc":1003500000,"adm3_psgc":1003511000,"adm4_psgc":1003511023,"adm4_en":"Tipaan","geo_level":"Bgy","len_crs":5424,"area_crs":1834263,"len_km":5,"area_km2":1},"id":1003511023},{"arcs":[[-66,-19,-10,-43]],"type":"Polygon","properties":{"adm1_psgc":1000000000,"adm2_psgc":1003500000,"adm3_psgc":1003511000,"adm4_psgc":1003511024,"adm4_en":"Tombador","geo_level":"Bgy","len_crs":6885,