{"type":"Topology","arcs":[[[372,345],[-38,-21]],[[334,324],[-176,-30]],[[158,294],[51,98]],[[209,392],[120,28]],[[329,420],[43,-75]],[[258,586],[48,-27]],[[306,559],[-2,-42]],[[304,517],[13,-19]],[[317,498],[-143,-56]],[[174,442],[-4,139]],[[170,581],[46,14]],[[216,595],[42,-9]],[[421,489],[1,-33]],[[422,456],[-6,-25]],[[416,431],[-82,-5]],[[334,426],[-17,72]],[[304,517],[117,-28]],[[496,644],[-10,-74]],[[486,570],[-101,-6]],[[385,564],[8,58]],[[393,622],[50,27]],[[443,649],[53,-5]],[[360,790],[-22,-43]],[[338,747],[-12,1]],[[326,748],[-44,11]],[[282,759],[78,31]],[[605,746],[-43,-58]],[[562,688],[-43,-41]],[[519,647],[-24,61]],[[495,708],[11,47]],[[506,755],[99,-9]],[[463,524],[-42,-35]],[[306,559],[79,5]],[[486,570],[-23,-46]],[[508,434],[10,5]],[[518,439],[8,-75]],[[526,364],[-87,-24]],[[439,340],[-23,91]],[[422,456],[47,8]],[[469,464],[39,-30]],[[334,426],[-5,-6]],[[209,392],[-35,50]],[[626,700],[-36,-28]],[[590,672],[30,74]],[[620,746],[6,-46]],[[590,672],[26,-24]],[[616,648],[-9,-72]],[[607,576],[-19,8]],[[588,584],[-25,0]],[[563,584],[-10,91]],[[553,675],[37,-3]],[[469,464],[61,61]],[[530,525],[-37,40]],[[493,565],[70,19]],[[588,584],[-80,-150]],[[607,576],[-89,-137]],[[463,524],[67,1]],[[393,622],[-43,47]],[[350,669],[20,26]],[[370,695],[98,9]],[[468,704],[-25,-55]],[[258,586],[81,80]],[[339,666],[11,3]],[[519,647],[-23,-3]],[[468,704],[27,4]],[[486,570],[7,-5]],[[326,748],[-27,-78]],[[299,670],[-45,22]],[[254,692],[28,67]],[[216,595],[83,75]],[[299,670],[40,-4]],[[439,774],[67,-19]],[[370,695],[69,79]],[[338,747],[32,-52]],[[301,0],[-203,64],[-98,103],[35,98]],[[35,265],[123,29]],[[334,324],[-33,-324]],[[553,675],[9,13]],[[605,746],[15,0]],[[170,581],[-14,4]],[[156,585],[98,107]],[[439,340],[-67,5]],[[35,265],[-28,222],[149,98]],[[526,364],[-225,-364]],[[360,790],[79,-16]],[[626,700],[-10,-52]]],"transform":{"scale":[0.00020608277316295863,0.00028913699873417815],"translate":[123.1238988780001,8.303406762000064]},"objects":{"bgysubmuns-municity-907211000":{"type":"GeometryCollection","geometries":[{"arcs":[[0,1,2,3,4]],"type":"Polygon","properties":{"adm1_psgc":900000000,"adm2_psgc":907200000,"adm3_psgc":907211000,"adm4_psgc":907211001,"adm4_en":"Balubo","geo_level":"Bgy","len_crs":15403,"area_crs":13801034,"len_km":15,"area_km2":13},"id":907211001},{"arcs":[[5,6,7,8,9,10,11]],"type":"Polygon","properties":{"adm1_psgc":900000000,"adm2_psgc":907200000,"adm3_psgc":907211000,"adm4_psgc":907211002,"adm4_en":"Canibongan","geo_level":"Bgy","len_crs":14765,"area_crs":12432128,"len_km":14,"area_km2":12},"id":907211002},{"arcs":[[12,13,14,15,-8,16]],"type":"Polygon","properties":{"adm1_psgc":900000000,"adm2_psgc":907200000,"adm3_psgc":907211000,"adm4_psgc":907211003,"adm4_en":"Capase","geo_level":"Bgy","len_crs":10038,"area_crs":6175604,"len_km":10,"area_km2":6},"id":907211003},{"arcs":[[17,18,19,20,21]],"type":"Polygon","properties":{"adm1_psgc":900000000,"adm2_psgc":907200000,"adm3_psgc":907211000,"adm4_psgc":907211004,"adm4_en":"Denoman","geo_level":"Bgy","len_crs":10492,"area_crs":4656462,"len_km":10,"area_km2":4},"id":907211004},{"arcs":[[22,23,24,25]],"type":"Polygon","properties":{"adm1_psgc":900000000,"adm2_psgc":907200000,"adm3_psgc":907211000,"adm4_psgc":907211005,"adm4_en":"Dohinob","geo_level":"Bgy","len_crs":6510,"area_crs":1790028,"len_km":6,"area_km2":1},"id":907211005},{"arcs":[[26,27,28,29,30]],"type":"Polygon","properties":{"adm1_psgc":900000000,"adm2_psgc":907200000,"adm3_psgc":907211000,"adm4_psgc":907211006,"adm4_en":"Langatian","geo_level":"Bgy","len_crs":12421,"area_crs":4279658,"len_km":12,"area_km2":4},"id":907211006},{"arcs":[[31,-17,-7,32,-19,33]],"type":"Polygon","properties":{"adm1_psgc":900000000,"adm2_psgc":907200000,"adm3_psgc":907211000,"adm4_psgc":907211007,"adm4_en":"Lipakan","geo_level":"Bgy","len_crs":13497,"area_crs":6234123,"len_km":13,"area_km2":6},"id":907211007},{"arcs":[[34,35,36,37,-14,38,39]],"type":"Polygon","properties":{"adm1_psgc":900000000,"adm2_psgc":907200000,"adm3_psgc":907211000,"adm4_psgc":907211008,"adm4_en":"Marupay","geo_level":"Bgy","len_crs":13299,"area_crs":8169501,"len_km":13,"area_km2":8},"id":907211008},{"arcs":[[40,-4,41,-9,-16]],"type":"Polygon","properties":{"adm1_psgc":900000000,"adm2_psgc":907200000,"adm3_psgc":907211000,"adm4_psgc":907211009,"adm4_en":"Moliton","geo_level":"Bgy","len_crs":11185,"area_crs":6126159,"len_km":11,"area_km2":6},"id":907211009},{"arcs":[[42,43,44]],"type":"Polygon","properties":{"adm1_psgc":900000000,"adm2_psgc":907200000,"adm3_psgc":907211000,"adm4_psgc":907211010,"adm4_en":"Nabilid","geo_level":"Bgy","len_crs":7186,"area_crs":1021104,"len_km":7,"area_km2":1},"id":907211010},{"arcs":[[45,46,47,48,49,50]],"type":"Polygon","properties":{"adm1_psgc":900000000,"adm2_psgc":907200000,"adm3_psgc":907211000,"adm4_psgc":907211011,"adm4_en":"Pangologon","geo_level":"Bgy","len_crs":9336,"area_crs":2825804,"len_km":9,"area_km2":2},"id":907211011},{"arcs":[[-40,51,52,53,-49,54]],"type":"Polygon","properties":{"adm1_psgc":900000000,"adm2_psgc":907200000,"adm3_psgc":907211000,"adm4_psgc":907211012,"adm4_en":"Piñalan","geo_level":"Bgy","len_crs":16771,"area_crs":5579059,"len_km":16,"area_km2":5},"id":907211012},{"arcs":[[55,-35,-55,-48]],"type":"Polygon","properties":{"adm1_psgc":900000000,"adm2_psgc":907200000,"adm3_psgc":907211000,"adm4_psgc":907211013,"adm4_en":"Piñamar","geo_level":"Bgy","len_crs":15183,"area_crs":3678430,"len_km":15,"area_km2":3},"id":907211013},{"arcs":[[-39,-13,-32,56,-52]],"type":"Polygon","properties":{"adm1_psgc":900000000,"adm2_psgc":907200000,"adm3_psgc":907211000,"adm4_psgc":907211014,"adm4_en":"Sebod","geo_level":"Bgy","len_crs":8047,"area_crs":3120172,"len_km":8,"area_km2":3},"id":907211014},{"arcs":[[-21,57,58,59,60]],"type":"Polygon","properties":{"adm1_psgc":900000000,"adm2_psgc":907200000,"adm3_psgc":907211000,"adm4_psgc":907211015,"adm4_en":"Tanayan","geo_level":"Bgy","len_crs":8479,"area_crs":4022482,"len_km":8,"area_km2":4},"id":907211015},{"arcs":[[-20,-33,-6,61,62,-58]],"type":"Polygon","properties":{"adm1_psgc":900000000,"adm2_psgc":907200000,"adm3_psgc":907211000,"adm4_psgc":907211017,"adm4_en":"Villahermoso","geo_level":"Bgy","len_crs":10670,"area_crs":7349598,"len_km":10,"area_km2":7},"id":907211017},{"arcs":[[63,-22,-61,64,-29]],"type":"Polygon","properties":{"adm1_psgc":900000000,"adm2_psgc":907200000,"adm3_psgc":907211000,"adm4_psgc":907211018,"adm4_en":"Banbanan","geo_level":"Bgy","len_crs":6440,"area_crs":2558927,"len_km":6,"area_km2":2},"id":907211018},{"arcs":[[-53,-57,-34,65]],"type":"Polygon","properties":{"adm1_psgc":900000000,"adm2_psgc":907200000,"adm3_psgc":907211000,"adm4_psgc":907211019,"adm4_en":"Cape","geo_level":"Bgy","len_crs":6178,"area_crs":1450493,"len_km":6,"area_km2":1},"id":907211019},{"arcs":[[66,67,68,-25]],"type":"Polygon","properties":{"adm1_psgc":900000000,"adm2_psgc":907200000,"adm3_psgc":907211000,"adm4_psgc":907211020,"adm4_en":"Galokso","geo_level":"Bgy","len_crs":8530,"area_crs":2539029,"len_km":8,"area_km2":2},"id":907211020},{"arcs":[[-62,-12,69,70]],"type":"Polygon","properties":{"adm1_psgc":900000000,"adm2_psgc":907200000,"adm3_psgc":907211000,"adm4_psgc":907211021,"adm4_en":"Gubat","geo_level":"Bgy","len_crs":8215,"area_crs":2180101,"len_km":8,"area_km2":2},"id":907211021},{"arcs":[[71,-30,-65,-60,72]],"type":"Polygon","properties":{"adm1_psgc":900000000,"adm2_psgc":907200000,"adm3_psgc":907211000,"adm4_psgc":907211022,"adm4_en":"Irasan","geo_level":"Bgy","len_crs":9812,"area_crs":4717916,"len_km":9,"area_km2":4},"id":907211022},{"arcs":[[73,-59,-63,-71,-67,-24]],"type":"Polygon","properties":{"adm1_psgc":900000000,"adm2_psgc":907200000,"adm3_psgc":907211000,"adm4_psgc":907211023,"adm4_en":"Labakid","geo_level":"Bgy","len_crs":7295,"area_crs":2961330,"len_km":7,"area_km2":2},"id":907211023},{"arcs":[[74,75,-2,76]],"type":"Polygon","properties":{"adm1_psgc":900000000,"adm2_psgc":907200000,"adm3_psgc":907211000,"adm4_psgc":907211024,"adm4_en":"Panampalay","geo_level":"Bgy",