{"type":"Topology","arcs":[[[147,158],[29,-39]],[[176,119],[1,-94]],[[177,25],[-63,-25]],[[114,0],[-5,42]],[[109,42],[-7,56]],[[102,98],[-3,29]],[[99,127],[30,62]],[[129,189],[18,-31]],[[501,280],[-30,-47]],[[471,233],[-118,-78]],[[353,155],[-49,14]],[[304,169],[31,59]],[[335,228],[55,124]],[[390,352],[111,-72]],[[350,452],[-60,-79]],[[290,373],[-30,-38]],[[260,335],[-26,33]],[[234,368],[116,84]],[[60,176],[-1,-43]],[[59,133],[-48,-5]],[[11,128],[-11,48]],[[0,176],[60,0]],[[362,421],[-32,-117]],[[330,304],[-58,-60]],[[272,244],[-12,38]],[[260,282],[30,91]],[[350,452],[12,-31]],[[76,203],[-16,-27]],[[0,176],[7,50]],[[7,226],[69,-23]],[[144,229],[-15,-40]],[[99,127],[-40,6]],[[76,203],[-6,98]],[[70,301],[81,5]],[[151,306],[-7,-77]],[[102,98],[-70,-12]],[[32,86],[-21,42]],[[353,155],[-17,-104]],[[336,51],[-31,-4]],[[305,47],[-39,68]],[[266,115],[38,54]],[[266,115],[-32,8]],[[234,123],[18,57]],[[252,180],[10,19]],[[262,199],[42,-30]],[[260,335],[-46,-69]],[[214,266],[-18,-62]],[[196,204],[-52,25]],[[151,306],[83,62]],[[262,199],[10,45]],[[330,304],[5,-76]],[[477,79],[-6,154]],[[501,280],[436,-48],[-147,-224],[-313,71]],[[477,79],[-141,-28]],[[252,180],[-42,19]],[[210,199],[-14,5]],[[214,266],[46,16]],[[362,421],[28,-69]],[[109,42],[-67,-12]],[[42,30],[-10,56]],[[7,226],[63,75]],[[234,52],[-57,-27]],[[176,119],[58,4]],[[234,123],[0,-71]],[[114,0],[-72,30]],[[210,199],[-63,-41]],[[305,47],[-71,5]]],"transform":{"scale":[0.0004700580917823669,0.00038462655530979327],"translate":[124.79973519799998,8.57908894900004]},"objects":{"bgysubmuns-municity-1004306000":{"type":"GeometryCollection","geometries":[{"arcs":[[0,1,2,3,4,5,6,7]],"type":"Polygon","properties":{"adm1_psgc":1000000000,"adm2_psgc":1004300000,"adm3_psgc":1004306000,"adm4_psgc":1004306001,"adm4_en":"Ani-e","geo_level":"Bgy","len_crs":21956,"area_crs":19821532,"len_km":21,"area_km2":19},"id":1004306001},{"arcs":[[8,9,10,11,12,13]],"type":"Polygon","properties":{"adm1_psgc":1000000000,"adm2_psgc":1004300000,"adm3_psgc":1004306000,"adm4_psgc":1004306002,"adm4_en":"Aposkahoy","geo_level":"Bgy","len_crs":29894,"area_crs":32607781,"len_km":29,"area_km2":32},"id":1004306002},{"arcs":[[14,15,16,17]],"type":"Polygon","properties":{"adm1_psgc":1000000000,"adm2_psgc":1004300000,"adm3_psgc":1004306000,"adm4_psgc":1004306003,"adm4_en":"Bulahan","geo_level":"Bgy","len_crs":50372,"area_crs":83317960,"len_km":50,"area_km2":83},"id":1004306003},{"arcs":[[18,19,20,21]],"type":"Polygon","properties":{"adm1_psgc":1000000000,"adm2_psgc":1004300000,"adm3_psgc":1004306000,"adm4_psgc":1004306004,"adm4_en":"Cabacungan","geo_level":"Bgy","len_crs":9794,"area_crs":4918050,"len_km":9,"area_km2":4},"id":1004306004},{"arcs":[[22,23,24,25,-15,26]],"type":"Polygon","properties":{"adm1_psgc":1000000000,"adm2_psgc":1004300000,"adm3_psgc":1004306000,"adm4_psgc":1004306006,"adm4_en":"Pelaez","geo_level":"Bgy","len_crs":22135,"area_crs":17452760,"len_km":22,"area_km2":17},"id":1004306006},{"arcs":[[27,-22,28,29]],"type":"Polygon","properties":{"adm1_psgc":1000000000,"adm2_psgc":1004300000,"adm3_psgc":1004306000,"adm4_psgc":1004306007,"adm4_en":"Gumaod","geo_level":"Bgy","len_crs":11138,"area_crs":4984074,"len_km":11,"area_km2":4},"id":1004306007},{"arcs":[[30,-7,31,-19,-28,32,33,34]],"type":"Polygon","properties":{"adm1_psgc":1000000000,"adm2_psgc":1004300000,"adm3_psgc":1004306000,"adm4_psgc":1004306008,"adm4_en":"Hinaplanan","geo_level":"Bgy","len_crs":22454,"area_crs":24418687,"len_km":22,"area_km2":24},"id":1004306008},{"arcs":[[-6,35,36,-20,-32]],"type":"Polygon","properties":{"adm1_psgc":1000000000,"adm2_psgc":1004300000,"adm3_psgc":1004306000,"adm4_psgc":1004306009,"adm4_en":"Kalawitan","geo_level":"Bgy","len_crs":11572,"area_crs":6721910,"len_km":11,"area_km2":6},"id":1004306009},{"arcs":[[37,38,39,40,-11]],"type":"Polygon","properties":{"adm1_psgc":1000000000,"adm2_psgc":1004300000,"adm3_psgc":1004306000,"adm4_psgc":1004306010,"adm4_en":"Lanise","geo_level":"Bgy","len_crs":17609,"area_crs":15927788,"len_km":17,"area_km2":15},"id":1004306010},{"arcs":[[-41,41,42,43,44]],"type":"Polygon","properties":{"adm1_psgc":1000000000,"adm2_psgc":1004300000,"adm3_psgc":1004306000,"adm4_psgc":1004306011,"adm4_en":"Luna","geo_level":"Bgy","len_crs":11372,"area_crs":8516889,"len_km":11,"area_km2":8},"id":1004306011},{"arcs":[[45,46,47,-35,48,-17]],"type":"Polygon","properties":{"adm1_psgc":1000000000,"adm2_psgc":1004300000,"adm3_psgc":1004306000,"adm4_psgc":1004306012,"adm4_en":"Madaguing","geo_level":"Bgy","len_crs":20010,"area_crs":19380471,"len_km":20,"area_km2":19},"id":1004306012},{"arcs":[[-12,-45,49,-24,50]],"type":"Polygon","properties":{"adm1_psgc":1000000000,"adm2_psgc":1004300000,"adm3_psgc":1004306000,"adm4_psgc":1004306013,"adm4_en":"Malagana","geo_level":"Bgy","len_crs":15517,"area_crs":13382504,"len_km":15,"area_km2":13},"id":1004306013},{"arcs":[[51,-9,52]],"type":"Polygon","properties":{"adm1_psgc":1000000000,"adm2_psgc":1004300000,"adm3_psgc":1004306000,"adm4_psgc":1004306014,"adm4_en":"Minalwang","geo_level":"Bgy","len_crs":76889,"area_crs":226847573,"len_km":76,"area_km2":226},"id":1004306014},{"arcs":[[53,-38,-10,-52]],"type":"Polygon","properties":{"adm1_psgc":1000000000,"adm2_psgc":1004300000,"adm3_psgc":1004306000,"adm4_psgc":1004306015,"adm4_en":"Mat-i","geo_level":"Bgy","len_crs":28361,"area_crs":41241613,"len_km":28,"area_km2":41},"id":1004306015},{"arcs":[[-50,-44,54,55,-47,56,-25]],"type":"Polygon","properties":{"adm1_psgc":1000000000,"adm2_psgc":1004300000,"adm3_psgc":1004306000,"adm4_psgc":1004306016,"adm4_en":"Panampawan","geo_level":"Bgy","len_crs":13822,"area_crs":10115767,"len_km":13,"area_km2":10},"id":1004306016},{"arcs":[[-13,-51,-23,57]],"type":"Polygon","properties":{"adm1_psgc":1000000000,"adm2_psgc":1004300000,"adm3_psgc":1004306000,"adm4_psgc":1004306017,"adm4_en":"Pambugas","geo_level":"Bgy","len_crs":18997,"area_crs":12246675,"len_km":18,"area_km2":12},"id":1004306017},{"arcs":[[58,59,-36,-5]],"type":"Polygon","properties":{"adm1_psgc":1000000000,"adm2_psgc":1004300000,"adm3_psgc":1004306000,"adm4_psgc":1004306018,"adm4_en":"Patrocenio","geo_level":"Bgy","len_crs":12041,"area_crs":8599493,"len_km":12,"area_km2":8},"id":1004306018},{"arcs":[[-33,-30,60]],"type":"Polygon","properties":{"adm1_psgc":1000000000,"adm2_psgc":1004300000,"adm3_psgc":1004306000,"adm4_psgc":1004306019,"adm4_en":"Plaridel","geo_level":"Bgy","len_crs":16379,"area_crs":15959221,"len_km":16,"area_km2":15},"id":1004306019},{"arcs":[[61,-2,62,63]],"type":"Polygon","properties":{"adm1_psgc":1000000000,"adm2_psgc":1004300000,"adm3_psgc":1004306000,"adm4_psgc":1004306020,"adm4_en":"Poblacion","geo_level":"Bgy","len_crs":14147,"area_crs":10804547,"len_km":14,"area_km2":10},"id":1004306020},{"arcs":[[64,-59,-4]],"type":"Polygon","properties":{"adm1_psgc":1000000000,"adm2_psgc":1004300000,"adm3_psgc":1004306000,"adm4_psgc":1004306021,"adm4_en":"Punong","geo_level":"Bgy","len_crs":13661,"area_crs":10198707,"len_km":13,"area_km2":10},"id":1004306021},{"arcs":[[-56,65,-8,-31,-48]],"type":"Polygon","properties":{"adm1_psgc":1000000000,"adm2_psgc":1004300000,"adm3_psgc":1004306000,"adm4_psgc":1004306022,"adm4_en":"Rizal","geo_level":"Bgy","len_crs":11978,"area_crs":8707972,"len_km":11,"area_km2":8},"id":1004306022},{"arcs":[[-40,66,-64,-42]],"type":"Polygon","properties":{"adm1_psgc":1000000000,"adm2_psgc":1004300000,"adm3_psgc":1004306000,"adm4_psgc":1004306023,"adm4_en":"Santa Cruz","geo_level":"Bgy","len_crs":11941,"area_crs":7501101,"len_km":11,"area_km2":7},"id":1004306023},{"arcs":[[-43,-63,-1,-66,-55]],"type":"Polygon","properties":{"adm1_psgc":1000000000,"adm2_psgc":1004300000,"adm3_psgc":1004306000,"adm4_psgc":1004306024,"adm4_en":"Tamboboan","geo_level":"Bgy","len_crs":16467,"area_crs":10859420,"len_km":16,"area_km2":10},"id":1004306024},{"arcs":[[-57,-46,-16,-26]],"type":"Polygon","properties":{"adm1_psgc":1000000000,"adm2_psgc":1004300000,"adm3_psgc":1004306000,"adm4_psgc":1004306025,"adm4_en":"Tipolohon","geo_level":"Bgy",