{"type":"Topology","arcs":[[[213,557],[-1,-8]],[[212,549],[-32,1]],[[180,550],[-1,9]],[[179,559],[34,-2]],[[212,549],[-21,-58]],[[191,491],[-11,59]],[[239,585],[11,-80]],[[250,505],[-59,-14]],[[213,557],[9,35]],[[222,592],[17,-7]],[[250,505],[5,-52]],[[255,453],[-102,-241]],[[153,212],[-70,81],[108,198]],[[179,559],[28,39]],[[207,598],[15,-6]],[[682,791],[-6,-471]],[[676,320],[-143,1]],[[533,321],[-4,130]],[[529,451],[-9,167]],[[520,618],[4,178]],[[524,796],[158,-5]],[[1042,787],[-360,4]],[[682,791],[4,261]],[[686,1052],[353,-5],[3,-260]],[[194,883],[2,1]],[[196,884],[-2,-1]],[[395,800],[9,-42],[-133,-1],[-15,-10]],[[256,747],[28,67],[-95,40]],[[189,854],[-9,25]],[[180,879],[5,2]],[[185,881],[14,3]],[[199,884],[197,54]],[[396,938],[-1,-138]],[[180,879],[5,2]],[[398,1054],[-2,-116]],[[199,884],[-3,0]],[[194,883],[-1,64],[-23,32],[-67,22],[20,51],[275,2]],[[429,39],[-76,35],[-87,-67]],[[266,7],[98,130],[73,72],[96,112]],[[533,321],[-104,-282]],[[520,618],[-72,-41],[-36,14],[-73,-29],[-9,53],[-36,-11]],[[294,604],[-9,81],[-29,62]],[[395,800],[129,-4]],[[529,451],[-274,2]],[[239,585],[55,19]],[[1042,787],[3,-469]],[[1045,318],[-369,2]],[[266,7],[-34,-7],[-52,108],[45,19],[73,82],[-2,55],[-33,22],[-65,-74],[-45,0]],[[1045,318],[2,-271],[-487,-17],[-123,-2],[-8,11]],[[207,598],[-26,39],[-31,130],[1,53],[38,34]],[[398,1054],[288,-2]]],"transform":{"scale":[0.00018499084622731031,0.0001641665320754958],"translate":[122.36543192000012,9.659435950000043]},"objects":{"bgysubmuns-municity-604527000":{"type":"GeometryCollection","geometries":[{"arcs":[[0,1,2,3]],"type":"Polygon","properties":{"adm1_psgc":600000000,"adm2_psgc":604500000,"adm3_psgc":604527000,"adm4_psgc":604527001,"adm4_en":"Barangay 1","geo_level":"Bgy","len_crs":1699,"area_crs":116870,"len_km":1,"area_km2":0},"id":604527001},{"arcs":[[4,5,-2]],"type":"Polygon","properties":{"adm1_psgc":600000000,"adm2_psgc":604500000,"adm3_psgc":604527000,"adm4_psgc":604527002,"adm4_en":"Barangay 2","geo_level":"Bgy","len_crs":3370,"area_crs":520145,"len_km":3,"area_km2":0},"id":604527002},{"arcs":[[6,7,-5,-1,8,9]],"type":"Polygon","properties":{"adm1_psgc":600000000,"adm2_psgc":604500000,"adm3_psgc":604527000,"adm4_psgc":604527003,"adm4_en":"Barangay 3","geo_level":"Bgy","len_crs":5153,"area_crs":1262103,"len_km":5,"area_km2":1},"id":604527003},{"arcs":[[10,11,12,-8]],"type":"Polygon","properties":{"adm1_psgc":600000000,"adm2_psgc":604500000,"adm3_psgc":604527000,"adm4_psgc":604527004,"adm4_en":"Barangay 4","geo_level":"Bgy","len_crs":27358,"area_crs":8995376,"len_km":27,"area_km2":8},"id":604527004},{"arcs":[[-9,-4,13,14]],"type":"Polygon","properties":{"adm1_psgc":600000000,"adm2_psgc":604500000,"adm3_psgc":604527000,"adm4_psgc":604527005,"adm4_en":"Barangay 5","geo_level":"Bgy","len_crs":3142,"area_crs":515406,"len_km":3,"area_km2":0},"id":604527005},{"arcs":[[15,16,17,18,19,20]],"type":"Polygon","properties":{"adm1_psgc":600000000,"adm2_psgc":604500000,"adm3_psgc":604527000,"adm4_psgc":604527006,"adm4_en":"Cabadiangan","geo_level":"Bgy","len_crs":23320,"area_crs":26835036,"len_km":23,"area_km2":26},"id":604527006},{"arcs":[[21,22,23]],"type":"Polygon","properties":{"adm1_psgc":600000000,"adm2_psgc":604500000,"adm3_psgc":604527000,"adm4_psgc":604527007,"adm4_en":"Camindangan","geo_level":"Bgy","len_crs":23914,"area_crs":34170748,"len_km":23,"area_km2":34},"id":604527007},{"arcs":[[26,27,28,29,30,31,32]],"type":"Polygon","properties":{"adm1_psgc":600000000,"adm2_psgc":604500000,"adm3_psgc":604527000,"adm4_psgc":604527008,"adm4_en":"Canturay","geo_level":"Bgy","len_crs":19240,"area_crs":9508927,"len_km":19,"area_km2":9},"id":604527008},{"arcs":[[34,-32,35,-25,36]],"type":"Polygon","properties":{"adm1_psgc":600000000,"adm2_psgc":604500000,"adm3_psgc":604527000,"adm4_psgc":604527009,"adm4_en":"Cartagena","geo_level":"Bgy","len_crs":21814,"area_crs":13279123,"len_km":21,"area_km2":13},"id":604527009},{"arcs":[[37,38,39]],"type":"Polygon","properties":{"adm1_psgc":600000000,"adm2_psgc":604500000,"adm3_psgc":604527000,"adm4_psgc":604527010,"adm4_en":"Cayhagan","geo_level":"Bgy","len_crs":21831,"area_crs":7133990,"len_km":21,"area_km2":7},"id":604527010},{"arcs":[[-20,40,41,-27,42]],"type":"Polygon","properties":{"adm1_psgc":600000000,"adm2_psgc":604500000,"adm3_psgc":604527000,"adm4_psgc":604527011,"adm4_en":"Gil Montilla","geo_level":"Bgy","len_crs":19056,"area_crs":17096409,"len_km":19,"area_km2":17},"id":604527011},{"arcs":[[-19,43,-11,-7,44,-41]],"type":"Polygon","properties":{"adm1_psgc":600000000,"adm2_psgc":604500000,"adm3_psgc":604527000,"adm4_psgc":604527012,"adm4_en":"Mambaroto","geo_level":"Bgy","len_crs":19250,"area_crs":14130783,"len_km":19,"area_km2":14},"id":604527012},{"arcs":[[45,46,-16,-22]],"type":"Polygon","properties":{"adm1_psgc":600000000,"adm2_psgc":604500000,"adm3_psgc":604527000,"adm4_psgc":604527013,"adm4_en":"Manlucahoc","geo_level":"Bgy","len_crs":31829,"area_crs":63144068,"len_km":31,"area_km2":63},"id":604527013},{"arcs":[[-39,47,-12,-44,-18]],"type":"Polygon","properties":{"adm1_psgc":600000000,"adm2_psgc":604500000,"adm3_psgc":604527000,"adm4_psgc":604527014,"adm4_en":"Maricalum","geo_level":"Bgy","len_crs":38058,"area_crs":34304942,"len_km":38,"area_km2":34},"id":604527014},{"arcs":[[-40,-17,-47,48]],"type":"Polygon","properties":{"adm1_psgc":600000000,"adm2_psgc":604500000,"adm3_psgc":604527000,"adm4_psgc":604527015,"adm4_en":"Nabulao","geo_level":"Bgy","len_crs":33885,"area_crs":59135037,"len_km":33,"area_km2":59},"id":604527015},{"arcs":[[-42,-45,-10,-15,49,-28]],"type":"Polygon","properties":{"adm1_psgc":600000000,"adm2_psgc":604500000,"adm3_psgc":604527000,"adm4_psgc":604527016,"adm4_en":"Nauhang","geo_level":"Bgy","len_crs":20276,"area_crs":9709639,"len_km":20,"area_km2":9},"id":604527016},{"arcs":[[-23,-21,-43,-33,-35,50]],"type":"Polygon","properties":{"adm1_psgc":600000000,"adm2_psgc":604500000,"adm3_psgc":604527000,"adm4_psgc":604527017,"adm4_en":"San Jose","geo_level":"Bgy","len_crs":21000,"area_crs":27375245,"len_km":21,"area_km2":27},"id":604527017}]}}}