{"type":"Topology","arcs":[[[807,603],[66,-271]],[[873,332],[-319,-192]],[[554,140],[-35,57],[-104,125]],[[415,322],[65,103],[42,129],[125,90],[81,-30],[79,-11]],[[2246,1381],[23,-96],[-15,-59],[-68,61]],[[2186,1287],[60,94]],[[1786,894],[-179,-117]],[[1607,777],[-121,214],[-64,46]],[[1422,1037],[34,37],[138,100]],[[1594,1174],[82,-89],[110,-191]],[[1427,659],[6,-42],[-68,-55],[-45,38],[-68,-40]],[[1252,560],[-78,92],[-7,37],[-50,66],[0,29]],[[1117,784],[81,81],[30,-49]],[[1228,816],[26,-10],[32,98],[26,13]],[[1312,917],[174,-126],[-80,-100],[21,-32]],[[1302,950],[10,-33]],[[1228,816],[20,122],[54,12]],[[979,682],[64,-246]],[[1043,436],[-170,-104]],[[807,603],[65,6],[107,73]],[[1164,507],[-121,-71]],[[979,682],[60,41]],[[1039,723],[125,-216]],[[554,140],[-128,-77]],[[426,63],[-43,110],[-27,14],[-48,102]],[[308,289],[40,32],[67,1]],[[2668,1615],[66,-101]],[[2734,1514],[-111,-32],[-67,48],[28,84],[84,1]],[[1929,2140],[21,-45],[-5,-77],[-51,8],[-23,59],[58,55]],[[2186,2172],[78,-51],[-37,-27],[-59,12],[18,66]],[[2041,1249],[70,35]],[[2111,1284],[4,-37],[-41,-80],[1,-86],[-121,-77]],[[1954,1004],[-87,156],[-52,75]],[[1815,1235],[72,10],[22,62],[112,-63],[20,5]],[[2668,1615],[57,27],[74,-85],[-65,-43]],[[3148,1763],[61,-12],[10,-30],[-62,-41],[-57,-13],[-104,6],[63,76],[89,14]],[[1252,560],[-88,-53]],[[1039,723],[78,61]],[[2186,1287],[-44,29],[-10,76],[22,64],[57,-26],[35,-49]],[[1980,1354],[61,-105]],[[1815,1235],[-42,49]],[[1773,1284],[67,79],[85,-20],[55,11]],[[1980,1354],[63,38],[33,-25],[35,-83]],[[426,63],[-104,-63],[-168,183],[44,55],[47,7],[63,44]],[[1607,777],[-180,-118]],[[1302,950],[38,42],[82,45]],[[1954,1004],[-168,-110]],[[1594,1174],[49,21],[120,105],[10,-16]]],"transform":{"scale":[0.00016506914973593264,0.00015053585819521526],"translate":[119.87214582500005,5.139396100000056]},"objects":{"bgysubmuns-municity-1907009000":{"type":"GeometryCollection","geometries":[{"arcs":[[0,1,2,3]],"type":"Polygon","properties":{"adm1_psgc":1900000000,"adm2_psgc":1907000000,"adm3_psgc":1907009000,"adm4_psgc":1907009001,"adm4_en":"Bakong","geo_level":"Bgy","len_crs":32701,"area_crs":43280974,"len_km":32,"area_km2":43},"id":1907009001},{"arcs":[[4,5]],"type":"Polygon","properties":{"adm1_psgc":1900000000,"adm2_psgc":1907000000,"adm3_psgc":1907009000,"adm4_psgc":1907009002,"adm4_en":"Bas-bas Proper","geo_level":"Bgy","len_crs":13534,"area_crs":2561429,"len_km":13,"area_km2":2},"id":1907009002},{"arcs":[[6,7,8,9]],"type":"Polygon","properties":{"adm1_psgc":1900000000,"adm2_psgc":1907000000,"adm3_psgc":1907009000,"adm4_psgc":1907009003,"adm4_en":"Basnunuk","geo_level":"Bgy","len_crs":22602,"area_crs":21344930,"len_km":22,"area_km2":21},"id":1907009003},{"arcs":[[10,11,12,13,14]],"type":"Polygon","properties":{"adm1_psgc":1900000000,"adm2_psgc":1907000000,"adm3_psgc":1907009000,"adm4_psgc":1907009004,"adm4_en":"Darussalam","geo_level":"Bgy","len_crs":25315,"area_crs":24431890,"len_km":25,"area_km2":24},"id":1907009004},{"arcs":[[15,-14,16]],"type":"Polygon","properties":{"adm1_psgc":1900000000,"adm2_psgc":1907000000,"adm3_psgc":1907009000,"adm4_psgc":1907009005,"adm4_en":"Languyan Proper","geo_level":"Bgy","len_crs":9432,"area_crs":1635862,"len_km":9,"area_km2":1},"id":1907009005},{"arcs":[[17,18,-1,19]],"type":"Polygon","properties":{"adm1_psgc":1900000000,"adm2_psgc":1907000000,"adm3_psgc":1907009000,"adm4_psgc":1907009006,"adm4_en":"Maraning","geo_level":"Bgy","len_crs":19203,"area_crs":14938096,"len_km":19,"area_km2":14},"id":1907009006},{"type":null,"properties":{"adm1_psgc":1900000000,"adm2_psgc":1907000000,"adm3_psgc":1907009000,"adm4_psgc":1907009009,"adm4_en":"Simalak","geo_level":"Bgy","len_crs":25504,"area_crs":1417496,"len_km":25,"area_km2":1},"id":1907009009},{"arcs":[[20,-18,21,22]],"type":"Polygon","properties":{"adm1_psgc":1900000000,"adm2_psgc":1907000000,"adm3_psgc":1907009000,"adm4_psgc":1907009010,"adm4_en":"Tuhog-tuhog","geo_level":"Bgy","len_crs":14794,"area_crs":7521941,"len_km":14,"area_km2":7},"id":1907009010},{"arcs":[[-3,23,24,25]],"type":"Polygon","properties":{"adm1_psgc":1900000000,"adm2_psgc":1907000000,"adm3_psgc":1907009000,"adm4_psgc":1907009011,"adm4_en":"Tumahubong","geo_level":"Bgy","len_crs":15806,"area_crs":9645707,"len_km":15,"area_km2":9},"id":1907009011},{"arcs":[[[26,27]],[[28]],[[29]]],"type":"MultiPolygon","properties":{"adm1_psgc":1900000000,"adm2_psgc":1907000000,"adm3_psgc":1907009000,"adm4_psgc":1907009012,"adm4_en":"Tumbagaan","geo_level":"Bgy","len_crs":57372,"area_crs":10737285,"len_km":57,"area_km2":10},"id":1907009012},{"arcs":[[30,31,32,33]],"type":"Polygon","properties":{"adm1_psgc":1900000000,"adm2_psgc":1907000000,"adm3_psgc":1907009000,"adm4_psgc":1907009013,"adm4_en":"Parang Pantay","geo_level":"Bgy","len_crs":22667,"area_crs":15318186,"len_km":22,"area_km2":15},"id":1907009013},{"arcs":[[[-27,34]],[[35]]],"type":"MultiPolygon","properties":{"adm1_psgc":1900000000,"adm2_psgc":1907000000,"adm3_psgc":1907009000,"adm4_psgc":1907009014,"adm4_en":"Adnin","geo_level":"Bgy","len_crs":19017,"area_crs":7731015,"len_km":19,"area_km2":7},"id":1907009014},{"arcs":[[-12,36,-23,37]],"type":"Polygon","properties":{"adm1_psgc":1900000000,"adm2_psgc":1907000000,"adm3_psgc":1907009000,"adm4_psgc":1907009015,"adm4_en":"Bakaw-bakaw","geo_level":"Bgy","len_crs":13561,"area_crs":7356840,"len_km":13,"area_km2":7},"id":1907009015},{"arcs":[[-6,38]],"type":"Polygon","properties":{"adm1_psgc":1900000000,"adm2_psgc":1907000000,"adm3_psgc":1907009000,"adm4_psgc":1907009016,"adm4_en":"BasLikud","geo_level":"Bgy","len_crs":12964,"area_crs":4032447,"len_km":12,"area_km2":4},"id":1907009016},{"arcs":[[39,-34,40,41]],"type":"Polygon","properties":{"adm1_psgc":1900000000,"adm2_psgc":1907000000,"adm3_psgc":1907009000,"adm4_psgc":1907009017,"adm4_en":"Jakarta","geo_level":"Bgy","len_crs":16871,"area_crs":6116016,"len_km":16,"area_km2":6},"id":1907009017},{"arcs":[[-31,-40,42]],"type":"Polygon","properties":{"adm1_psgc":1900000000,"adm2_psgc":1907000000,"adm3_psgc":1907009000,"adm4_psgc":1907009018,"adm4_en":"Kalupag","geo_level":"Bgy","len_crs":9330,"area_crs":3334007,"len_km":9,"area_km2":3},"id":1907009018},{"type":null,"properties":{"adm1_psgc":1900000000,"adm2_psgc":1907000000,"adm3_psgc":1907009000,"adm4_psgc":1907009019,"adm4_en":"Kiniktal","geo_level":"Bgy","len_crs":30834,"area_crs":1475612,"len_km":30,"area_km2":1},"id":1907009019},{"arcs":[[43,-25]],"type":"Polygon","properties":{"adm1_psgc":1900000000,"adm2_psgc":1907000000,"adm3_psgc":1907009000,"adm4_psgc":1907009020,"adm4_en":"Marang-marang","geo_level":"Bgy","len_crs":15678,"area_crs":12347818,"len_km":15,"area_km2":12},"id":1907009020},{"arcs":[[44,-15,-16,45,-8]],"type":"Polygon","properties":{"adm1_psgc":1900000000,"adm2_psgc":1907000000,"adm3_psgc":1907009000,"adm4_psgc":1907009021,"adm4_en":"Sikullis","geo_level":"Bgy","len_crs":22948,"area_crs":14946588,"len_km":22,"area_km2":14},"id":1907009021},{"arcs":[[-41,-33,46,-10,47]],"type":"Polygon","properties":{"adm1_psgc":1900000000,"adm2_psgc":1907000000,"adm3_psgc":1907009000,"adm4_psgc":1907009022,"adm4_en":"Tubig Dakula","geo_level":"Bgy","len_crs":25656,"area_crs":21136150,"len_km":25,"area_km2":21},"id":1907009022}]}}}