{"type":"Topology","arcs":[[[310,245],[-7,-78]],[[303,167],[-48,-25]],[[255,142],[-69,10]],[[186,152],[-38,88]],[[148,240],[95,26]],[[243,266],[67,-21]],[[312,676],[80,-151]],[[392,525],[-128,-71]],[[264,454],[-66,242]],[[198,696],[114,-20]],[[538,54],[-22,-7]],[[516,47],[-3,-7]],[[513,40],[-35,37]],[[478,77],[-15,6]],[[463,83],[19,12]],[[482,95],[43,-26],[13,-15]],[[670,186],[-105,-84]],[[565,102],[-21,-1]],[[544,101],[-6,5]],[[538,106],[-10,-1]],[[528,105],[-29,18]],[[499,123],[11,20]],[[510,143],[79,98]],[[589,241],[81,-55]],[[314,95],[0,-10]],[[314,85],[-9,-80]],[[305,5],[-50,8]],[[255,13],[0,129]],[[303,167],[11,-72]],[[499,682],[-117,-7]],[[382,675],[42,58]],[[424,733],[75,-51]],[[585,43],[-19,-7]],[[566,36],[-14,19]],[[552,55],[16,16]],[[568,71],[17,-28]],[[395,755],[29,-22]],[[382,675],[-70,1]],[[198,696],[91,133]],[[289,829],[106,-74]],[[513,40],[-79,-31]],[[434,9],[44,68]],[[148,240],[-32,70]],[[116,310],[114,34]],[[230,344],[13,-78]],[[476,845],[-81,-90]],[[289,829],[187,16]],[[528,105],[3,-7]],[[531,98],[-10,-14]],[[521,84],[17,-26]],[[538,58],[0,-4]],[[482,95],[17,28]],[[357,0],[-52,5]],[[314,85],[43,-85]],[[255,13],[-102,16]],[[153,29],[10,120]],[[163,149],[23,3]],[[64,143],[-1,-114]],[[63,29],[-63,186]],[[0,215],[64,-72]],[[499,682],[109,7]],[[608,689],[22,-75]],[[630,614],[-201,-112]],[[429,502],[-37,23]],[[647,91],[-34,-48]],[[613,43],[-28,0]],[[568,71],[79,20]],[[521,84],[6,-4]],[[527,80],[16,-15]],[[543,65],[9,-10]],[[566,36],[4,-10]],[[570,26],[-39,-10]],[[531,16],[13,42],[-6,0]],[[539,99],[-8,-1]],[[538,106],[1,-7]],[[539,99],[5,2]],[[565,102],[-8,-21]],[[557,81],[-13,9]],[[544,90],[-5,9]],[[544,90],[-17,-10]],[[645,419],[-56,-178]],[[510,143],[10,78],[-140,214],[49,67]],[[630,614],[15,-195]],[[557,81],[-14,-16]],[[369,277],[-59,-32]],[[230,344],[100,39]],[[330,383],[39,-106]],[[476,845],[132,-156]],[[153,29],[-90,0]],[[64,143],[99,6]],[[645,419],[156,-157],[-109,-122]],[[692,140],[-22,46]],[[116,310],[-47,0]],[[69,310],[195,144]],[[264,454],[66,-71]],[[369,277],[104,-146]],[[473,131],[-159,-36]],[[613,43],[-43,-17]],[[531,16],[-15,31]],[[692,140],[-45,-49]],[[463,83],[10,48]],[[0,215],[69,95]],[[434,9],[-77,-9]]],"transform":{"scale":[0.0000850653670412579,0.00009331496331361332],"translate":[122.27600764800002,10.656110113000066]},"objects":{"bgysubmuns-municity-603020000":{"type":"GeometryCollection","geometries":[{"arcs":[[0,1,2,3,4,5]],"type":"Polygon","properties":{"adm1_psgc":600000000,"adm2_psgc":603000000,"adm3_psgc":603020000,"adm4_psgc":603020001,"adm4_en":"Anono-o","geo_level":"Bgy","len_crs":4677,"area_crs":1365922,"len_km":4,"area_km2":1},"id":603020001},{"arcs":[[6,7,8,9]],"type":"Polygon","properties":{"adm1_psgc":600000000,"adm2_psgc":603000000,"adm3_psgc":603020000,"adm4_psgc":603020002,"adm4_en":"Bacong","geo_level":"Bgy","len_crs":7498,"area_crs":2528279,"len_km":7,"area_km2":2},"id":603020002},{"arcs":[[10,11,12,13,14,15]],"type":"Polygon","properties":{"adm1_psgc":600000000,"adm2_psgc":603000000,"adm3_psgc":603020000,"adm4_psgc":603020003,"adm4_en":"Bagumbayan Pob.","geo_level":"Bgy","len_crs":1986,"area_crs":132175,"len_km":1,"area_km2":0},"id":603020003},{"arcs":[[16,17,18,19,20,21,22,23]],"type":"Polygon","properties":{"adm1_psgc":600000000,"adm2_psgc":603000000,"adm3_psgc":603020000,"adm4_psgc":603020004,"adm4_en":"Balantad-Carlos Fruto","geo_level":"Bgy","len_crs":5586,"area_crs":1251881,"len_km":5,"area_km2":1},"id":603020004},{"arcs":[[24,25,26,27,-2,28]],"type":"Polygon","properties":{"adm1_psgc":600000000,"adm2_psgc":603000000,"adm3_psgc":603020000,"adm4_psgc":603020005,"adm4_en":"Baras","geo_level":"Bgy","len_crs":4060,"area_crs":794150,"len_km":4,"area_km2":0},"id":603020005},{"arcs":[[29,30,31]],"type":"Polygon","properties":{"adm1_psgc":600000000,"adm2_psgc":603000000,"adm3_psgc":603020000,"adm4_psgc":603020006,"adm4_en":"Binanua-an","geo_level":"Bgy","len_crs":4285,"area_crs":873735,"len_km":4,"area_km2":0},"id":603020006},{"arcs":[[32,33,34,35]],"type":"Polygon","properties":{"adm1_psgc":600000000,"adm2_psgc":603000000,"adm3_psgc":603020000,"adm4_psgc":603020007,"adm4_en":"Torreblanca-Blumentritt","geo_level":"Bgy","len_crs":1355,"area_crs":96231,"len_km":1,"area_km2":0},"id":603020007},{"arcs":[[36,-31,37,-10,38,39]],"type":"Polygon","properties":{"adm1_psgc":600000000,"adm2_psgc":603000000,"adm3_psgc":603020000,"adm4_psgc":603020008,"adm4_en":"Bongol San Miguel","geo_level":"Bgy","len_crs":6964,"area_crs":1809396,"len_km":6,"area_km2":1},"id":603020008},{"arcs":[[40,41,-13]],"type":"Polygon","properties":{"adm1_psgc":600000000,"adm2_psgc":603000000,"adm3_psgc":603020000,"adm4_psgc":603020009,"adm4_en":"Bongol San Vicente","geo_level":"Bgy","len_crs":2687,"area_crs":426743,"len_km":2,"area_km2":0},"id":603020009},{"arcs":[[-5,42,43,44]],"type":"Polygon","properties":{"adm1_psgc":600000000,"adm2_psgc":603000000,"adm3_psgc":603020000,"adm4_psgc":603020010,"adm4_en":"Bulad","geo_level":"Bgy","len_crs":3904,"area_crs":906961,"len_km":3,"area_km2":0},"id":603020010},{"arcs":[[45,-40,46]],"type":"Polygon","properties":{"adm1_psgc":600000000,"adm2_psgc":603000000,"adm3_psgc":603020000,"adm4_psgc":603020011,"adm4_en":"Buluangan","geo_level":"Bgy","len_crs":8933,"area_crs":2771041,"len_km":8,"area_km2":2},"id":603020011},{"arcs":[[-21,47,48,49,50,-16,51]],"type":"Polygon","properties":{"adm1_psgc":600000000,"adm2_psgc":603000000,"adm3_psgc":603020000,"adm4_psgc":603020012,"adm4_en":"Burgos-Gengos","geo_level":"Bgy","len_crs":2208,"area_crs":136867,"len_km":2,"area_km2":0},"id":603020012},{"arcs":[[52,-26,53]],"type":"Polygon","properties":{"adm1_psgc":600000000,"adm2_psgc":603000000,"adm3_psgc":603020000,"adm4_psgc":603020013,"adm4_en":"Cabasi","geo_level":"Bgy","len_crs":2929,"area_crs":415877,"len_km":2,"area_km2":0},"id":603020013},{"arcs":[[-28,54,55,56,-3]],"type":"Polygon","properties":{"adm1_psgc":600000000,"adm2_psgc":603000000,"adm3_psgc":603020000,"adm4_psgc":603020014,"adm4_en":"Cabubugan","geo_level":"Bgy","len_crs":4455,"area_crs":1182500,"len_km":4,"area_km2":1},"id":603020014},{"arcs":[[57,58,59]],"type":"Polygon","properties":{"adm1_psgc":600000000,"adm2_psgc":603000000,"adm3_psgc":603020000,"adm4_psgc":603020015,"adm4_en":"Calampitao","geo_level":"Bgy","len_crs":5152,"area_crs":818937,"len_km":5,"area_km2":0},"id":603020015},{"arcs":[[-30,60,61,62,63,-7,-38]],"type":"Polygon","properties":{"adm1_psgc":600000000,"adm2_psgc":603000000,"adm3_psgc":603020000,"adm4_psgc":603020016,"adm4_en":"Camangahan","geo_level":"Bgy","len_crs":9759,"area_crs":2658154,"len_km":9,"area_km2":2},"id":603020016},{"arcs":[[64,65,-36,66]],"type":"Polygon","properties":{"adm1_psgc":600000000,"adm2_psgc":603000000,"adm3_psgc":603020000,"adm4_psgc":603020017,"adm4_en":"Generosa-Cristobal Colon","geo_level":"Bgy","len_crs":2329,"area_crs":211850,"len_km":2,"area_km2":0},"id":603020017},{"arcs":[[67,68,69,-34,70,71,72,-50]],"type":"Polygon","properties":{"adm1_psgc":600000000,"adm2_psgc":603000000,"adm3_psgc":603020000,"adm4_psgc":603020018,"adm4_en":"Gerona-Gimeno","geo_level":"Bgy","len_crs":2643,"area_crs":113195,"len_km":2,"area_km2":0},"id":603020018},{"arcs":[[[73,-48,-20,74]],[[75,-18,76,77,78]]],"type":"MultiPolygon","properties":{"adm1_psgc":600000000,"adm2_psgc":603000000,"adm3_psgc":603020000,"adm4_psgc":603020019,"adm4_en":"Girado-Magsaysay","geo_level":"Bgy","len_crs":2321,"area_crs":56388,"len_km":2,"area_km2":0},"id":603020019},{"arcs":[[[-79,79,-68,-49,-74]],[[-75,-19,-76]]],"type":"MultiPolygon","properties":{"adm1_psgc":600000000,"adm2_psgc":603000000,"adm3_psgc":603020000,"adm4_psgc":603020020,"adm4_en":"Gotera","geo_level":"Bgy","len_crs":983,"area_crs":20246,"len_km":0,"area_km2":0},"id":603020020},{"arcs":[[80,-23,81,-63,82]],"type":"Polygon","properties":{"adm1_psgc":600000000,"adm2_psgc":603000000,"adm3_psgc":603020000,"adm4_psgc":603020021,"adm4_en":"Igcocolo","geo_level":"Bgy","len_crs":13000,"area_crs":6984064,"len_km":13,"area_km2":6},"id":603020021},{"arcs":[[83,-69,-80,-78]],