{"type":"Topology","arcs":[[[857,403],[-72,-20],[6,-47]],[[791,336],[-60,25]],[[731,361],[30,80]],[[761,441],[78,23]],[[839,464],[18,-61]],[[1032,87],[-72,-26]],[[960,61],[-30,62]],[[930,123],[42,29]],[[972,152],[60,-65]],[[791,336],[25,-13]],[[816,323],[-32,-18]],[[784,305],[-32,-30]],[[752,275],[-14,-6]],[[738,269],[-7,92]],[[926,336],[27,-25]],[[953,311],[-2,-19]],[[951,292],[-67,-45],[-82,10]],[[802,257],[-18,48]],[[816,323],[80,47]],[[896,370],[30,-34]],[[1256,471],[-105,-168]],[[1151,303],[-66,-11]],[[1085,292],[-43,16]],[[1042,308],[59,43],[19,90]],[[1120,441],[97,60]],[[1217,501],[39,-30]],[[951,292],[-30,-79]],[[921,213],[-90,-85]],[[831,128],[-26,21]],[[805,149],[-3,99]],[[802,248],[0,9]],[[889,101],[71,-40]],[[960,61],[13,-47]],[[973,14],[-64,-14],[-27,103]],[[882,103],[7,-2]],[[1143,83],[-64,-64],[-106,-5]],[[1032,87],[53,62]],[[1085,149],[58,-66]],[[802,248],[-43,3]],[[759,251],[-7,24]],[[99,299],[-73,-8]],[[26,291],[-26,65],[59,26],[40,-83]],[[1039,388],[-59,-27]],[[980,361],[-6,151]],[[974,512],[44,30]],[[1018,542],[21,-154]],[[1042,308],[-89,3]],[[926,336],[54,25]],[[1039,388],[81,53]],[[99,299],[-73,-8]],[[950,175],[22,-23]],[[930,123],[-41,-22]],[[882,103],[-51,25]],[[921,213],[29,-38]],[[805,149],[-43,87]],[[762,236],[-3,15]],[[762,236],[-24,33]],[[1095,593],[-77,-51]],[[974,512],[-39,-25],[-39,-117]],[[896,370],[-39,33]],[[839,464],[-17,23]],[[822,487],[112,46],[35,38],[126,22]],[[1147,228],[-62,-79]],[[950,175],[135,117]],[[1151,303],[-4,-75]],[[1221,169],[-74,59]],[[1256,471],[93,-68],[-128,-234]],[[1095,593],[122,-92]],[[1221,169],[-78,-86]],[[761,441],[61,46]]],"transform":{"scale":[0.00018600154040033037,0.00017626377065767634],"translate":[124.25435180500004,11.515086257000064]},"objects":{"bgysubmuns-municity-807808000":{"type":"GeometryCollection","geometries":[{"arcs":[[0,1,2,3,4]],"type":"Polygon","properties":{"adm1_psgc":800000000,"adm2_psgc":807800000,"adm3_psgc":807808000,"adm4_psgc":807808001,"adm4_en":"Agpangi","geo_level":"Bgy","len_crs":9369,"area_crs":2712730,"len_km":9,"area_km2":2},"id":807808001},{"arcs":[[5,6,7,8]],"type":"Polygon","properties":{"adm1_psgc":800000000,"adm2_psgc":807800000,"adm3_psgc":807808000,"adm4_psgc":807808002,"adm4_en":"Anislagan","geo_level":"Bgy","len_crs":6790,"area_crs":2267883,"len_km":6,"area_km2":2},"id":807808002},{"arcs":[[9,10,11,12,13,-2]],"type":"Polygon","properties":{"adm1_psgc":800000000,"adm2_psgc":807800000,"adm3_psgc":807808000,"adm4_psgc":807808003,"adm4_en":"Atipolo","geo_level":"Bgy","len_crs":6437,"area_crs":1603509,"len_km":6,"area_km2":1},"id":807808003},{"arcs":[[14,15,16,17,-11,18,19]],"type":"Polygon","properties":{"adm1_psgc":800000000,"adm2_psgc":807800000,"adm3_psgc":807808000,"adm4_psgc":807808004,"adm4_en":"Calumpang","geo_level":"Bgy","len_crs":10183,"area_crs":4165360,"len_km":10,"area_km2":4},"id":807808004},{"arcs":[[20,21,22,23,24,25]],"type":"Polygon","properties":{"adm1_psgc":800000000,"adm2_psgc":807800000,"adm3_psgc":807808000,"adm4_psgc":807808005,"adm4_en":"Capiñahan","geo_level":"Bgy","len_crs":14475,"area_crs":7130945,"len_km":14,"area_km2":7},"id":807808005},{"arcs":[[26,27,28,29,30,-17]],"type":"Polygon","properties":{"adm1_psgc":800000000,"adm2_psgc":807800000,"adm3_psgc":807808000,"adm4_psgc":807808006,"adm4_en":"Caraycaray","geo_level":"Bgy","len_crs":13321,"area_crs":4544835,"len_km":13,"area_km2":4},"id":807808006},{"arcs":[[31,32,33,34]],"type":"Polygon","properties":{"adm1_psgc":800000000,"adm2_psgc":807800000,"adm3_psgc":807808000,"adm4_psgc":807808007,"adm4_en":"Catmon","geo_level":"Bgy","len_crs":8786,"area_crs":1988139,"len_km":8,"area_km2":1},"id":807808007},{"arcs":[[35,-33,-6,36,37]],"type":"Polygon","properties":{"adm1_psgc":800000000,"adm2_psgc":807800000,"adm3_psgc":807808000,"adm4_psgc":807808008,"adm4_en":"Haguikhikan","geo_level":"Bgy","len_crs":11234,"area_crs":4656853,"len_km":11,"area_km2":4},"id":807808008},{"arcs":[[-31,38,39,-12,-18]],"type":"Polygon","properties":{"adm1_psgc":800000000,"adm2_psgc":807800000,"adm3_psgc":807808000,"adm4_psgc":807808009,"adm4_en":"Padre Inocentes Garcia","geo_level":"Bgy","len_crs":3571,"area_crs":784719,"len_km":3,"area_km2":0},"id":807808009},{"arcs":[[40,41]],"type":"Polygon","properties":{"adm1_psgc":800000000,"adm2_psgc":807800000,"adm3_psgc":807808000,"adm4_psgc":807808010,"adm4_en":"Libertad","geo_level":"Bgy","len_crs":7732,"area_crs":2652555,"len_km":7,"area_km2":2},"id":807808010},{"arcs":[[42,43,44,45]],"type":"Polygon","properties":{"adm1_psgc":800000000,"adm2_psgc":807800000,"adm3_psgc":807808000,"adm4_psgc":807808012,"adm4_en":"Lico","geo_level":"Bgy","len_crs":8690,"area_crs":3045141,"len_km":8,"area_km2":3},"id":807808012},{"arcs":[[46,-15,47,-43,48,-24]],"type":"Polygon","properties":{"adm1_psgc":800000000,"adm2_psgc":807800000,"adm3_psgc":807808000,"adm4_psgc":807808013,"adm4_en":"Lucsoon","geo_level":"Bgy","len_crs":12288,"area_crs":4648563,"len_km":12,"area_km2":4},"id":807808013},{"arcs":[[49,-41]],"type":"Polygon","properties":{"adm1_psgc":800000000,"adm2_psgc":807800000,"adm3_psgc":807808000,"adm4_psgc":807808014,"adm4_en":"Mabini","geo_level":"Bgy","len_crs":6034,"area_crs":1570515,"len_km":6,"area_km2":1},"id":807808014},{"arcs":[[50,-8,51,-35,52,-28,53]],"type":"Polygon","properties":{"adm1_psgc":800000000,"adm2_psgc":807800000,"adm3_psgc":807808000,"adm4_psgc":807808015,"adm4_en":"San Pablo","geo_level":"Bgy","len_crs":8211,"area_crs":3169764,"len_km":8,"area_km2":3},"id":807808015},{"arcs":[[-30,54,55,-39]],"type":"Polygon","properties":{"adm1_psgc":800000000,"adm2_psgc":807800000,"adm3_psgc":807808000,"adm4_psgc":807808016,"adm4_en":"Santo Niño","geo_level":"Bgy","len_crs":6814,"area_crs":1343384,"len_km":6,"area_km2":1},"id":807808016},{"arcs":[[-56,56,-13,-40]],"type":"Polygon","properties":{"adm1_psgc":800000000,"adm2_psgc":807800000,"adm3_psgc":807808000,"adm4_psgc":807808017,"adm4_en":"Santissimo Rosario Pob.","geo_level":"Bgy","len_crs":3258,"area_crs":202773,"len_km":3,"area_km2":0},"id":807808017},{"arcs":[[57,-45,58,59,-5,60,61]],"type":"Polygon","properties":{"adm1_psgc":800000000,"adm2_psgc":807800000,"adm3_psgc":807808000,"adm4_psgc":807808018,"adm4_en":"Talustusan","geo_level":"Bgy","len_crs":15850,"area_crs":6651450,"len_km":15,"area_km2":6},"id":807808018},{"arcs":[[62,-37,-9,-51,63,-22,64]],"type":"Polygon","properties":{"adm1_psgc":800000000,"adm2_psgc":807800000,"adm3_psgc":807808000,"adm4_psgc":807808019,"adm4_en":"Villa Caneja","geo_level":"Bgy","len_crs":13835,"area_crs":8164261,"len_km":13,"area_km2":8},"id":807808019},{"arcs":[[65,-65,-21,66]],"type":"Polygon","properties":{"adm1_psgc":800000000,"adm2_psgc":807800000,"adm3_psgc":807808000,"adm4_psgc":807808020,"adm4_en":"Villa Consuelo","geo_level":"Bgy","len_crs":15350,"area_crs":12751742,"len_km":15,"area_km2":12},"id":807808020},{"arcs":[[-32,-52,-7]],"type":"Polygon","properties":{"adm1_psgc":800000000,"adm2_psgc":807800000,"adm3_psgc":807808000,"adm4_psgc":807808021,"adm4_en":"Borac","geo_level":"Bgy","len_crs":4799,"area_crs":799785,"len_km":4,"area_km2":0},"id":807808021},{"arcs":[[-23,-64,-54,-27,-16,-47]],"type":"Polygon","properties":{"adm1_psgc":800000000,"adm2_psgc":807800000,"adm3_psgc":807808000,"adm4_psgc":807808022,"adm4_en":"Cabungaan","geo_level":"Bgy","len_crs":10457,"area_crs":4627359,"len_km":10,"area_km2":4},"id":807808022},{"arcs":[[-25,-49,-46,-58,67]],"type":"Polygon","properties":{"adm1_psgc":800000000,"adm2_psgc":807800000,"adm3_psgc":807808000,"adm4_psgc":807808023,"adm4_en":"Imelda","geo_level":"Bgy","len_crs":12313,"area_crs":8527745,"len_km":12,"area_km2":8},"id":807808023},{"arcs":[[-19,-10,-1,-60]],"type":"Polygon","properties":{"adm1_psgc":800000000,"adm2_psgc":807800000,"adm3_psgc":807808000,"adm4_psgc":807808024,"adm4_en":"Larrazabal","geo_level":"Bgy","len_crs":6081,"area_crs":2381224,"len_km":6,"area_km2":2},"id":807808024},{"arcs":[[68,-38,-63,-66]],"type":"Polygon","properties":{"adm1_psgc":800000000,"adm2_psgc":807800000,