{"type":"Topology","arcs":[[[468,323],[-84,-15]],[[384,308],[-74,-117]],[[310,191],[-107,69]],[[203,260],[30,52]],[[233,312],[30,68]],[[263,380],[156,53]],[[419,433],[49,-110]],[[241,395],[-25,-32]],[[216,363],[-39,17]],[[177,380],[14,57]],[[191,437],[50,-42]],[[368,128],[0,-26]],[[368,102],[-95,-64]],[[273,38],[-20,16]],[[253,54],[115,74]],[[370,86],[-8,-75]],[[362,11],[-49,-11]],[[313,0],[-40,38]],[[368,102],[2,-16]],[[557,101],[-34,-83]],[[523,18],[-111,3]],[[412,21],[12,83]],[[424,104],[86,14]],[[510,118],[47,-17]],[[412,21],[-50,-10]],[[370,86],[54,18]],[[156,359],[-12,-6]],[[144,353],[-17,-5]],[[127,348],[1,31]],[[128,379],[28,-20]],[[566,29],[-43,-11]],[[557,101],[9,-72]],[[177,380],[-2,1]],[[175,381],[-61,23]],[[114,404],[77,33]],[[216,363],[14,-52]],[[230,311],[-14,-6]],[[216,305],[-34,14]],[[182,319],[-38,34]],[[156,359],[19,22]],[[233,312],[-3,-1]],[[241,395],[22,-15]],[[128,379],[-20,18]],[[108,397],[6,7]],[[656,174],[-90,-145]],[[510,118],[-44,22]],[[466,140],[-32,161]],[[434,301],[34,22]],[[468,323],[188,-149]],[[144,147],[109,-93]],[[313,0],[-207,115]],[[106,115],[26,40]],[[132,155],[12,-8]],[[76,329],[2,-27]],[[78,302],[-17,-71]],[[61,231],[-61,40]],[[0,271],[54,78]],[[54,349],[22,-20]],[[368,128],[36,46]],[[404,174],[62,-34]],[[404,174],[-94,17]],[[384,308],[50,-7]],[[61,231],[58,-45]],[[119,186],[-90,-27]],[[29,159],[-29,112]],[[216,305],[-64,-108]],[[152,197],[-30,60]],[[122,257],[60,62]],[[78,302],[44,-45]],[[152,197],[-22,-36]],[[130,161],[-11,25]],[[127,348],[-51,-19]],[[54,349],[54,48]],[[144,147],[59,113]],[[132,155],[-2,6]],[[106,115],[-77,44]],[[419,433],[274,125],[-37,-384]]],"transform":{"scale":[0.000057171352092274775,0.00006128627777775868],"translate":[121.01962518800008,14.567446330000054]},"objects":{"bgysubmuns-municity-1380500000":{"type":"GeometryCollection","geometries":[{"arcs":[[0,1,2,3,4,5,6]],"type":"Polygon","properties":{"adm1_psgc":1300000000,"adm2_psgc":1380500000,"adm3_psgc":1380500000,"adm4_psgc":1380500001,"adm4_en":"Addition Hills","geo_level":"Bgy","len_crs":7495,"area_crs":1167030,"len_km":7,"area_km2":1},"id":1380500001},{"arcs":[[7,8,9,10]],"type":"Polygon","properties":{"adm1_psgc":1300000000,"adm2_psgc":1380500000,"adm3_psgc":1380500000,"adm4_psgc":1380500002,"adm4_en":"Bagong Silang","geo_level":"Bgy","len_crs":1576,"area_crs":139268,"len_km":1,"area_km2":0},"id":1380500002},{"arcs":[[11,12,13,14]],"type":"Polygon","properties":{"adm1_psgc":1300000000,"adm2_psgc":1380500000,"adm3_psgc":1380500000,"adm4_psgc":1380500003,"adm4_en":"Barangka Drive","geo_level":"Bgy","len_crs":2468,"area_crs":212853,"len_km":2,"area_km2":0},"id":1380500003},{"arcs":[[15,16,17,-13,18]],"type":"Polygon","properties":{"adm1_psgc":1300000000,"adm2_psgc":1380500000,"adm3_psgc":1380500000,"adm4_psgc":1380500004,"adm4_en":"Barangka Ibaba","geo_level":"Bgy","len_crs":2317,"area_crs":159944,"len_km":2,"area_km2":0},"id":1380500004},{"arcs":[[19,20,21,22,23]],"type":"Polygon","properties":{"adm1_psgc":1300000000,"adm2_psgc":1380500000,"adm3_psgc":1380500000,"adm4_psgc":1380500005,"adm4_en":"Barangka Ilaya","geo_level":"Bgy","len_crs":3601,"area_crs":482304,"len_km":3,"area_km2":0},"id":1380500005},{"arcs":[[-22,24,-16,25]],"type":"Polygon","properties":{"adm1_psgc":1300000000,"adm2_psgc":1380500000,"adm3_psgc":1380500000,"adm4_psgc":1380500006,"adm4_en":"Barangka Itaas","geo_level":"Bgy","len_crs":2122,"area_crs":178064,"len_km":2,"area_km2":0},"id":1380500006},{"arcs":[[26,27,28,29]],"type":"Polygon","properties":{"adm1_psgc":1300000000,"adm2_psgc":1380500000,"adm3_psgc":1380500000,"adm4_psgc":1380500007,"adm4_en":"Burol","geo_level":"Bgy","len_crs":614,"area_crs":20467,"len_km":0,"area_km2":0},"id":1380500007},{"arcs":[[30,-20,31]],"type":"Polygon","properties":{"adm1_psgc":1300000000,"adm2_psgc":1380500000,"adm3_psgc":1380500000,"adm4_psgc":1380500008,"adm4_en":"Buayang Bato","geo_level":"Bgy","len_crs":1615,"area_crs":82669,"len_km":1,"area_km2":0},"id":1380500008},{"arcs":[[-10,32,33,34]],"type":"Polygon","properties":{"adm1_psgc":1300000000,"adm2_psgc":1380500000,"adm3_psgc":1380500000,"adm4_psgc":1380500009,"adm4_en":"Daang Bakal","geo_level":"Bgy","len_crs":1890,"area_crs":173125,"len_km":1,"area_km2":0},"id":1380500009},{"arcs":[[-9,35,36,37,38,-27,39,-33]],"type":"Polygon","properties":{"adm1_psgc":1300000000,"adm2_psgc":1380500000,"adm3_psgc":1380500000,"adm4_psgc":1380500010,"adm4_en":"Hagdang Bato Itaas","geo_level":"Bgy","len_crs":1685,"area_crs":173014,"len_km":1,"area_km2":0},"id":1380500010},{"arcs":[[-5,40,-36,-8,41]],"type":"Polygon","properties":{"adm1_psgc":1300000000,"adm2_psgc":1380500000,"adm3_psgc":1380500000,"adm4_psgc":1380500011,"adm4_en":"Hagdang Bato Libis","geo_level":"Bgy","len_crs":2048,"area_crs":144561,"len_km":2,"area_km2":0},"id":1380500011},{"arcs":[[-40,-30,42,43,-34]],"type":"Polygon","properties":{"adm1_psgc":1300000000,"adm2_psgc":1380500000,"adm3_psgc":1380500000,"adm4_psgc":1380500012,"adm4_en":"Harapin Ang Bukas","geo_level":"Bgy","len_crs":1045,"area_crs":47791,"len_km":1,"area_km2":0},"id":1380500012},{"arcs":[[44,-32,-24,45,46,47,48]],"type":"Polygon","properties":{"adm1_psgc":1300000000,"adm2_psgc":1380500000,"adm3_psgc":1380500000,"adm4_psgc":1380500013,"adm4_en":"Highway Hills","geo_level":"Bgy","len_crs":6247,"area_crs":1157661,"len_km":6,"area_km2":1},"id":1380500013},{"arcs":[[49,-14,-18,50,51,52]],"type":"Polygon","properties":{"adm1_psgc":1300000000,"adm2_psgc":1380500000,"adm3_psgc":1380500000,"adm4_psgc":1380500014,"adm4_en":"Hulo","geo_level":"Bgy","len_crs":3470,"area_crs":374075,"len_km":3,"area_km2":0},"id":1380500014},{"arcs":[[53,54,55,56,57]],"type":"Polygon","properties":{"adm1_psgc":1300000000,"adm2_psgc":1380500000,"adm3_psgc":1380500000,"adm4_psgc":1380500015,"adm4_en":"Mabini-J. Rizal","geo_level":"Bgy","len_crs":2638,"area_crs":199662,"len_km":2,"area_km2":0},"id":1380500015},{"arcs":[[-46,-23,-26,-19,-12,58,59]],"type":"Polygon","properties":{"adm1_psgc":1300000000,"adm2_psgc":1380500000,"adm3_psgc":1380500000,"adm4_psgc":1380500016,"adm4_en":"Malamig","geo_level":"Bgy","len_crs":2788,"area_crs":314550,"len_km":2,"area_km2":0},"id":1380500016},{"arcs":[[-47,-60,60,-2,61]],"type":"Polygon","properties":{"adm1_psgc":1300000000,"adm2_psgc":1380500000,"adm3_psgc":1380500000,"adm4_psgc":1380500017,"adm4_en":"Mauway","geo_level":"Bgy","len_crs":4179,"area_crs":657428,"len_km":4,"area_km2":0},"id":1380500017},{"arcs":[[62,63,64,-56]],"type":"Polygon","properties":{"adm1_psgc":1300000000,"adm2_psgc":1380500000,"adm3_psgc":1380500000,"adm4_psgc":1380500018,"adm4_en":"Namayan","geo_level":"Bgy","len_crs":3052,"area_crs":385576,"len_km":3,"area_km2":0},"id":1380500018},{"arcs":[[65,66,67,-38]],"type":"Polygon","properties":{"adm1_psgc":1300000000,"adm2_psgc":1380500000,"adm3_psgc":1380500000,"adm4_psgc":1380500019,"adm4_en":"New Zañiga","geo_level":"Bgy","len_crs":2324,"area_crs":224936,"len_km":2,"area_km2":0},"id":1380500019},{"arcs":[[68,-67,69,70,-63,-55]],"type":"Polygon","properties":{"adm1_psgc":1300000000,"adm2_psgc":1380500000,"adm3_psgc":1380500000,"adm4_psgc":1380500020,"adm4_en":"Old Zañiga","geo_level":"Bgy","len_crs":2783,"area_crs":246115,"len_km":2,"area_km2":0},"id":1380500020},{"arcs":[[-29,71,-58,72,-43]],"type":"Polygon","properties":{"adm1_psgc":1300000000,"adm2_psgc":1380500000,"adm3_psgc":1380500000,"adm4_psgc":1380500021,"adm4_en":"Pag-asa","geo_level":"Bgy","len_crs":1436,"area_crs":122473,"len_km":1,"area_km2":0},"id":1380500021},{"arcs":[[-61,-59,-15,-50,73,-3]],"type":"Polygon","properties":{"adm1_psgc":1300000000,"adm2_psgc":1380500000,"adm3_psgc":1380500000,"adm4_psgc":1380500022,"adm4_en":"Plainview","geo_level":"Bgy","len_crs":4857,"area_crs":1083872,"len_km":4,"area_km2":1},"id":1380500022},{"arcs":[[-48,-62,-1]],"type":"Polygon","properties":{"adm1_psgc":1300000000,"adm2_psgc":1380500000,"adm3_psgc":1380500000,"adm4_psgc":1380500023,"adm4_en":"Pleasant Hills","geo_level":"Bgy","len_crs":2296,"area_crs":206953,"len_km":2,