{"type":"Topology","arcs":[[[435,279],[-29,-34]],[[406,245],[-17,4]],[[389,249],[-48,47]],[[341,296],[38,79]],[[379,375],[56,-96]],[[387,46],[-5,-46]],[[382,0],[-89,5]],[[293,5],[39,61]],[[332,66],[55,-20]],[[513,420],[-37,-140]],[[476,280],[-41,-1]],[[379,375],[134,45]],[[369,144],[-14,-48]],[[355,96],[-79,-18]],[[276,78],[-8,97]],[[268,175],[62,25]],[[330,200],[39,-56]],[[181,258],[-3,-18]],[[178,240],[-12,-53]],[[166,187],[-57,-47]],[[109,140],[-88,139]],[[21,279],[83,43]],[[104,322],[77,-64]],[[21,279],[32,87]],[[53,366],[43,10]],[[96,376],[8,-54]],[[476,280],[16,-68]],[[492,212],[-86,33]],[[313,425],[66,-50]],[[341,296],[-36,-22]],[[305,274],[-80,54]],[[225,328],[1,118]],[[226,446],[87,-21]],[[377,136],[49,-15]],[[426,121],[-21,-56]],[[405,65],[-18,-19]],[[332,66],[23,30]],[[369,144],[8,-8]],[[234,171],[-32,-46]],[[202,125],[-82,-34]],[[120,91],[-11,49]],[[166,187],[68,-16]],[[309,234],[21,-34]],[[268,175],[-34,-4]],[[178,240],[131,-6]],[[492,212],[-19,-97]],[[473,115],[-47,6]],[[377,136],[21,54]],[[398,190],[8,55]],[[225,328],[-8,-30]],[[217,298],[-36,-40]],[[96,376],[130,70]],[[462,35],[-80,-35]],[[405,65],[57,-30]],[[398,190],[-68,10]],[[309,234],[80,15]],[[515,527],[-167,-29]],[[348,498],[4,107]],[[352,605],[92,60],[71,-138]],[[158,621],[68,-175]],[[53,366],[-53,153],[34,68],[124,34]],[[348,498],[-35,-73]],[[158,621],[146,38],[48,-54]],[[276,78],[-10,-28]],[[266,50],[-64,75]],[[309,234],[-36,39]],[[273,273],[32,1]],[[266,50],[-7,-17]],[[259,33],[-139,58]],[[217,298],[56,-25]],[[473,115],[-11,-80]],[[293,5],[-34,28]],[[515,527],[-2,-107]]],"transform":{"scale":[0.00021550797087377415,0.00020966335789470038],"translate":[122.98311401800002,7.681309790000055]},"objects":{"bgysubmuns-municity-908302000":{"type":"GeometryCollection","geometries":[{"arcs":[[0,1,2,3,4]],"type":"Polygon","properties":{"adm1_psgc":900000000,"adm2_psgc":908300000,"adm3_psgc":908302000,"adm4_psgc":908302002,"adm4_en":"Basalem","geo_level":"Bgy","len_crs":8752,"area_crs":4199008,"len_km":8,"area_km2":4},"id":908302002},{"arcs":[[5,6,7,8]],"type":"Polygon","properties":{"adm1_psgc":900000000,"adm2_psgc":908300000,"adm3_psgc":908302000,"adm4_psgc":908302003,"adm4_en":"Bawang","geo_level":"Bgy","len_crs":8764,"area_crs":3252844,"len_km":8,"area_km2":3},"id":908302003},{"arcs":[[9,10,-5,11]],"type":"Polygon","properties":{"adm1_psgc":900000000,"adm2_psgc":908300000,"adm3_psgc":908302000,"adm4_psgc":908302004,"adm4_en":"Bulaan","geo_level":"Bgy","len_crs":11504,"area_crs":5678224,"len_km":11,"area_km2":5},"id":908302004},{"arcs":[[12,13,14,15,16]],"type":"Polygon","properties":{"adm1_psgc":900000000,"adm2_psgc":908300000,"adm3_psgc":908302000,"adm4_psgc":908302005,"adm4_en":"Compostela","geo_level":"Bgy","len_crs":8894,"area_crs":4170765,"len_km":8,"area_km2":4},"id":908302005},{"arcs":[[17,18,19,20,21,22]],"type":"Polygon","properties":{"adm1_psgc":900000000,"adm2_psgc":908300000,"adm3_psgc":908302000,"adm4_psgc":908302006,"adm4_en":"Del Monte","geo_level":"Bgy","len_crs":13425,"area_crs":10272719,"len_km":13,"area_km2":10},"id":908302006},{"arcs":[[-22,23,24,25]],"type":"Polygon","properties":{"adm1_psgc":900000000,"adm2_psgc":908300000,"adm3_psgc":908302000,"adm4_psgc":908302008,"adm4_en":"Guitom","geo_level":"Bgy","len_crs":7320,"area_crs":3367329,"len_km":7,"area_km2":3},"id":908302008},{"arcs":[[26,27,-1,-11]],"type":"Polygon","properties":{"adm1_psgc":900000000,"adm2_psgc":908300000,"adm3_psgc":908302000,"adm4_psgc":908302009,"adm4_en":"Guminta","geo_level":"Bgy","len_crs":6331,"area_crs":1859706,"len_km":6,"area_km2":1},"id":908302009},{"arcs":[[28,-4,29,30,31,32]],"type":"Polygon","properties":{"adm1_psgc":900000000,"adm2_psgc":908300000,"adm3_psgc":908302000,"adm4_psgc":908302010,"adm4_en":"Labrador","geo_level":"Bgy","len_crs":12876,"area_crs":8528675,"len_km":12,"area_km2":8},"id":908302010},{"arcs":[[33,34,35,-9,36,-13,37]],"type":"Polygon","properties":{"adm1_psgc":900000000,"adm2_psgc":908300000,"adm3_psgc":908302000,"adm4_psgc":908302011,"adm4_en":"Lantawan","geo_level":"Bgy","len_crs":6949,"area_crs":2577508,"len_km":6,"area_km2":2},"id":908302011},{"arcs":[[38,39,40,-20,41]],"type":"Polygon","properties":{"adm1_psgc":900000000,"adm2_psgc":908300000,"adm3_psgc":908302000,"adm4_psgc":908302012,"adm4_en":"Mabuhay","geo_level":"Bgy","len_crs":8078,"area_crs":3586752,"len_km":8,"area_km2":3},"id":908302012},{"arcs":[[42,-16,43,-42,-19,44]],"type":"Polygon","properties":{"adm1_psgc":900000000,"adm2_psgc":908300000,"adm3_psgc":908302000,"adm4_psgc":908302013,"adm4_en":"Maganay","geo_level":"Bgy","len_crs":10490,"area_crs":4328103,"len_km":10,"area_km2":4},"id":908302013},{"arcs":[[45,46,-34,47,48,-28]],"type":"Polygon","properties":{"adm1_psgc":900000000,"adm2_psgc":908300000,"adm3_psgc":908302000,"adm4_psgc":908302014,"adm4_en":"Manlin","geo_level":"Bgy","len_crs":9713,"area_crs":5365501,"len_km":9,"area_km2":5},"id":908302014},{"arcs":[[49,50,-23,-26,51,-32]],"type":"Polygon","properties":{"adm1_psgc":900000000,"adm2_psgc":908300000,"adm3_psgc":908302000,"adm4_psgc":908302015,"adm4_en":"Muyo","geo_level":"Bgy","len_crs":13558,"area_crs":10347988,"len_km":13,"area_km2":10},"id":908302015},{"arcs":[[52,-6,-36,53]],"type":"Polygon","properties":{"adm1_psgc":900000000,"adm2_psgc":908300000,"adm3_psgc":908302000,"adm4_psgc":908302016,"adm4_en":"Pamintayan","geo_level":"Bgy","len_crs":10760,"area_crs":2369796,"len_km":10,"area_km2":2},"id":908302016},{"arcs":[[-2,-49,54,-43,55]],"type":"Polygon","properties":{"adm1_psgc":900000000,"adm2_psgc":908300000,"adm3_psgc":908302000,"adm4_psgc":908302017,"adm4_en":"Poblacion","geo_level":"Bgy","len_crs":7217,"area_crs":1693219,"len_km":7,"area_km2":1},"id":908302017},{"arcs":[[56,57,58]],"type":"Polygon","properties":{"adm1_psgc":900000000,"adm2_psgc":908300000,"adm3_psgc":908302000,"adm4_psgc":908302019,"adm4_en":"Talamimi","geo_level":"Bgy","len_crs":16049,"area_crs":12955115,"len_km":16,"area_km2":12},"id":908302019},{"arcs":[[59,-52,-25,60]],"type":"Polygon","properties":{"adm1_psgc":900000000,"adm2_psgc":908300000,"adm3_psgc":908302000,"adm4_psgc":908302020,"adm4_en":"Villacastor","geo_level":"Bgy","len_crs":21524,"area_crs":19274294,"len_km":21,"area_km2":19},"id":908302020},{"arcs":[[-58,61,-33,-60,62]],"type":"Polygon","properties":{"adm1_psgc":900000000,"adm2_psgc":908300000,"adm3_psgc":908302000,"adm4_psgc":908302021,"adm4_en":"Agutayan","geo_level":"Bgy","len_crs":17717,"area_crs":17542669,"len_km":17,"area_km2":17},"id":908302021},{"arcs":[[63,64,-39,-44,-15]],"type":"Polygon","properties":{"adm1_psgc":900000000,"adm2_psgc":908300000,"adm3_psgc":908302000,"adm4_psgc":908302022,"adm4_en":"Bagong Borbon","geo_level":"Bgy","len_crs":7455,"area_crs":2788133,"len_km":7,"area_km2":2},"id":908302022},{"arcs":[[-56,65,66,-30,-3]],"type":"Polygon","properties":{"adm1_psgc":900000000,"adm2_psgc":908300000,"adm3_psgc":908302000,"adm4_psgc":908302023,"adm4_en":"Bliss","geo_level":"Bgy","len_crs":6701,"area_crs":1960044,"len_km":6,"area_km2":1},"id":908302023},{"arcs":[[67,68,-40,-65]],"type":"Polygon","properties":{"adm1_psgc":900000000,"adm2_psgc":908300000,"adm3_psgc":908302000,"adm4_psgc":908302024,"adm4_en":"Danlugan","geo_level":"Bgy","len_crs":8555,"area_crs":3843467,"len_km":8,"area_km2":3},"id":908302024},{"arcs":[[-66,-45,-18,-51,69]],"type":"Polygon","properties":{"adm1_psgc":900000000,"adm2_psgc":908300000,"adm3_psgc":908302000,"adm4_psgc":908302025,"adm4_en":"Pling","geo_level":"Bgy","len_crs":9059,"area_crs":2877860,"len_km":9,"area_km2":2},"id":908302025},{"arcs":[[70,-54,-35,-47]],"type":"Polygon","properties":{"adm1_psgc":900000000,"adm2_psgc":908300000,"adm3_psgc":908302000,"adm4_psgc":908302026,"adm4_en":"Pulog","geo_level":"Bgy","len_crs":7179,"area_crs":2478995,"len_km":7,"area_km2":2},"id":908302026},{"arcs":[[-37,-8,71,-68,-64,-14]],"type":"Polygon","properties":{"adm1_psgc":900000000,"adm2_psgc":908300000,"adm3_psgc":908302000,"adm4_psgc":908302027,"adm4_en":"San Jose","geo_level":"Bgy","len_crs":6913,