{"type":"Topology","arcs":[[[478,709],[29,-16]],[[507,693],[42,-100]],[[549,593],[-66,31]],[[483,624],[-25,55]],[[458,679],[-19,42]],[[439,721],[39,-12]],[[317,829],[-17,-42]],[[300,787],[-30,8]],[[270,795],[-17,38]],[[253,833],[64,-4]],[[483,624],[-52,-57]],[[431,567],[-16,-2]],[[415,565],[-111,51]],[[304,616],[60,31]],[[364,647],[94,32]],[[300,787],[8,-53]],[[308,734],[6,-22]],[[314,712],[-31,-3]],[[283,709],[-13,86]],[[233,223],[90,-68]],[[323,155],[-19,-18]],[[304,137],[-54,-127]],[[250,10],[-90,51]],[[160,61],[31,36]],[[191,97],[12,88]],[[203,185],[-24,40]],[[179,225],[54,-2]],[[549,593],[-118,-26]],[[419,799],[-9,-71]],[[410,728],[-102,6]],[[317,829],[102,-30]],[[323,265],[-26,-32]],[[297,233],[-64,-10]],[[179,225],[-25,21]],[[154,246],[86,59]],[[240,305],[83,-40]],[[415,565],[-46,-82]],[[369,483],[-122,58]],[[247,541],[-23,68]],[[224,609],[80,7]],[[327,443],[-16,-89]],[[311,354],[-136,81]],[[175,435],[57,71]],[[232,506],[95,-63]],[[203,185],[-59,-49]],[[144,136],[-20,-7]],[[124,129],[-92,113]],[[32,242],[67,46]],[[99,288],[55,-42]],[[369,483],[15,-32]],[[384,451],[-57,-8]],[[232,506],[15,35]],[[513,783],[-35,-74]],[[439,721],[-29,7]],[[419,799],[94,-16]],[[314,712],[50,-65]],[[224,609],[-108,33]],[[116,642],[44,77],[123,-10]],[[160,61],[-36,68]],[[144,136],[47,-39]],[[315,0],[51,24]],[[366,24],[-51,-24]],[[513,783],[105,-17],[-51,-81],[-60,8]],[[175,435],[15,-39]],[[190,396],[-91,-108]],[[32,242],[-32,109],[42,328]],[[42,679],[74,-37]],[[297,233],[26,-78]],[[351,89],[-47,48]],[[323,155],[24,2]],[[347,157],[4,-68]],[[311,354],[22,-23]],[[333,331],[-10,-66]],[[240,305],[-50,91]],[[351,89],[15,-65]],[[315,0],[-65,10]],[[384,451],[31,-114]],[[415,337],[-82,-6]],[[42,679],[-15,203],[78,-86],[148,37]],[[415,337],[-6,-73],[-62,-107]]],"transform":{"scale":[0.00018805928792571988,0.0001659974682539277],"translate":[123.02993470800003,11.248776561000057]},"objects":{"bgysubmuns-municity-603038000":{"type":"GeometryCollection","geometries":[{"arcs":[[0,1,2,3,4,5]],"type":"Polygon","properties":{"adm1_psgc":600000000,"adm2_psgc":603000000,"adm3_psgc":603038000,"adm4_psgc":603038001,"adm4_en":"Agdaliran","geo_level":"Bgy","len_crs":7649,"area_crs":2155626,"len_km":7,"area_km2":2},"id":603038001},{"arcs":[[6,7,8,9]],"type":"Polygon","properties":{"adm1_psgc":600000000,"adm2_psgc":603000000,"adm3_psgc":603038000,"adm4_psgc":603038002,"adm4_en":"Amayong","geo_level":"Bgy","len_crs":4613,"area_crs":912646,"len_km":4,"area_km2":0},"id":603038002},{"arcs":[[10,11,12,13,14,-4]],"type":"Polygon","properties":{"adm1_psgc":600000000,"adm2_psgc":603000000,"adm3_psgc":603038000,"adm4_psgc":603038003,"adm4_en":"Bagacay","geo_level":"Bgy","len_crs":10366,"area_crs":4158871,"len_km":10,"area_km2":4},"id":603038003},{"arcs":[[15,16,17,18,-8]],"type":"Polygon","properties":{"adm1_psgc":600000000,"adm2_psgc":603000000,"adm3_psgc":603038000,"adm4_psgc":603038004,"adm4_en":"Batuan","geo_level":"Bgy","len_crs":4832,"area_crs":962415,"len_km":4,"area_km2":0},"id":603038004},{"arcs":[[19,20,21,22,23,24,25,26]],"type":"Polygon","properties":{"adm1_psgc":600000000,"adm2_psgc":603000000,"adm3_psgc":603038000,"adm4_psgc":603038005,"adm4_en":"Bondulan","geo_level":"Bgy","len_crs":14708,"area_crs":5975213,"len_km":14,"area_km2":5},"id":603038005},{"arcs":[[27,-11,-3]],"type":"Polygon","properties":{"adm1_psgc":600000000,"adm2_psgc":603000000,"adm3_psgc":603038000,"adm4_psgc":603038006,"adm4_en":"Boroñgon","geo_level":"Bgy","len_crs":7019,"area_crs":2522426,"len_km":7,"area_km2":2},"id":603038006},{"arcs":[[28,29,-16,-7,30]],"type":"Polygon","properties":{"adm1_psgc":600000000,"adm2_psgc":603000000,"adm3_psgc":603038000,"adm4_psgc":603038007,"adm4_en":"Canas","geo_level":"Bgy","len_crs":7985,"area_crs":3364306,"len_km":7,"area_km2":3},"id":603038007},{"arcs":[[31,32,-27,33,34,35]],"type":"Polygon","properties":{"adm1_psgc":600000000,"adm2_psgc":603000000,"adm3_psgc":603038000,"adm4_psgc":603038008,"adm4_en":"Capinang","geo_level":"Bgy","len_crs":10038,"area_crs":3152945,"len_km":10,"area_km2":3},"id":603038008},{"arcs":[[-13,36,37,38,39]],"type":"Polygon","properties":{"adm1_psgc":600000000,"adm2_psgc":603000000,"adm3_psgc":603038000,"adm4_psgc":603038009,"adm4_en":"Cubay","geo_level":"Bgy","len_crs":11083,"area_crs":5108707,"len_km":11,"area_km2":5},"id":603038009},{"arcs":[[40,41,42,43]],"type":"Polygon","properties":{"adm1_psgc":600000000,"adm2_psgc":603000000,"adm3_psgc":603038000,"adm4_psgc":603038010,"adm4_en":"Cudionan","geo_level":"Bgy","len_crs":9146,"area_crs":4131848,"len_km":9,"area_km2":4},"id":603038010},{"arcs":[[-34,-26,44,45,46,47,48]],"type":"Polygon","properties":{"adm1_psgc":600000000,"adm2_psgc":603000000,"adm3_psgc":603038000,"adm4_psgc":603038011,"adm4_en":"Dugman","geo_level":"Bgy","len_crs":10211,"area_crs":4879194,"len_km":10,"area_km2":4},"id":603038011},{"arcs":[[49,50,-44,51,-38]],"type":"Polygon","properties":{"adm1_psgc":600000000,"adm2_psgc":603000000,"adm3_psgc":603038000,"adm4_psgc":603038012,"adm4_en":"Hacienda Conchita","geo_level":"Bgy","len_crs":8614,"area_crs":2872594,"len_km":8,"area_km2":2},"id":603038012},{"arcs":[[52,-6,53,-29,54]],"type":"Polygon","properties":{"adm1_psgc":600000000,"adm2_psgc":603000000,"adm3_psgc":603038000,"adm4_psgc":603038013,"adm4_en":"Madanlog","geo_level":"Bgy","len_crs":6447,"area_crs":2455570,"len_km":6,"area_km2":2},"id":603038013},{"arcs":[[-18,55,-14,-40,56,57]],"type":"Polygon","properties":{"adm1_psgc":600000000,"adm2_psgc":603000000,"adm3_psgc":603038000,"adm4_psgc":603038014,"adm4_en":"Mandu-awak","geo_level":"Bgy","len_crs":14807,"area_crs":8657159,"len_km":14,"area_km2":8},"id":603038014},{"arcs":[[-24,58,-46,59]],"type":"Polygon","properties":{"adm1_psgc":600000000,"adm2_psgc":603000000,"adm3_psgc":603038000,"adm4_psgc":603038015,"adm4_en":"Moto","geo_level":"Bgy","len_crs":4035,"area_crs":953667,"len_km":4,"area_km2":0},"id":603038015},{"type":null,"properties":{"adm1_psgc":600000000,"adm2_psgc":603000000,"adm3_psgc":603038000,"adm4_psgc":603038016,"adm4_en":"Naborot","geo_level":"Bgy","len_crs":1707,"area_crs":119672,"len_km":1,"area_km2":0},"id":603038016},{"arcs":[[60,61]],"type":"Polygon","properties":{"adm1_psgc":600000000,"adm2_psgc":603000000,"adm3_psgc":603038000,"adm4_psgc":603038017,"adm4_en":"Nipa","geo_level":"Bgy","len_crs":3683,"area_crs":614077,"len_km":3,"area_km2":0},"id":603038017},{"arcs":[[-1,-53,62]],"type":"Polygon","properties":{"adm1_psgc":600000000,"adm2_psgc":603000000,"adm3_psgc":603038000,"adm4_psgc":603038018,"adm4_en":"Odiongan","geo_level":"Bgy","len_crs":8449,"area_crs":3635167,"len_km":8,"area_km2":3},"id":603038018},{"arcs":[[-57,-39,-52,-43,63,64,-48,65,66]],"type":"Polygon","properties":{"adm1_psgc":600000000,"adm2_psgc":603000000,"adm3_psgc":603038000,"adm4_psgc":603038019,"adm4_en":"Pangi","geo_level":"Bgy","len_crs":25533,"area_crs":23585529,"len_km":25,"area_km2":23},"id":603038019},{"arcs":[[67,-20,-33]],"type":"Polygon","properties":{"adm1_psgc":600000000,"adm2_psgc":603000000,"adm3_psgc":603038000,"adm4_psgc":603038020,"adm4_en":"Pase","geo_level":"Bgy","len_crs":6854,"area_crs":1501823,"len_km":6,"area_km2":1},"id":603038020},{"arcs":[[68,-21,69,70]],"type":"Polygon","properties":{"adm1_psgc":600000000,"adm2_psgc":603000000,"adm3_psgc":603038000,"adm4_psgc":603038021,"adm4_en":"Poblacion","geo_level":"Bgy","len_crs":5367,"area_crs":1084546,"len_km":5,"area_km2":1},"id":603038021},{"arcs":[[71,72,-36,73,-64,-42]],"type":"Polygon","properties":{"adm1_psgc":600000000,"adm2_psgc":603000000,"adm3_psgc":603038000,"adm4_psgc":603038022,"adm4_en":"San Nicolas","geo_level":"Bgy","len_crs":11108,"area_crs":4450692,"len_km":11,"area_km2":4},"id":603038022},{"arcs":[[-60,-45,-25]],"type":"Polygon","properties":{"adm1_psgc":600000000,"adm2_psgc":603000000,"adm3_psgc":603038000,"adm4_psgc":603038024,"adm4_en":"Santol","geo_level":"Bgy","len_crs":5367,"area_crs":1862627,"len_km":5,"area_km2":1},"id":603038024},{"arcs":[[74,-61,75,-22,-69]],"type":"Polygon",