{"type":"Topology","arcs":[[[856,325],[21,14]],[[877,339],[-21,-14]],[[366,0],[-20,2]],[[346,2],[20,-2]],[[483,342],[-64,-3]],[[419,339],[-63,19]],[[356,358],[21,12]],[[377,370],[12,-2]],[[389,368],[1,0]],[[390,368],[93,-26]],[[355,458],[33,-80]],[[388,378],[-6,-9]],[[382,369],[-5,1]],[[356,358],[-102,99]],[[254,457],[42,23]],[[296,480],[59,-22]],[[478,49],[26,120]],[[504,169],[15,3]],[[519,172],[61,-86],[-102,-37]],[[856,325],[-140,20]],[[716,345],[-12,35]],[[704,380],[173,-41]],[[282,286],[-39,-85]],[[243,201],[-67,75]],[[176,276],[-27,57],[49,83]],[[198,416],[32,6]],[[230,422],[52,-136]],[[716,345],[-128,-42],[-41,-50]],[[547,253],[-14,4]],[[533,257],[-4,67]],[[529,324],[97,60],[78,-4]],[[371,218],[-25,-36]],[[346,182],[-103,19]],[[282,286],[89,-68]],[[429,34],[-63,-34]],[[346,2],[-12,57]],[[334,59],[12,123]],[[371,218],[31,16]],[[402,234],[32,-54],[-5,-146]],[[334,59],[-180,-12],[-23,131]],[[131,178],[45,98]],[[167,443],[31,-27]],[[131,178],[-131,106],[15,70],[98,94]],[[113,448],[54,-5]],[[287,634],[6,-67]],[[293,567],[3,-87]],[[254,457],[-24,-35]],[[167,443],[1,167]],[[168,610],[28,20]],[[196,630],[91,4]],[[419,339],[-17,-105]],[[389,368],[-7,1]],[[388,378],[2,-10]],[[483,342],[46,-18]],[[533,257],[-29,-88]],[[478,49],[-49,-15]],[[414,628],[-25,-100]],[[389,528],[-96,39]],[[287,634],[127,-6]],[[113,448],[-27,130],[82,32]],[[376,722],[38,-94]],[[196,630],[-6,72]],[[190,702],[186,20]],[[389,528],[-34,-70]],[[547,253],[-28,-81]],[[190,702],[-14,36],[188,51],[12,-67]]],"transform":{"scale":[0.00019357722234889763,0.00019300545373889943],"translate":[121.36661407600003,13.072774200000028]},"objects":{"bgysubmuns-municity-1705210000":{"type":"GeometryCollection","geometries":[{"arcs":[[0,1]],"type":"Polygon","properties":{"adm1_psgc":1700000000,"adm2_psgc":1705200000,"adm3_psgc":1705210000,"adm4_psgc":1705210001,"adm4_en":"Bacawan","geo_level":"Bgy","len_crs":4578,"area_crs":854809,"len_km":4,"area_km2":0},"id":1705210001},{"arcs":[[2,3]],"type":"Polygon","properties":{"adm1_psgc":1700000000,"adm2_psgc":1705200000,"adm3_psgc":1705210000,"adm4_psgc":1705210002,"adm4_en":"Bacungan","geo_level":"Bgy","len_crs":4276,"area_crs":868963,"len_km":4,"area_km2":0},"id":1705210002},{"arcs":[[4,5,6,7,8,9]],"type":"Polygon","properties":{"adm1_psgc":1700000000,"adm2_psgc":1705200000,"adm3_psgc":1705210000,"adm4_psgc":1705210004,"adm4_en":"Batuhan","geo_level":"Bgy","len_crs":7157,"area_crs":1594667,"len_km":7,"area_km2":1},"id":1705210004},{"arcs":[[10,11,12,-7,13,14,15]],"type":"Polygon","properties":{"adm1_psgc":1700000000,"adm2_psgc":1705200000,"adm3_psgc":1705210000,"adm4_psgc":1705210005,"adm4_en":"Bayanan","geo_level":"Bgy","len_crs":9910,"area_crs":4488884,"len_km":9,"area_km2":4},"id":1705210005},{"arcs":[[16,17,18]],"type":"Polygon","properties":{"adm1_psgc":1700000000,"adm2_psgc":1705200000,"adm3_psgc":1705210000,"adm4_psgc":1705210006,"adm4_en":"Biga","geo_level":"Bgy","len_crs":8088,"area_crs":3114623,"len_km":8,"area_km2":3},"id":1705210006},{"arcs":[[-1,19,20,21]],"type":"Polygon","properties":{"adm1_psgc":1700000000,"adm2_psgc":1705200000,"adm3_psgc":1705210000,"adm4_psgc":1705210007,"adm4_en":"Buhay Na Tubig","geo_level":"Bgy","len_crs":9733,"area_crs":2852994,"len_km":9,"area_km2":2},"id":1705210007},{"arcs":[[22,23,24,25,26]],"type":"Polygon","properties":{"adm1_psgc":1700000000,"adm2_psgc":1705200000,"adm3_psgc":1705210000,"adm4_psgc":1705210008,"adm4_en":"Calubasanhon","geo_level":"Bgy","len_crs":12668,"area_crs":7454635,"len_km":12,"area_km2":7},"id":1705210008},{"arcs":[[-21,27,28,29,30]],"type":"Polygon","properties":{"adm1_psgc":1700000000,"adm2_psgc":1705200000,"adm3_psgc":1705210000,"adm4_psgc":1705210009,"adm4_en":"Calima","geo_level":"Bgy","len_crs":14077,"area_crs":4550447,"len_km":14,"area_km2":4},"id":1705210009},{"arcs":[[31,32,-23,33]],"type":"Polygon","properties":{"adm1_psgc":1700000000,"adm2_psgc":1705200000,"adm3_psgc":1705210000,"adm4_psgc":1705210010,"adm4_en":"Casiligan","geo_level":"Bgy","len_crs":9342,"area_crs":3526055,"len_km":9,"area_km2":3},"id":1705210010},{"arcs":[[34,-4,35,36,-32,37,38]],"type":"Polygon","properties":{"adm1_psgc":1700000000,"adm2_psgc":1705200000,"adm3_psgc":1705210000,"adm4_psgc":1705210011,"adm4_en":"Malibago","geo_level":"Bgy","len_crs":13826,"area_crs":7819618,"len_km":13,"area_km2":7},"id":1705210011},{"arcs":[[-33,-37,39,40,-24]],"type":"Polygon","properties":{"adm1_psgc":1700000000,"adm2_psgc":1705200000,"adm3_psgc":1705210000,"adm4_psgc":1705210012,"adm4_en":"Maluanluan","geo_level":"Bgy","len_crs":17653,"area_crs":13679042,"len_km":17,"area_km2":13},"id":1705210012},{"arcs":[[41,-25,-41,42,43]],"type":"Polygon","properties":{"adm1_psgc":1700000000,"adm2_psgc":1705200000,"adm3_psgc":1705210000,"adm4_psgc":1705210013,"adm4_en":"Matulatula","geo_level":"Bgy","len_crs":18668,"area_crs":14132865,"len_km":18,"area_km2":14},"id":1705210013},{"arcs":[[44,45,-15,46,-26,-42,47,48,49]],"type":"Polygon","properties":{"adm1_psgc":1700000000,"adm2_psgc":1705200000,"adm3_psgc":1705210000,"adm4_psgc":1705210014,"adm4_en":"Pahilahan","geo_level":"Bgy","len_crs":13423,"area_crs":10448146,"len_km":13,"area_km2":10},"id":1705210014},{"arcs":[[-6,50,-38,-34,-27,-47,-14]],"type":"Polygon","properties":{"adm1_psgc":1700000000,"adm2_psgc":1705200000,"adm3_psgc":1705210000,"adm4_psgc":1705210015,"adm4_en":"Panikihan","geo_level":"Bgy","len_crs":16916,"area_crs":8394064,"len_km":16,"area_km2":8},"id":1705210015},{"arcs":[[-9,51,-12,52]],"type":"Polygon","properties":{"adm1_psgc":1700000000,"adm2_psgc":1705200000,"adm3_psgc":1705210000,"adm4_psgc":1705210017,"adm4_en":"Zone I","geo_level":"Bgy","len_crs":773,"area_crs":32075,"len_km":0,"area_km2":0},"id":1705210017},{"arcs":[[-8,-13,-52]],"type":"Polygon","properties":{"adm1_psgc":1700000000,"adm2_psgc":1705200000,"adm3_psgc":1705210000,"adm4_psgc":1705210018,"adm4_en":"Zone II","geo_level":"Bgy","len_crs":863,"area_crs":38158,"len_km":0,"area_km2":0},"id":1705210018},{"arcs":[[53,-30,54,-17,55,-39,-51,-5]],"type":"Polygon","properties":{"adm1_psgc":1700000000,"adm2_psgc":1705200000,"adm3_psgc":1705210000,"adm4_psgc":1705210019,"adm4_en":"Pula","geo_level":"Bgy","len_crs":22447,"area_crs":11761134,"len_km":22,"area_km2":11},"id":1705210019},{"arcs":[[56,57,-45,58]],"type":"Polygon","properties":{"adm1_psgc":1700000000,"adm2_psgc":1705200000,"adm3_psgc":1705210000,"adm4_psgc":1705210020,"adm4_en":"Puting Cacao","geo_level":"Bgy","len_crs":10106,"area_crs":5221551,"len_km":10,"area_km2":5},"id":1705210020},{"arcs":[[-44,59,-48]],"type":"Polygon","properties":{"adm1_psgc":1700000000,"adm2_psgc":1705200000,"adm3_psgc":1705210000,"adm4_psgc":1705210021,"adm4_en":"Tagbakin","geo_level":"Bgy","len_crs":10695,"area_crs":4617832,"len_km":10,"area_km2":4},"id":1705210021},{"arcs":[[60,-59,-50,61,62]],"type":"Polygon","properties":{"adm1_psgc":1700000000,"adm2_psgc":1705200000,"adm3_psgc":1705210000,"adm4_psgc":1705210022,"adm4_en":"Tagumpay","geo_level":"Bgy","len_crs":14320,"area_crs":7266391,"len_km":14,"area_km2":7},"id":1705210022},{"arcs":[[63,-16,-46,-58]],"type":"Polygon","properties":{"adm1_psgc":1700000000,"adm2_psgc":1705200000,"adm3_psgc":1705210000,"adm4_psgc":1705210023,"adm4_en":"Tiguihan","geo_level":"Bgy","len_crs":9062,"area_crs":3110761,"len_km":9,"area_km2":3},"id":1705210023},{"arcs":[[64,-18,-55,-29]],"type":"Polygon","properties":{"adm1_psgc":1700000000,"adm2_psgc":1705200000,"adm3_psgc":1705210000,"adm4_psgc":1705210024,"adm4_en":"Campamento","geo_level":"Bgy","len_crs":6402,"area_crs":1110454,"len_km":6,"area_km2":1},"id":1705210024},{"arcs":[[-63,65]],"type":"Polygon","properties":{"adm1_psgc":1700000000,"adm2_psgc":1705200000,"adm3_psgc":1705210000,"adm4_psgc":1705210025,"adm4_en":"Misong","geo_level":"Bgy","len_crs":14084,"area_crs":6100690,"len_km":14,"area_km2":6},"id":1705210025}]}}}