{"type":"Topology","arcs":[[[371,1121],[8,-67],[98,-28]],[[477,1026],[-20,-22],[23,-41],[-62,-18],[-52,-46]],[[366,899],[-47,14],[-60,36],[-16,52],[-59,44],[-38,9]],[[146,1054],[116,71]],[[262,1125],[40,28],[42,-32],[27,0]],[[1087,648],[-42,-132],[1,-51]],[[1046,465],[-37,-52]],[[1009,413],[-90,84],[-34,23],[19,81]],[[904,601],[7,27],[65,49]],[[976,677],[56,-5],[55,-24]],[[850,810],[-32,-23],[-51,-1],[-6,-30]],[[761,756],[-61,-47]],[[700,709],[-8,25],[-51,17],[-55,-7],[-41,36],[-21,54]],[[524,834],[72,51]],[[596,885],[70,-11],[91,-29],[80,-9],[13,-26]],[[524,834],[-13,15]],[[511,849],[19,40],[-13,21],[32,41],[44,0]],[[593,951],[3,-66]],[[722,1206],[-80,-207]],[[642,999],[-52,54]],[[590,1053],[41,11],[-4,105],[-80,27]],[[547,1196],[75,83],[100,-73]],[[493,1118],[11,-26]],[[504,1092],[1,-66],[-28,0]],[[371,1121],[122,-3]],[[1296,938],[-65,6]],[[1231,944],[-181,-14],[-141,-40]],[[909,890],[-27,215],[9,130]],[[891,1235],[133,70],[137,-6],[89,3],[70,-177],[-19,-56],[-5,-131]],[[909,890],[-267,109]],[[722,1206],[169,29]],[[1296,938],[-15,-122],[34,-95],[20,-148],[-103,-89]],[[1232,484],[-2,163]],[[1230,647],[1,297]],[[1230,647],[-143,1]],[[976,677],[-17,111],[-98,25]],[[861,813],[48,77]],[[590,1053],[-23,24],[-63,15]],[[493,1118],[11,44],[43,34]],[[889,617],[-72,43],[-32,-4],[-52,43],[-33,10]],[[761,756],[17,-14],[87,5],[45,-36],[-21,-94]],[[1046,465],[48,-25],[138,44]],[[1232,484],[113,26],[84,-184],[8,-168],[-47,-102],[-180,-56],[-71,102],[-2,43],[-18,26],[-36,19],[-21,51],[-5,79],[-48,93]],[[642,999],[-49,-48]],[[511,849],[-28,-12],[-49,-1],[-76,30],[8,33]],[[146,1054],[-30,10],[14,70],[-53,-16],[-41,45],[17,53],[-44,22],[-9,20],[34,22],[99,-9],[8,-61],[24,-28],[30,6],[39,-19],[28,-44]],[[861,813],[-11,-3]],[[904,601],[-15,16]]],"transform":{"scale":[0.00008513047807934333,0.0000857507203065279],"translate":[123.90181323700004,7.95951370700004]},"objects":{"bgysubmuns-municity-1003521000":{"type":"GeometryCollection","geometries":[{"arcs":[[0,1,2,3,4]],"type":"Polygon","properties":{"adm1_psgc":1000000000,"adm2_psgc":1003500000,"adm3_psgc":1003521000,"adm4_psgc":1003521001,"adm4_en":"Small Banisilon","geo_level":"Bgy","len_crs":11188,"area_crs":3742247,"len_km":11,"area_km2":3},"id":1003521001},{"arcs":[[5,6,7,8,9]],"type":"Polygon","properties":{"adm1_psgc":1000000000,"adm2_psgc":1003500000,"adm3_psgc":1003521000,"adm4_psgc":1003521003,"adm4_en":"Bayabao","geo_level":"Bgy","len_crs":6886,"area_crs":2932098,"len_km":6,"area_km2":2},"id":1003521003},{"arcs":[[10,11,12,13,14]],"type":"Polygon","properties":{"adm1_psgc":1000000000,"adm2_psgc":1003500000,"adm3_psgc":1003521000,"adm4_psgc":1003521004,"adm4_en":"Berwar","geo_level":"Bgy","len_crs":8942,"area_crs":2720846,"len_km":8,"area_km2":2},"id":1003521004},{"arcs":[[-14,15,16,17]],"type":"Polygon","properties":{"adm1_psgc":1000000000,"adm2_psgc":1003500000,"adm3_psgc":1003521000,"adm4_psgc":1003521005,"adm4_en":"Big Banisilon","geo_level":"Bgy","len_crs":3312,"area_crs":602816,"len_km":3,"area_km2":0},"id":1003521005},{"arcs":[[18,19,20,21]],"type":"Polygon","properties":{"adm1_psgc":1000000000,"adm2_psgc":1003500000,"adm3_psgc":1003521000,"adm4_psgc":1003521006,"adm4_en":"Big Meladoc","geo_level":"Bgy","len_crs":7254,"area_crs":1799442,"len_km":7,"area_km2":1},"id":1003521006},{"arcs":[[22,23,-1,24]],"type":"Polygon","properties":{"adm1_psgc":1000000000,"adm2_psgc":1003500000,"adm3_psgc":1003521000,"adm4_psgc":1003521007,"adm4_en":"Bubong","geo_level":"Bgy","len_crs":3908,"area_crs":923109,"len_km":3,"area_km2":0},"id":1003521007},{"arcs":[[25,26,27,28]],"type":"Polygon","properties":{"adm1_psgc":1000000000,"adm2_psgc":1003500000,"adm3_psgc":1003521000,"adm4_psgc":1003521008,"adm4_en":"Lamaosa","geo_level":"Bgy","len_crs":14121,"area_crs":13075755,"len_km":14,"area_km2":13},"id":1003521008},{"arcs":[[29,-19,30,-28]],"type":"Polygon","properties":{"adm1_psgc":1000000000,"adm2_psgc":1003500000,"adm3_psgc":1003521000,"adm4_psgc":1003521009,"adm4_en":"Linao","geo_level":"Bgy","len_crs":9709,"area_crs":5189322,"len_km":9,"area_km2":5},"id":1003521009},{"arcs":[[31,32,33,-26]],"type":"Polygon","properties":{"adm1_psgc":1000000000,"adm2_psgc":1003500000,"adm3_psgc":1003521000,"adm4_psgc":1003521010,"adm4_en":"Lindongan","geo_level":"Bgy","len_crs":9801,"area_crs":2869841,"len_km":9,"area_km2":2},"id":1003521010},{"arcs":[[34,-10,35,36,-27,-34]],"type":"Polygon","properties":{"adm1_psgc":1000000000,"adm2_psgc":1003500000,"adm3_psgc":1003521000,"adm4_psgc":1003521011,"adm4_en":"Lingco-an","geo_level":"Bgy","len_crs":11449,"area_crs":7198408,"len_km":11,"area_km2":7},"id":1003521011},{"arcs":[[37,-23,38,-21]],"type":"Polygon","properties":{"adm1_psgc":1000000000,"adm2_psgc":1003500000,"adm3_psgc":1003521000,"adm4_psgc":1003521013,"adm4_en":"Small Meladoc","geo_level":"Bgy","len_crs":4902,"area_crs":1274527,"len_km":4,"area_km2":1},"id":1003521013},{"arcs":[[39,-12,40]],"type":"Polygon","properties":{"adm1_psgc":1000000000,"adm2_psgc":1003500000,"adm3_psgc":1003521000,"adm4_psgc":1003521014,"adm4_en":"Papan","geo_level":"Bgy","len_crs":5720,"area_crs":1436421,"len_km":5,"area_km2":1},"id":1003521014},{"arcs":[[-7,41,42]],"type":"Polygon","properties":{"adm1_psgc":1000000000,"adm2_psgc":1003500000,"adm3_psgc":1003521000,"adm4_psgc":1003521016,"adm4_en":"Pelingkingan","geo_level":"Bgy","len_crs":14426,"area_crs":13165941,"len_km":14,"area_km2":13},"id":1003521016},{"arcs":[[-20,43,-17,44,-2,-24,-38]],"type":"Polygon","properties":{"adm1_psgc":1000000000,"adm2_psgc":1003500000,"adm3_psgc":1003521000,"adm4_psgc":1003521017,"adm4_en":"Poblacion","geo_level":"Bgy","len_crs":10199,"area_crs":2838348,"len_km":10,"area_km2":2},"id":1003521017},{"arcs":[[-4,45]],"type":"Polygon","properties":{"adm1_psgc":1000000000,"adm2_psgc":1003500000,"adm3_psgc":1003521000,"adm4_psgc":1003521018,"adm4_en":"Poona Kapatagan","geo_level":"Bgy","len_crs":9039,"area_crs":2472623,"len_km":9,"area_km2":2},"id":1003521018},{"arcs":[[-37,46,-15,-18,-44,-30]],"type":"Polygon","properties":{"adm1_psgc":1000000000,"adm2_psgc":1003500000,"adm3_psgc":1003521000,"adm4_psgc":1003521019,"adm4_en":"Punod","geo_level":"Bgy","len_crs":7632,"area_crs":2625601,"len_km":7,"area_km2":2},"id":1003521019},{"arcs":[[-33,-42,-6,-35]],"type":"Polygon","properties":{"adm1_psgc":1000000000,"adm2_psgc":1003500000,"adm3_psgc":1003521000,"adm4_psgc":1003521021,"adm4_en":"Somiorang","geo_level":"Bgy","len_crs":6561,"area_crs":2846260,"len_km":6,"area_km2":2},"id":1003521021},{"arcs":[[-47,-36,-9,47,-41,-11]],"type":"Polygon","properties":{"adm1_psgc":1000000000,"adm2_psgc":1003500000,"adm3_psgc":1003521000,"adm4_psgc":1003521024,"adm4_en":"Tangcal Proper","geo_level":"Bgy","len_crs":7939,"area_crs":1602115,"len_km":7,"area_km2":1},"id":1003521024}]}}}