{"type":"Topology","arcs":[[[454,707],[-128,-145],[-38,-45]],[[288,517],[-5,72]],[[283,589],[10,10],[149,176]],[[442,775],[12,-68]],[[477,210],[-59,8]],[[418,218],[3,36]],[[421,254],[5,12],[55,73]],[[481,339],[-4,-129]],[[416,158],[-1,-37]],[[415,121],[-24,-22]],[[391,99],[-12,19]],[[379,118],[1,50]],[[380,168],[36,-10]],[[410,286],[-9,4],[-365,-39]],[[36,251],[-20,45]],[[16,296],[82,7]],[[98,303],[166,15]],[[264,318],[78,7]],[[342,325],[62,6]],[[404,331],[12,-36],[-6,-9]],[[482,382],[-80,-48]],[[402,334],[-14,19],[9,29],[80,66]],[[477,448],[5,-66]],[[385,54],[3,-42]],[[388,12],[-11,4],[-114,1]],[[263,17],[113,44],[9,-7]],[[387,70],[-2,-16]],[[263,17],[-40,31]],[[223,48],[153,24],[11,-2]],[[391,99],[-4,-29]],[[223,48],[-50,30]],[[173,78],[206,40]],[[238,911],[6,-220]],[[244,691],[-31,-8],[5,-58]],[[218,625],[-218,-116]],[[0,509],[1,159],[92,270],[78,47]],[[171,985],[67,-74]],[[418,218],[-2,-60]],[[380,168],[-291,-31]],[[89,137],[-34,75]],[[55,212],[351,43]],[[406,255],[15,-1]],[[459,610],[-108,-133]],[[351,477],[-4,-10],[-83,-149]],[[98,303],[190,214]],[[454,707],[5,-97]],[[377,405],[-35,-80]],[[351,477],[9,-38],[15,3],[2,-37]],[[406,255],[4,31]],[[404,331],[-2,3]],[[482,382],[-1,-43]],[[470,500],[-93,-95]],[[459,610],[-2,-48],[13,-62]],[[283,589],[-6,47]],[[277,636],[-2,39],[-19,20]],[[256,695],[45,14],[133,94]],[[434,803],[8,-28]],[[55,212],[-19,39]],[[378,904],[56,-101]],[[256,695],[-12,-4]],[[238,911],[54,-5],[20,-7],[66,5]],[[477,210],[-7,-103]],[[470,107],[-55,14]],[[171,985],[72,85],[41,-15],[45,-3],[-22,-43],[34,-57],[37,-48]],[[470,107],[2,-85],[-42,-20],[-24,-2],[-18,12]],[[16,296],[-10,151],[-6,62]],[[218,625],[59,11]],[[470,500],[7,-52]],[[173,78],[-58,31],[-26,28]]],"transform":{"scale":[0.0003539678402491998,0.00014467439626168326],"translate":[124.167580174,13.631392485000047]},"objects":{"bgysubmuns-municity-502009000":{"type":"GeometryCollection","geometries":[{"arcs":[[0,1,2,3]],"type":"Polygon","properties":{"adm1_psgc":500000000,"adm2_psgc":502000000,"adm3_psgc":502009000,"adm4_psgc":502009001,"adm4_en":"Balatohan","geo_level":"Bgy","len_crs":16197,"area_crs":7833625,"len_km":16,"area_km2":7},"id":502009001},{"arcs":[[4,5,6,7]],"type":"Polygon","properties":{"adm1_psgc":500000000,"adm2_psgc":502000000,"adm3_psgc":502009000,"adm4_psgc":502009002,"adm4_en":"Salvacion","geo_level":"Bgy","len_crs":8269,"area_crs":3046312,"len_km":8,"area_km2":3},"id":502009002},{"arcs":[[8,9,10,11,12]],"type":"Polygon","properties":{"adm1_psgc":500000000,"adm2_psgc":502000000,"adm3_psgc":502009000,"adm4_psgc":502009003,"adm4_en":"Boton","geo_level":"Bgy","len_crs":4403,"area_crs":1153339,"len_km":4,"area_km2":1},"id":502009003},{"arcs":[[13,14,15,16,17,18,19]],"type":"Polygon","properties":{"adm1_psgc":500000000,"adm2_psgc":502000000,"adm3_psgc":502009000,"adm4_psgc":502009004,"adm4_en":"Buhi","geo_level":"Bgy","len_crs":31381,"area_crs":10367118,"len_km":31,"area_km2":10},"id":502009004},{"arcs":[[20,21,22]],"type":"Polygon","properties":{"adm1_psgc":500000000,"adm2_psgc":502000000,"adm3_psgc":502009000,"adm4_psgc":502009005,"adm4_en":"Dayawa","geo_level":"Bgy","len_crs":8732,"area_crs":3151754,"len_km":8,"area_km2":3},"id":502009005},{"arcs":[[23,24,25]],"type":"Polygon","properties":{"adm1_psgc":500000000,"adm2_psgc":502000000,"adm3_psgc":502009000,"adm4_psgc":502009006,"adm4_en":"Atsan","geo_level":"Bgy","len_crs":10328,"area_crs":1722624,"len_km":10,"area_km2":1},"id":502009006},{"arcs":[[26,-26,27,28]],"type":"Polygon","properties":{"adm1_psgc":500000000,"adm2_psgc":502000000,"adm3_psgc":502009000,"adm4_psgc":502009007,"adm4_en":"Poblacion District II","geo_level":"Bgy","len_crs":12943,"area_crs":2185089,"len_km":12,"area_km2":2},"id":502009007},{"arcs":[[29,-29,30,31,-11]],"type":"Polygon","properties":{"adm1_psgc":500000000,"adm2_psgc":502000000,"adm3_psgc":502009000,"adm4_psgc":502009008,"adm4_en":"Poblacion District III","geo_level":"Bgy","len_crs":17283,"area_crs":4883047,"len_km":17,"area_km2":4},"id":502009008},{"arcs":[[32,33,34,35,36]],"type":"Polygon","properties":{"adm1_psgc":500000000,"adm2_psgc":502000000,"adm3_psgc":502009000,"adm4_psgc":502009009,"adm4_en":"J. M. Alberto","geo_level":"Bgy","len_crs":28256,"area_crs":46735814,"len_km":28,"area_km2":46},"id":502009009},{"arcs":[[-6,37,-13,38,39,40,41]],"type":"Polygon","properties":{"adm1_psgc":500000000,"adm2_psgc":502000000,"adm3_psgc":502009000,"adm4_psgc":502009010,"adm4_en":"Katipunan","geo_level":"Bgy","len_crs":30585,"area_crs":17501069,"len_km":30,"area_km2":17},"id":502009010},{"arcs":[[42,43,-17,44,-1,45]],"type":"Polygon","properties":{"adm1_psgc":500000000,"adm2_psgc":502000000,"adm3_psgc":502009000,"adm4_psgc":502009011,"adm4_en":"Kilikilihan","geo_level":"Bgy","len_crs":31849,"area_crs":23256061,"len_km":31,"area_km2":23},"id":502009011},{"arcs":[[46,-18,-44,47]],"type":"Polygon","properties":{"adm1_psgc":500000000,"adm2_psgc":502000000,"adm3_psgc":502009000,"adm4_psgc":502009012,"adm4_en":"Mabato","geo_level":"Bgy","len_crs":11029,"area_crs":5043154,"len_km":11,"area_km2":5},"id":502009012},{"arcs":[[-7,-42,48,-20,49,-21,50]],"type":"Polygon","properties":{"adm1_psgc":500000000,"adm2_psgc":502000000,"adm3_psgc":502009000,"adm4_psgc":502009013,"adm4_en":"Obo","geo_level":"Bgy","len_crs":8980,"area_crs":3023544,"len_km":8,"area_km2":3},"id":502009013},{"arcs":[[51,-48,-43,52]],"type":"Polygon","properties":{"adm1_psgc":500000000,"adm2_psgc":502000000,"adm3_psgc":502009000,"adm4_psgc":502009014,"adm4_en":"Pacogon","geo_level":"Bgy","len_crs":12423,"area_crs":6629235,"len_km":12,"area_km2":6},"id":502009014},{"arcs":[[-3,53,54,55,56]],"type":"Polygon","properties":{"adm1_psgc":500000000,"adm2_psgc":502000000,"adm3_psgc":502009000,"adm4_psgc":502009015,"adm4_en":"Pagsangahan","geo_level":"Bgy","len_crs":16673,"area_crs":7504607,"len_km":16,"area_km2":7},"id":502009015},{"arcs":[[-49,-41,57,-14]],"type":"Polygon","properties":{"adm1_psgc":500000000,"adm2_psgc":502000000,"adm3_psgc":502009000,"adm4_psgc":502009016,"adm4_en":"Pangilao","geo_level":"Bgy","len_crs":29366,"area_crs":8474816,"len_km":29,"area_km2":8},"id":502009016},{"arcs":[[58,-56,59,-33,60]],"type":"Polygon","properties":{"adm1_psgc":500000000,"adm2_psgc":502000000,"adm3_psgc":502009000,"adm4_psgc":502009017,"adm4_en":"Paraiso","geo_level":"Bgy","len_crs":19157,"area_crs":17831698,"len_km":19,"area_km2":17},"id":502009017},{"arcs":[[61,62,-9,-38,-5]],"type":"Polygon","properties":{"adm1_psgc":500000000,"adm2_psgc":502000000,"adm3_psgc":502009000,"adm4_psgc":502009018,"adm4_en":"Santa Elena","geo_level":"Bgy","len_crs":7623,"area_crs":3530496,"len_km":7,"area_km2":3},"id":502009018},{"arcs":[[-61,-37,63]],"type":"Polygon","properties":{"adm1_psgc":500000000,"adm2_psgc":502000000,"adm3_psgc":502009000,"adm4_psgc":502009019,"adm4_en":"Progreso","geo_level":"Bgy","len_crs":18899,"area_crs":12175282,"len_km":18,"area_km2":12},"id":502009019},{"arcs":[[64,-24,-27,-30,-10,-63]],"type":"Polygon","properties":{"adm1_psgc":500000000,"adm2_psgc":502000000,"adm3_psgc":502009000,"adm4_psgc":502009020,"adm4_en":"San Juan","geo_level":"Bgy","len_crs":9297,"area_crs":5414795,"len_km":9,"area_km2":5},"id":502009020},{"arcs":[[-54,-2,-45,-16,65,-35,66]],"type":"Polygon","properties":{"adm1_psgc":500000000,"adm2_psgc":502000000,"adm3_psgc":502009000,"adm4_psgc":502009021,"adm4_en":"San Marcos","geo_level":"Bgy","len_crs":27807,"area_crs":35706103,"len_km":27,"area_km2":35},"id":502009021},{"arcs":[[-22,-50,-19,-47,-52,67]],"type":"Polygon","properties":{"adm1_psgc":500000000,"adm2_psgc":502000000,"adm3_psgc":502009000,"adm4_psgc":502009022,"adm4_en":"Siay","geo_level":"Bgy","len_crs":13588,"area_crs":4188886,"len_km":13,"area_km2":4},"id":502009022},{"arcs":[[-32,68,-39,-12]],"type":"Polygon","properties":{"adm1_psgc":500000000,"adm2_psgc":502000000,"adm3_psgc":502009000,"adm4_psgc":502009023,"adm4_en":"Solong","geo_level":"Bgy","len_crs":23250,"area_crs":9449109,"len_km":23,"area_km2":9},