{"type":"Topology","arcs":[[[855,210],[-1,-203],[-67,-7],[-103,16]],[[684,16],[4,48],[29,18],[0,26],[29,28],[1,69]],[[747,205],[108,5]],[[636,952],[-161,-8],[-43,2]],[[432,946],[-18,7],[-46,118]],[[368,1071],[57,39],[108,34],[28,32],[23,58]],[[584,1234],[43,-151],[9,-131]],[[709,754],[-13,-48],[-20,-10],[-17,-44],[0,-37]],[[659,615],[-13,7],[-51,-28],[-11,-25],[-79,-8]],[[505,561],[9,129]],[[514,690],[50,1],[-2,67]],[[562,758],[95,-36],[27,53]],[[684,775],[25,-21]],[[659,615],[-20,-47],[31,-57]],[[670,511],[-64,-13],[-99,-3]],[[507,495],[-2,66]],[[432,946],[-6,-52],[-61,-57]],[[365,837],[-20,13],[-43,-4]],[[302,846],[-7,48],[-44,67],[-59,32],[-75,26]],[[117,1019],[34,152]],[[151,1171],[80,-21],[97,-72],[40,-7]],[[507,495],[-121,-9]],[[386,486],[3,98],[-10,85]],[[379,669],[54,11]],[[433,680],[81,10]],[[899,742],[10,-98],[49,-78],[-32,4]],[[926,570],[-56,3],[-130,-5],[-58,20],[-23,27]],[[709,754],[24,-21],[166,9]],[[926,570],[-2,-131]],[[924,439],[-242,0]],[[682,439],[-17,43],[5,29]],[[433,680],[9,18],[-31,52],[14,31],[-48,26],[-12,30]],[[636,952],[-53,-89],[-27,-72],[6,-33]],[[388,392],[98,2],[4,-92]],[[490,302],[-111,-37],[-240,-56]],[[139,209],[-81,112],[25,20],[31,67]],[[114,408],[67,-8],[102,-4],[66,3],[39,-7]],[[700,292],[23,-62],[24,-25]],[[684,16],[-136,78]],[[548,94],[-6,48],[-52,160]],[[490,302],[97,4],[113,-14]],[[302,846],[-27,-63],[22,-31],[-47,-50],[21,-45]],[[271,657],[-55,11],[-84,-20],[-72,13],[-48,22],[-12,54],[14,63],[103,219]],[[636,952],[88,6]],[[724,958],[-40,-183]],[[386,486],[2,-94]],[[114,408],[43,50],[40,76],[39,20],[5,59],[30,44]],[[271,657],[48,-11],[60,23]],[[924,439],[-10,-62],[-63,-58],[4,-109]],[[700,292],[-2,52],[-16,95]],[[151,1171],[35,148],[-17,72],[-20,138],[166,-50],[149,-142],[120,-103]],[[548,94],[-106,-52],[-23,-26],[-136,1],[-45,53],[-99,139]],[[724,958],[42,-12],[124,-1],[5,-45],[4,-158]]],"transform":{"scale":[0.00016111044885177485,0.00014641306736428575],"translate":[125.89361282900006,7.645068446000039]},"objects":{"bgysubmuns-municity-1108208000":{"type":"GeometryCollection","geometries":[{"arcs":[[0,1,2]],"type":"Polygon","properties":{"adm1_psgc":1100000000,"adm2_psgc":1108200000,"adm3_psgc":1108208000,"adm4_psgc":1108208001,"adm4_en":"Banagbanag","geo_level":"Bgy","len_crs":12514,"area_crs":7833891,"len_km":12,"area_km2":7},"id":1108208001},{"arcs":[[3,4,5,6]],"type":"Polygon","properties":{"adm1_psgc":1100000000,"adm2_psgc":1108200000,"adm3_psgc":1108208000,"adm4_psgc":1108208002,"adm4_en":"Banglasan","geo_level":"Bgy","len_crs":15668,"area_crs":13331677,"len_km":15,"area_km2":13},"id":1108208002},{"arcs":[[7,8,9,10,11,12]],"type":"Polygon","properties":{"adm1_psgc":1100000000,"adm2_psgc":1108200000,"adm3_psgc":1108208000,"adm4_psgc":1108208003,"adm4_en":"Bankerohan Norte","geo_level":"Bgy","len_crs":13544,"area_crs":6724120,"len_km":13,"area_km2":6},"id":1108208003},{"arcs":[[13,14,15,-9]],"type":"Polygon","properties":{"adm1_psgc":1100000000,"adm2_psgc":1108200000,"adm3_psgc":1108208000,"adm4_psgc":1108208004,"adm4_en":"Bankerohan Sur","geo_level":"Bgy","len_crs":9412,"area_crs":3647546,"len_km":9,"area_km2":3},"id":1108208004},{"arcs":[[-5,16,17,18,19,20]],"type":"Polygon","properties":{"adm1_psgc":1100000000,"adm2_psgc":1108200000,"adm3_psgc":1108208000,"adm4_psgc":1108208005,"adm4_en":"Camansi","geo_level":"Bgy","len_crs":17895,"area_crs":15346273,"len_km":17,"area_km2":15},"id":1108208005},{"arcs":[[-16,21,22,23,24,-10]],"type":"Polygon","properties":{"adm1_psgc":1100000000,"adm2_psgc":1108200000,"adm3_psgc":1108208000,"adm4_psgc":1108208006,"adm4_en":"Camantangan","geo_level":"Bgy","len_crs":10726,"area_crs":6823126,"len_km":10,"area_km2":6},"id":1108208006},{"arcs":[[25,26,-8,27]],"type":"Polygon","properties":{"adm1_psgc":1100000000,"adm2_psgc":1108200000,"adm3_psgc":1108208000,"adm4_psgc":1108208007,"adm4_en":"Concepcion","geo_level":"Bgy","len_crs":15095,"area_crs":11438228,"len_km":15,"area_km2":11},"id":1108208007},{"arcs":[[28,29,30,-14,-27]],"type":"Polygon","properties":{"adm1_psgc":1100000000,"adm2_psgc":1108200000,"adm3_psgc":1108208000,"adm4_psgc":1108208008,"adm4_en":"Dauman","geo_level":"Bgy","len_crs":15031,"area_crs":10296469,"len_km":15,"area_km2":10},"id":1108208008},{"arcs":[[-11,-25,31,-17,-4,32]],"type":"Polygon","properties":{"adm1_psgc":1100000000,"adm2_psgc":1108200000,"adm3_psgc":1108208000,"adm4_psgc":1108208009,"adm4_en":"Canidkid","geo_level":"Bgy","len_crs":16407,"area_crs":12608873,"len_km":16,"area_km2":12},"id":1108208009},{"arcs":[[33,34,35,36]],"type":"Polygon","properties":{"adm1_psgc":1100000000,"adm2_psgc":1108200000,"adm3_psgc":1108208000,"adm4_psgc":1108208010,"adm4_en":"Lebanon","geo_level":"Bgy","len_crs":19294,"area_crs":17161964,"len_km":19,"area_km2":17},"id":1108208010},{"arcs":[[37,-2,38,39,40]],"type":"Polygon","properties":{"adm1_psgc":1100000000,"adm2_psgc":1108200000,"adm3_psgc":1108208000,"adm4_psgc":1108208011,"adm4_en":"Linoan","geo_level":"Bgy","len_crs":15855,"area_crs":14109877,"len_km":15,"area_km2":14},"id":1108208011},{"arcs":[[41,42,-19]],"type":"Polygon","properties":{"adm1_psgc":1100000000,"adm2_psgc":1108200000,"adm3_psgc":1108208000,"adm4_psgc":1108208012,"adm4_en":"Mayaon","geo_level":"Bgy","len_crs":20684,"area_crs":23174177,"len_km":20,"area_km2":23},"id":1108208012},{"arcs":[[-12,-33,43,44]],"type":"Polygon","properties":{"adm1_psgc":1100000000,"adm2_psgc":1108200000,"adm3_psgc":1108208000,"adm4_psgc":1108208014,"adm4_en":"New Calape","geo_level":"Bgy","len_crs":10995,"area_crs":7012906,"len_km":10,"area_km2":7},"id":1108208014},{"arcs":[[45,-37,46,47,-23]],"type":"Polygon","properties":{"adm1_psgc":1100000000,"adm2_psgc":1108200000,"adm3_psgc":1108208000,"adm4_psgc":1108208015,"adm4_en":"New Dalaguete","geo_level":"Bgy","len_crs":18614,"area_crs":13996046,"len_km":18,"area_km2":13},"id":1108208015},{"arcs":[[-32,-24,-48,-42,-18]],"type":"Polygon","properties":{"adm1_psgc":1100000000,"adm2_psgc":1108200000,"adm3_psgc":1108208000,"adm4_psgc":1108208016,"adm4_en":"New Cebulan","geo_level":"Bgy","len_crs":12431,"area_crs":6925201,"len_km":12,"area_km2":6},"id":1108208016},{"arcs":[[48,-3,-38,49,-30]],"type":"Polygon","properties":{"adm1_psgc":1100000000,"adm2_psgc":1108200000,"adm3_psgc":1108208000,"adm4_psgc":1108208017,"adm4_en":"New Visayas","geo_level":"Bgy","len_crs":15147,"area_crs":11809833,"len_km":15,"area_km2":11},"id":1108208017},{"arcs":[[-6,-21,50]],"type":"Polygon","properties":{"adm1_psgc":1100000000,"adm2_psgc":1108200000,"adm3_psgc":1108208000,"adm4_psgc":1108208019,"adm4_en":"Prosperidad","geo_level":"Bgy","len_crs":24446,"area_crs":33717048,"len_km":24,"area_km2":33},"id":1108208019},{"arcs":[[-50,-41,-34,-46,-22,-15,-31]],"type":"Polygon","properties":{"adm1_psgc":1100000000,"adm2_psgc":1108200000,"adm3_psgc":1108208000,"adm4_psgc":1108208020,"adm4_en":"San Jose","geo_level":"Bgy","len_crs":17707,"area_crs":14034080,"len_km":17,"area_km2":14},"id":1108208020},{"arcs":[[51,-35,-40]],"type":"Polygon","properties":{"adm1_psgc":1100000000,"adm2_psgc":1108200000,"adm3_psgc":1108208000,"adm4_psgc":1108208021,"adm4_en":"San Vicente","geo_level":"Bgy","len_crs":19072,"area_crs":21616085,"len_km":19,"area_km2":21},"id":1108208021},{"arcs":[[-28,-13,-45,52]],"type":"Polygon","properties":{"adm1_psgc":1100000000,"adm2_psgc":1108200000,"adm3_psgc":1108208000,"adm4_psgc":1108208022,"adm4_en":"Tapia","geo_level":"Bgy","len_crs":13400,"area_crs":11710276,"len_km":13,"area_km2":11},"id":1108208022}]}}}