{"type":"Topology","arcs":[[[2244,751],[-140,-325]],[[2104,426],[-226,74],[-177,-104]],[[1701,396],[-220,167],[-83,-17],[-99,-33],[-145,453]],[[1154,966],[0,151],[4,40],[38,298]],[[1196,1455],[361,-70],[296,-215],[293,-339],[98,-80]],[[2244,751],[336,-280],[144,-128],[119,-82],[-79,-175],[-169,65],[-290,208],[-201,67]],[[798,1573],[69,-25]],[[867,1548],[-36,-178],[-37,-176],[-108,-158]],[[686,1036],[-163,109],[-142,-8],[-83,82],[-5,7]],[[293,1226],[10,24],[11,18],[2,6],[5,6],[1,14],[-5,2],[-8,54],[4,18],[-3,2],[2,16],[-2,4],[7,33],[5,23],[10,85],[7,18],[4,14],[2,17]],[[345,1580],[24,-3],[46,1],[105,2],[100,80],[178,-87]],[[345,1580],[1,26],[0,32],[-2,8],[2,18],[0,12],[2,7],[1,34],[-2,10],[2,4],[-7,31],[-1,13],[-3,4],[-5,29],[0,12],[6,27],[1,18],[-2,3],[6,26],[6,17],[1,10],[6,15],[4,28],[-1,29],[3,27],[3,6],[9,17],[4,-5],[89,-90],[226,-187],[39,-19],[32,-49],[33,-120]],[[1701,396],[-56,-33],[-200,-259],[-131,-104],[-301,312],[-91,251],[-49,-3],[-126,-6]],[[747,554],[161,191],[127,114]],[[1035,859],[119,107]],[[747,554],[-192,-9]],[[555,545],[-30,316],[-11,5],[-11,0],[-2,15],[2,12],[11,14],[41,34],[131,95]],[[686,1036],[48,-89],[38,-12],[138,-55],[125,-21]],[[555,545],[-107,-6],[-123,-5],[-285,82],[-17,12],[-2,4],[9,13],[-5,9],[-20,-42],[-5,5],[21,45],[5,-3],[7,-14],[35,30],[5,8],[6,-4],[11,9],[-5,11],[21,16],[-11,27],[8,13],[2,-3],[-8,-9],[11,-26],[11,9],[2,-5],[23,18],[33,31],[3,-5],[8,11],[9,8],[21,37],[6,17],[8,18],[6,8],[11,2],[8,10],[-6,10],[6,17],[3,17],[1,18],[2,10],[5,35],[3,8],[-7,5],[-5,15],[1,13],[6,1],[5,13],[-4,10],[-6,8],[0,11],[6,3],[6,23],[-3,1],[1,17],[2,1],[0,15],[7,21],[1,13],[4,6],[3,15],[1,19],[1,14],[3,11]],[[867,1548],[71,-26],[150,-45],[108,-22]]],"transform":{"scale":[0.000043390925782620035,0.00003226587371511605],"translate":[124.24643413400008,8.311831809000067]},"objects":{"bgysubmuns-municity-1004316000":{"type":"GeometryCollection","geometries":[{"arcs":[[0,1,2,3,4]],"type":"Polygon","properties":{"adm1_psgc":1000000000,"adm2_psgc":1004300000,"adm3_psgc":1004316000,"adm4_psgc":1004316001,"adm4_en":"Aya-aya","geo_level":"Bgy","len_crs":14745,"area_crs":12585409,"len_km":14,"area_km2":12},"id":1004316001},{"arcs":[[-1,5]],"type":"Polygon","properties":{"adm1_psgc":1000000000,"adm2_psgc":1004300000,"adm3_psgc":1004316000,"adm4_psgc":1004316002,"adm4_en":"Betahon","geo_level":"Bgy","len_crs":8829,"area_crs":3335450,"len_km":8,"area_km2":3},"id":1004316002},{"arcs":[[6,7,8,9,10]],"type":"Polygon","properties":{"adm1_psgc":1000000000,"adm2_psgc":1004300000,"adm3_psgc":1004316000,"adm4_psgc":1004316003,"adm4_en":"Biga","geo_level":"Bgy","len_crs":8357,"area_crs":4132165,"len_km":8,"area_km2":4},"id":1004316003},{"arcs":[[-11,11]],"type":"Polygon","properties":{"adm1_psgc":1000000000,"adm2_psgc":1004300000,"adm3_psgc":1004316000,"adm4_psgc":1004316004,"adm4_en":"Calangahan","geo_level":"Bgy","len_crs":6843,"area_crs":1975509,"len_km":6,"area_km2":1},"id":1004316004},{"arcs":[[12,13,14,-3]],"type":"Polygon","properties":{"adm1_psgc":1000000000,"adm2_psgc":1004300000,"adm3_psgc":1004316000,"adm4_psgc":1004316005,"adm4_en":"Kaluknayan","geo_level":"Bgy","len_crs":12303,"area_crs":6258879,"len_km":12,"area_km2":6},"id":1004316005},{"arcs":[[-14,15,16,17]],"type":"Polygon","properties":{"adm1_psgc":1000000000,"adm2_psgc":1004300000,"adm3_psgc":1004316000,"adm4_psgc":1004316006,"adm4_en":"Lower Talacogon","geo_level":"Bgy","len_crs":6900,"area_crs":2434076,"len_km":6,"area_km2":2},"id":1004316006},{"arcs":[[-17,18,-9]],"type":"Polygon","properties":{"adm1_psgc":1000000000,"adm2_psgc":1004300000,"adm3_psgc":1004316000,"adm4_psgc":1004316007,"adm4_en":"Poblacion","geo_level":"Bgy","len_crs":11336,"area_crs":3786573,"len_km":11,"area_km2":3},"id":1004316007},{"arcs":[[-4,-15,-18,-8,19]],"type":"Polygon","properties":{"adm1_psgc":1000000000,"adm2_psgc":1004300000,"adm3_psgc":1004316000,"adm4_psgc":1004316008,"adm4_en":"Upper Talacogon","geo_level":"Bgy","len_crs":7996,"area_crs":3963883,"len_km":7,"area_km2":3},"id":1004316008}]}}}