{"type":"Topology","arcs":[[[484,217],[-22,-190]],[[462,27],[-113,0],[-124,-8],[2,54],[22,26]],[[249,99],[86,11],[-36,154]],[[299,264],[92,-3],[29,-23],[64,-21]],[[689,278],[-4,-95],[-11,-82],[-23,-48],[18,-23],[-32,-30],[-83,10],[-92,17]],[[484,217],[-6,93]],[[478,310],[175,-18],[36,-14]],[[539,620],[-30,-95],[24,-40],[7,-66],[-62,-109]],[[299,264],[-19,35],[-9,73],[32,48],[-9,67],[32,12],[-4,27]],[[322,526],[48,5],[32,60],[107,93]],[[509,684],[23,-27],[7,-37]],[[995,626],[-75,-56],[-32,2],[-91,-49],[-66,-120],[-42,-125]],[[539,620],[195,49]],[[734,669],[261,-43]],[[249,99],[-4,47],[14,50],[-29,29],[11,51],[-33,14],[9,87],[-22,41],[-35,17],[37,37],[-8,30],[45,47]],[[234,549],[18,14],[30,-38],[40,1]],[[909,969],[-25,8],[-297,63]],[[587,1040],[27,58]],[[614,1098],[41,161]],[[655,1259],[211,172],[18,10],[50,-426],[16,-32],[-41,-14]],[[664,842],[70,-173]],[[509,684],[-3,94]],[[506,778],[-6,65],[10,21],[84,-16],[70,-6]],[[234,549],[-46,19],[-30,39],[-37,-4],[-3,51],[38,18],[2,78],[32,26],[-39,20],[-14,33],[24,43]],[[161,872],[70,4],[84,28],[35,69]],[[350,973],[49,-45],[15,-43],[24,-32],[35,-14],[14,-56],[19,-5]],[[587,1040],[77,-198]],[[350,973],[71,133]],[[421,1106],[9,-8],[184,0]],[[421,1106],[-49,33],[-72,6],[-187,187]],[[113,1332],[311,0],[231,-73]],[[161,872],[-14,44],[7,27],[-26,22],[17,39],[-33,10],[-38,57],[-68,48],[17,27],[-21,39],[29,41],[-27,38],[-4,55],[113,13]],[[909,969],[-24,-48],[-56,-26],[-2,-20],[71,-13],[7,-30],[-1,-76],[20,-29],[42,-30],[29,-71]]],"transform":{"scale":[0.00006048964120604887,0.000052655434420519024],"translate":[124.13854047300005,8.081566764000057]},"objects":{"bgysubmuns-municity-1003513000":{"type":"GeometryCollection","geometries":[{"arcs":[[0,1,2,3]],"type":"Polygon","properties":{"adm1_psgc":1000000000,"adm2_psgc":1003500000,"adm3_psgc":1003513000,"adm4_psgc":1003513001,"adm4_en":"Bubong Radapan","geo_level":"Bgy","len_crs":6094,"area_crs":1616200,"len_km":6,"area_km2":1},"id":1003513001},{"arcs":[[4,-1,5,6]],"type":"Polygon","properties":{"adm1_psgc":1000000000,"adm2_psgc":1003500000,"adm3_psgc":1003513000,"adm4_psgc":1003513002,"adm4_en":"Bangco","geo_level":"Bgy","len_crs":7058,"area_crs":2247348,"len_km":7,"area_km2":2},"id":1003513002},{"arcs":[[7,-6,-4,8,9,10]],"type":"Polygon","properties":{"adm1_psgc":1000000000,"adm2_psgc":1003500000,"adm3_psgc":1003513000,"adm4_psgc":1003513003,"adm4_en":"Batal","geo_level":"Bgy","len_crs":7756,"area_crs":2962082,"len_km":7,"area_km2":2},"id":1003513003},{"arcs":[[11,-7,-8,12,13]],"type":"Polygon","properties":{"adm1_psgc":1000000000,"adm2_psgc":1003500000,"adm3_psgc":1003513000,"adm4_psgc":1003513004,"adm4_en":"Batangan","geo_level":"Bgy","len_crs":9902,"area_crs":3853588,"len_km":9,"area_km2":3},"id":1003513004},{"arcs":[[-9,-3,14,15]],"type":"Polygon","properties":{"adm1_psgc":1000000000,"adm2_psgc":1003500000,"adm3_psgc":1003513000,"adm4_psgc":1003513005,"adm4_en":"Cadayonan","geo_level":"Bgy","len_crs":7707,"area_crs":1437746,"len_km":7,"area_km2":1},"id":1003513005},{"arcs":[[16,17,18,19]],"type":"Polygon","properties":{"adm1_psgc":1000000000,"adm2_psgc":1003500000,"adm3_psgc":1003513000,"adm4_psgc":1003513013,"adm4_en":"Matampay","geo_level":"Bgy","len_crs":8445,"area_crs":3883422,"len_km":8,"area_km2":3},"id":1003513013},{"arcs":[[20,-13,-11,21,22]],"type":"Polygon","properties":{"adm1_psgc":1000000000,"adm2_psgc":1003500000,"adm3_psgc":1003513000,"adm4_psgc":1003513015,"adm4_en":"Pangi","geo_level":"Bgy","len_crs":5164,"area_crs":1544253,"len_km":5,"area_km2":1},"id":1003513015},{"arcs":[[-22,-10,-16,23,24,25]],"type":"Polygon","properties":{"adm1_psgc":1000000000,"adm2_psgc":1003500000,"adm3_psgc":1003513000,"adm4_psgc":1003513016,"adm4_en":"Pasayanon","geo_level":"Bgy","len_crs":9749,"area_crs":4290363,"len_km":9,"area_km2":4},"id":1003513016},{"arcs":[[-18,26,-23,-26,27,28]],"type":"Polygon","properties":{"adm1_psgc":1000000000,"adm2_psgc":1003500000,"adm3_psgc":1003513000,"adm4_psgc":1003513018,"adm4_en":"Poblacion","geo_level":"Bgy","len_crs":7714,"area_crs":2241918,"len_km":7,"area_km2":2},"id":1003513018},{"arcs":[[-19,-29,29,30]],"type":"Polygon","properties":{"adm1_psgc":1000000000,"adm2_psgc":1003500000,"adm3_psgc":1003513000,"adm4_psgc":1003513019,"adm4_en":"Puntod","geo_level":"Bgy","len_crs":8463,"area_crs":3276249,"len_km":8,"area_km2":3},"id":1003513019},{"arcs":[[-28,-25,31,-30]],"type":"Polygon","properties":{"adm1_psgc":1000000000,"adm2_psgc":1003500000,"adm3_psgc":1003513000,"adm4_psgc":1003513020,"adm4_en":"Santa Cruz","geo_level":"Bgy","len_crs":9719,"area_crs":4064694,"len_km":9,"area_km2":4},"id":1003513020},{"arcs":[[32,-14,-21,-27,-17]],"type":"Polygon","properties":{"adm1_psgc":1000000000,"adm2_psgc":1003500000,"adm3_psgc":1003513000,"adm4_psgc":1003513021,"adm4_en":"Somiorang","geo_level":"Bgy","len_crs":10931,"area_crs":3315056,"len_km":10,"area_km2":3},"id":1003513021}]}}}