{"type":"Topology","arcs":[[[572,81],[-24,-71],[-40,4],[-52,-14],[-56,50],[-25,-22],[-62,93],[-37,41]],[[276,162],[91,48],[76,18]],[[443,228],[-13,-21],[88,-37],[54,-89]],[[1383,751],[-52,-21],[0,-57],[-37,-38],[7,-47],[-17,-47],[-37,-21],[8,-30]],[[1255,490],[-80,19],[14,61],[-29,15],[-21,-27],[-48,17],[-40,-15],[-66,1],[-91,-25],[-82,-62]],[[812,474],[-6,43]],[[806,517],[14,7],[38,88],[63,82],[3,28],[76,33],[-21,75],[11,36],[66,7],[17,39],[73,10]],[[1146,922],[-14,-55],[103,-49],[60,-59],[88,-8]],[[557,614],[78,-22]],[[635,592],[3,-98],[-43,-50]],[[595,444],[-26,-45],[-22,12],[-120,-65]],[[427,346],[-91,54]],[[336,400],[7,29],[-18,52],[24,14]],[[349,495],[35,53],[31,73]],[[415,621],[59,10],[83,-17]],[[349,495],[-111,16],[-36,-11],[-17,-42],[-76,-51]],[[109,407],[-76,92],[6,62],[-33,67],[-6,92],[96,-20],[40,2],[66,-61],[51,2],[84,-19],[78,-3]],[[1255,490],[-40,-41],[-48,-5],[-55,-44],[-98,5],[-76,-65],[-25,-36]],[[913,304],[-23,83],[-78,87]],[[806,517],[-19,47],[-44,10],[-24,-28],[-51,5],[-33,41]],[[557,614],[66,66],[48,145],[64,56],[55,23],[68,46],[38,49],[28,62],[2,66],[30,85],[37,27],[34,87],[-7,55]],[[1020,1381],[89,-130],[25,-99],[12,-230]],[[427,346],[38,-50],[20,-60],[-42,-8]],[[276,162],[-70,146]],[[206,308],[123,64],[7,28]],[[206,308],[-40,67],[-57,32]],[[735,126],[-37,-3],[-21,-47],[-42,21],[-32,-30],[-31,14]],[[595,444],[9,-29],[5,-153],[28,-38],[98,-98]],[[913,304],[-23,-42],[-58,-10],[-27,-39],[-76,-36],[6,-51]],[[1020,1381],[1,27],[57,55],[39,9],[54,-8],[54,7],[106,-19],[18,30],[86,63],[17,114],[-39,31],[2,34],[-25,36],[534,-9],[-177,-396],[-225,-392],[-41,-21],[-13,-41],[-29,-36],[-56,-114]]],"transform":{"scale":[0.00014450627494800837,0.0001453274340908967],"translate":[120.91986152900006,12.433213658000055]},"objects":{"bgysubmuns-municity-1705108000":{"type":"GeometryCollection","geometries":[{"arcs":[[0,1,2]],"type":"Polygon","properties":{"adm1_psgc":1700000000,"adm2_psgc":1705100000,"adm3_psgc":1705108000,"adm4_psgc":1705108001,"adm4_en":"Adela","geo_level":"Bgy","len_crs":15236,"area_crs":10027780,"len_km":15,"area_km2":10},"id":1705108001},{"arcs":[[3,4,5,6,7]],"type":"Polygon","properties":{"adm1_psgc":1700000000,"adm2_psgc":1705100000,"adm3_psgc":1705108000,"adm4_psgc":1705108002,"adm4_en":"Aguas","geo_level":"Bgy","len_crs":31573,"area_crs":30931209,"len_km":31,"area_km2":30},"id":1705108002},{"arcs":[[8,9,10,11,12,13,14]],"type":"Polygon","properties":{"adm1_psgc":1700000000,"adm2_psgc":1705100000,"adm3_psgc":1705108000,"adm4_psgc":1705108003,"adm4_en":"Magsikap","geo_level":"Bgy","len_crs":15572,"area_crs":15168018,"len_km":15,"area_km2":15},"id":1705108003},{"arcs":[[-14,15,16]],"type":"Polygon","properties":{"adm1_psgc":1700000000,"adm2_psgc":1705100000,"adm3_psgc":1705108000,"adm4_psgc":1705108004,"adm4_en":"Malawaan","geo_level":"Bgy","len_crs":19637,"area_crs":17436212,"len_km":19,"area_km2":17},"id":1705108004},{"arcs":[[17,18,-5]],"type":"Polygon","properties":{"adm1_psgc":1700000000,"adm2_psgc":1705100000,"adm3_psgc":1705108000,"adm4_psgc":1705108005,"adm4_en":"Pitogo","geo_level":"Bgy","len_crs":19492,"area_crs":14729614,"len_km":19,"area_km2":14},"id":1705108005},{"arcs":[[-7,19,-9,20,21]],"type":"Polygon","properties":{"adm1_psgc":1700000000,"adm2_psgc":1705100000,"adm3_psgc":1705108000,"adm4_psgc":1705108006,"adm4_en":"Rizal","geo_level":"Bgy","len_crs":39414,"area_crs":46656469,"len_km":39,"area_km2":46},"id":1705108006},{"arcs":[[22,-2,23,24,-12]],"type":"Polygon","properties":{"adm1_psgc":1700000000,"adm2_psgc":1705100000,"adm3_psgc":1705108000,"adm4_psgc":1705108007,"adm4_en":"Rumbang","geo_level":"Bgy","len_crs":12572,"area_crs":9221532,"len_km":12,"area_km2":9},"id":1705108007},{"arcs":[[-13,-25,25,-16]],"type":"Polygon","properties":{"adm1_psgc":1700000000,"adm2_psgc":1705100000,"adm3_psgc":1705108000,"adm4_psgc":1705108008,"adm4_en":"Salvacion","geo_level":"Bgy","len_crs":11449,"area_crs":7135673,"len_km":11,"area_km2":7},"id":1705108008},{"arcs":[[26,-3,-23,-11,27]],"type":"Polygon","properties":{"adm1_psgc":1700000000,"adm2_psgc":1705100000,"adm3_psgc":1705108000,"adm4_psgc":1705108009,"adm4_en":"San Pedro","geo_level":"Bgy","len_crs":19352,"area_crs":12880892,"len_km":19,"area_km2":12},"id":1705108009},{"arcs":[[-6,-19,28,-28,-10,-20]],"type":"Polygon","properties":{"adm1_psgc":1700000000,"adm2_psgc":1705100000,"adm3_psgc":1705108000,"adm4_psgc":1705108010,"adm4_en":"Santo Niño","geo_level":"Bgy","len_crs":22461,"area_crs":22339548,"len_km":22,"area_km2":22},"id":1705108010},{"arcs":[[-8,-22,29]],"type":"Polygon","properties":{"adm1_psgc":1700000000,"adm2_psgc":1705100000,"adm3_psgc":1705108000,"adm4_psgc":1705108012,"adm4_en":"Manoot","geo_level":"Bgy","len_crs":53050,"area_crs":117355458,"len_km":53,"area_km2":117},"id":1705108012}]}}}