{"type":"Topology","arcs":[[[1687,616],[-45,-36]],[[1642,580],[-28,58],[-25,24],[-52,10]],[[1537,672],[4,1]],[[1541,673],[58,3],[48,-46],[40,-14]],[[584,569],[-82,32],[-34,-9],[-10,39],[-45,11],[-56,36],[-31,38]],[[326,716],[-36,55],[6,39]],[[296,810],[40,9],[79,-62],[57,-9],[8,-28],[52,-52],[72,-24],[2,-38],[-22,-37]],[[1534,530],[-62,-19],[-78,107]],[[1394,618],[11,-5],[127,58]],[[1532,671],[13,-37],[-11,-104]],[[480,350],[-9,-100],[-27,-54]],[[444,196],[-74,56],[-49,56],[-5,36],[-43,64],[-31,-12],[-46,33],[-103,187]],[[93,616],[113,16],[10,33]],[[216,665],[45,-34],[28,-49],[89,-66],[10,-38],[92,-128]],[[356,104],[-87,-80],[-48,-24],[-7,100],[-195,181],[-19,116],[39,108]],[[39,505],[12,-73],[40,-13],[10,-108],[40,-20],[33,-38],[63,-40],[11,-27],[42,-11],[66,-71]],[[326,716],[-106,-26],[-4,-25]],[[93,616],[-23,-35]],[[70,581],[-32,253],[-2,250],[107,2],[12,28],[79,41],[75,1],[69,-209],[-43,-69],[-35,-16],[-4,-52]],[[1536,672],[-4,-1]],[[1394,618],[-41,72]],[[1353,690],[169,63],[14,-81]],[[584,569],[-36,-65],[-2,-30],[-66,-124]],[[444,196],[-78,-42],[-10,-50]],[[39,505],[31,76]],[[2133,891],[-107,-85],[-103,-70],[-81,-36],[-47,-33],[-108,-51]],[[1541,673],[-12,41],[7,58],[22,67]],[[1558,839],[37,9],[136,57],[-12,60],[26,28]],[[1745,993],[55,-31],[61,4],[30,-57],[68,-50],[71,1],[29,26],[74,5]],[[1745,993],[-10,49],[17,34],[48,29],[33,62],[63,19],[14,24],[-18,43],[54,55],[86,6],[37,34],[72,-47],[27,8],[40,-39],[43,21],[113,-28],[162,97],[106,-190],[-103,-60],[-84,-6],[-7,-48],[-48,-25],[2,-33],[-195,-66],[-64,-41]],[[1642,580],[-82,-47],[-26,-3]],[[1536,672],[1,0]],[[1353,690],[-23,48],[153,82],[75,19]]],"transform":{"scale":[0.00007472493996956978,0.00006404053088234446],"translate":[121.36393249500009,14.337941790000064]},"objects":{"bgysubmuns-municity-403420000":{"type":"GeometryCollection","geometries":[{"arcs":[[0,1,2,3]],"type":"Polygon","properties":{"adm1_psgc":400000000,"adm2_psgc":403400000,"adm3_psgc":403420000,"adm4_psgc":403420001,"adm4_en":"Baño","geo_level":"Bgy","len_crs":3144,"area_crs":233484,"len_km":3,"area_km2":0},"id":403420001},{"arcs":[[4,5,6]],"type":"Polygon","properties":{"adm1_psgc":400000000,"adm2_psgc":403400000,"adm3_psgc":403420000,"adm4_psgc":403420002,"adm4_en":"Banilan","geo_level":"Bgy","len_crs":7143,"area_crs":1805242,"len_km":7,"area_km2":1},"id":403420002},{"arcs":[[7,8,9]],"type":"Polygon","properties":{"adm1_psgc":400000000,"adm2_psgc":403400000,"adm3_psgc":403420000,"adm4_psgc":403420003,"adm4_en":"Burgos","geo_level":"Bgy","len_crs":3981,"area_crs":823036,"len_km":3,"area_km2":0},"id":403420003},{"arcs":[[10,11,12,13]],"type":"Polygon","properties":{"adm1_psgc":400000000,"adm2_psgc":403400000,"adm3_psgc":403420000,"adm4_psgc":403420004,"adm4_en":"Casa Real","geo_level":"Bgy","len_crs":10378,"area_crs":4130830,"len_km":10,"area_km2":4},"id":403420004},{"arcs":[[14,15]],"type":"Polygon","properties":{"adm1_psgc":400000000,"adm2_psgc":403400000,"adm3_psgc":403420000,"adm4_psgc":403420005,"adm4_en":"Casinsin","geo_level":"Bgy","len_crs":10155,"area_crs":2750880,"len_km":10,"area_km2":2},"id":403420005},{"arcs":[[-6,16,-13,17,18]],"type":"Polygon","properties":{"adm1_psgc":400000000,"adm2_psgc":403400000,"adm3_psgc":403420000,"adm4_psgc":403420006,"adm4_en":"Dorado","geo_level":"Bgy","len_crs":12204,"area_crs":7647047,"len_km":12,"area_km2":7},"id":403420006},{"arcs":[[19,-9,20,21]],"type":"Polygon","properties":{"adm1_psgc":400000000,"adm2_psgc":403400000,"adm3_psgc":403420000,"adm4_psgc":403420007,"adm4_en":"Gonzales","geo_level":"Bgy","len_crs":4203,"area_crs":765042,"len_km":4,"area_km2":0},"id":403420007},{"arcs":[[22,-14,-17,-5]],"type":"Polygon","properties":{"adm1_psgc":400000000,"adm2_psgc":403400000,"adm3_psgc":403420000,"adm4_psgc":403420008,"adm4_en":"Kabulusan","geo_level":"Bgy","len_crs":9081,"area_crs":3092780,"len_km":9,"area_km2":3},"id":403420008},{"arcs":[[23,-16,24,-18,-12]],"type":"Polygon","properties":{"adm1_psgc":400000000,"adm2_psgc":403400000,"adm3_psgc":403420000,"adm4_psgc":403420009,"adm4_en":"Matikiw","geo_level":"Bgy","len_crs":10834,"area_crs":3863266,"len_km":10,"area_km2":3},"id":403420009},{"arcs":[[25,-4,26,27,28]],"type":"Polygon","properties":{"adm1_psgc":400000000,"adm2_psgc":403400000,"adm3_psgc":403420000,"adm4_psgc":403420010,"adm4_en":"Rizal","geo_level":"Bgy","len_crs":12942,"area_crs":6068897,"len_km":12,"area_km2":6},"id":403420010},{"arcs":[[-29,29]],"type":"Polygon","properties":{"adm1_psgc":400000000,"adm2_psgc":403400000,"adm3_psgc":403420000,"adm4_psgc":403420011,"adm4_en":"Saray","geo_level":"Bgy","len_crs":20896,"area_crs":14887381,"len_km":20,"area_km2":14},"id":403420011},{"arcs":[[30,-10,-20,31,-2]],"type":"Polygon","properties":{"adm1_psgc":400000000,"adm2_psgc":403400000,"adm3_psgc":403420000,"adm4_psgc":403420012,"adm4_en":"Taft","geo_level":"Bgy","len_crs":3324,"area_crs":519956,"len_km":3,"area_km2":0},"id":403420012},{"arcs":[[-3,-32,-22,32,-27]],"type":"Polygon","properties":{"adm1_psgc":400000000,"adm2_psgc":403400000,"adm3_psgc":403420000,"adm4_psgc":403420013,"adm4_en":"Tavera","geo_level":"Bgy","len_crs":6190,"area_crs":871490,"len_km":6,"area_km2":0},"id":403420013}]}}}