{"type":"Topology","arcs":[[[376,1581],[-1,-28],[-50,-71]],[[325,1482],[-3,68],[1,22]],[[323,1572],[2,53]],[[325,1625],[45,5]],[[370,1630],[11,-20],[0,-19],[-5,-10]],[[297,1115],[157,-345],[237,-517]],[[691,253],[-204,-106],[-285,-147],[-39,184],[-50,214],[-45,200],[-31,118],[-37,148],[93,424],[10,91],[-5,87],[16,12]],[[114,1478],[11,-22],[74,-121],[19,-40],[42,-99],[37,-81]],[[1066,1799],[47,-13],[139,-42],[58,-102]],[[1310,1642],[-791,95]],[[519,1737],[-20,11],[9,13],[-4,14],[-8,7],[7,10],[1,47],[-10,0]],[[494,1839],[-3,5],[13,18],[-9,14],[6,5],[-7,16],[-11,5],[2,23],[10,0],[16,-10],[15,4],[10,-1],[91,-47],[59,-11],[380,-61]],[[389,1821],[-15,-64],[-5,-32]],[[369,1725],[-75,88]],[[294,1813],[38,68]],[[332,1881],[30,-34],[27,-26]],[[278,1378],[14,-24],[-2,-16],[-8,-6],[5,-13],[26,-20],[-16,-184]],[[114,1478],[16,54]],[[130,1532],[34,-4],[19,-10],[27,-23],[30,-42],[38,-75]],[[323,1572],[-10,7],[-6,-19],[-8,1]],[[299,1561],[-3,12],[-18,2],[-12,23],[-8,-14],[-8,8],[-15,2],[5,-23]],[[240,1571],[-17,0],[-15,20],[5,6]],[[213,1597],[77,82]],[[290,1679],[35,-54]],[[445,1710],[1,-6],[15,-22],[9,2],[4,-15],[-7,-10],[1,-11],[20,-10],[-2,-8],[-26,-24],[7,-12],[9,-3],[-9,-16],[3,-17]],[[470,1558],[-5,-10],[-15,-1],[-74,34]],[[370,1630],[-1,95]],[[389,1821],[1,17]],[[390,1838],[57,0]],[[447,1838],[4,-18],[-2,-9],[-11,1],[-1,-55],[3,-25],[5,-22]],[[519,1737],[-38,-12],[-36,-15]],[[447,1838],[-1,2]],[[446,1840],[48,-1]],[[1310,1642],[199,-362]],[[1509,1280],[-989,271],[-50,7]],[[290,1679],[-47,56]],[[243,1735],[10,10],[41,68]],[[446,1840],[9,15],[0,14],[12,0],[1,10],[-9,5],[-1,13],[-15,0],[16,73],[0,5]],[[459,1975],[1,29],[13,2],[23,15],[12,-24],[52,-31],[78,-51],[428,-116]],[[1509,1280],[153,-271],[165,-294],[-355,-144],[-175,-71],[-407,-166],[-199,-81]],[[278,1378],[48,76],[-1,28]],[[240,1571],[13,-5],[14,5],[17,-19],[1,-14],[11,6],[3,17]],[[130,1532],[9,55],[48,45]],[[187,1632],[9,-15],[9,-7],[8,-13]],[[332,1881],[-8,67],[28,13],[44,11]],[[396,1972],[-6,-134]],[[396,1972],[1,5],[62,-2]],[[187,1632],[-16,19],[22,36],[50,48]]],"transform":{"scale":[0.00015350360317460462,0.00011239162642254826],"translate":[124.24759811400008,7.557954299000074]},"objects":{"bgysubmuns-municity-1903607000":{"type":"GeometryCollection","geometries":[{"arcs":[[0,1,2,3,4]],"type":"Polygon","properties":{"adm1_psgc":1900000000,"adm2_psgc":1903600000,"adm3_psgc":1903607000,"adm4_psgc":1903607012,"adm4_en":"Butig Proper","geo_level":"Bgy","len_crs":4985,"area_crs":1242324,"len_km":4,"area_km2":1},"id":1903607012},{"arcs":[[5,6,7]],"type":"Polygon","properties":{"adm1_psgc":1900000000,"adm2_psgc":1903600000,"adm3_psgc":1903607000,"adm4_psgc":1903607013,"adm4_en":"Cabasaran","geo_level":"Bgy","len_crs":46269,"area_crs":102475233,"len_km":46,"area_km2":102},"id":1903607013},{"arcs":[[8,9,10,11]],"type":"Polygon","properties":{"adm1_psgc":1900000000,"adm2_psgc":1903600000,"adm3_psgc":1903607000,"adm4_psgc":1903607016,"adm4_en":"Coloyan Tambo","geo_level":"Bgy","len_crs":33244,"area_crs":22137421,"len_km":33,"area_km2":22},"id":1903607016},{"arcs":[[12,13,14,15]],"type":"Polygon","properties":{"adm1_psgc":1900000000,"adm2_psgc":1903600000,"adm3_psgc":1903607000,"adm4_psgc":1903607019,"adm4_en":"Dilimbayan","geo_level":"Bgy","len_crs":5218,"area_crs":1572808,"len_km":5,"area_km2":1},"id":1903607019},{"arcs":[[16,-8,17,18]],"type":"Polygon","properties":{"adm1_psgc":1900000000,"adm2_psgc":1903600000,"adm3_psgc":1903607000,"adm4_psgc":1903607022,"adm4_en":"Dolangan","geo_level":"Bgy","len_crs":13324,"area_crs":6578851,"len_km":13,"area_km2":6},"id":1903607022},{"arcs":[[-3,19,20,21,22,23]],"type":"Polygon","properties":{"adm1_psgc":1900000000,"adm2_psgc":1903600000,"adm3_psgc":1903607000,"adm4_psgc":1903607041,"adm4_en":"Pindolonan","geo_level":"Bgy","len_crs":6471,"area_crs":1497432,"len_km":6,"area_km2":1},"id":1903607041},{"arcs":[[24,25,-5,26,-13,27,28,29]],"type":"Polygon","properties":{"adm1_psgc":1900000000,"adm2_psgc":1903600000,"adm3_psgc":1903607000,"adm4_psgc":1903607044,"adm4_en":"Bayabao Poblacion","geo_level":"Bgy","len_crs":11435,"area_crs":4634625,"len_km":11,"area_km2":4},"id":1903607044},{"arcs":[[30,-30,31,32,-11]],"type":"Polygon","properties":{"adm1_psgc":1900000000,"adm2_psgc":1903600000,"adm3_psgc":1903607000,"adm4_psgc":1903607045,"adm4_en":"Poktan","geo_level":"Bgy","len_crs":6624,"area_crs":1560463,"len_km":6,"area_km2":1},"id":1903607045},{"arcs":[[33,34,-25,-31,-10]],"type":"Polygon","properties":{"adm1_psgc":1900000000,"adm2_psgc":1903600000,"adm3_psgc":1903607000,"adm4_psgc":1903607046,"adm4_en":"Ragayan","geo_level":"Bgy","len_crs":41705,"area_crs":49390308,"len_km":41,"area_km2":49},"id":1903607046},{"arcs":[[-27,-4,-24,35,36,-14]],"type":"Polygon","properties":{"adm1_psgc":1900000000,"adm2_psgc":1903600000,"adm3_psgc":1903607000,"adm4_psgc":1903607047,"adm4_en":"Raya","geo_level":"Bgy","len_crs":6883,"area_crs":2826409,"len_km":6,"area_km2":2},"id":1903607047},{"arcs":[[-12,-33,37,38]],"type":"Polygon","properties":{"adm1_psgc":1900000000,"adm2_psgc":1903600000,"adm3_psgc":1903607000,"adm4_psgc":1903607051,"adm4_en":"Samer","geo_level":"Bgy","len_crs":27422,"area_crs":5345697,"len_km":27,"area_km2":5},"id":1903607051},{"arcs":[[-35,39,-6,-17,40,-1,-26]],"type":"Polygon","properties":{"adm1_psgc":1900000000,"adm2_psgc":1903600000,"adm3_psgc":1903607000,"adm4_psgc":1903607052,"adm4_en":"Sandab Madaya","geo_level":"Bgy","len_crs":68227,"area_crs":260900720,"len_km":68,"area_km2":260},"id":1903607052},{"arcs":[[-22,41,-20,-2,-41,-19,42,43]],"type":"Polygon","properties":{"adm1_psgc":1900000000,"adm2_psgc":1903600000,"adm3_psgc":1903607000,"adm4_psgc":1903607056,"adm4_en":"Sundig","geo_level":"Bgy","len_crs":11960,"area_crs":4720381,"len_km":11,"area_km2":4},"id":1903607056},{"arcs":[[-28,-16,44,45]],"type":"Polygon","properties":{"adm1_psgc":1900000000,"adm2_psgc":1903600000,"adm3_psgc":1903607000,"adm4_psgc":1903607060,"adm4_en":"Tiowi","geo_level":"Bgy","len_crs":5212,"area_crs":1517837,"len_km":5,"area_km2":1},"id":1903607060},{"arcs":[[-38,-32,-29,-46,46]],"type":"Polygon","properties":{"adm1_psgc":1900000000,"adm2_psgc":1903600000,"adm3_psgc":1903607000,"adm4_psgc":1903607062,"adm4_en":"Timbab","geo_level":"Bgy","len_crs":6459,"area_crs":1776726,"len_km":6,"area_km2":1},"id":1903607062},{"arcs":[[-23,-44,47,-36]],"type":"Polygon","properties":{"adm1_psgc":1900000000,"adm2_psgc":1903600000,"adm3_psgc":1903607000,"adm4_psgc":1903607063,"adm4_en":"Malungun","geo_level":"Bgy","len_crs":5370,"area_crs":1703647,"len_km":5,"area_km2":1},"id":1903607063}]}}}