{"type":"Topology","arcs":[[[691,2683],[-9,-47]],[[682,2636],[-33,12],[-34,33],[-33,16],[-27,37]],[[555,2734],[21,17],[115,-68]],[[682,2636],[2,-23],[-8,-58],[-18,-42]],[[658,2513],[-29,-71]],[[629,2442],[-221,9]],[[408,2451],[-21,38],[-11,11],[-40,22],[-1,24],[11,12],[25,7],[59,-10],[17,24],[18,48],[16,24],[26,21],[33,18],[8,14],[7,30]],[[1072,979],[-20,-648],[2,-331],[-38,59],[-40,57],[-61,66],[-73,64],[-47,32],[-79,63],[-235,250],[-474,303],[17,61],[23,55],[25,42],[10,11],[16,32]],[[98,1095],[974,-116]],[[304,2215],[1,-5]],[[305,2210],[16,-18],[-14,-17],[-3,-99],[-9,-67],[10,-5],[10,-20],[-13,-12]],[[302,1972],[-174,-81]],[[128,1891],[-33,182],[56,166],[54,14],[82,-41],[17,3]],[[691,2683],[51,-30],[26,0],[29,12],[33,-12],[30,-55],[29,-35],[26,-18]],[[915,2545],[-257,-32]],[[914,2802],[-2,-18],[13,-15],[-34,-33],[-11,4],[-8,22],[-1,17],[19,23],[24,0]],[[876,3454],[0,-20],[-16,6],[-2,25],[12,7],[6,-18]],[[796,3621],[-10,-4],[2,40],[13,1],[-5,-37]],[[833,1980],[-44,-51],[-201,-41],[-195,-40],[-299,-22]],[[94,1826],[34,65]],[[302,1972],[158,-16]],[[460,1956],[129,27],[116,69]],[[705,2052],[98,38],[8,7]],[[811,2097],[16,-22],[12,-33],[1,-22],[-7,-40]],[[460,1956],[-26,146]],[[434,2102],[271,-50]],[[629,2442],[-33,-82]],[[596,2360],[-43,-104]],[[553,2256],[-138,6]],[[415,2262],[-110,-52]],[[304,2215],[4,16],[17,4],[7,37],[28,29],[-6,22],[-4,53],[47,48],[11,27]],[[415,2262],[19,-160]],[[553,2256],[221,-1]],[[774,2255],[-22,-14],[-20,-22],[-30,-21],[-14,-20],[5,-23],[46,-34],[12,-5],[40,-4],[20,-15]],[[98,1095],[-69,267],[-29,37],[13,67],[24,67],[7,146],[8,21],[22,36],[8,24],[12,66]],[[833,1980],[187,-783],[52,-218]],[[596,2360],[255,74]],[[851,2434],[-8,-25],[-37,-28],[-1,-42],[12,-1],[16,18],[22,-8],[9,-12],[-19,-29],[-13,-29],[-14,3],[-23,-24],[-21,-2]],[[915,2545],[48,-24],[26,-3],[-4,-20],[-15,2],[-49,14],[-29,-1],[-48,-9],[-28,0],[-3,-32],[9,-10],[26,-16],[3,-12]]],"transform":{"scale":[0.00009133311847015516,0.00007194152378348682],"translate":[125.63478851300012,9.405130386000053]},"objects":{"bgysubmuns-municity-1606711000":{"type":"GeometryCollection","geometries":[{"arcs":[[0,1,2]],"type":"Polygon","properties":{"adm1_psgc":1600000000,"adm2_psgc":1606700000,"adm3_psgc":1606711000,"adm4_psgc":1606711001,"adm4_en":"Alambique","geo_level":"Bgy","len_crs":3515,"area_crs":507192,"len_km":3,"area_km2":0},"id":1606711001},{"arcs":[[3,4,5,6,-2]],"type":"Polygon","properties":{"adm1_psgc":1600000000,"adm2_psgc":1606700000,"adm3_psgc":1606711000,"adm4_psgc":1606711002,"adm4_en":"Anibongan","geo_level":"Bgy","len_crs":9610,"area_crs":4635511,"len_km":9,"area_km2":4},"id":1606711002},{"arcs":[[7,8]],"type":"Polygon","properties":{"adm1_psgc":1600000000,"adm2_psgc":1606700000,"adm3_psgc":1606711000,"adm4_psgc":1606711003,"adm4_en":"Camam-onan","geo_level":"Bgy","len_crs":32286,"area_crs":44886173,"len_km":32,"area_km2":44},"id":1606711003},{"arcs":[[9,10,11,12]],"type":"Polygon","properties":{"adm1_psgc":1600000000,"adm2_psgc":1606700000,"adm3_psgc":1606711000,"adm4_psgc":1606711004,"adm4_en":"Cam-boayon","geo_level":"Bgy","len_crs":8792,"area_crs":4599535,"len_km":8,"area_km2":4},"id":1606711004},{"arcs":[[[13,14,-4,-1]],[[15]],[[16]],[[17]]],"type":"MultiPolygon","properties":{"adm1_psgc":1600000000,"adm2_psgc":1606700000,"adm3_psgc":1606711000,"adm4_psgc":1606711005,"adm4_en":"Ipil","geo_level":"Bgy","len_crs":11362,"area_crs":2296704,"len_km":11,"area_km2":2},"id":1606711005},{"arcs":[[18,19,-12,20,21,22,23]],"type":"Polygon","properties":{"adm1_psgc":1600000000,"adm2_psgc":1606700000,"adm3_psgc":1606711000,"adm4_psgc":1606711006,"adm4_en":"Lahi","geo_level":"Bgy","len_crs":16459,"area_crs":6411200,"len_km":16,"area_km2":6},"id":1606711006},{"arcs":[[-22,24,25]],"type":"Polygon","properties":{"adm1_psgc":1600000000,"adm2_psgc":1606700000,"adm3_psgc":1606711000,"adm4_psgc":1606711007,"adm4_en":"Mahanub","geo_level":"Bgy","len_crs":6554,"area_crs":1765428,"len_km":6,"area_km2":1},"id":1606711007},{"arcs":[[26,27,28,29,-10,30,-6]],"type":"Polygon","properties":{"adm1_psgc":1600000000,"adm2_psgc":1606700000,"adm3_psgc":1606711000,"adm4_psgc":1606711008,"adm4_en":"Poniente","geo_level":"Bgy","len_crs":9268,"area_crs":3601359,"len_km":9,"area_km2":3},"id":1606711008},{"arcs":[[-25,-21,-11,-30,31]],"type":"Polygon","properties":{"adm1_psgc":1600000000,"adm2_psgc":1606700000,"adm3_psgc":1606711000,"adm4_psgc":1606711009,"adm4_en":"San Antonio","geo_level":"Bgy","len_crs":7604,"area_crs":2853985,"len_km":7,"area_km2":2},"id":1606711009},{"arcs":[[32,33,-23,-26,-32,-29]],"type":"Polygon","properties":{"adm1_psgc":1600000000,"adm2_psgc":1606700000,"adm3_psgc":1606711000,"adm4_psgc":1606711010,"adm4_en":"San Isidro","geo_level":"Bgy","len_crs":11358,"area_crs":4508508,"len_km":11,"area_km2":4},"id":1606711010},{"arcs":[[-9,34,-19,35]],"type":"Polygon","properties":{"adm1_psgc":1600000000,"adm2_psgc":1606700000,"adm3_psgc":1606711000,"adm4_psgc":1606711011,"adm4_en":"Sico-sico","geo_level":"Bgy","len_crs":32022,"area_crs":60328825,"len_km":32,"area_km2":60},"id":1606711011},{"arcs":[[-33,-28,36,37]],"type":"Polygon","properties":{"adm1_psgc":1600000000,"adm2_psgc":1606700000,"adm3_psgc":1606711000,"adm4_psgc":1606711012,"adm4_en":"Villaflor","geo_level":"Bgy","len_crs":8747,"area_crs":2784541,"len_km":8,"area_km2":2},"id":1606711012},{"arcs":[[-37,-27,-5,-15,38]],"type":"Polygon","properties":{"adm1_psgc":1600000000,"adm2_psgc":1606700000,"adm3_psgc":1606711000,"adm4_psgc":1606711013,"adm4_en":"Villafranca","geo_level":"Bgy","len_crs":10117,"area_crs":2298820,"len_km":10,"area_km2":2},"id":1606711013}]}}}