{"type":"Topology","arcs":[[[1038,724],[20,-34]],[[1058,690],[-148,-81],[-24,15]],[[886,624],[-19,109]],[[867,733],[0,1]],[[867,734],[117,-13],[54,3]],[[867,734],[-22,151],[-27,135]],[[818,1020],[54,8],[46,-10],[20,39],[42,-8],[6,-85],[34,-3],[17,-30],[1,-207]],[[1407,464],[-63,-157]],[[1344,307],[-50,-127]],[[1294,180],[-34,-1],[-97,-29]],[[1163,150],[17,26],[-17,29]],[[1163,205],[9,88],[-8,51],[-41,14],[-15,76],[61,28],[23,82]],[[1192,544],[15,21],[157,-18],[15,-36],[42,-11],[-14,-36]],[[776,440],[-40,-139],[46,-10],[-5,-144]],[[777,147],[-91,3],[-58,37],[-49,68]],[[579,255],[37,41],[-1,30]],[[615,326],[42,6],[67,103]],[[724,435],[52,5]],[[381,340],[48,-132],[11,-2]],[[440,206],[-44,-19],[-55,-3],[-41,20]],[[300,204],[-6,128],[-11,104]],[[283,436],[98,-96]],[[300,204],[-140,6],[3,81],[-39,207],[-17,47],[38,22]],[[145,567],[138,-131]],[[578,686],[-42,-180],[-38,-86]],[[498,420],[-117,-80]],[[145,567],[-21,58],[-32,26],[-92,97],[117,60]],[[117,808],[41,-44],[121,-72],[123,-19],[176,13]],[[734,1019],[10,-98],[-8,-156]],[[736,765],[-42,6],[-42,-37],[-12,-65]],[[640,669],[-62,17]],[[117,808],[97,49],[245,103],[63,36],[167,52],[45,-29]],[[1312,69],[-34,-11],[-87,-54],[-47,-4],[-50,25],[10,75],[59,50]],[[1294,180],[18,-111]],[[877,434],[10,-41],[-22,-60],[-7,-93],[18,-72]],[[876,168],[-99,-21]],[[776,440],[74,-19],[27,13]],[[1163,205],[-107,-29]],[[1056,176],[-17,12],[9,87],[5,153]],[[1053,428],[8,115]],[[1061,543],[37,-12],[94,13]],[[736,765],[89,-33],[42,1]],[[886,624],[10,-60],[-101,-70],[-93,-10]],[[702,484],[-29,93],[-28,3],[-5,89]],[[1056,176],[-79,-31],[-101,23]],[[877,434],[42,-5],[21,27],[42,10],[71,-38]],[[734,1019],[84,1]],[[1516,194],[-37,-31],[-7,-75],[-40,-25],[-120,6]],[[1344,307],[5,-27],[126,-51],[41,-35]],[[1407,464],[45,-3],[38,-38],[14,-36],[63,-1],[113,-49],[81,30],[-16,-62],[-91,-62],[-48,-12],[-87,-6],[-3,-31]],[[702,484],[22,-49]],[[615,326],[-104,-2],[-13,96]],[[579,255],[-37,15],[-102,-64]],[[1058,690],[41,-20],[-21,-24],[13,-42],[-29,-31],[-1,-30]]],"transform":{"scale":[0.00005652521010789556,0.00006606624503313597],"translate":[120.79374105600006,14.88776067500004]},"objects":{"bgysubmuns-municity-301418000":{"type":"GeometryCollection","geometries":[{"arcs":[[0,1,2,3,4]],"type":"Polygon","properties":{"adm1_psgc":300000000,"adm2_psgc":301400000,"adm3_psgc":301418000,"adm4_psgc":301418001,"adm4_en":"Balatong A","geo_level":"Bgy","len_crs":3810,"area_crs":688912,"len_km":3,"area_km2":0},"id":301418001},{"arcs":[[-5,5,6]],"type":"Polygon","properties":{"adm1_psgc":300000000,"adm2_psgc":301400000,"adm3_psgc":301418000,"adm4_psgc":301418002,"adm4_en":"Balatong B","geo_level":"Bgy","len_crs":7241,"area_crs":2430399,"len_km":7,"area_km2":2},"id":301418002},{"arcs":[[7,8,9,10,11,12]],"type":"Polygon","properties":{"adm1_psgc":300000000,"adm2_psgc":301400000,"adm3_psgc":301418000,"adm4_psgc":301418003,"adm4_en":"Cutcot","geo_level":"Bgy","len_crs":8818,"area_crs":3486138,"len_km":8,"area_km2":3},"id":301418003},{"arcs":[[13,14,15,16,17]],"type":"Polygon","properties":{"adm1_psgc":300000000,"adm2_psgc":301400000,"adm3_psgc":301418000,"adm4_psgc":301418005,"adm4_en":"Dampol I","geo_level":"Bgy","len_crs":6203,"area_crs":1585712,"len_km":6,"area_km2":1},"id":301418005},{"arcs":[[18,19,20,21]],"type":"Polygon","properties":{"adm1_psgc":300000000,"adm2_psgc":301400000,"adm3_psgc":301418000,"adm4_psgc":301418006,"adm4_en":"Dampol II-A","geo_level":"Bgy","len_crs":4659,"area_crs":920015,"len_km":4,"area_km2":0},"id":301418006},{"arcs":[[-21,22,23]],"type":"Polygon","properties":{"adm1_psgc":300000000,"adm2_psgc":301400000,"adm3_psgc":301418000,"adm4_psgc":301418007,"adm4_en":"Dampol II-B","geo_level":"Bgy","len_crs":6599,"area_crs":1944009,"len_km":6,"area_km2":1},"id":301418007},{"arcs":[[24,25,-22,-24,26,27]],"type":"Polygon","properties":{"adm1_psgc":300000000,"adm2_psgc":301400000,"adm3_psgc":301418000,"adm4_psgc":301418008,"adm4_en":"Dulong Malabon","geo_level":"Bgy","len_crs":10875,"area_crs":5468429,"len_km":10,"area_km2":5},"id":301418008},{"arcs":[[28,29,30,-28,31]],"type":"Polygon","properties":{"adm1_psgc":300000000,"adm2_psgc":301400000,"adm3_psgc":301418000,"adm4_psgc":301418009,"adm4_en":"Inaon","geo_level":"Bgy","len_crs":11313,"area_crs":6501989,"len_km":11,"area_km2":6},"id":301418009},{"arcs":[[32,-10,33]],"type":"Polygon","properties":{"adm1_psgc":300000000,"adm2_psgc":301400000,"adm3_psgc":301418000,"adm4_psgc":301418010,"adm4_en":"Longos","geo_level":"Bgy","len_crs":4582,"area_crs":1195058,"len_km":4,"area_km2":1},"id":301418010},{"arcs":[[34,35,-14,36]],"type":"Polygon","properties":{"adm1_psgc":300000000,"adm2_psgc":301400000,"adm3_psgc":301418000,"adm4_psgc":301418011,"adm4_en":"Lumbac","geo_level":"Bgy","len_crs":5921,"area_crs":1259033,"len_km":5,"area_km2":1},"id":301418011},{"arcs":[[-12,37,38,39,40]],"type":"Polygon","properties":{"adm1_psgc":300000000,"adm2_psgc":301400000,"adm3_psgc":301418000,"adm4_psgc":301418018,"adm4_en":"Paltao","geo_level":"Bgy","len_crs":7448,"area_crs":1625729,"len_km":7,"area_km2":1},"id":301418018},{"arcs":[[41,-3,42,43,-30]],"type":"Polygon","properties":{"adm1_psgc":300000000,"adm2_psgc":301400000,"adm3_psgc":301418000,"adm4_psgc":301418020,"adm4_en":"Penabatan","geo_level":"Bgy","len_crs":6254,"area_crs":2461683,"len_km":6,"area_km2":2},"id":301418020},{"arcs":[[-39,44,-35,45]],"type":"Polygon","properties":{"adm1_psgc":300000000,"adm2_psgc":301400000,"adm3_psgc":301418000,"adm4_psgc":301418022,"adm4_en":"Poblacion","geo_level":"Bgy","len_crs":6530,"area_crs":2245002,"len_km":6,"area_km2":2},"id":301418022},{"arcs":[[-4,-42,-29,46,-6]],"type":"Polygon","properties":{"adm1_psgc":300000000,"adm2_psgc":301400000,"adm3_psgc":301418000,"adm4_psgc":301418025,"adm4_en":"Santa Peregrina","geo_level":"Bgy","len_crs":5523,"area_crs":1284220,"len_km":5,"area_km2":1},"id":301418025},{"arcs":[[47,-34,-9,48]],"type":"Polygon","properties":{"adm1_psgc":300000000,"adm2_psgc":301400000,"adm3_psgc":301418000,"adm4_psgc":301418026,"adm4_en":"Santo Cristo","geo_level":"Bgy","len_crs":5286,"area_crs":1484890,"len_km":5,"area_km2":1},"id":301418026},{"arcs":[[-49,-8,49]],"type":"Polygon","properties":{"adm1_psgc":300000000,"adm2_psgc":301400000,"adm3_psgc":301418000,"adm4_psgc":301418033,"adm4_en":"Taal","geo_level":"Bgy","len_crs":7879,"area_crs":2537124,"len_km":7,"area_km2":2},"id":301418033},{"arcs":[[-44,50,-17,51,-25,-31]],"type":"Polygon","properties":{"adm1_psgc":300000000,"adm2_psgc":301400000,"adm3_psgc":301418000,"adm4_psgc":301418034,"adm4_en":"Tabon","geo_level":"Bgy","len_crs":7051,"area_crs":2290672,"len_km":7,"area_km2":2},"id":301418034},{"arcs":[[-52,-16,52,-19,-26]],"type":"Polygon","properties":{"adm1_psgc":300000000,"adm2_psgc":301400000,"adm3_psgc":301418000,"adm4_psgc":301418035,"adm4_en":"Tibag","geo_level":"Bgy","len_crs":5193,"area_crs":1055110,"len_km":5,"area_km2":1},"id":301418035},{"arcs":[[-40,-46,-37,-18,-51,-43,-2,53]],"type":"Polygon","properties":{"adm1_psgc":300000000,"adm2_psgc":301400000,"adm3_psgc":301418000,"adm4_psgc":301418037,"adm4_en":"Tinejero","geo_level":"Bgy","len_crs":8382,"area_crs":2203296,"len_km":8,"area_km2":2},"id":301418037}]}}}