{"type":"Topology","arcs":[[[426,350],[183,-9]],[[609,341],[20,-56]],[[629,285],[-319,18],[-137,12]],[[173,315],[2,62]],[[175,377],[18,1]],[[193,378],[115,-22],[118,-6]],[[93,968],[-35,-28]],[[58,940],[-53,21]],[[5,961],[-4,22],[84,11],[8,-26]],[[283,733],[-22,-59]],[[261,674],[-61,-3],[-13,-96]],[[187,575],[-34,-2]],[[153,573],[-12,80]],[[141,653],[-27,117]],[[114,770],[-5,13]],[[109,783],[14,24]],[[123,807],[54,20]],[[177,827],[56,15],[52,3]],[[285,845],[-2,-112]],[[235,486],[0,-27],[-42,-81]],[[175,377],[0,24],[-41,15]],[[134,416],[1,77]],[[135,493],[18,80]],[[187,575],[48,-89]],[[663,189],[62,-167],[-157,-4],[-402,-18],[-16,36],[5,85],[236,5],[192,13],[19,58]],[[602,197],[61,-8]],[[144,304],[27,-112]],[[171,192],[-45,45],[-76,22],[-1,43]],[[49,302],[95,2]],[[58,940],[6,-34]],[[64,906],[-49,-59]],[[15,847],[-9,19],[-1,95]],[[211,1087],[-52,-48]],[[159,1039],[-15,26]],[[144,1065],[-5,33],[51,67],[21,-78]],[[173,315],[-29,-11]],[[49,302],[0,32]],[[49,334],[85,82]],[[66,888],[0,-43]],[[66,845],[-44,-65]],[[22,780],[-7,67]],[[64,906],[2,-18]],[[159,1039],[-20,-39]],[[139,1000],[-19,1]],[[120,1001],[-5,30],[29,34]],[[109,783],[-34,4]],[[75,787],[-9,58]],[[66,888],[19,35],[33,-17],[5,-99]],[[320,848],[-35,-3]],[[177,827],[-41,96],[13,29]],[[149,952],[48,6],[31,31]],[[228,989],[92,-141]],[[139,1000],[10,-48]],[[93,968],[27,33]],[[211,1087],[17,-98]],[[141,653],[-90,-57]],[[51,596],[-12,49]],[[39,645],[75,125]],[[329,480],[-77,30]],[[252,510],[35,46],[-26,118]],[[283,733],[67,-99],[-14,-58],[-7,-96]],[[252,510],[-17,-24]],[[329,480],[58,-13],[39,-117]],[[49,334],[-19,26],[-30,144],[40,39]],[[40,543],[95,-50]],[[320,848],[91,-30],[75,-122],[84,-246],[39,-109]],[[39,645],[-21,104]],[[18,749],[57,38]],[[629,285],[34,-96]],[[602,197],[-155,26],[-139,-6],[-137,-25]],[[18,749],[4,31]],[[40,543],[11,53]]],"transform":{"scale":[0.00008378081379307473,0.00004202761802574173],"translate":[124.32909801900007,7.811137680000055]},"objects":{"bgysubmuns-municity-1903622000":{"type":"GeometryCollection","geometries":[{"arcs":[[0,1,2,3,4,5]],"type":"Polygon","properties":{"adm1_psgc":1900000000,"adm2_psgc":1903600000,"adm3_psgc":1903622000,"adm4_psgc":1903622001,"adm4_en":"Ataragadong","geo_level":"Bgy","len_crs":8880,"area_crs":1081219,"len_km":8,"area_km2":1},"id":1903622001},{"arcs":[[6,7,8]],"type":"Polygon","properties":{"adm1_psgc":1900000000,"adm2_psgc":1903600000,"adm3_psgc":1903622000,"adm4_psgc":1903622002,"adm4_en":"Bangon","geo_level":"Bgy","len_crs":1875,"area_crs":140961,"len_km":1,"area_km2":0},"id":1903622002},{"arcs":[[9,10,11,12,13,14,15,16,17,18]],"type":"Polygon","properties":{"adm1_psgc":1900000000,"adm2_psgc":1903600000,"adm3_psgc":1903622000,"adm4_psgc":1903622004,"adm4_en":"Bansayan","geo_level":"Bgy","len_crs":4968,"area_crs":1269991,"len_km":4,"area_km2":1},"id":1903622004},{"arcs":[[19,-5,20,21,22,-12,23]],"type":"Polygon","properties":{"adm1_psgc":1900000000,"adm2_psgc":1903600000,"adm3_psgc":1903622000,"adm4_psgc":1903622006,"adm4_en":"Bubong-Dimunda","geo_level":"Bgy","len_crs":3010,"area_crs":596406,"len_km":3,"area_km2":0},"id":1903622006},{"arcs":[[24,25]],"type":"Polygon","properties":{"adm1_psgc":1900000000,"adm2_psgc":1903600000,"adm3_psgc":1903622000,"adm4_psgc":1903622007,"adm4_en":"Bugaran","geo_level":"Bgy","len_crs":11704,"area_crs":2963454,"len_km":11,"area_km2":2},"id":1903622007},{"arcs":[[26,27,28]],"type":"Polygon","properties":{"adm1_psgc":1900000000,"adm2_psgc":1903600000,"adm3_psgc":1903622000,"adm4_psgc":1903622008,"adm4_en":"Bualan","geo_level":"Bgy","len_crs":2982,"area_crs":279339,"len_km":2,"area_km2":0},"id":1903622008},{"arcs":[[29,30,31,-8]],"type":"Polygon","properties":{"adm1_psgc":1900000000,"adm2_psgc":1903600000,"adm3_psgc":1903622000,"adm4_psgc":1903622011,"adm4_en":"Cadayonan","geo_level":"Bgy","len_crs":1854,"area_crs":178029,"len_km":1,"area_km2":0},"id":1903622011},{"arcs":[[32,33,34]],"type":"Polygon","properties":{"adm1_psgc":1900000000,"adm2_psgc":1903600000,"adm3_psgc":1903622000,"adm4_psgc":1903622012,"adm4_en":"Calilangan Dicala","geo_level":"Bgy","len_crs":1866,"area_crs":220611,"len_km":1,"area_km2":0},"id":1903622012},{"arcs":[[-4,35,-29,36,37,-21]],"type":"Polygon","properties":{"adm1_psgc":1900000000,"adm2_psgc":1903600000,"adm3_psgc":1903622000,"adm4_psgc":1903622013,"adm4_en":"Calupaan","geo_level":"Bgy","len_crs":3025,"area_crs":437660,"len_km":3,"area_km2":0},"id":1903622013},{"arcs":[[38,39,40,-31,41]],"type":"Polygon","properties":{"adm1_psgc":1900000000,"adm2_psgc":1903600000,"adm3_psgc":1903622000,"adm4_psgc":1903622014,"adm4_en":"Dimayon","geo_level":"Bgy","len_crs":1818,"area_crs":139441,"len_km":1,"area_km2":0},"id":1903622014},{"arcs":[[42,43,44,-34]],"type":"Polygon","properties":{"adm1_psgc":1900000000,"adm2_psgc":1903600000,"adm3_psgc":1903622000,"adm4_psgc":1903622015,"adm4_en":"Dilausan","geo_level":"Bgy","len_crs":1175,"area_crs":82027,"len_km":1,"area_km2":0},"id":1903622015},{"arcs":[[-16,45,46,-39,47]],"type":"Polygon","properties":{"adm1_psgc":1900000000,"adm2_psgc":1903600000,"adm3_psgc":1903622000,"adm4_psgc":1903622018,"adm4_en":"Dongcoan","geo_level":"Bgy","len_crs":2142,"area_crs":276284,"len_km":2,"area_km2":0},"id":1903622018},{"arcs":[[48,-18,49,50,51]],"type":"Polygon","properties":{"adm1_psgc":1900000000,"adm2_psgc":1903600000,"adm3_psgc":1903622000,"adm4_psgc":1903622019,"adm4_en":"Gadongan","geo_level":"Bgy","len_crs":4021,"area_crs":724469,"len_km":4,"area_km2":0},"id":1903622019},{"arcs":[[52,-50,-17,-48,-42,-30,-7,53,-44]],"type":"Polygon","properties":{"adm1_psgc":1900000000,"adm2_psgc":1903600000,"adm3_psgc":1903622000,"adm4_psgc":1903622020,"adm4_en":"Poblacion","geo_level":"Bgy","len_crs":3775,"area_crs":383999,"len_km":3,"area_km2":0},"id":1903622020},{"arcs":[[-51,-53,-43,-33,54]],"type":"Polygon","properties":{"adm1_psgc":1900000000,"adm2_psgc":1903600000,"adm3_psgc":1903622000,"adm4_psgc":1903622024,"adm4_en":"Liangan","geo_level":"Bgy","len_crs":2361,"area_crs":306969,"len_km":2,"area_km2":0},"id":1903622024},{"arcs":[[55,56,57,-14]],"type":"Polygon","properties":{"adm1_psgc":1900000000,"adm2_psgc":1903600000,"adm3_psgc":1903622000,"adm4_psgc":1903622026,"adm4_en":"Lumbac","geo_level":"Bgy","len_crs":2785,"area_crs":381071,"len_km":2,"area_km2":0},"id":1903622026},{"arcs":[[58,59,-10,60]],"type":"Polygon","properties":{"adm1_psgc":1900000000,"adm2_psgc":1903600000,"adm3_psgc":1903622000,"adm4_psgc":1903622027,"adm4_en":"Lumbaca Ingud","geo_level":"Bgy","len_crs":3591,"area_crs":597954,"len_km":3,"area_km2":0},"id":1903622027},{"arcs":[[-60,61,-24,-11]],"type":"Polygon","properties":{"adm1_psgc":1900000000,"adm2_psgc":1903600000,"adm3_psgc":1903622000,"adm4_psgc":1903622030,"adm4_en":"Madanding","geo_level":"Bgy","len_crs":2829,"area_crs":543300,"len_km":2,"area_km2":0},"id":1903622030},{"arcs":[[62,-6,-20,-62,-59]],"type":"Polygon","properties":{"adm1_psgc":1900000000,"adm2_psgc":1903600000,"adm3_psgc":1903622000,"adm4_psgc":1903622034,"adm4_en":"Pantao","geo_level":"Bgy","len_crs":4930,"area_crs":1009676,"len_km":4,"area_km2":1},"id":1903622034},{"arcs":[[-22,-38,63,64]],"type":"Polygon","properties":{"adm1_psgc":1900000000,"adm2_psgc":1903600000,"adm3_psgc":1903622000,"adm4_psgc":1903622035,"adm4_en":"Punud","geo_level":"Bgy","len_crs":3652,"area_crs":754882,"len_km":3,"area_km2":0},"id":1903622035},{"arcs":[[-1,-63,-61,-19,-49,65]],"type":"Polygon","properties":{"adm1_psgc":1900000000,"adm2_psgc":1903600000,"adm3_psgc":1903622000,"adm4_psgc":1903622036,"adm4_en":"Ragayan","geo_level":"Bgy","len_crs":9025,"area_crs":3730008,"len_km":9,"area_km2":3},"id":1903622036},{"arcs":[[-15,-58,66,67,-46]],"type":"Polygon","properties":{"adm1_psgc":1900000000,"adm2_psgc":1903600000,"adm3_psgc":1903622000,"adm4_psgc":1903622037,"adm4_en":"Rogan Cairan","geo_level":"Bgy","len_crs":3130,"area_crs":281443,"len_km":3,"area_km2":0},"id":1903622037},{"arcs":[[-3,68,-26,69,-27,-36]],"type":"Polygon","properties":{"adm1_psgc":1900000000,"adm2_psgc":1903600000,