{"type":"Topology","arcs":[[[690,85],[-48,-76],[-37,-9],[-40,78],[-52,69]],[[513,147],[47,30]],[[560,177],[32,6]],[[592,183],[98,-98]],[[651,332],[2,-139]],[[653,193],[-61,-10]],[[560,177],[-24,216]],[[536,393],[114,18]],[[650,411],[1,-79]],[[1000,721],[-80,-55]],[[920,666],[-24,-32],[-62,-6]],[[834,628],[-38,42],[-8,58]],[[788,728],[26,24],[35,-10],[70,32]],[[919,774],[37,14],[44,-67]],[[342,616],[-22,-28],[-20,-63],[46,-63]],[[346,462],[-147,20]],[[199,482],[-35,59],[-24,68],[20,39],[-14,23]],[[146,671],[196,-55]],[[536,393],[-161,-89]],[[375,304],[-31,48]],[[344,352],[2,110]],[[346,462],[132,25]],[[478,487],[58,-94]],[[735,175],[-26,-5]],[[709,170],[-56,23]],[[651,332],[116,20]],[[767,352],[36,5]],[[803,357],[-17,-111],[-51,-71]],[[648,782],[0,-57]],[[648,725],[-23,-67]],[[625,658],[-111,-33],[-160,7]],[[354,632],[95,122]],[[449,754],[44,53]],[[493,807],[84,-6],[71,-19]],[[478,487],[61,37]],[[539,524],[106,34],[5,-147]],[[344,352],[-94,-22],[-38,14],[-24,36],[16,63],[-5,39]],[[709,170],[-19,-85]],[[1075,656],[-116,-67]],[[959,589],[-39,77]],[[1000,721],[66,30]],[[1066,751],[9,-95]],[[1135,521],[-170,-49]],[[965,472],[-39,101]],[[926,573],[33,16]],[[1075,656],[52,-90],[8,-45]],[[868,506],[-25,-47],[3,-74]],[[846,385],[-43,-28]],[[767,352],[7,54],[-31,104]],[[743,510],[125,-4]],[[364,742],[-58,-9],[-166,6]],[[140,739],[13,46],[27,16],[13,79],[-7,48],[-22,27],[-15,65],[2,47]],[[151,1067],[154,14]],[[305,1081],[59,-339]],[[644,574],[-112,-31],[7,-19]],[[342,616],[12,16]],[[625,658],[19,-84]],[[1021,353],[-11,49],[-45,70]],[[1135,521],[34,-78],[-82,-35],[-66,-55]],[[834,628],[-97,-69]],[[737,559],[-93,15]],[[648,725],[140,3]],[[925,290],[-25,-13],[-50,-80],[-115,-22]],[[846,385],[27,20]],[[873,405],[20,-28],[32,-87]],[[513,147],[-138,157]],[[146,671],[11,25],[-17,43]],[[364,742],[85,12]],[[737,559],[6,-49]],[[850,559],[18,-53]],[[834,628],[26,-51],[-10,-18]],[[140,739],[-17,-14],[-117,53],[7,98],[-13,78],[40,61],[-11,46],[26,39],[42,12],[54,-45]],[[893,844],[26,-70]],[[648,782],[20,25],[-3,48]],[[665,855],[40,-9],[188,-2]],[[536,1066],[-32,-33],[13,-149],[-24,-77]],[[305,1081],[231,-15]],[[926,573],[-25,9],[-51,-23]],[[965,472],[-92,-67]],[[536,1066],[31,41],[41,-23],[0,-36],[29,-9],[-2,-57],[13,-106],[17,-21]],[[893,844],[50,1],[79,46],[32,3],[49,-47],[-42,-31],[5,-65]],[[1021,353],[-96,-63]]],"transform":{"scale":[0.00006419079127463287,0.00005819598291367561],"translate":[124.21049733000007,8.005957219000036]},"objects":{"bgysubmuns-municity-1903625000":{"type":"GeometryCollection","geometries":[{"arcs":[[0,1,2,3]],"type":"Polygon","properties":{"adm1_psgc":1900000000,"adm2_psgc":1903600000,"adm3_psgc":1903625000,"adm4_psgc":1903625001,"adm4_en":"Alinun","geo_level":"Bgy","len_crs":3574,"area_crs":759807,"len_km":3,"area_km2":0},"id":1903625001},{"arcs":[[4,5,-3,6,7,8]],"type":"Polygon","properties":{"adm1_psgc":1900000000,"adm2_psgc":1903600000,"adm3_psgc":1903625000,"adm4_psgc":1903625002,"adm4_en":"Bagoaingud","geo_level":"Bgy","len_crs":4296,"area_crs":1030152,"len_km":4,"area_km2":1},"id":1903625002},{"arcs":[[9,10,11,12,13]],"type":"Polygon","properties":{"adm1_psgc":1900000000,"adm2_psgc":1903600000,"adm3_psgc":1903625000,"adm4_psgc":1903625004,"adm4_en":"Batangan","geo_level":"Bgy","len_crs":4335,"area_crs":989860,"len_km":4,"area_km2":0},"id":1903625004},{"arcs":[[14,15,16,17]],"type":"Polygon","properties":{"adm1_psgc":1900000000,"adm2_psgc":1903600000,"adm3_psgc":1903625000,"adm4_psgc":1903625005,"adm4_en":"Cadayon","geo_level":"Bgy","len_crs":5228,"area_crs":1176738,"len_km":5,"area_km2":1},"id":1903625005},{"arcs":[[18,19,20,21,22]],"type":"Polygon","properties":{"adm1_psgc":1900000000,"adm2_psgc":1903600000,"adm3_psgc":1903625000,"adm4_psgc":1903625006,"adm4_en":"Cadingilan","geo_level":"Bgy","len_crs":4052,"area_crs":1036928,"len_km":4,"area_km2":1},"id":1903625006},{"arcs":[[23,24,-5,25,26,27]],"type":"Polygon","properties":{"adm1_psgc":1900000000,"adm2_psgc":1903600000,"adm3_psgc":1903625000,"adm4_psgc":1903625007,"adm4_en":"Lumbac Toros","geo_level":"Bgy","len_crs":4176,"area_crs":961900,"len_km":4,"area_km2":0},"id":1903625007},{"arcs":[[28,29,30,31,32,33]],"type":"Polygon","properties":{"adm1_psgc":1900000000,"adm2_psgc":1903600000,"adm3_psgc":1903625000,"adm4_psgc":1903625008,"adm4_en":"Comonal","geo_level":"Bgy","len_crs":5380,"area_crs":1651009,"len_km":5,"area_km2":1},"id":1903625008},{"arcs":[[-8,-23,34,35]],"type":"Polygon","properties":{"adm1_psgc":1900000000,"adm2_psgc":1903600000,"adm3_psgc":1903625000,"adm4_psgc":1903625009,"adm4_en":"Dilausan","geo_level":"Bgy","len_crs":3763,"area_crs":881724,"len_km":3,"area_km2":0},"id":1903625009},{"arcs":[[-21,36,-16]],"type":"Polygon","properties":{"adm1_psgc":1900000000,"adm2_psgc":1903600000,"adm3_psgc":1903625000,"adm4_psgc":1903625010,"adm4_en":"Gadongan","geo_level":"Bgy","len_crs":3836,"area_crs":887541,"len_km":3,"area_km2":0},"id":1903625010},{"arcs":[[37,-4,-6,-25]],"type":"Polygon","properties":{"adm1_psgc":1900000000,"adm2_psgc":1903600000,"adm3_psgc":1903625000,"adm4_psgc":1903625012,"adm4_en":"Linao","geo_level":"Bgy","len_crs":2353,"area_crs":275346,"len_km":2,"area_km2":0},"id":1903625012},{"arcs":[[38,39,-10,40,41]],"type":"Polygon","properties":{"adm1_psgc":1900000000,"adm2_psgc":1903600000,"adm3_psgc":1903625000,"adm4_psgc":1903625013,"adm4_en":"Limogao","geo_level":"Bgy","len_crs":3461,"area_crs":616331,"len_km":3,"area_km2":0},"id":1903625013},{"arcs":[[42,43,44,-39,45]],"type":"Polygon","properties":{"adm1_psgc":1900000000,"adm2_psgc":1903600000,"adm3_psgc":1903625000,"adm4_psgc":1903625015,"adm4_en":"Lumbayanague","geo_level":"Bgy","len_crs":4130,"area_crs":1025161,"len_km":4,"area_km2":1},"id":1903625015},{"arcs":[[46,47,-27,48,49]],"type":"Polygon","properties":{"adm1_psgc":1900000000,"adm2_psgc":1903600000,"adm3_psgc":1903625000,"adm4_psgc":1903625018,"adm4_en":"Basak Maito","geo_level":"Bgy","len_crs":3704,"area_crs":559824,"len_km":3,"area_km2":0},"id":1903625018},{"arcs":[[50,51,52,53]],"type":"Polygon","properties":{"adm1_psgc":1900000000,"adm2_psgc":1903600000,"adm3_psgc":1903625000,"adm4_psgc":1903625019,"adm4_en":"Maliwanag","geo_level":"Bgy","len_crs":7375,"area_crs":2574377,"len_km":7,"area_km2":2},"id":1903625019},{"arcs":[[54,-35,-22,-15,55,-31,56]],"type":"Polygon","properties":{"adm1_psgc":1900000000,"adm2_psgc":1903600000,"adm3_psgc":1903625000,"adm4_psgc":1903625020,"adm4_en":"Mapantao","geo_level":"Bgy","len_crs":6286,"area_crs":1833231,"len_km":6,"area_km2":1},"id":1903625020},{"arcs":[[57,-43,58]],"type":"Polygon","properties":{"adm1_psgc":1900000000,"adm2_psgc":1903600000,"adm3_psgc":1903625000,"adm4_psgc":1903625021,"adm4_en":"Mipaga","geo_level":"Bgy","len_crs":3925,"area_crs":794489,"len_km":3,"area_km2":0},"id":1903625021},{"arcs":[[59,60,-57,-30,61,-12]],"type":"Polygon","properties":{"adm1_psgc":1900000000,"adm2_psgc":1903600000,"adm3_psgc":1903625000,"adm4_psgc":1903625022,"adm4_en":"Natangcopan","geo_level":"Bgy","len_crs":4530,"area_crs":1138593,"len_km":4,"area_km2":1},"id":1903625022},{"arcs":[[62,-28,-48,63,64]],"type":"Polygon","properties":{"adm1_psgc":1900000000,"adm2_psgc":1903600000,"adm3_psgc":1903625000,"adm4_psgc":1903625023,"adm4_en":"Pagalamatan","geo_level":"Bgy","len_crs":4653,"area_crs":957062,"len_km":4,"area_km2":0},"id":1903625023},{"arcs":[[-2,65,-19,-7]],"type":"Polygon","properties":{"adm1_psgc":1900000000,"adm2_psgc":1903600000,"adm3_psgc":1903625000,"adm4_psgc":1903625025,"adm4_en":"Pamacotan","geo_level":"Bgy","len_crs":4479,"area_crs":1116076,"len_km":4,"area_km2":1},"id":1903625025},{"arcs":[[-56,-18,66,-51,67,-32]],"type":"Polygon","properties":{"adm1_psgc":1900000000,"adm2_psgc":1903600000,"adm3_psgc":1903625000,"adm4_psgc":1903625026,"adm4_en":"Panggao","geo_level":"Bgy","len_crs":5338,"area_crs":1121271,"len_km":5,"area_km2":1},"id":1903625026},{"arcs":[[68,-49,-26,-9,-36,-55,-61]],"type":"Polygon","properties":{"adm1_psgc":1900000000,"adm2_psgc":1903600000,"adm3_psgc":1903625000,