{"type":"Topology","arcs":[[[571,122],[40,243]],[[611,365],[34,15],[-13,60],[13,63],[-3,47],[-24,48],[26,10]],[[644,608],[26,-69],[19,69],[18,-29],[39,-16],[20,24],[24,-19],[18,29],[56,16],[22,24],[-13,40],[43,33]],[[916,710],[10,8]],[[926,718],[91,-141],[22,-73],[6,-53],[-4,-76],[9,-33],[-16,-82],[-27,-70],[-37,-17],[-88,9],[-62,-22],[-86,-52],[-82,-24],[-81,38]],[[511,1273],[12,-103]],[[523,1170],[-32,-19],[-12,-43],[-31,7],[-21,-36],[-61,-21]],[[366,1058],[-9,99],[38,33],[11,37],[39,11],[27,31],[39,4]],[[1060,962],[-26,-61],[10,-56],[-29,-46],[-16,-96],[-55,26],[-18,-11]],[[916,710],[-6,110],[4,61]],[[914,881],[7,64]],[[921,945],[42,19],[97,-2]],[[573,768],[-5,-87],[-31,-127],[57,-18],[-14,-52],[8,-55],[23,-64]],[[571,122],[-407,-122],[-164,438],[176,349]],[[176,787],[8,-23],[32,9],[60,-4],[38,-20],[14,-31],[123,58],[41,-8],[81,0]],[[912,1203],[-27,8],[-36,-23],[-6,-29],[-46,-40],[-53,-84]],[[744,1035],[-48,23]],[[696,1058],[-12,5],[-10,78],[-28,28]],[[646,1169],[28,34],[107,33],[37,43],[45,-16],[47,79]],[[910,1342],[40,-10],[-21,-51],[-17,-78]],[[696,1058],[-4,-47]],[[692,1011],[-6,-58],[-23,-3],[-25,-105],[-28,-10],[-37,-67]],[[176,787],[39,77],[42,32],[34,98],[59,35],[16,29]],[[523,1170],[8,-40],[55,39],[60,0]],[[965,1538],[-7,-95],[-12,-38],[-28,-17],[-8,-46]],[[511,1273],[75,46],[16,43],[128,69],[31,27],[23,66],[26,-7],[55,28],[50,-21],[50,14]],[[829,1001],[18,-26]],[[847,975],[-21,-17],[-29,-72]],[[797,886],[-36,-95],[-9,-45],[-24,-22],[-84,-116]],[[692,1011],[61,-14],[37,9],[39,-5]],[[912,1203],[-11,-115],[-12,-73],[-42,-40]],[[829,1001],[-38,51],[-30,-28],[-17,11]],[[858,943],[3,-47]],[[861,896],[-64,-10]],[[847,975],[11,-32]],[[861,896],[53,-15]],[[921,945],[-63,-2]],[[965,1538],[69,4],[219,-76],[82,99],[30,11],[30,65],[31,10],[15,-40],[23,-19],[26,7],[168,-103],[160,-129],[236,-279],[185,-152],[-137,0],[-690,27],[-99,3],[-253,-4]]],"transform":{"scale":[0.00009378894149172066,0.00005787153664447619],"translate":[120.1207605400001,14.877854949000039]},"objects":{"bgysubmuns-municity-307104000":{"type":"GeometryCollection","geometries":[{"arcs":[[0,1,2,3,4]],"type":"Polygon","properties":{"adm1_psgc":300000000,"adm2_psgc":307100000,"adm3_psgc":307104000,"adm4_psgc":307104001,"adm4_en":"Balaybay","geo_level":"Bgy","len_crs":16921,"area_crs":12839581,"len_km":16,"area_km2":12},"id":307104001},{"arcs":[[5,6,7]],"type":"Polygon","properties":{"adm1_psgc":300000000,"adm2_psgc":307100000,"adm3_psgc":307104000,"adm4_psgc":307104002,"adm4_en":"Buenavista","geo_level":"Bgy","len_crs":5391,"area_crs":1359295,"len_km":5,"area_km2":1},"id":307104002},{"arcs":[[8,-4,9,10,11]],"type":"Polygon","properties":{"adm1_psgc":300000000,"adm2_psgc":307100000,"adm3_psgc":307104000,"adm4_psgc":307104003,"adm4_en":"Del Pilar","geo_level":"Bgy","len_crs":6187,"area_crs":1830904,"len_km":6,"area_km2":1},"id":307104003},{"arcs":[[12,-1,13,14]],"type":"Polygon","properties":{"adm1_psgc":300000000,"adm2_psgc":307100000,"adm3_psgc":307104000,"adm4_psgc":307104004,"adm4_en":"Looc","geo_level":"Bgy","len_crs":20325,"area_crs":22805769,"len_km":20,"area_km2":22},"id":307104004},{"arcs":[[15,16,17,18,19]],"type":"Polygon","properties":{"adm1_psgc":300000000,"adm2_psgc":307100000,"adm3_psgc":307104000,"adm4_psgc":307104005,"adm4_en":"Magsaysay","geo_level":"Bgy","len_crs":8558,"area_crs":2239174,"len_km":8,"area_km2":2},"id":307104005},{"arcs":[[-18,20,21,-15,22,-7,23]],"type":"Polygon","properties":{"adm1_psgc":300000000,"adm2_psgc":307100000,"adm3_psgc":307104000,"adm4_psgc":307104006,"adm4_en":"Nagbayan","geo_level":"Bgy","len_crs":14304,"area_crs":9032158,"len_km":14,"area_km2":9},"id":307104006},{"arcs":[[24,-19,-24,-6,25]],"type":"Polygon","properties":{"adm1_psgc":300000000,"adm2_psgc":307100000,"adm3_psgc":307104000,"adm4_psgc":307104007,"adm4_en":"Nagbunga","geo_level":"Bgy","len_crs":12756,"area_crs":5937673,"len_km":12,"area_km2":5},"id":307104007},{"arcs":[[26,27,28,-2,-13,-22,29]],"type":"Polygon","properties":{"adm1_psgc":300000000,"adm2_psgc":307100000,"adm3_psgc":307104000,"adm4_psgc":307104008,"adm4_en":"San Agustin","geo_level":"Bgy","len_crs":13603,"area_crs":4787580,"len_km":13,"area_km2":4},"id":307104008},{"arcs":[[30,-27,31,-16]],"type":"Polygon","properties":{"adm1_psgc":300000000,"adm2_psgc":307100000,"adm3_psgc":307104000,"adm4_psgc":307104010,"adm4_en":"San Jose","geo_level":"Bgy","len_crs":6399,"area_crs":1383832,"len_km":6,"area_km2":1},"id":307104010},{"arcs":[[32,33,-28,34]],"type":"Polygon","properties":{"adm1_psgc":300000000,"adm2_psgc":307100000,"adm3_psgc":307104000,"adm4_psgc":307104011,"adm4_en":"San Juan","geo_level":"Bgy","len_crs":2118,"area_crs":211104,"len_km":2,"area_km2":0},"id":307104011},{"arcs":[[35,-10,-3,-29,-34]],"type":"Polygon","properties":{"adm1_psgc":300000000,"adm2_psgc":307100000,"adm3_psgc":307104000,"adm4_psgc":307104012,"adm4_en":"San Nicolas","geo_level":"Bgy","len_crs":9455,"area_crs":3388879,"len_km":9,"area_km2":3},"id":307104012},{"arcs":[[-12,36,-35,-31,-20,-25,37]],"type":"Polygon","properties":{"adm1_psgc":300000000,"adm2_psgc":307100000,"adm3_psgc":307104000,"adm4_psgc":307104013,"adm4_en":"San Pablo","geo_level":"Bgy","len_crs":35228,"area_crs":37918677,"len_km":35,"area_km2":37},"id":307104013},{"arcs":[[-36,-33,-37,-11]],"type":"Polygon","properties":{"adm1_psgc":300000000,"adm2_psgc":307100000,"adm3_psgc":307104000,"adm4_psgc":307104014,"adm4_en":"San Roque","geo_level":"Bgy","len_crs":1913,"area_crs":193478,"len_km":1,"area_km2":0},"id":307104014},{"arcs":[[-32,-30,-21,-17]],"type":"Polygon","properties":{"adm1_psgc":300000000,"adm2_psgc":307100000,"adm3_psgc":307104000,"adm4_psgc":307104015,"adm4_en":"Santa Maria","geo_level":"Bgy","len_crs":3414,"area_crs":302886,"len_km":3,"area_km2":0},"id":307104015}]}}}