{"type":"Topology","arcs":[[[651,294],[71,162],[-102,88]],[[620,544],[39,52],[-34,29]],[[625,625],[233,66]],[[858,691],[34,-37],[14,-65],[-33,-23],[-27,-55],[-11,-45],[-19,-9],[17,-68],[-2,-45],[-180,-50]],[[651,294],[-17,-16]],[[634,278],[-53,61],[-81,24]],[[500,363],[-21,65]],[[479,428],[45,-13],[96,129]],[[634,278],[-15,-41],[-65,-40],[-43,-59],[-12,-32],[-40,-39],[-37,-9]],[[422,58],[7,68],[38,86],[29,93],[4,58]],[[346,340],[33,-158]],[[379,182],[-128,-10],[-143,25]],[[108,197],[15,32],[24,124]],[[147,353],[95,6],[104,-19]],[[379,182],[-10,-62],[-23,-68]],[[346,52],[-8,-14],[-121,-38],[-64,4],[-62,54],[-79,32],[60,33],[36,74]],[[422,58],[-56,7],[-20,-13]],[[346,340],[29,-4],[-5,67],[15,54]],[[385,457],[94,-29]],[[648,976],[-100,-225]],[[548,751],[-195,15],[-78,17]],[[275,783],[14,42],[145,233]],[[434,1058],[50,24],[27,-44],[68,5],[23,-50],[46,-17]],[[275,783],[-257,-16]],[[18,767],[-18,37],[5,88],[74,2],[53,39],[15,38],[7,84],[45,-28],[69,-9],[16,37],[31,-21],[64,26],[17,20],[38,-22]],[[625,625],[-30,26],[-87,-8]],[[508,643],[40,108]],[[648,976],[27,-30],[51,4],[39,19],[93,-278]],[[270,501],[-100,-1]],[[170,500],[-37,80],[-6,40],[-28,5],[-27,52],[-49,53],[-5,37]],[[275,783],[8,-33],[-9,-47],[20,-75],[-24,-127]],[[384,502],[1,-45]],[[147,353],[8,41],[-3,77],[18,29]],[[270,501],[114,1]],[[508,643],[5,-49],[-129,-92]]],"transform":{"scale":[0.00011684910816774378,0.0001193819935305409],"translate":[125.01754766500004,7.195423654000024]},"objects":{"bgysubmuns-municity-1204715000":{"type":"GeometryCollection","geometries":[{"arcs":[[0,1,2,3]],"type":"Polygon","properties":{"adm1_psgc":1200000000,"adm2_psgc":1204700000,"adm3_psgc":1204715000,"adm4_psgc":1204715001,"adm4_en":"Camutan","geo_level":"Bgy","len_crs":17754,"area_crs":10877111,"len_km":17,"area_km2":10},"id":1204715001},{"arcs":[[4,5,6,7,-1]],"type":"Polygon","properties":{"adm1_psgc":1200000000,"adm2_psgc":1204700000,"adm3_psgc":1204715000,"adm4_psgc":1204715002,"adm4_en":"Canaan","geo_level":"Bgy","len_crs":10147,"area_crs":5330718,"len_km":10,"area_km2":5},"id":1204715002},{"arcs":[[8,9,-6]],"type":"Polygon","properties":{"adm1_psgc":1200000000,"adm2_psgc":1204700000,"adm3_psgc":1204715000,"adm4_psgc":1204715003,"adm4_en":"Dolores","geo_level":"Bgy","len_crs":10555,"area_crs":4898577,"len_km":10,"area_km2":4},"id":1204715003},{"arcs":[[10,11,12,13]],"type":"Polygon","properties":{"adm1_psgc":1200000000,"adm2_psgc":1204700000,"adm3_psgc":1204715000,"adm4_psgc":1204715004,"adm4_en":"Kiyaab","geo_level":"Bgy","len_crs":10378,"area_crs":6812071,"len_km":10,"area_km2":6},"id":1204715004},{"arcs":[[14,15,-12]],"type":"Polygon","properties":{"adm1_psgc":1200000000,"adm2_psgc":1204700000,"adm3_psgc":1204715000,"adm4_psgc":1204715005,"adm4_en":"Luhong","geo_level":"Bgy","len_crs":12126,"area_crs":8026566,"len_km":12,"area_km2":8},"id":1204715005},{"arcs":[[-7,-10,16,-15,-11,17,18]],"type":"Polygon","properties":{"adm1_psgc":1200000000,"adm2_psgc":1204700000,"adm3_psgc":1204715000,"adm4_psgc":1204715006,"adm4_en":"Magsaysay","geo_level":"Bgy","len_crs":13521,"area_crs":6451891,"len_km":13,"area_km2":6},"id":1204715006},{"arcs":[[19,20,21,22]],"type":"Polygon","properties":{"adm1_psgc":1200000000,"adm2_psgc":1204700000,"adm3_psgc":1204715000,"adm4_psgc":1204715007,"adm4_en":"Malangag","geo_level":"Bgy","len_crs":17429,"area_crs":12574626,"len_km":17,"area_km2":12},"id":1204715007},{"arcs":[[-22,23,24]],"type":"Polygon","properties":{"adm1_psgc":1200000000,"adm2_psgc":1204700000,"adm3_psgc":1204715000,"adm4_psgc":1204715008,"adm4_en":"Malatad","geo_level":"Bgy","len_crs":21630,"area_crs":12265282,"len_km":21,"area_km2":12},"id":1204715008},{"arcs":[[-3,25,26,-20,27]],"type":"Polygon","properties":{"adm1_psgc":1200000000,"adm2_psgc":1204700000,"adm3_psgc":1204715000,"adm4_psgc":1204715009,"adm4_en":"Malire","geo_level":"Bgy","len_crs":17416,"area_crs":12805351,"len_km":17,"area_km2":12},"id":1204715009},{"arcs":[[28,29,-24,30]],"type":"Polygon","properties":{"adm1_psgc":1200000000,"adm2_psgc":1204700000,"adm3_psgc":1204715000,"adm4_psgc":1204715010,"adm4_en":"New Pontevedra","geo_level":"Bgy","len_crs":12733,"area_crs":8858517,"len_km":12,"area_km2":8},"id":1204715010},{"arcs":[[31,-18,-14,32,-29,33]],"type":"Polygon","properties":{"adm1_psgc":1200000000,"adm2_psgc":1204700000,"adm3_psgc":1204715000,"adm4_psgc":1204715011,"adm4_en":"Poblacion","geo_level":"Bgy","len_crs":10165,"area_crs":5722020,"len_km":10,"area_km2":5},"id":1204715011},{"arcs":[[-27,34,-34,-31,-21]],"type":"Polygon","properties":{"adm1_psgc":1200000000,"adm2_psgc":1204700000,"adm3_psgc":1204715000,"adm4_psgc":1204715012,"adm4_en":"B. Cadungon","geo_level":"Bgy","len_crs":13226,"area_crs":9501035,"len_km":13,"area_km2":9},"id":1204715012},{"arcs":[[-2,-8,-19,-32,-35,-26]],"type":"Polygon","properties":{"adm1_psgc":1200000000,"adm2_psgc":1204700000,"adm3_psgc":1204715000,"adm4_psgc":1204715013,"adm4_en":"Datu Agod","geo_level":"Bgy","len_crs":10534,"area_crs":5962334,"len_km":10,"area_km2":5},"id":1204715013}]}}}