{"type":"Topology","arcs":[[[516,55],[-36,91],[7,24]],[[487,170],[76,2]],[[563,172],[14,-38],[-61,-79]],[[603,181],[-34,-8]],[[569,173],[-22,59]],[[547,232],[34,13]],[[581,245],[22,-64]],[[569,173],[-6,-1]],[[487,170],[1,39],[-31,13]],[[457,222],[-29,28]],[[428,250],[97,29]],[[525,279],[22,-47]],[[741,114],[-48,-101]],[[693,13],[-90,168]],[[581,245],[85,17]],[[666,262],[75,-148]],[[360,482],[-42,-88]],[[318,394],[-47,17],[-108,78],[1,19]],[[164,508],[138,70]],[[302,578],[6,-53],[52,-43]],[[515,643],[-8,-14],[37,-103],[41,-41],[-7,-96]],[[578,389],[-78,-23]],[[500,366],[-11,19]],[[489,385],[-4,60],[-48,67],[2,55],[-46,115]],[[393,682],[111,-17],[11,-22]],[[666,262],[-51,66]],[[615,328],[115,28]],[[730,356],[33,-33],[2,-70],[16,-40],[-40,-99]],[[368,679],[-81,-18]],[[287,661],[-101,18],[-77,26]],[[109,705],[85,93],[-1,47],[41,46],[68,-10],[12,-52],[41,-75],[13,-75]],[[615,328],[-37,61]],[[515,643],[122,-69],[59,-45],[31,-48],[-36,-20],[39,-105]],[[318,394],[-107,-54],[-105,9],[-71,-13]],[[35,336],[-35,86],[28,80],[27,26]],[[55,528],[109,-20]],[[457,222],[-338,-37],[-83,35],[31,40],[-47,26],[15,50]],[[318,394],[110,-144]],[[287,661],[15,-83]],[[55,528],[-17,79],[26,58],[45,40]],[[489,385],[-23,-1],[-54,65],[-52,33]],[[368,679],[25,3]],[[500,366],[25,-87]],[[693,13],[-64,-13],[-90,32],[-23,23]]],"transform":{"scale":[0.000056911286811839474,0.00007281474971942918],"translate":[121.08072232100005,13.94514310200003]},"objects":{"bgysubmuns-municity-401018000":{"type":"GeometryCollection","geometries":[{"arcs":[[0,1,2]],"type":"Polygon","properties":{"adm1_psgc":400000000,"adm2_psgc":401000000,"adm3_psgc":401018000,"adm4_psgc":401018001,"adm4_en":"District I","geo_level":"Bgy","len_crs":2515,"area_crs":324273,"len_km":2,"area_km2":0},"id":401018001},{"arcs":[[3,4,5,6]],"type":"Polygon","properties":{"adm1_psgc":400000000,"adm2_psgc":401000000,"adm3_psgc":401018000,"adm4_psgc":401018002,"adm4_en":"District II","geo_level":"Bgy","len_crs":1475,"area_crs":111176,"len_km":1,"area_km2":0},"id":401018002},{"arcs":[[-5,7,-2,8,9,10,11]],"type":"Polygon","properties":{"adm1_psgc":400000000,"adm2_psgc":401000000,"adm3_psgc":401018000,"adm4_psgc":401018003,"adm4_en":"District III","geo_level":"Bgy","len_crs":2895,"area_crs":409139,"len_km":2,"area_km2":0},"id":401018003},{"arcs":[[12,13,-7,14,15]],"type":"Polygon","properties":{"adm1_psgc":400000000,"adm2_psgc":401000000,"adm3_psgc":401018000,"adm4_psgc":401018004,"adm4_en":"District IV","geo_level":"Bgy","len_crs":4694,"area_crs":944081,"len_km":4,"area_km2":0},"id":401018004},{"arcs":[[16,17,18,19]],"type":"Polygon","properties":{"adm1_psgc":400000000,"adm2_psgc":401000000,"adm3_psgc":401018000,"adm4_psgc":401018006,"adm4_en":"Bayorbor","geo_level":"Bgy","len_crs":4146,"area_crs":948346,"len_km":4,"area_km2":0},"id":401018006},{"arcs":[[20,21,22,23,24]],"type":"Polygon","properties":{"adm1_psgc":400000000,"adm2_psgc":401000000,"adm3_psgc":401018000,"adm4_psgc":401018008,"adm4_en":"Bubuyan","geo_level":"Bgy","len_crs":6363,"area_crs":1521792,"len_km":6,"area_km2":1},"id":401018008},{"arcs":[[-16,25,26,27]],"type":"Polygon","properties":{"adm1_psgc":400000000,"adm2_psgc":401000000,"adm3_psgc":401018000,"adm4_psgc":401018009,"adm4_en":"Calingatan","geo_level":"Bgy","len_crs":4767,"area_crs":952683,"len_km":4,"area_km2":0},"id":401018009},{"arcs":[[28,29,30]],"type":"Polygon","properties":{"adm1_psgc":400000000,"adm2_psgc":401000000,"adm3_psgc":401018000,"adm4_psgc":401018010,"adm4_en":"Kinalaglagan","geo_level":"Bgy","len_crs":5985,"area_crs":1814946,"len_km":5,"area_km2":1},"id":401018010},{"arcs":[[-27,31,-21,32]],"type":"Polygon","properties":{"adm1_psgc":400000000,"adm2_psgc":401000000,"adm3_psgc":401018000,"adm4_psgc":401018011,"adm4_en":"Loob","geo_level":"Bgy","len_crs":6604,"area_crs":1735283,"len_km":6,"area_km2":1},"id":401018011},{"arcs":[[-18,33,34,35]],"type":"Polygon","properties":{"adm1_psgc":400000000,"adm2_psgc":401000000,"adm3_psgc":401018000,"adm4_psgc":401018012,"adm4_en":"Lumang Lipa","geo_level":"Bgy","len_crs":5742,"area_crs":1867426,"len_km":5,"area_km2":1},"id":401018012},{"arcs":[[-10,36,-34,37]],"type":"Polygon","properties":{"adm1_psgc":400000000,"adm2_psgc":401000000,"adm3_psgc":401018000,"adm4_psgc":401018013,"adm4_en":"Manggahan","geo_level":"Bgy","len_crs":7551,"area_crs":2692283,"len_km":7,"area_km2":2},"id":401018013},{"arcs":[[38,-19,-36,39,-30]],"type":"Polygon","properties":{"adm1_psgc":400000000,"adm2_psgc":401000000,"adm3_psgc":401018000,"adm4_psgc":401018014,"adm4_en":"Nangkaan","geo_level":"Bgy","len_crs":5137,"area_crs":1817212,"len_km":5,"area_km2":1},"id":401018014},{"arcs":[[40,-20,-39,-29,41,-24]],"type":"Polygon","properties":{"adm1_psgc":400000000,"adm2_psgc":401000000,"adm3_psgc":401018000,"adm4_psgc":401018015,"adm4_en":"San Sebastian","geo_level":"Bgy","len_crs":6023,"area_crs":1434487,"len_km":6,"area_km2":1},"id":401018015},{"arcs":[[-23,42,-11,-38,-17,-41]],"type":"Polygon","properties":{"adm1_psgc":400000000,"adm2_psgc":401000000,"adm3_psgc":401018000,"adm4_psgc":401018016,"adm4_en":"Santol","geo_level":"Bgy","len_crs":4906,"area_crs":1241125,"len_km":4,"area_km2":1},"id":401018016},{"arcs":[[-26,-15,-6,-12,-43,-22,-32]],"type":"Polygon","properties":{"adm1_psgc":400000000,"adm2_psgc":401000000,"adm3_psgc":401018000,"adm4_psgc":401018017,"adm4_en":"Upa","geo_level":"Bgy","len_crs":3635,"area_crs":702034,"len_km":3,"area_km2":0},"id":401018017},{"arcs":[[43,-3,-8,-4,-14]],"type":"Polygon","properties":{"adm1_psgc":400000000,"adm2_psgc":401000000,"adm3_psgc":401018000,"adm4_psgc":401018018,"adm4_en":"Barangay II-A","geo_level":"Bgy","len_crs":4038,"area_crs":819689,"len_km":4,"area_km2":0},"id":401018018}]}}}