{"type":"Topology","arcs":[[[767,106],[-7,-30],[-69,-31],[-81,-19],[-11,24],[-85,-34]],[[514,16],[-45,45],[-44,15],[-33,57],[37,22]],[[429,155],[66,21],[203,24]],[[698,200],[69,-94]],[[725,618],[22,-47]],[[747,571],[-33,-23]],[[714,548],[-43,78]],[[671,626],[-119,152]],[[552,778],[71,70]],[[623,848],[30,-57],[72,-71],[-19,-62],[19,-40]],[[899,402],[-141,-33]],[[758,369],[-4,62]],[[754,431],[63,-5],[56,28]],[[873,454],[26,-52]],[[345,246],[-7,-46],[25,-41],[53,30],[13,-34]],[[514,16],[-34,-16],[-92,13],[-126,200],[-49,100],[-74,13],[-68,83],[-2,64]],[[69,473],[181,30]],[[250,503],[4,-83],[120,-16],[-24,-53],[-5,-105]],[[671,626],[-55,-23],[-90,-7]],[[526,596],[-118,46]],[[408,642],[-31,75]],[[377,717],[175,61]],[[754,431],[4,18]],[[758,449],[98,17]],[[856,466],[17,-12]],[[758,449],[9,27]],[[767,476],[43,9]],[[810,485],[40,10]],[[850,495],[6,-29]],[[810,485],[-13,36]],[[797,521],[45,18]],[[842,539],[8,-44]],[[767,476],[-15,26]],[[752,502],[45,19]],[[752,502],[-23,20]],[[729,522],[60,25]],[[789,547],[8,-26]],[[789,547],[-9,32]],[[780,579],[-9,44]],[[771,623],[28,-16],[43,-68]],[[729,522],[-15,26]],[[747,571],[33,8]],[[526,596],[-9,-82],[32,-93],[62,-98]],[[611,323],[-55,13],[-45,-11]],[[511,325],[-40,118],[-36,33],[0,76],[-27,90]],[[511,325],[3,-26],[-169,-53]],[[250,503],[12,138],[-18,12]],[[244,653],[71,23],[62,41]],[[611,323],[68,-68],[19,-55]],[[725,618],[46,5]],[[969,770],[-58,-8],[-113,-48],[19,-64],[-46,-27]],[[623,848],[70,218],[37,36],[49,-19],[54,-54],[19,-60],[93,-98],[-2,-49],[26,-52]],[[1110,211],[24,52],[-43,95],[-69,97],[7,34]],[[1029,489],[20,138],[-20,81]],[[1029,708],[73,-98],[46,-28],[10,-86],[22,-37],[-5,-88],[20,-61],[71,-73],[-156,-26]],[[1110,211],[-139,-48]],[[971,163],[-23,109],[3,40],[-42,43]],[[909,355],[-10,47]],[[850,495],[69,1],[8,-25],[102,18]],[[909,355],[-148,-47]],[[761,308],[-3,61]],[[971,163],[-113,-38]],[[858,125],[-37,110],[-60,73]],[[969,770],[60,-62]],[[69,473],[-23,66],[-46,58],[169,43],[75,13]],[[858,125],[-91,-19]]],"transform":{"scale":[0.00004297996919430077,0.00003972533393826344],"translate":[120.87027712000008,14.111657336000064]},"objects":{"bgysubmuns-municity-402114000":{"type":"GeometryCollection","geometries":[{"arcs":[[0,1,2,3]],"type":"Polygon","properties":{"adm1_psgc":400000000,"adm2_psgc":402100000,"adm3_psgc":402114000,"adm4_psgc":402114001,"adm4_en":"Anuling Lejos I","geo_level":"Bgy","len_crs":4358,"area_crs":923472,"len_km":4,"area_km2":0},"id":402114001},{"arcs":[[4,5,6,7,8,9]],"type":"Polygon","properties":{"adm1_psgc":400000000,"adm2_psgc":402100000,"adm3_psgc":402114000,"adm4_psgc":402114002,"adm4_en":"Asis I","geo_level":"Bgy","len_crs":3405,"area_crs":426035,"len_km":3,"area_km2":0},"id":402114002},{"arcs":[[10,11,12,13]],"type":"Polygon","properties":{"adm1_psgc":400000000,"adm2_psgc":402100000,"adm3_psgc":402114000,"adm4_psgc":402114003,"adm4_en":"Galicia I","geo_level":"Bgy","len_crs":1816,"area_crs":134729,"len_km":1,"area_km2":0},"id":402114003},{"arcs":[[14,-2,15,16,17]],"type":"Polygon","properties":{"adm1_psgc":400000000,"adm2_psgc":402100000,"adm3_psgc":402114000,"adm4_psgc":402114004,"adm4_en":"Palocpoc I","geo_level":"Bgy","len_crs":7790,"area_crs":1386089,"len_km":7,"area_km2":1},"id":402114004},{"arcs":[[18,19,20,21,-8]],"type":"Polygon","properties":{"adm1_psgc":400000000,"adm2_psgc":402100000,"adm3_psgc":402114000,"adm4_psgc":402114005,"adm4_en":"Panungyan I","geo_level":"Bgy","len_crs":3424,"area_crs":681400,"len_km":3,"area_km2":0},"id":402114005},{"arcs":[[-13,22,23,24]],"type":"Polygon","properties":{"adm1_psgc":400000000,"adm2_psgc":402100000,"adm3_psgc":402114000,"adm4_psgc":402114007,"adm4_en":"Poblacion I","geo_level":"Bgy","len_crs":1231,"area_crs":44285,"len_km":1,"area_km2":0},"id":402114007},{"arcs":[[-24,25,26,27,28]],"type":"Polygon","properties":{"adm1_psgc":400000000,"adm2_psgc":402100000,"adm3_psgc":402114000,"adm4_psgc":402114008,"adm4_en":"Poblacion II","geo_level":"Bgy","len_crs":1137,"area_crs":58872,"len_km":1,"area_km2":0},"id":402114008},{"arcs":[[-28,29,30,31]],"type":"Polygon","properties":{"adm1_psgc":400000000,"adm2_psgc":402100000,"adm3_psgc":402114000,"adm4_psgc":402114009,"adm4_en":"Poblacion III","geo_level":"Bgy","len_crs":803,"area_crs":42309,"len_km":0,"area_km2":0},"id":402114009},{"arcs":[[-27,32,33,-30]],"type":"Polygon","properties":{"adm1_psgc":400000000,"adm2_psgc":402100000,"adm3_psgc":402114000,"adm4_psgc":402114010,"adm4_en":"Poblacion IV","geo_level":"Bgy","len_crs":735,"area_crs":32345,"len_km":0,"area_km2":0},"id":402114010},{"arcs":[[-34,34,35,36]],"type":"Polygon","properties":{"adm1_psgc":400000000,"adm2_psgc":402100000,"adm3_psgc":402114000,"adm4_psgc":402114011,"adm4_en":"Poblacion V","geo_level":"Bgy","len_crs":790,"area_crs":35725,"len_km":0,"area_km2":0},"id":402114011},{"arcs":[[-31,-37,37,38,39]],"type":"Polygon","properties":{"adm1_psgc":400000000,"adm2_psgc":402100000,"adm3_psgc":402114000,"adm4_psgc":402114012,"adm4_en":"Poblacion VI","geo_level":"Bgy","len_crs":1275,"area_crs":69712,"len_km":1,"area_km2":0},"id":402114012},{"arcs":[[-38,-36,40,-6,41]],"type":"Polygon","properties":{"adm1_psgc":400000000,"adm2_psgc":402100000,"adm3_psgc":402114000,"adm4_psgc":402114013,"adm4_en":"Poblacion VII","geo_level":"Bgy","len_crs":929,"area_crs":47452,"len_km":0,"area_km2":0},"id":402114013},{"arcs":[[42,43,44,-20]],"type":"Polygon","properties":{"adm1_psgc":400000000,"adm2_psgc":402100000,"adm3_psgc":402114000,"adm4_psgc":402114014,"adm4_en":"Anuling Cerca I","geo_level":"Bgy","len_crs":4111,"area_crs":545360,"len_km":4,"area_km2":0},"id":402114014},{"arcs":[[-45,45,-18,46,47,-21]],"type":"Polygon","properties":{"adm1_psgc":400000000,"adm2_psgc":402100000,"adm3_psgc":402114000,"adm4_psgc":402114015,"adm4_en":"Anuling Cerca II","geo_level":"Bgy","len_crs":5985,"area_crs":1400202,"len_km":5,"area_km2":1},"id":402114015},{"arcs":[[48,-3,-15,-46,-44]],"type":"Polygon","properties":{"adm1_psgc":400000000,"adm2_psgc":402100000,"adm3_psgc":402114000,"adm4_psgc":402114016,"adm4_en":"Anuling Lejos II","geo_level":"Bgy","len_crs":4330,"area_crs":791800,"len_km":4,"area_km2":0},"id":402114016},{"arcs":[[-39,-42,-5,49]],"type":"Polygon","properties":{"adm1_psgc":400000000,"adm2_psgc":402100000,"adm3_psgc":402114000,"adm4_psgc":402114017,"adm4_en":"Asis II","geo_level":"Bgy","len_crs":878,"area_crs":37281,"len_km":0,"area_km2":0},"id":402114017},{"arcs":[[50,-50,-10,51]],"type":"Polygon","properties":{"adm1_psgc":400000000,"adm2_psgc":402100000,"adm3_psgc":402114000,"adm4_psgc":402114018,"adm4_en":"Asis III","geo_level":"Bgy","len_crs":6084,"area_crs":1847321,"len_km":6,"area_km2":1},"id":402114018},{"arcs":[[52,53,54]],"type":"Polygon","properties":{"adm1_psgc":400000000,"adm2_psgc":402100000,"adm3_psgc":402114000,"adm4_psgc":402114019,"adm4_en":"Banayad","geo_level":"Bgy","len_crs":5784,"area_crs":959115,"len_km":5,"area_km2":0},"id":402114019},{"arcs":[[-53,55,56,57,-14,-25,-29,58]],"type":"Polygon","properties":{"adm1_psgc":400000000,"adm2_psgc":402100000,"adm3_psgc":402114000,"adm4_psgc":402114020,"adm4_en":"Bukal","geo_level":"Bgy","len_crs":4801,"area_crs":1018145,"len_km":4,"area_km2":1},"id":402114020},{"arcs":[[59,60,-11,-58]],"type":"Polygon","properties":{"adm1_psgc":400000000,"adm2_psgc":402100000,"adm3_psgc":402114000,"adm4_psgc":402114021,"adm4_en":"Galicia II","geo_level":"Bgy","len_crs":1892,"area_crs":164954,"len_km":1,"area_km2":0},"id":402114021},{"arcs":[[61,62,-60,-57]],"type":"Polygon","properties":{"adm1_psgc":400000000,"adm2_psgc":402100000,"adm3_psgc":402114000,"adm4_psgc":402114022,"adm4_en":"Galicia III","geo_level":"Bgy","len_crs":3365,"area_crs":581042,"len_km":3,"area_km2":0},"id":402114022},{"arcs":[[-54,-59,-32,-40,-51,63]],"type":"Polygon","properties":{"adm1_psgc":400000000,"adm2_psgc":402100000,"adm3_psgc":402114000,"adm4_psgc":402114023,"adm4_en":"Miguel Mojica","geo_level":"Bgy","len_crs":4500,"area_crs":1179135,"len_km":4,"area_km2":1},"id":402114023},{"arcs":[[-17,64,-47]],"type":"Polygon",