{"type":"Topology","arcs":[[[236,417],[29,-7]],[[265,410],[-1,-125],[69,-93]],[[333,192],[-30,1],[-22,-46],[-102,7],[-15,44],[-64,59]],[[100,257],[33,45],[21,77]],[[154,379],[14,17]],[[168,396],[12,16],[56,5]],[[154,379],[-94,23],[-16,-29],[0,-59]],[[44,314],[-44,24],[11,115],[89,21]],[[100,474],[14,-36],[54,-42]],[[1159,165],[-7,-37],[22,-29]],[[1174,99],[-46,-95],[-90,-4],[-154,20]],[[884,20],[0,31],[-52,15],[10,48],[49,61],[48,22]],[[939,197],[34,11]],[[973,208],[116,-3],[64,6],[6,-46]],[[740,385],[0,-20],[66,-63],[133,-105]],[[884,20],[-149,15],[-38,14]],[[697,49],[-16,145],[0,191]],[[681,385],[59,0]],[[100,257],[-56,57]],[[201,486],[41,-9],[-6,-60]],[[100,474],[101,12]],[[530,420],[-48,-6],[-59,-26]],[[423,388],[-38,-22],[-82,19],[-38,25]],[[201,486],[109,15],[22,23],[129,25]],[[461,549],[69,-129]],[[1121,314],[-46,-23]],[[1075,291],[-124,96],[-77,52],[-101,80]],[[773,519],[132,55]],[[905,574],[83,-98],[133,-162]],[[423,388],[12,-36],[1,-89],[39,5],[14,-96],[17,-28],[-9,-37]],[[497,107],[-66,18],[-98,67]],[[675,469],[-28,-27]],[[647,442],[-52,-21]],[[595,421],[-25,-1]],[[570,420],[-40,0]],[[461,549],[29,11],[-16,43],[105,36],[17,-75],[79,-95]],[[1197,346],[-25,-14]],[[1172,332],[-99,86],[-51,74],[-40,89]],[[982,581],[42,2]],[[1024,583],[28,-75],[51,-81],[94,-81]],[[1317,373],[-120,-27]],[[1024,583],[54,2],[55,-63],[66,-101],[42,-33],[76,-15]],[[1172,332],[-51,-18]],[[905,574],[77,7]],[[697,49],[-37,12]],[[660,61],[-1,248],[-12,133]],[[675,469],[6,-84]],[[660,61],[-27,9]],[[633,70],[-4,199],[-19,40],[-1,50],[-14,62]],[[633,70],[-40,12]],[[593,82],[-29,241],[6,97]],[[675,469],[66,38]],[[741,507],[-1,-122]],[[1398,245],[-239,-80]],[[973,208],[64,43],[38,40]],[[1317,373],[78,-26],[8,-32],[-5,-70]],[[741,507],[32,12]],[[593,82],[-96,25]],[[1398,245],[-72,-62],[21,-42],[-58,-47],[-58,10],[-57,-5]]],"transform":{"scale":[0.00007902103991444747,0.00011178169170582328],"translate":[120.46986809900011,15.80248981200003]},"objects":{"bgysubmuns-municity-105504000":{"type":"GeometryCollection","geometries":[{"arcs":[[0,1,2,3,4,5]],"type":"Polygon","properties":{"adm1_psgc":100000000,"adm2_psgc":105500000,"adm3_psgc":105504000,"adm4_psgc":105504001,"adm4_en":"Anulid","geo_level":"Bgy","len_crs":8976,"area_crs":3851980,"len_km":8,"area_km2":3},"id":105504001},{"arcs":[[-5,6,7,8]],"type":"Polygon","properties":{"adm1_psgc":100000000,"adm2_psgc":105500000,"adm3_psgc":105504000,"adm4_psgc":105504003,"adm4_en":"Atainan","geo_level":"Bgy","len_crs":6268,"area_crs":1290160,"len_km":6,"area_km2":1},"id":105504003},{"arcs":[[9,10,11,12,13]],"type":"Polygon","properties":{"adm1_psgc":100000000,"adm2_psgc":105500000,"adm3_psgc":105504000,"adm4_psgc":105504004,"adm4_en":"Bersamin","geo_level":"Bgy","len_crs":9661,"area_crs":5916405,"len_km":9,"area_km2":5},"id":105504004},{"arcs":[[14,-12,15,16,17]],"type":"Polygon","properties":{"adm1_psgc":100000000,"adm2_psgc":105500000,"adm3_psgc":105504000,"adm4_psgc":105504005,"adm4_en":"Canarvacanan","geo_level":"Bgy","len_crs":12217,"area_crs":5898044,"len_km":12,"area_km2":5},"id":105504005},{"arcs":[[-4,18,-7]],"type":"Polygon","properties":{"adm1_psgc":100000000,"adm2_psgc":105500000,"adm3_psgc":105504000,"adm4_psgc":105504006,"adm4_en":"Caranglaan","geo_level":"Bgy","len_crs":4505,"area_crs":1119486,"len_km":4,"area_km2":1},"id":105504006},{"arcs":[[19,-6,-9,20]],"type":"Polygon","properties":{"adm1_psgc":100000000,"adm2_psgc":105500000,"adm3_psgc":105504000,"adm4_psgc":105504007,"adm4_en":"Curareng","geo_level":"Bgy","len_crs":3873,"area_crs":913808,"len_km":3,"area_km2":0},"id":105504007},{"arcs":[[21,22,-1,-20,23,24]],"type":"Polygon","properties":{"adm1_psgc":100000000,"adm2_psgc":105500000,"adm3_psgc":105504000,"adm4_psgc":105504008,"adm4_en":"Gualsic","geo_level":"Bgy","len_crs":8127,"area_crs":3657370,"len_km":8,"area_km2":3},"id":105504008},{"arcs":[[25,26,27,28]],"type":"Polygon","properties":{"adm1_psgc":100000000,"adm2_psgc":105500000,"adm3_psgc":105504000,"adm4_psgc":105504009,"adm4_en":"Kisikis","geo_level":"Bgy","len_crs":9331,"area_crs":3399438,"len_km":9,"area_km2":3},"id":105504009},{"arcs":[[29,30,-2,-23]],"type":"Polygon","properties":{"adm1_psgc":100000000,"adm2_psgc":105500000,"adm3_psgc":105504000,"adm4_psgc":105504010,"adm4_en":"Laoac","geo_level":"Bgy","len_crs":10233,"area_crs":4238484,"len_km":10,"area_km2":4},"id":105504010},{"arcs":[[31,32,33,34,-25,35]],"type":"Polygon","properties":{"adm1_psgc":100000000,"adm2_psgc":105500000,"adm3_psgc":105504000,"adm4_psgc":105504011,"adm4_en":"Macayo","geo_level":"Bgy","len_crs":7412,"area_crs":2837371,"len_km":7,"area_km2":2},"id":105504011},{"arcs":[[36,37,38,39]],"type":"Polygon","properties":{"adm1_psgc":100000000,"adm2_psgc":105500000,"adm3_psgc":105504000,"adm4_psgc":105504012,"adm4_en":"Pindangan Centro","geo_level":"Bgy","len_crs":7517,"area_crs":987686,"len_km":7,"area_km2":0},"id":105504012},{"arcs":[[40,-40,41]],"type":"Polygon","properties":{"adm1_psgc":100000000,"adm2_psgc":105500000,"adm3_psgc":105504000,"adm4_psgc":105504013,"adm4_en":"Pindangan East","geo_level":"Bgy","len_crs":8383,"area_crs":2138646,"len_km":8,"area_km2":2},"id":105504013},{"arcs":[[42,-29,43,-38]],"type":"Polygon","properties":{"adm1_psgc":100000000,"adm2_psgc":105500000,"adm3_psgc":105504000,"adm4_psgc":105504014,"adm4_en":"Pindangan West","geo_level":"Bgy","len_crs":8449,"area_crs":1461853,"len_km":8,"area_km2":1},"id":105504014},{"arcs":[[-17,44,45,-32,46]],"type":"Polygon","properties":{"adm1_psgc":100000000,"adm2_psgc":105500000,"adm3_psgc":105504000,"adm4_psgc":105504015,"adm4_en":"Poblacion East","geo_level":"Bgy","len_crs":10856,"area_crs":1151100,"len_km":10,"area_km2":1},"id":105504015},{"arcs":[[47,48,-33,-46]],"type":"Polygon","properties":{"adm1_psgc":100000000,"adm2_psgc":105500000,"adm3_psgc":105504000,"adm4_psgc":105504016,"adm4_en":"Poblacion West","geo_level":"Bgy","len_crs":10074,"area_crs":1342419,"len_km":10,"area_km2":1},"id":105504016},{"arcs":[[49,50,-34,-49]],"type":"Polygon","properties":{"adm1_psgc":100000000,"adm2_psgc":105500000,"adm3_psgc":105504000,"adm4_psgc":105504017,"adm4_en":"San Juan","geo_level":"Bgy","len_crs":9297,"area_crs":1658827,"len_km":9,"area_km2":1},"id":105504017},{"arcs":[[-18,-47,51,52]],"type":"Polygon","properties":{"adm1_psgc":100000000,"adm2_psgc":105500000,"adm3_psgc":105504000,"adm4_psgc":105504018,"adm4_en":"San Nicolas","geo_level":"Bgy","len_crs":3774,"area_crs":684802,"len_km":3,"area_km2":0},"id":105504018},{"arcs":[[53,-14,54,-26,-43,-37,-41,55]],"type":"Polygon","properties":{"adm1_psgc":100000000,"adm2_psgc":105500000,"adm3_psgc":105504000,"adm4_psgc":105504019,"adm4_en":"San Pedro Apartado","geo_level":"Bgy","len_crs":10039,"area_crs":5102692,"len_km":10,"area_km2":5},"id":105504019},{"arcs":[[-55,-13,-15,-53,56,-27]],"type":"Polygon","properties":{"adm1_psgc":100000000,"adm2_psgc":105500000,"adm3_psgc":105504000,"adm4_psgc":105504020,"adm4_en":"San Pedro Ili","geo_level":"Bgy","len_crs":10223,"area_crs":5412402,"len_km":10,"area_km2":5},"id":105504020},{"arcs":[[-51,57,-30,-22,-35]],"type":"Polygon","properties":{"adm1_psgc":100000000,"adm2_psgc":105500000,"adm3_psgc":105504000,"adm4_psgc":105504021,"adm4_en":"San Vicente","geo_level":"Bgy","len_crs":10552,"area_crs":3654253,"len_km":10,"area_km2":3},"id":105504021},{"arcs":[[-10,-54,58]],"type":"Polygon","properties":{"adm1_psgc":100000000,"adm2_psgc":105500000,"adm3_psgc":105504000,"adm4_psgc":105504022,"adm4_en":"Vacante","geo_level":"Bgy","len_crs":6630,"area_crs":1875127,"len_km":6,"area_km2":1},"id":105504022}]}}}