{"type":"Topology","arcs":[[[758,450],[-36,-28],[-51,1]],[[671,423],[-3,55],[12,62]],[[680,540],[25,-44],[53,-46]],[[563,386],[-34,-16],[-60,7]],[[469,377],[7,83]],[[476,460],[75,156]],[[551,616],[12,-230]],[[390,470],[15,-31],[28,-12],[43,33]],[[469,377],[-180,20]],[[289,397],[-19,71]],[[270,468],[120,2]],[[468,362],[3,-33]],[[471,329],[-6,-61]],[[465,268],[-133,-7]],[[332,261],[-29,91]],[[303,352],[91,-5],[74,15]],[[686,52],[-8,44]],[[678,96],[119,43],[120,70]],[[917,209],[19,-84],[-58,-3],[-119,-55],[-73,-15]],[[879,321],[-104,-80],[-71,-44]],[[704,197],[-37,71]],[[667,268],[64,43],[10,17],[92,73]],[[833,401],[46,-80]],[[627,650],[17,-161],[-1,-59]],[[643,430],[5,-80],[19,-82]],[[704,197],[-108,-15]],[[596,182],[-15,103],[-14,59]],[[567,344],[-4,42]],[[551,616],[37,40],[39,-6]],[[906,248],[-182,-94]],[[724,154],[-20,43]],[[879,321],[27,-73]],[[332,261],[-3,-87]],[[329,174],[-176,15],[-16,24]],[[137,213],[-93,170]],[[44,383],[245,14]],[[289,397],[14,-45]],[[329,174],[-6,-115],[7,-11]],[[330,48],[0,-48]],[[330,0],[-118,7],[-39,25],[-31,87],[8,19],[-46,46],[33,29]],[[387,587],[-35,15],[-74,6]],[[278,608],[-5,47],[14,58],[82,-8],[37,-13],[-19,-105]],[[671,423],[-12,2]],[[659,425],[-6,66],[4,110]],[[657,601],[23,-61]],[[643,430],[16,-5]],[[758,450],[75,-49]],[[567,344],[-96,-15]],[[468,362],[1,15]],[[498,149],[-57,-25],[-111,-76]],[[465,268],[12,-87],[21,-32]],[[596,182],[-98,-33]],[[678,96],[46,58]],[[906,248],[11,-39]],[[387,587],[3,-117]],[[270,468],[-13,81],[5,35]],[[262,584],[16,24]],[[627,650],[30,-49]],[[686,52],[-188,-36],[-168,-16]],[[44,383],[-44,17],[6,88],[66,70],[65,-21],[125,47]]],"transform":{"scale":[0.00019726493482908635,0.00015921269845716813],"translate":[121.60549635500001,17.499331217000073]},"objects":{"bgysubmuns-municity-201512000":{"type":"GeometryCollection","geometries":[{"arcs":[[0,1,2]],"type":"Polygon","properties":{"adm1_psgc":200000000,"adm2_psgc":201500000,"adm3_psgc":201512000,"adm4_psgc":201512001,"adm4_en":"Alibago","geo_level":"Bgy","len_crs":6417,"area_crs":1951355,"len_km":6,"area_km2":1},"id":201512001},{"arcs":[[3,4,5,6]],"type":"Polygon","properties":{"adm1_psgc":200000000,"adm2_psgc":201500000,"adm3_psgc":201512000,"adm4_psgc":201512002,"adm4_en":"Barangay I","geo_level":"Bgy","len_crs":10904,"area_crs":4968930,"len_km":10,"area_km2":4},"id":201512002},{"arcs":[[7,-5,8,9,10]],"type":"Polygon","properties":{"adm1_psgc":200000000,"adm2_psgc":201500000,"adm3_psgc":201512000,"adm4_psgc":201512003,"adm4_en":"Barangay II","geo_level":"Bgy","len_crs":11495,"area_crs":4860752,"len_km":11,"area_km2":4},"id":201512003},{"arcs":[[11,12,13,14,15]],"type":"Polygon","properties":{"adm1_psgc":200000000,"adm2_psgc":201500000,"adm3_psgc":201512000,"adm4_psgc":201512006,"adm4_en":"Barangay III","geo_level":"Bgy","len_crs":9701,"area_crs":4866933,"len_km":9,"area_km2":4},"id":201512006},{"arcs":[[16,17,18]],"type":"Polygon","properties":{"adm1_psgc":200000000,"adm2_psgc":201500000,"adm3_psgc":201512000,"adm4_psgc":201512007,"adm4_en":"Divisoria","geo_level":"Bgy","len_crs":13184,"area_crs":5581144,"len_km":13,"area_km2":5},"id":201512007},{"arcs":[[19,20,21,22]],"type":"Polygon","properties":{"adm1_psgc":200000000,"adm2_psgc":201500000,"adm3_psgc":201512000,"adm4_psgc":201512008,"adm4_en":"Inga","geo_level":"Bgy","len_crs":11669,"area_crs":6866998,"len_km":11,"area_km2":6},"id":201512008},{"arcs":[[23,24,-21,25,26,27,-7,28]],"type":"Polygon","properties":{"adm1_psgc":200000000,"adm2_psgc":201500000,"adm3_psgc":201512000,"adm4_psgc":201512009,"adm4_en":"Lanna","geo_level":"Bgy","len_crs":20250,"area_crs":14481596,"len_km":20,"area_km2":14},"id":201512009},{"arcs":[[29,30,-20,31]],"type":"Polygon","properties":{"adm1_psgc":200000000,"adm2_psgc":201500000,"adm3_psgc":201512000,"adm4_psgc":201512010,"adm4_en":"Lemu Norte","geo_level":"Bgy","len_crs":10685,"area_crs":4497034,"len_km":10,"area_km2":4},"id":201512010},{"arcs":[[-15,32,33,34,35,36]],"type":"Polygon","properties":{"adm1_psgc":200000000,"adm2_psgc":201500000,"adm3_psgc":201512000,"adm4_psgc":201512011,"adm4_en":"Liwan Norte","geo_level":"Bgy","len_crs":17054,"area_crs":17029043,"len_km":17,"area_km2":17},"id":201512011},{"arcs":[[37,38,39,-34]],"type":"Polygon","properties":{"adm1_psgc":200000000,"adm2_psgc":201500000,"adm3_psgc":201512000,"adm4_psgc":201512012,"adm4_en":"Liwan Sur","geo_level":"Bgy","len_crs":15215,"area_crs":11654344,"len_km":15,"area_km2":11},"id":201512012},{"arcs":[[40,41]],"type":"Polygon","properties":{"adm1_psgc":200000000,"adm2_psgc":201500000,"adm3_psgc":201512000,"adm4_psgc":201512013,"adm4_en":"Maddarulug Norte","geo_level":"Bgy","len_crs":8875,"area_crs":4654934,"len_km":8,"area_km2":4},"id":201512013},{"arcs":[[-2,42,43,44]],"type":"Polygon","properties":{"adm1_psgc":200000000,"adm2_psgc":201500000,"adm3_psgc":201512000,"adm4_psgc":201512014,"adm4_en":"Magalalag East","geo_level":"Bgy","len_crs":6621,"area_crs":987195,"len_km":6,"area_km2":0},"id":201512014},{"arcs":[[-22,-25,45,-43,-1,46]],"type":"Polygon","properties":{"adm1_psgc":200000000,"adm2_psgc":201500000,"adm3_psgc":201512000,"adm4_psgc":201512015,"adm4_en":"Marracuru","geo_level":"Bgy","len_crs":11560,"area_crs":6841995,"len_km":11,"area_km2":6},"id":201512015},{"arcs":[[-28,47,-12,48,-4]],"type":"Polygon","properties":{"adm1_psgc":200000000,"adm2_psgc":201500000,"adm3_psgc":201512000,"adm4_psgc":201512019,"adm4_en":"Barangay IV","geo_level":"Bgy","len_crs":5829,"area_crs":1597634,"len_km":5,"area_km2":1},"id":201512019},{"arcs":[[49,-38,-33,-14,50]],"type":"Polygon","properties":{"adm1_psgc":200000000,"adm2_psgc":201500000,"adm3_psgc":201512000,"adm4_psgc":201512020,"adm4_en":"Roma Norte","geo_level":"Bgy","len_crs":12837,"area_crs":9145051,"len_km":12,"area_km2":9},"id":201512020},{"arcs":[[-49,-16,-37,-9]],"type":"Polygon","properties":{"adm1_psgc":200000000,"adm2_psgc":201500000,"adm3_psgc":201512000,"adm4_psgc":201512021,"adm4_en":"Barangay III-A","geo_level":"Bgy","len_crs":8444,"area_crs":2165725,"len_km":8,"area_km2":2},"id":201512021},{"arcs":[[51,-51,-13,-48,-27]],"type":"Polygon","properties":{"adm1_psgc":200000000,"adm2_psgc":201500000,"adm3_psgc":201512000,"adm4_psgc":201512022,"adm4_en":"Batu","geo_level":"Bgy","len_crs":10431,"area_crs":7127978,"len_km":10,"area_km2":7},"id":201512022},{"arcs":[[-18,52,-30,53]],"type":"Polygon","properties":{"adm1_psgc":200000000,"adm2_psgc":201500000,"adm3_psgc":201512000,"adm4_psgc":201512023,"adm4_en":"Lemu Sur","geo_level":"Bgy","len_crs":11702,"area_crs":3717185,"len_km":11,"area_km2":3},"id":201512023},{"arcs":[[54,-11,55,56,-41]],"type":"Polygon","properties":{"adm1_psgc":200000000,"adm2_psgc":201500000,"adm3_psgc":201512000,"adm4_psgc":201512024,"adm4_en":"Maddarulug Sur","geo_level":"Bgy","len_crs":9725,"area_crs":6051072,"len_km":9,"area_km2":6},"id":201512024},{"arcs":[[-44,-46,-24,57]],"type":"Polygon","properties":{"adm1_psgc":200000000,"adm2_psgc":201500000,"adm3_psgc":201512000,"adm4_psgc":201512025,"adm4_en":"Magalalag West","geo_level":"Bgy","len_crs":8428,"area_crs":1292610,"len_km":8,"area_km2":1},"id":201512025},{"arcs":[[-53,-17,58,-39,-50,-52,-26,-31]],"type":"Polygon","properties":{"adm1_psgc":200000000,"adm2_psgc":201500000,"adm3_psgc":201512000,"adm4_psgc":201512026,"adm4_en":"Roma Sur","geo_level":"Bgy","len_crs":19807,"area_crs":16603492,"len_km":19,"area_km2":16},"id":201512026},{"arcs":[[-10,-36,59,-56]],"type":"Polygon","properties":{"adm1_psgc":200000000,"adm2_psgc":201500000,"adm3_psgc":201512000,"adm4_psgc":201512027,"adm4_en":"San Antonio","geo_level":"Bgy","len_crs":17139,"area_crs":15472577,"len_km":17,"area_km2":15},"id":201512027}]}}}