{"type":"Topology","arcs":[[[969,507],[164,-83],[29,-46]],[[1162,378],[-39,-101]],[[1123,277],[-190,33]],[[933,310],[34,113],[-39,19]],[[928,442],[9,59]],[[937,501],[8,14]],[[945,515],[24,-8]],[[906,315],[-100,18]],[[806,333],[15,37]],[[821,370],[65,85]],[[886,455],[-12,-92],[32,-48]],[[908,480],[0,-13]],[[908,467],[20,-25]],[[933,310],[-27,5]],[[886,455],[4,10]],[[890,465],[8,12]],[[898,477],[10,3]],[[908,480],[0,13]],[[908,493],[5,7]],[[913,500],[9,3]],[[922,503],[9,-12]],[[931,491],[-11,-11]],[[920,480],[-12,0]],[[922,503],[-5,15]],[[917,518],[22,5]],[[939,523],[6,-8]],[[937,501],[-15,2]],[[887,476],[11,1]],[[890,465],[-3,11]],[[920,480],[-12,-13]],[[887,476],[-10,-1]],[[877,475],[2,8]],[[879,483],[4,5]],[[883,488],[4,-12]],[[898,477],[-1,12]],[[897,489],[11,4]],[[897,489],[-14,-1]],[[883,488],[13,14]],[[896,502],[1,-13]],[[937,501],[-6,-10]],[[913,500],[-14,6]],[[899,506],[14,15]],[[913,521],[4,-3]],[[821,370],[16,50]],[[837,420],[40,55]],[[896,502],[3,4]],[[926,554],[-13,-33]],[[879,483],[-70,52]],[[809,535],[35,53],[82,-34]],[[837,420],[-13,2]],[[824,422],[-54,39],[15,67]],[[785,528],[24,7]],[[806,333],[-34,7]],[[772,340],[21,87],[31,-5]],[[969,507],[-5,15]],[[964,522],[22,-3]],[[986,519],[-17,-12]],[[1009,527],[-32,5]],[[977,532],[31,31]],[[1008,563],[31,33]],[[1039,596],[25,-7]],[[1064,589],[-55,-62]],[[1009,527],[-23,-8]],[[964,522],[5,11]],[[969,533],[8,-1]],[[1218,481],[-56,-103]],[[1064,589],[106,-45],[48,-63]],[[1030,603],[9,-7]],[[1008,563],[-20,10]],[[988,573],[42,30]],[[969,533],[19,40]],[[1052,688],[-22,-85]],[[939,523],[-13,31]],[[926,554],[32,79],[57,60],[37,-5]],[[1370,1211],[-83,-82],[-30,-140],[-56,-63],[-52,-87]],[[1149,839],[-53,44],[-38,-16],[-46,73],[-108,20],[-36,20]],[[868,980],[174,238],[13,29],[200,-42],[115,6]],[[772,340],[-206,-27]],[[566,313],[-5,132],[-27,122]],[[534,567],[43,-42],[41,13],[15,-64],[136,28],[16,26]],[[566,313],[-230,-31],[-88,-120]],[[248,162],[-42,219]],[[206,381],[186,123],[142,63]],[[1482,437],[73,-35],[34,-74],[109,-118],[-116,-193],[-99,56],[-53,-25],[-125,45],[-182,184]],[[1218,481],[87,-38],[82,34],[95,-40]],[[1149,839],[-97,-151]],[[534,567],[179,242],[155,171]],[[1452,749],[-303,90]],[[1370,1211],[149,-22],[-33,-65],[-15,-78],[-19,-297]],[[248,162],[-119,-162],[-10,110],[-65,20],[-3,59],[-51,81],[36,53],[84,11],[29,49],[57,-2]],[[1452,749],[-34,-177],[64,-135]]],"transform":{"scale":[0.00005617575677267896,0.000053279484362463565],"translate":[122.41339046900009,10.753388622000044]},"objects":{"bgysubmuns-municity-603041000":{"type":"GeometryCollection","geometries":[{"arcs":[[0,1,2,3,4,5,6]],"type":"Polygon","properties":{"adm1_psgc":600000000,"adm2_psgc":603000000,"adm3_psgc":603041000,"adm4_psgc":603041001,"adm4_en":"Bgy. 1 Pob.","geo_level":"Bgy","len_crs":4963,"area_crs":1263058,"len_km":4,"area_km2":1},"id":603041001},{"arcs":[[7,8,9,10]],"type":"Polygon","properties":{"adm1_psgc":600000000,"adm2_psgc":603000000,"adm3_psgc":603041000,"adm4_psgc":603041002,"adm4_en":"Bgy. 10","geo_level":"Bgy","len_crs":2539,"area_crs":197430,"len_km":2,"area_km2":0},"id":603041002},{"arcs":[[[11,12,-4,13,-11,14,15,16]],[[17,18,19,20,21,22]],[[23,24,25,-6,26]]],"type":"MultiPolygon","properties":{"adm1_psgc":600000000,"adm2_psgc":603000000,"adm3_psgc":603041000,"adm4_psgc":603041003,"adm4_en":"Bgy. 11 Pob.","geo_level":"Bgy","len_crs":3675,"area_crs":344115,"len_km":3,"area_km2":0},"id":603041003},{"arcs":[[[27,-16,28]],[[-23,29,-12]],[[30,31,32,33]],[[-17,34,35,-18]],[[36,37,38]],[[-27,39,-21]],[[-20,40,41,42,-24]]],"type":"MultiPolygon","properties":{"adm1_psgc":600000000,"adm2_psgc":603000000,"adm3_psgc":603041000,"adm4_psgc":603041004,"adm4_en":"Bgy. 12 Pob.","geo_level":"Bgy","len_crs":2173,"area_crs":32351,"len_km":2,"area_km2":0},"id":603041004},{"arcs":[[[-29,-15,-10,43,44,-31]],[[-34,-37,-35,-28]],[[-39,45,-41,-19,-36]]],"type":"MultiPolygon","properties":{"adm1_psgc":600000000,"adm2_psgc":603000000,"adm3_psgc":603041000,"adm4_psgc":603041005,"adm4_en":"Bgy. 13 Pob.","geo_level":"Bgy","len_crs":2316,"area_crs":111683,"len_km":2,"area_km2":0},"id":603041005},{"arcs":[[46,-42,-46,-38,-33,47,48]],"type":"Polygon","properties":{"adm1_psgc":600000000,"adm2_psgc":603000000,"adm3_psgc":603041000,"adm4_psgc":603041006,"adm4_en":"Bgy. 14 Pob.","geo_level":"Bgy","len_crs":2139,"area_crs":248330,"len_km":2,"area_km2":0},"id":603041006},{"arcs":[[-32,-45,49,50,51,-48]],"type":"Polygon","properties":{"adm1_psgc":600000000,"adm2_psgc":603000000,"adm3_psgc":603041000,"adm4_psgc":603041007,"adm4_en":"Bgy. 15 Pob.","geo_level":"Bgy","len_crs":2140,"area_crs":251691,"len_km":2,"area_km2":0},"id":603041007},{"arcs":[[-50,-44,-9,52,53]],"type":"Polygon","properties":{"adm1_psgc":600000000,"adm2_psgc":603000000,"adm3_psgc":603041000,"adm4_psgc":603041008,"adm4_en":"Bgy. 16 Pob.","geo_level":"Bgy","len_crs":1595,"area_crs":123522,"len_km":1,"area_km2":0},"id":603041008},{"arcs":[[[54,55,56]],[[57,58,59,60,61]]],"type":"MultiPolygon","properties":{"adm1_psgc":600000000,"adm2_psgc":603000000,"adm3_psgc":603041000,"adm4_psgc":603041009,"adm4_en":"Bgy. 2 Pob.","geo_level":"Bgy","len_crs":1880,"area_crs":68062,"len_km":1,"area_km2":0},"id":603041009},{"arcs":[[-58,62,-56,63,64]],"type":"Polygon","properties":{"adm1_psgc":600000000,"adm2_psgc":603000000,"adm3_psgc":603041000,"adm4_psgc":603041010,"adm4_en":"Bgy. 3 Pob.","geo_level":"Bgy","len_crs":1207,"area_crs":40456,"len_km":1,"area_km2":0},"id":603041010},{"arcs":[[65,-1,-57,-63,-62,66]],"type":"Polygon","properties":{"adm1_psgc":600000000,"adm2_psgc":603000000,"adm3_psgc":603041000,"adm4_psgc":603041011,"adm4_en":"Bgy. 4 Pob.","geo_level":"Bgy","len_crs":4738,"area_crs":849058,"len_km":4,"area_km2":0},"id":603041011},{"arcs":[[67,-60,68,69]],"type":"Polygon","properties":{"adm1_psgc":600000000,"adm2_psgc":603000000,"adm3_psgc":603041000,"adm4_psgc":603041012,"adm4_en":"Bgy. 5 Pob.","geo_level":"Bgy","len_crs":862,"area_crs":47204,"len_km":0,"area_km2":0},"id":603041012},{"arcs":[[-59,-65,70,-69]],"type":"Polygon","properties":{"adm1_psgc":600000000,"adm2_psgc":603000000,"adm3_psgc":603041000,"adm4_psgc":603041013,"adm4_en":"Bgy. 6 Pob.","geo_level":"Bgy","len_crs":794,"area_crs":31043,"len_km":0,"area_km2":0},"id":603041013},{"arcs":[[-13,-30,-22,-40,-5]],"type":"Polygon","properties":{"adm1_psgc":600000000,"adm2_psgc":603000000,"adm3_psgc":603041000,"adm4_psgc":603041014,"adm4_en":"Bgy. 7 Pob.","geo_level":"Bgy","len_crs":985,"area_crs":43448,"len_km":0,"area_km2":0},"id":603041014},{"arcs":[[71,-70,-71,-64,-55,-7,-26,72,73]],"type":"Polygon","properties":{"adm1_psgc":600000000,"adm2_psgc":603000000,"adm3_psgc":603041000,"adm4_psgc":603041015,"adm4_en":"Bgy. 8 Pob.","geo_level":"Bgy","len_crs":3677,"area_crs":332962,"len_km":3,"area_km2":0},"id":603041015},{"arcs":[[-25,-43,-47,-73]],"type":"Polygon","properties":{"adm1_psgc":600000000,"adm2_psgc":603000000,"adm3_psgc":603041000,"adm4_psgc":603041016,"adm4_en":"Bgy. 9 Pob.","geo_level":"Bgy","len_crs":1055,"area_crs":57827,"len_km":1,"area_km2":0},"id":603041016},{"arcs":[[74,75,76]],"type":"Polygon","properties":{"adm1_psgc":600000000,"adm2_psgc":603000000,"adm3_psgc":603041000,"adm4_psgc":603041017,"adm4_en":"Consolacion","geo_level":"Bgy","len_crs":8932,"area_crs":3829784,"len_km":8,"area_km2":3},"id":603041017},{"arcs":[[-51,-54,77,78,79]],"type":"Polygon","properties":{"adm1_psgc":600000000,"adm2_psgc":603000000,"adm3_psgc":603041000,"adm4_psgc":603041018,"adm4_en":"Igtambo","geo_level":"Bgy","len_crs":6623,"area_crs":1499367,"len_km":6,"area_km2":1},"id":603041018},{"arcs":[[80,81,82,-79]],"type":"Polygon","properties":{"adm1_psgc":600000000,"adm2_psgc":603000000,"adm3_psgc":603041000,"adm4_psgc":603041019,"adm4_en":"San Antonio","geo_level":"Bgy","len_crs":7449,"area_crs":2696911,"len_km":7,"area_km2":2},"id":603041019},{"arcs":[[83,-2,-66,84]],"type":"Polygon","properties":{"adm1_psgc":600000000,"adm2_psgc":603000000,"adm3_psgc":603041000,"adm4_psgc":603041020,"adm4_en":"San Jose","geo_level":"Bgy",