{"type":"Topology","arcs":[[[123,416],[44,-77]],[[167,339],[-39,-58]],[[128,281],[-52,59],[-76,-39]],[[0,301],[41,72],[13,95]],[[54,468],[69,-52]],[[559,344],[-18,-66],[-83,-26],[-6,-32]],[[452,220],[-61,48]],[[391,268],[29,54]],[[420,322],[50,41],[89,-19]],[[229,555],[52,-77]],[[281,478],[-40,-67]],[[241,411],[-58,63]],[[183,474],[-16,62],[-45,40]],[[122,576],[46,38]],[[168,614],[61,-59]],[[308,583],[71,9]],[[379,592],[-9,-51]],[[370,541],[-44,-93]],[[326,448],[-45,30]],[[229,555],[36,55]],[[265,610],[43,-27]],[[503,664],[-124,-72]],[[308,583],[153,91],[42,-10]],[[441,110],[14,-55],[-57,-46],[-78,24]],[[320,33],[-23,93]],[[297,126],[7,11]],[[304,137],[137,-27]],[[168,614],[43,38],[54,-42]],[[569,408],[-90,36]],[[479,444],[23,63]],[[502,507],[77,9]],[[579,516],[-10,-108]],[[502,507],[-54,-19],[15,95],[-84,9]],[[503,664],[64,-82],[12,-66]],[[452,220],[-8,-49]],[[444,171],[-84,20]],[[360,191],[31,64]],[[391,255],[0,13]],[[444,171],[-3,-61]],[[304,137],[5,46]],[[309,183],[51,8]],[[479,444],[-18,18]],[[461,462],[-79,24],[-12,55]],[[326,448],[18,-22]],[[344,426],[-20,-57]],[[324,369],[-34,-53]],[[290,316],[-6,10]],[[284,326],[-117,13]],[[167,339],[74,72]],[[284,326],[3,-84]],[[287,242],[-79,-67]],[[208,175],[-57,74]],[[151,249],[-23,32]],[[183,474],[-60,-58]],[[54,468],[68,108]],[[151,249],[-99,-103]],[[52,146],[-20,117],[-32,38]],[[569,408],[-10,-64]],[[420,322],[-96,47]],[[344,426],[117,36]],[[320,33],[-4,-33],[-195,108]],[[121,108],[103,13]],[[224,121],[73,5]],[[391,255],[-55,-7],[-46,68]],[[309,183],[-22,59]],[[208,175],[16,-54]],[[121,108],[-69,38]]],"transform":{"scale":[0.00016736955613116773,0.000140638250741851],"translate":[124.04776288700009,9.861130210000056]},"objects":{"bgysubmuns-municity-701236000":{"type":"GeometryCollection","geometries":[{"arcs":[[0,1,2,3,4]],"type":"Polygon","properties":{"adm1_psgc":700000000,"adm2_psgc":701200000,"adm3_psgc":701236000,"adm4_psgc":701236001,"adm4_en":"Calangahan","geo_level":"Bgy","len_crs":10136,"area_crs":4185514,"len_km":10,"area_km2":4},"id":701236001},{"arcs":[[5,6,7,8]],"type":"Polygon","properties":{"adm1_psgc":700000000,"adm2_psgc":701200000,"adm3_psgc":701236000,"adm4_psgc":701236002,"adm4_en":"Canmano","geo_level":"Bgy","len_crs":8441,"area_crs":3815327,"len_km":8,"area_km2":3},"id":701236002},{"arcs":[[9,10,11,12,13,14]],"type":"Polygon","properties":{"adm1_psgc":700000000,"adm2_psgc":701200000,"adm3_psgc":701236000,"adm4_psgc":701236003,"adm4_en":"Canmaya Centro","geo_level":"Bgy","len_crs":8980,"area_crs":4176171,"len_km":8,"area_km2":4},"id":701236003},{"arcs":[[15,16,17,18,-10,19,20]],"type":"Polygon","properties":{"adm1_psgc":700000000,"adm2_psgc":701200000,"adm3_psgc":701236000,"adm4_psgc":701236004,"adm4_en":"Canmaya Diot","geo_level":"Bgy","len_crs":8306,"area_crs":3759347,"len_km":8,"area_km2":3},"id":701236004},{"arcs":[[21,-16,22]],"type":"Polygon","properties":{"adm1_psgc":700000000,"adm2_psgc":701200000,"adm3_psgc":701236000,"adm4_psgc":701236005,"adm4_en":"Dagnawan","geo_level":"Bgy","len_crs":7802,"area_crs":1425512,"len_km":7,"area_km2":1},"id":701236005},{"arcs":[[23,24,25,26]],"type":"Polygon","properties":{"adm1_psgc":700000000,"adm2_psgc":701200000,"adm3_psgc":701236000,"adm4_psgc":701236006,"adm4_en":"Kabasacan","geo_level":"Bgy","len_crs":9344,"area_crs":3386061,"len_km":9,"area_km2":3},"id":701236006},{"arcs":[[-20,-15,27]],"type":"Polygon","properties":{"adm1_psgc":700000000,"adm2_psgc":701200000,"adm3_psgc":701236000,"adm4_psgc":701236007,"adm4_en":"Kagawasan","geo_level":"Bgy","len_crs":4727,"area_crs":1266545,"len_km":4,"area_km2":1},"id":701236007},{"arcs":[[28,29,30,31]],"type":"Polygon","properties":{"adm1_psgc":700000000,"adm2_psgc":701200000,"adm3_psgc":701236000,"adm4_psgc":701236008,"adm4_en":"Katipunan","geo_level":"Bgy","len_crs":6239,"area_crs":2409103,"len_km":6,"area_km2":2},"id":701236008},{"arcs":[[-31,32,-22,33]],"type":"Polygon","properties":{"adm1_psgc":700000000,"adm2_psgc":701200000,"adm3_psgc":701236000,"adm4_psgc":701236009,"adm4_en":"Langtad","geo_level":"Bgy","len_crs":13177,"area_crs":5280734,"len_km":13,"area_km2":5},"id":701236009},{"arcs":[[34,35,36,37,-7]],"type":"Polygon","properties":{"adm1_psgc":700000000,"adm2_psgc":701200000,"adm3_psgc":701236000,"adm4_psgc":701236010,"adm4_en":"Libertad Norte","geo_level":"Bgy","len_crs":5128,"area_crs":1574739,"len_km":5,"area_km2":1},"id":701236010},{"arcs":[[38,-27,39,40,-36]],"type":"Polygon","properties":{"adm1_psgc":700000000,"adm2_psgc":701200000,"adm3_psgc":701236000,"adm4_psgc":701236011,"adm4_en":"Libertad Sur","geo_level":"Bgy","len_crs":6752,"area_crs":2351875,"len_km":6,"area_km2":2},"id":701236011},{"arcs":[[-30,41,42,-17,-33]],"type":"Polygon","properties":{"adm1_psgc":700000000,"adm2_psgc":701200000,"adm3_psgc":701236000,"adm4_psgc":701236012,"adm4_en":"Mantalongon","geo_level":"Bgy","len_crs":8839,"area_crs":2887702,"len_km":8,"area_km2":2},"id":701236012},{"arcs":[[43,44,45,46,47,48,-11,-19]],"type":"Polygon","properties":{"adm1_psgc":700000000,"adm2_psgc":701200000,"adm3_psgc":701236000,"adm4_psgc":701236013,"adm4_en":"Poblacion","geo_level":"Bgy","len_crs":9133,"area_crs":3713854,"len_km":9,"area_km2":3},"id":701236013},{"arcs":[[49,50,51,52,-2,-48]],"type":"Polygon","properties":{"adm1_psgc":700000000,"adm2_psgc":701200000,"adm3_psgc":701236000,"adm4_psgc":701236014,"adm4_en":"Sagbayan Sur","geo_level":"Bgy","len_crs":8627,"area_crs":4862860,"len_km":8,"area_km2":4},"id":701236014},{"arcs":[[53,-5,54,-13]],"type":"Polygon","properties":{"adm1_psgc":700000000,"adm2_psgc":701200000,"adm3_psgc":701236000,"adm4_psgc":701236015,"adm4_en":"San Agustin","geo_level":"Bgy","len_crs":7189,"area_crs":3256468,"len_km":7,"area_km2":3},"id":701236015},{"arcs":[[-53,55,56,-3]],"type":"Polygon","properties":{"adm1_psgc":700000000,"adm2_psgc":701200000,"adm3_psgc":701236000,"adm4_psgc":701236016,"adm4_en":"San Antonio","geo_level":"Bgy","len_crs":9889,"area_crs":4232857,"len_km":9,"area_km2":4},"id":701236016},{"arcs":[[-29,57,-9,58,-45,59,-42]],"type":"Polygon","properties":{"adm1_psgc":700000000,"adm2_psgc":701200000,"adm3_psgc":701236000,"adm4_psgc":701236017,"adm4_en":"San Isidro","geo_level":"Bgy","len_crs":11436,"area_crs":5752432,"len_km":11,"area_km2":5},"id":701236017},{"arcs":[[-60,-44,-18,-43]],"type":"Polygon","properties":{"adm1_psgc":700000000,"adm2_psgc":701200000,"adm3_psgc":701236000,"adm4_psgc":701236018,"adm4_en":"San Ramon","geo_level":"Bgy","len_crs":6954,"area_crs":1754873,"len_km":6,"area_km2":1},"id":701236018},{"arcs":[[60,61,62,-25]],"type":"Polygon","properties":{"adm1_psgc":700000000,"adm2_psgc":701200000,"adm3_psgc":701236000,"adm4_psgc":701236019,"adm4_en":"San Roque","geo_level":"Bgy","len_crs":9347,"area_crs":3347807,"len_km":9,"area_km2":3},"id":701236019},{"arcs":[[-8,-38,63,-46,-59]],"type":"Polygon","properties":{"adm1_psgc":700000000,"adm2_psgc":701200000,"adm3_psgc":701236000,"adm4_psgc":701236020,"adm4_en":"San Vicente Norte","geo_level":"Bgy","len_crs":6591,"area_crs":2583973,"len_km":6,"area_km2":2},"id":701236020},{"arcs":[[-64,-37,-41,64,-50,-47]],"type":"Polygon","properties":{"adm1_psgc":700000000,"adm2_psgc":701200000,"adm3_psgc":701236000,"adm4_psgc":701236021,"adm4_en":"San Vicente Sur","geo_level":"Bgy","len_crs":7009,"area_crs":1931673,"len_km":7,"area_km2":1},"id":701236021},{"arcs":[[65,-62,66,-56,-52]],"type":"Polygon","properties":{"adm1_psgc":700000000,"adm2_psgc":701200000,"adm3_psgc":701236000,"adm4_psgc":701236022,"adm4_en":"Santa Catalina","geo_level":"Bgy","len_crs":8371,"area_crs":3814049,"len_km":8,"area_km2":3},"id":701236022},{"arcs":[[-49,-1,-54,-12]],"type":"Polygon","properties":{"adm1_psgc":700000000,"adm2_psgc":701200000,"adm3_psgc":701236000,"adm4_psgc":701236023,"adm4_en":"Santa Cruz","geo_level":"Bgy","len_crs":6339,"area_crs":2311913,"len_km":6,"area_km2":2},"id":701236023},{"arcs":[[-40,-26,-63,-66,-51,-65]],"type":"Polygon","properties":{"adm1_psgc":700000000,"adm2_psgc":701200000,"adm3_psgc":701236000,