{"type":"Topology","arcs":[[[287,445],[13,-25],[57,-95]],[[357,325],[258,-242]],[[615,83],[-28,-22]],[[587,61],[-241,231],[-78,109],[-15,17],[-65,170]],[[188,588],[8,6],[6,23]],[[202,617],[80,-160],[5,-12]],[[683,355],[-63,-18]],[[620,337],[-77,132],[-11,-9],[-11,17]],[[521,477],[71,47]],[[592,524],[9,-18],[82,-151]],[[334,668],[3,-19],[14,-22],[6,-15],[15,-19],[12,-38],[6,-28],[7,-18]],[[397,509],[-1,-13]],[[396,496],[-1,-3]],[[395,493],[-44,-25]],[[351,468],[-4,-3]],[[347,465],[-98,179]],[[249,644],[25,19],[11,-5],[15,7],[34,3]],[[445,535],[8,-16]],[[453,519],[-45,-21],[-12,-2]],[[397,509],[17,7],[-46,162]],[[368,678],[18,9]],[[386,687],[59,-152]],[[403,461],[-23,-13],[12,-46]],[[392,402],[-9,-6]],[[383,396],[-27,55],[-5,17]],[[395,493],[8,-32]],[[587,61],[-46,-38]],[[541,23],[-232,165],[-92,132],[-109,241],[-13,25]],[[95,586],[15,1],[19,-14],[15,13],[10,-12],[13,1],[21,13]],[[383,396],[-19,-12],[14,-27]],[[378,357],[-14,-11]],[[364,346],[-37,72],[-17,20],[4,7]],[[314,445],[33,20]],[[558,320],[-34,-88]],[[524,232],[-146,125]],[[392,402],[3,-14],[60,37],[3,-5],[34,21]],[[492,441],[66,-121]],[[786,383],[-103,-28]],[[592,524],[26,16],[28,27]],[[646,567],[27,-42],[113,-142]],[[489,539],[7,-15]],[[496,524],[14,-27]],[[510,497],[11,-20]],[[620,337],[-62,-17]],[[492,441],[-25,50]],[[467,491],[-14,28]],[[445,535],[34,23],[10,-19]],[[1090,466],[-395,286]],[[695,752],[-80,58]],[[615,810],[-3,5],[-1,47],[16,66],[4,7],[44,-23],[555,-336],[-140,-110]],[[695,752],[-100,-111],[-29,-33]],[[566,608],[-19,32],[-40,60]],[[507,700],[33,15],[34,23],[31,41],[5,3],[5,28]],[[1053,434],[-25,-21]],[[1028,413],[-319,261],[-78,-72],[-8,-11],[-23,-18],[-90,-76]],[[496,524],[125,91],[86,93],[346,-274]],[[1028,413],[-37,-31]],[[991,382],[-48,37]],[[943,419],[-245,198],[-52,-50]],[[943,419],[-157,-36]],[[1090,466],[-37,-32]],[[489,539],[33,25]],[[522,564],[44,44]],[[364,346],[-7,-21]],[[287,445],[18,16],[9,-16]],[[334,668],[21,2],[13,8]],[[403,461],[22,13],[42,17]],[[458,691],[64,-127]],[[386,687],[13,14],[40,-11],[19,1]],[[541,23],[-51,-23],[-133,92],[-65,39],[-33,30],[-87,93],[-40,88],[-13,19],[-22,21],[-20,13],[-32,40],[-9,25],[-18,14],[-3,22],[-15,20],[4,7],[30,3],[11,20],[27,7],[20,14],[3,19]],[[524,232],[133,-114]],[[657,118],[-42,-35]],[[991,382],[-147,-123],[-40,-12],[-133,-117],[-14,-12]],[[458,691],[31,1],[9,11],[9,-3]],[[202,617],[47,27]]],"transform":{"scale":[0.0000459298845528356,0.000040557917647073723],"translate":[124.33818673000007,7.899170586000024]},"objects":{"bgysubmuns-municity-1903619000":{"type":"GeometryCollection","geometries":[{"arcs":[[0,1,2,3,4,5]],"type":"Polygon","properties":{"adm1_psgc":1900000000,"adm2_psgc":1903600000,"adm3_psgc":1903619000,"adm4_psgc":1903619002,"adm4_en":"Bangon","geo_level":"Bgy","len_crs":6739,"area_crs":519282,"len_km":6,"area_km2":0},"id":1903619002},{"arcs":[[6,7,8,9]],"type":"Polygon","properties":{"adm1_psgc":1900000000,"adm2_psgc":1903600000,"adm3_psgc":1903619000,"adm4_psgc":1903619005,"adm4_en":"Bubonga Guilopa","geo_level":"Bgy","len_crs":2496,"area_crs":279747,"len_km":2,"area_km2":0},"id":1903619005},{"arcs":[[10,11,12,13,14,15,16]],"type":"Polygon","properties":{"adm1_psgc":1900000000,"adm2_psgc":1903600000,"adm3_psgc":1903619000,"adm4_psgc":1903619006,"adm4_en":"Buadi-Abala","geo_level":"Bgy","len_crs":2613,"area_crs":347102,"len_km":2,"area_km2":0},"id":1903619006},{"arcs":[[17,18,-12,19,20,21]],"type":"Polygon","properties":{"adm1_psgc":1900000000,"adm2_psgc":1903600000,"adm3_psgc":1903619000,"adm4_psgc":1903619007,"adm4_en":"Buadi-Bayawa","geo_level":"Bgy","len_crs":2205,"area_crs":123793,"len_km":2,"area_km2":0},"id":1903619007},{"arcs":[[22,23,24,-14,25]],"type":"Polygon","properties":{"adm1_psgc":1900000000,"adm2_psgc":1903600000,"adm3_psgc":1903619000,"adm4_psgc":1903619008,"adm4_en":"Buadi-Insuba","geo_level":"Bgy","len_crs":1160,"area_crs":52296,"len_km":1,"area_km2":0},"id":1903619008},{"arcs":[[-4,26,27,28]],"type":"Polygon","properties":{"adm1_psgc":1900000000,"adm2_psgc":1903600000,"adm3_psgc":1903619000,"adm4_psgc":1903619010,"adm4_en":"Bubong","geo_level":"Bgy","len_crs":7748,"area_crs":1299169,"len_km":7,"area_km2":1},"id":1903619010},{"arcs":[[29,30,31,32,-15,-25]],"type":"Polygon","properties":{"adm1_psgc":1900000000,"adm2_psgc":1903600000,"adm3_psgc":1903619000,"adm4_psgc":1903619011,"adm4_en":"Cabasaran","geo_level":"Bgy","len_crs":1456,"area_crs":88241,"len_km":1,"area_km2":0},"id":1903619011},{"arcs":[[33,34,-30,-24,35,36]],"type":"Polygon","properties":{"adm1_psgc":1900000000,"adm2_psgc":1903600000,"adm3_psgc":1903619000,"adm4_psgc":1903619013,"adm4_en":"Cairatan","geo_level":"Bgy","len_crs":2935,"area_crs":454346,"len_km":2,"area_km2":0},"id":1903619013},{"arcs":[[37,-10,38,39]],"type":"Polygon","properties":{"adm1_psgc":1900000000,"adm2_psgc":1903600000,"adm3_psgc":1903619000,"adm4_psgc":1903619014,"adm4_en":"Cormatan","geo_level":"Bgy","len_crs":2859,"area_crs":394980,"len_km":2,"area_km2":0},"id":1903619014},{"arcs":[[40,41,42,-8,43,-37,44,45,-18,46]],"type":"Polygon","properties":{"adm1_psgc":1900000000,"adm2_psgc":1903600000,"adm3_psgc":1903619000,"adm4_psgc":1903619015,"adm4_en":"Poblacion","geo_level":"Bgy","len_crs":2950,"area_crs":300171,"len_km":2,"area_km2":0},"id":1903619015},{"arcs":[[47,48,49]],"type":"Polygon","properties":{"adm1_psgc":1900000000,"adm2_psgc":1903600000,"adm3_psgc":1903619000,"adm4_psgc":1903619016,"adm4_en":"Dalama","geo_level":"Bgy","len_crs":7780,"area_crs":2093025,"len_km":7,"area_km2":2},"id":1903619016},{"arcs":[[50,51,52,-49]],"type":"Polygon","properties":{"adm1_psgc":1900000000,"adm2_psgc":1903600000,"adm3_psgc":1903619000,"adm4_psgc":1903619018,"adm4_en":"Dansalan","geo_level":"Bgy","len_crs":2731,"area_crs":351613,"len_km":2,"area_km2":0},"id":1903619018},{"arcs":[[53,54,-42,55]],"type":"Polygon","properties":{"adm1_psgc":1900000000,"adm2_psgc":1903600000,"adm3_psgc":1903619000,"adm4_psgc":1903619019,"adm4_en":"Dimarao","geo_level":"Bgy","len_crs":7070,"area_crs":411793,"len_km":7,"area_km2":0},"id":1903619019},{"arcs":[[56,57,58,-39,-9,-43,-55]],"type":"Polygon","properties":{"adm1_psgc":1900000000,"adm2_psgc":1903600000,"adm3_psgc":1903619000,"adm4_psgc":1903619022,"adm4_en":"Guilopa","geo_level":"Bgy","len_crs":6542,"area_crs":630026,"len_km":6,"area_km2":0},"id":1903619022},{"arcs":[[59,-40,-59]],"type":"Polygon","properties":{"adm1_psgc":1900000000,"adm2_psgc":1903600000,"adm3_psgc":1903619000,"adm4_psgc":1903619024,"adm4_en":"Ilian","geo_level":"Bgy","len_crs":3778,"area_crs":655333,"len_km":3,"area_km2":0},"id":1903619024},{"arcs":[[60,-56,-41,61,62,-51,-48]],"type":"Polygon","properties":{"adm1_psgc":1900000000,"adm2_psgc":1903600000,"adm3_psgc":1903619000,"adm4_psgc":1903619026,"adm4_en":"Kitambugun","geo_level":"Bgy","len_crs":7595,"area_crs":599005,"len_km":7,"area_km2":0},"id":1903619026},{"arcs":[[-32,63,-1,64]],"type":"Polygon","properties":{"adm1_psgc":1900000000,"adm2_psgc":1903600000,"adm3_psgc":1903619000,"adm4_psgc":1903619027,"adm4_en":"Lama","geo_level":"Bgy","len_crs":1490,"area_crs":58241,"len_km":1,"area_km2":0},"id":1903619027},{"arcs":[[-11,65,-20]],"type":"Polygon","properties":{"adm1_psgc":1900000000,"adm2_psgc":1903600000,"adm3_psgc":1903619000,"adm4_psgc":1903619028,"adm4_en":"Lilod","geo_level":"Bgy","len_crs":1896,"area_crs":96573,"len_km":1,"area_km2":0},"id":1903619028},{"arcs":[[-36,-23,66,-45]],"type":"Polygon","properties":{"adm1_psgc":1900000000,"adm2_psgc":1903600000,"adm3_psgc":1903619000,"adm4_psgc":1903619030,"adm4_en":"Lilod Raybalai","geo_level":"Bgy","len_crs":1583,"area_crs":137183,"len_km":1,"area_km2":0},"id":1903619030},{"arcs":[[67,-62,-47,-22,68]],"type":"Polygon","properties":{"adm1_psgc":1900000000,"adm2_psgc":1903600000,"adm3_psgc":1903619000,"adm4_psgc":1903619033,"adm4_en":"Lumbaca Ingud","geo_level":"Bgy","len_crs":2472,"area_crs":266056,"len_km":2,"area_km2":0},"id":1903619033},{"arcs":[[69,-28]],"type":"Polygon","properties":{"adm1_psgc":1900000000,"adm2_psgc":1903600000,