{"type":"Topology","arcs":[[[415,376],[11,-41]],[[426,335],[-58,-63],[-92,-84]],[[276,188],[-60,112]],[[216,300],[27,7],[66,-12],[50,21],[26,74]],[[385,390],[30,-14]],[[167,324],[49,-24]],[[216,300],[-74,-151]],[[142,149],[-142,105],[111,93]],[[111,347],[56,-23]],[[632,593],[-71,-4],[-60,82]],[[501,671],[57,32],[3,20]],[[561,723],[24,36],[50,15]],[[635,774],[-3,-181]],[[501,671],[-22,26]],[[479,697],[-28,30]],[[451,727],[8,24],[85,45]],[[544,796],[15,-27],[2,-46]],[[416,185],[-64,-39],[-68,-71]],[[284,75],[-43,7]],[[241,82],[-12,25],[-5,45],[52,36]],[[426,335],[18,-20],[-28,-130]],[[632,593],[49,-51]],[[681,542],[-30,-51]],[[651,491],[-47,-32]],[[604,459],[-60,69],[-25,10],[-33,-6]],[[486,532],[-63,-4]],[[423,528],[56,169]],[[982,358],[6,-127],[29,-121],[-158,-66]],[[859,44],[-13,69],[-20,41],[5,15],[-6,60],[4,50]],[[829,279],[28,-8],[35,2],[3,35],[52,61]],[[947,369],[35,-11]],[[493,330],[58,-26],[-1,-92]],[[550,212],[-23,-4]],[[527,208],[-45,-12]],[[482,196],[-66,-11]],[[415,376],[78,-46]],[[983,669],[-105,-198]],[[878,471],[-109,12],[-30,17]],[[739,500],[164,277]],[[903,777],[80,-108]],[[947,369],[-4,97],[-65,5]],[[983,669],[164,-58],[32,-41],[-77,-46],[-38,-32],[-42,-51],[-40,-83]],[[599,13],[-156,19],[-159,43]],[[482,196],[17,-35],[30,-37],[38,-5],[36,-24],[-10,-27],[6,-55]],[[859,44],[-111,-44],[-76,5]],[[672,5],[-9,120],[-46,37],[-29,0],[-13,19],[-48,27]],[[550,212],[63,7]],[[613,219],[110,20]],[[723,239],[106,40]],[[723,239],[1,40],[-17,81],[-103,99]],[[651,491],[110,-54],[186,-68]],[[406,517],[-34,-120]],[[372,397],[-105,-13],[-100,-60]],[[111,347],[172,133],[17,-10],[39,87]],[[339,557],[16,-18],[51,-22]],[[604,459],[-55,-45],[48,-114],[16,-81]],[[493,330],[-8,34],[1,168]],[[423,528],[-17,-11]],[[339,557],[29,65],[83,105]],[[415,376],[36,69],[12,44],[-40,39]],[[385,390],[-13,7]],[[739,500],[-58,42]],[[635,774],[-6,46]],[[629,820],[44,5],[53,28],[45,11],[48,26],[36,-15],[48,-98]],[[672,5],[-73,8]],[[241,82],[-101,-16],[23,-52],[-83,1],[-7,25],[69,109]],[[544,796],[46,24],[39,0]]],"transform":{"scale":[0.00017175522731132742,0.00017161462584268735],"translate":[123.82692407800008,7.723820379000073]},"objects":{"bgysubmuns-municity-1003515000":{"type":"GeometryCollection","geometries":[{"arcs":[[0,1,2,3,4]],"type":"Polygon","properties":{"adm1_psgc":1000000000,"adm2_psgc":1003500000,"adm3_psgc":1003515000,"adm4_psgc":1003515001,"adm4_en":"Abaga","geo_level":"Bgy","len_crs":12129,"area_crs":5167020,"len_km":12,"area_km2":5},"id":1003515001},{"arcs":[[5,6,7,8]],"type":"Polygon","properties":{"adm1_psgc":1000000000,"adm2_psgc":1003500000,"adm3_psgc":1003515000,"adm4_psgc":1003515002,"adm4_en":"Bangco","geo_level":"Bgy","len_crs":11470,"area_crs":8035267,"len_km":11,"area_km2":8},"id":1003515002},{"arcs":[[9,10,11,12]],"type":"Polygon","properties":{"adm1_psgc":1000000000,"adm2_psgc":1003500000,"adm3_psgc":1003515000,"adm4_psgc":1003515003,"adm4_en":"Canibongan","geo_level":"Bgy","len_crs":10248,"area_crs":5534335,"len_km":10,"area_km2":5},"id":1003515003},{"arcs":[[-11,13,14,15,16]],"type":"Polygon","properties":{"adm1_psgc":1000000000,"adm2_psgc":1003500000,"adm3_psgc":1003515000,"adm4_psgc":1003515004,"adm4_en":"Karcum","geo_level":"Bgy","len_crs":6814,"area_crs":3106109,"len_km":6,"area_km2":3},"id":1003515004},{"arcs":[[17,18,19,-2,20]],"type":"Polygon","properties":{"adm1_psgc":1000000000,"adm2_psgc":1003500000,"adm3_psgc":1003515000,"adm4_psgc":1003515005,"adm4_en":"Dimayon","geo_level":"Bgy","len_crs":14645,"area_crs":8319388,"len_km":14,"area_km2":8},"id":1003515005},{"arcs":[[-10,21,22,23,24,25,26,-14]],"type":"Polygon","properties":{"adm1_psgc":1000000000,"adm2_psgc":1003500000,"adm3_psgc":1003515000,"adm4_psgc":1003515006,"adm4_en":"Inayawan","geo_level":"Bgy","len_crs":14899,"area_crs":8954626,"len_km":14,"area_km2":8},"id":1003515006},{"arcs":[[27,28,29,30]],"type":"Polygon","properties":{"adm1_psgc":1000000000,"adm2_psgc":1003500000,"adm3_psgc":1003515000,"adm4_psgc":1003515008,"adm4_en":"Kaludan","geo_level":"Bgy","len_crs":17995,"area_crs":14224301,"len_km":17,"area_km2":14},"id":1003515008},{"arcs":[[31,32,33,34,-21,-1,35]],"type":"Polygon","properties":{"adm1_psgc":1000000000,"adm2_psgc":1003500000,"adm3_psgc":1003515000,"adm4_psgc":1003515010,"adm4_en":"Katubuan","geo_level":"Bgy","len_crs":11111,"area_crs":5863550,"len_km":11,"area_km2":5},"id":1003515010},{"arcs":[[36,37,38,39]],"type":"Polygon","properties":{"adm1_psgc":1000000000,"adm2_psgc":1003500000,"adm3_psgc":1003515000,"adm4_psgc":1003515011,"adm4_en":"Cabasaran","geo_level":"Bgy","len_crs":15607,"area_crs":12863066,"len_km":15,"area_km2":12},"id":1003515011},{"arcs":[[-31,40,-37,41]],"type":"Polygon","properties":{"adm1_psgc":1000000000,"adm2_psgc":1003500000,"adm3_psgc":1003515000,"adm4_psgc":1003515012,"adm4_en":"Liangan","geo_level":"Bgy","len_crs":17924,"area_crs":15033554,"len_km":17,"area_km2":15},"id":1003515012},{"arcs":[[42,-18,-35,43]],"type":"Polygon","properties":{"adm1_psgc":1000000000,"adm2_psgc":1003500000,"adm3_psgc":1003515000,"adm4_psgc":1003515013,"adm4_en":"Lupitan","geo_level":"Bgy","len_crs":15694,"area_crs":12141555,"len_km":15,"area_km2":12},"id":1003515013},{"arcs":[[44,45,-33,46,47,48,-29]],"type":"Polygon","properties":{"adm1_psgc":1000000000,"adm2_psgc":1003500000,"adm3_psgc":1003515000,"adm4_psgc":1003515014,"adm4_en":"Mangan","geo_level":"Bgy","len_crs":20646,"area_crs":17350267,"len_km":20,"area_km2":17},"id":1003515014},{"arcs":[[-30,-49,49,-24,50]],"type":"Polygon","properties":{"adm1_psgc":1000000000,"adm2_psgc":1003500000,"adm3_psgc":1003515000,"adm4_psgc":1003515015,"adm4_en":"Malaig","geo_level":"Bgy","len_crs":18299,"area_crs":13691644,"len_km":18,"area_km2":13},"id":1003515015},{"arcs":[[51,52,-9,53,54]],"type":"Polygon","properties":{"adm1_psgc":1000000000,"adm2_psgc":1003500000,"adm3_psgc":1003515000,"adm4_psgc":1003515016,"adm4_en":"Masibay","geo_level":"Bgy","len_crs":15763,"area_crs":8644640,"len_km":15,"area_km2":8},"id":1003515016},{"arcs":[[55,-47,-32,56,-25]],"type":"Polygon","properties":{"adm1_psgc":1000000000,"adm2_psgc":1003500000,"adm3_psgc":1003515000,"adm4_psgc":1003515017,"adm4_en":"Poblacion","geo_level":"Bgy","len_crs":16455,"area_crs":8593963,"len_km":16,"area_km2":8},"id":1003515017},{"arcs":[[-27,57,-55,58,-15]],"type":"Polygon","properties":{"adm1_psgc":1000000000,"adm2_psgc":1003500000,"adm3_psgc":1003515000,"adm4_psgc":1003515018,"adm4_en":"Notongan","geo_level":"Bgy","len_crs":10175,"area_crs":5154173,"len_km":10,"area_km2":5},"id":1003515018},{"arcs":[[-36,59,-26,-57]],"type":"Polygon","properties":{"adm1_psgc":1000000000,"adm2_psgc":1003500000,"adm3_psgc":1003515000,"adm4_psgc":1003515019,"adm4_en":"Petadun","geo_level":"Bgy","len_crs":10224,"area_crs":2908521,"len_km":10,"area_km2":2},"id":1003515019},{"arcs":[[-5,60,-52,-58,-60]],"type":"Polygon","properties":{"adm1_psgc":1000000000,"adm2_psgc":1003500000,"adm3_psgc":1003515000,"adm4_psgc":1003515020,"adm4_en":"Panganapan","geo_level":"Bgy","len_crs":7100,"area_crs":2854750,"len_km":7,"area_km2":2},"id":1003515020},{"arcs":[[-39,61,-22,-13,62,63]],"type":"Polygon","properties":{"adm1_psgc":1000000000,"adm2_psgc":1003500000,"adm3_psgc":1003515000,"adm4_psgc":1003515021,"adm4_en":"Pantar","geo_level":"Bgy","len_crs":19851,"area_crs":24272651,"len_km":19,"area_km2":24},"id":1003515021},{"arcs":[[-4,-6,-53,-61]],"type":"Polygon","properties":{"adm1_psgc":1000000000,"adm2_psgc":1003500000,"adm3_psgc":1003515000,"adm4_psgc":1003515022,"adm4_en":"Paridi","geo_level":"Bgy","len_crs":9890,"area_crs":5031854,"len_km":9,"area_km2":5},"id":1003515022},{"arcs":[[64,-44,-34,-46]],"type":"Polygon","properties":{"adm1_psgc":1000000000,"adm2_psgc":1003500000,"adm3_psgc":1003515000,"adm4_psgc":1003515023,"adm4_en":"Rarab","geo_level":"Bgy","len_crs":12958,"area_crs":5999582,"len_km":12,"area_km2":5},"id":1003515023},{"arcs":[[-48,-56,-50]],"type":"Polygon","properties":{"adm1_psgc":1000000000,"adm2_psgc":1003500000,"adm3_psgc":1003515000,"adm4_psgc":1003515024,