{"type":"Topology","arcs":[[[714,724],[-44,-180]],[[670,544],[-62,43],[-109,36],[-34,44]],[[465,667],[65,40],[110,33],[74,-16]],[[266,563],[-5,-27],[-53,-35],[19,-42],[-36,-16],[-63,-51],[9,-24]],[[137,368],[-96,-38]],[[41,330],[-34,47],[-4,105]],[[3,482],[33,-1],[36,56],[46,12],[33,37],[62,3],[53,-26]],[[301,633],[49,-53],[15,-34],[46,-7]],[[411,539],[61,-99]],[[472,440],[-58,-85]],[[414,355],[-15,17],[-11,78],[-53,40],[-36,51],[-33,22]],[[266,563],[26,82]],[[292,645],[9,-12]],[[414,355],[-27,-47]],[[387,308],[-100,29],[-46,45]],[[241,382],[-104,-14]],[[670,544],[-68,18],[-20,-8],[-171,-15]],[[301,633],[35,33],[31,-10],[45,22],[53,-11]],[[421,883],[23,-8]],[[444,875],[-95,-84],[-18,-40],[-36,-20]],[[295,731],[-173,75]],[[122,806],[47,102],[71,132]],[[240,1040],[44,-39],[26,-52],[73,-2],[38,-64]],[[624,825],[42,-17],[68,7]],[[734,815],[-20,-91]],[[292,645],[3,86]],[[444,875],[70,-5],[66,-39],[44,-6]],[[480,1237],[-9,-123],[-11,-22]],[[460,1092],[-37,-73]],[[423,1019],[-150,85]],[[273,1104],[63,142]],[[336,1246],[60,-10],[84,1]],[[3,482],[-3,33],[43,153],[79,138]],[[387,308],[8,-32],[61,-38],[44,-85],[-21,-122],[-29,-16],[-107,-12],[-94,-3],[-19,44]],[[230,44],[-48,142],[39,52],[11,47],[-21,36],[30,61]],[[714,999],[28,-92]],[[742,907],[-78,16],[-88,34],[-38,35]],[[538,992],[5,26]],[[543,1018],[33,29],[138,-48]],[[230,44],[-48,3],[-13,52],[-78,134],[-50,97]],[[570,1338],[-90,-101]],[[336,1246],[11,111],[223,-19]],[[543,1018],[-16,35],[-67,39]],[[570,1338],[179,-35],[36,-109],[-18,-51],[-37,-49],[-16,-95]],[[742,907],[-8,-92]],[[624,825],[-64,83],[-30,60]],[[530,968],[8,24]],[[444,875],[25,44],[61,49]],[[421,883],[11,35],[-9,101]],[[240,1040],[33,64]],[[670,544],[-91,-40],[-45,2],[-62,-66]]],"transform":{"scale":[0.00011643749171974951,0.00009669261459100582],"translate":[120.5378136380001,17.30715998400006]},"objects":{"bgysubmuns-municity-1400119000":{"type":"GeometryCollection","geometries":[{"arcs":[[0,1,2]],"type":"Polygon","properties":{"adm1_psgc":1400000000,"adm2_psgc":1400100000,"adm3_psgc":1400119000,"adm4_psgc":1400119002,"adm4_en":"Bolbolo","geo_level":"Bgy","len_crs":9393,"area_crs":3840358,"len_km":9,"area_km2":3},"id":1400119002},{"arcs":[[3,4,5,6]],"type":"Polygon","properties":{"adm1_psgc":1400000000,"adm2_psgc":1400100000,"adm3_psgc":1400119000,"adm4_psgc":1400119003,"adm4_en":"Brookside","geo_level":"Bgy","len_crs":11010,"area_crs":4958074,"len_km":11,"area_km2":4},"id":1400119003},{"arcs":[[7,8,9,10,11,12]],"type":"Polygon","properties":{"adm1_psgc":1400000000,"adm2_psgc":1400100000,"adm3_psgc":1400119000,"adm4_psgc":1400119004,"adm4_en":"Ocup","geo_level":"Bgy","len_crs":9475,"area_crs":2625909,"len_km":9,"area_km2":2},"id":1400119004},{"arcs":[[13,14,15,-4,-11]],"type":"Polygon","properties":{"adm1_psgc":1400000000,"adm2_psgc":1400100000,"adm3_psgc":1400119000,"adm4_psgc":1400119005,"adm4_en":"Dalit","geo_level":"Bgy","len_crs":11788,"area_crs":4567997,"len_km":11,"area_km2":4},"id":1400119005},{"arcs":[[-2,16,-8,17]],"type":"Polygon","properties":{"adm1_psgc":1400000000,"adm2_psgc":1400100000,"adm3_psgc":1400119000,"adm4_psgc":1400119006,"adm4_en":"Dintan","geo_level":"Bgy","len_crs":10428,"area_crs":3442830,"len_km":10,"area_km2":3},"id":1400119006},{"arcs":[[18,19,20,21,22]],"type":"Polygon","properties":{"adm1_psgc":1400000000,"adm2_psgc":1400100000,"adm3_psgc":1400119000,"adm4_psgc":1400119007,"adm4_en":"Gapang","geo_level":"Bgy","len_crs":11563,"area_crs":6670664,"len_km":11,"area_km2":6},"id":1400119007},{"arcs":[[23,24,-3,-18,-13,25,-20,26]],"type":"Polygon","properties":{"adm1_psgc":1400000000,"adm2_psgc":1400100000,"adm3_psgc":1400119000,"adm4_psgc":1400119008,"adm4_en":"Kinabiti","geo_level":"Bgy","len_crs":15470,"area_crs":7481809,"len_km":15,"area_km2":7},"id":1400119008},{"arcs":[[27,28,29,30,31]],"type":"Polygon","properties":{"adm1_psgc":1400000000,"adm2_psgc":1400100000,"adm3_psgc":1400119000,"adm4_psgc":1400119009,"adm4_en":"Maliplipit","geo_level":"Bgy","len_crs":8083,"area_crs":4172118,"len_km":8,"area_km2":4},"id":1400119009},{"arcs":[[-26,-12,-7,32,-21]],"type":"Polygon","properties":{"adm1_psgc":1400000000,"adm2_psgc":1400100000,"adm3_psgc":1400119000,"adm4_psgc":1400119010,"adm4_en":"Nagcanasan","geo_level":"Bgy","len_crs":12674,"area_crs":6859884,"len_km":12,"area_km2":6},"id":1400119010},{"arcs":[[33,34,-15]],"type":"Polygon","properties":{"adm1_psgc":1400000000,"adm2_psgc":1400100000,"adm3_psgc":1400119000,"adm4_psgc":1400119011,"adm4_en":"Nanangduan","geo_level":"Bgy","len_crs":14603,"area_crs":10779959,"len_km":14,"area_km2":10},"id":1400119011},{"arcs":[[35,36,37,38]],"type":"Polygon","properties":{"adm1_psgc":1400000000,"adm2_psgc":1400100000,"adm3_psgc":1400119000,"adm4_psgc":1400119012,"adm4_en":"Narnara","geo_level":"Bgy","len_crs":6542,"area_crs":2140239,"len_km":6,"area_km2":2},"id":1400119012},{"arcs":[[39,-5,-16,-35]],"type":"Polygon","properties":{"adm1_psgc":1400000000,"adm2_psgc":1400100000,"adm3_psgc":1400119000,"adm4_psgc":1400119014,"adm4_en":"Pang-ot","geo_level":"Bgy","len_crs":11770,"area_crs":4269687,"len_km":11,"area_km2":4},"id":1400119014},{"arcs":[[40,-32,41]],"type":"Polygon","properties":{"adm1_psgc":1400000000,"adm2_psgc":1400100000,"adm3_psgc":1400119000,"adm4_psgc":1400119015,"adm4_en":"Patad","geo_level":"Bgy","len_crs":7710,"area_crs":2607830,"len_km":7,"area_km2":2},"id":1400119015},{"arcs":[[-39,42,-28,-41,43]],"type":"Polygon","properties":{"adm1_psgc":1400000000,"adm2_psgc":1400100000,"adm3_psgc":1400119000,"adm4_psgc":1400119016,"adm4_en":"Poblacion","geo_level":"Bgy","len_crs":13659,"area_crs":10309627,"len_km":13,"area_km2":10},"id":1400119016},{"arcs":[[44,-24,45,46,-37]],"type":"Polygon","properties":{"adm1_psgc":1400000000,"adm2_psgc":1400100000,"adm3_psgc":1400119000,"adm4_psgc":1400119017,"adm4_en":"San Juan East","geo_level":"Bgy","len_crs":7544,"area_crs":2549255,"len_km":7,"area_km2":2},"id":1400119017},{"arcs":[[-27,47,-46]],"type":"Polygon","properties":{"adm1_psgc":1400000000,"adm2_psgc":1400100000,"adm3_psgc":1400119000,"adm4_psgc":1400119018,"adm4_en":"San Juan West","geo_level":"Bgy","len_crs":5833,"area_crs":1339883,"len_km":5,"area_km2":1},"id":1400119018},{"arcs":[[-38,-47,-48,-19,48,-29,-43]],"type":"Polygon","properties":{"adm1_psgc":1400000000,"adm2_psgc":1400100000,"adm3_psgc":1400119000,"adm4_psgc":1400119019,"adm4_en":"South Balioag","geo_level":"Bgy","len_crs":6404,"area_crs":2076033,"len_km":6,"area_km2":2},"id":1400119019},{"arcs":[[-49,-23,49,-30]],"type":"Polygon","properties":{"adm1_psgc":1400000000,"adm2_psgc":1400100000,"adm3_psgc":1400119000,"adm4_psgc":1400119020,"adm4_en":"Tikitik","geo_level":"Bgy","len_crs":7960,"area_crs":2544064,"len_km":7,"area_km2":2},"id":1400119020},{"arcs":[[50,-9,-17]],"type":"Polygon","properties":{"adm1_psgc":1400000000,"adm2_psgc":1400100000,"adm3_psgc":1400119000,"adm4_psgc":1400119021,"adm4_en":"Villavieja","geo_level":"Bgy","len_crs":7362,"area_crs":1643792,"len_km":7,"area_km2":1},"id":1400119021}]}}}