{"type":"Topology","arcs":[[[569,969],[10,0],[76,-122]],[[655,847],[-210,-17]],[[445,830],[-8,96],[13,53],[27,10],[84,-30],[8,10]],[[252,1173],[75,-23],[48,-48]],[[375,1102],[10,-10],[-66,-86],[-17,-42],[-13,-111]],[[289,853],[-232,225],[-57,115],[0,35],[17,45],[24,21],[50,19],[12,-13],[-12,-59],[8,-44],[19,-40],[45,-39],[86,-55],[9,30],[-6,80]],[[1355,911],[20,-23],[12,-64],[43,21],[27,-17],[28,10],[11,-25],[-32,-51]],[[1464,762],[-231,-257]],[[1233,505],[-314,0]],[[919,505],[38,386],[6,28]],[[963,919],[140,26],[252,-34]],[[1781,461],[125,77],[53,18]],[[1959,556],[5,-41],[35,10],[44,-12],[34,31],[48,11],[19,47],[26,-3],[35,31],[44,-7],[4,-28],[-13,-30],[19,-23],[-31,-33],[7,-24],[30,-24],[15,-43],[-31,-30],[-45,-16],[13,-29],[61,17],[32,-7],[54,-42],[-14,-21],[-34,35],[-32,-10],[-1,-24],[48,-17],[24,-58],[-22,-31],[-39,17],[-33,-6],[-18,-19],[24,-57],[6,-50],[-27,-51],[-83,-19],[-15,29],[14,55],[-175,258],[-10,20],[-196,99]],[[1329,1100],[-239,85],[-162,71],[-25,53],[-18,18],[-40,-5],[-37,-41]],[[808,1281],[-17,25]],[[791,1306],[-31,83],[2,27],[110,72],[42,52]],[[914,1540],[59,29],[65,-9],[64,-25],[38,24],[7,26]],[[1147,1585],[17,0],[17,34],[30,23],[46,8],[21,-8],[10,-35],[-16,-67],[35,-324],[22,-116]],[[1329,1100],[26,-189]],[[963,919],[-146,47],[-39,40],[-26,47],[-34,12]],[[718,1065],[-4,44],[-30,42]],[[684,1151],[22,40],[98,24],[4,66]],[[1638,616],[10,-15],[21,-209]],[[1669,392],[-133,27],[-303,86]],[[1464,762],[34,-10],[8,-41],[62,-102],[30,-1],[-4,29],[-30,29],[39,44],[21,-19],[-3,-52],[17,-23]],[[684,1151],[-34,4]],[[650,1155],[-3,12],[-102,116]],[[545,1283],[22,23]],[[567,1306],[61,18],[-3,22],[39,20]],[[664,1366],[61,-45],[22,1],[23,-27],[21,11]],[[664,1366],[26,156],[-11,132],[21,25],[-50,28],[-32,33]],[[618,1740],[111,88]],[[729,1828],[144,-230],[41,-58]],[[729,1828],[42,34],[172,-131],[88,-100],[99,-17],[17,-29]],[[718,1065],[-39,-6],[-36,23]],[[643,1082],[11,43],[-4,30]],[[486,1415],[4,-14],[77,-95]],[[545,1283],[-116,-124]],[[429,1159],[-54,-57]],[[252,1173],[2,23],[32,86],[15,71],[85,22],[100,40]],[[919,505],[-264,342]],[[569,969],[8,19],[-26,75]],[[551,1063],[3,38],[89,-19]],[[445,830],[-156,23]],[[429,1159],[54,-63],[68,-33]],[[1781,461],[-112,-69]],[[1638,616],[29,20],[49,5],[25,-22],[64,7],[59,38],[60,-6],[8,46],[25,13],[24,-59],[-8,-26],[19,-39],[-33,-37]],[[486,1415],[21,8],[-137,154],[164,101],[84,62]]],"transform":{"scale":[0.00005574809560067331,0.000052586354994611467],"translate":[120.75393289700003,14.98107234200006]},"objects":{"bgysubmuns-municity-305417000":{"type":"GeometryCollection","geometries":[{"arcs":[[0,1,2]],"type":"Polygon","properties":{"adm1_psgc":300000000,"adm2_psgc":305400000,"adm3_psgc":305417000,"adm4_psgc":305417001,"adm4_en":"San Agustin","geo_level":"Bgy","len_crs":3844,"area_crs":836821,"len_km":3,"area_km2":0},"id":305417001},{"arcs":[[3,4,5]],"type":"Polygon","properties":{"adm1_psgc":300000000,"adm2_psgc":305400000,"adm3_psgc":305417000,"adm4_psgc":305417002,"adm4_en":"San Carlos","geo_level":"Bgy","len_crs":8803,"area_crs":2205790,"len_km":8,"area_km2":2},"id":305417002},{"arcs":[[6,7,8,9,10]],"type":"Polygon","properties":{"adm1_psgc":300000000,"adm2_psgc":305400000,"adm3_psgc":305417000,"adm4_psgc":305417003,"adm4_en":"San Isidro","geo_level":"Bgy","len_crs":10689,"area_crs":6465836,"len_km":10,"area_km2":6},"id":305417003},{"arcs":[[11,12]],"type":"Polygon","properties":{"adm1_psgc":300000000,"adm2_psgc":305400000,"adm3_psgc":305417000,"adm4_psgc":305417004,"adm4_en":"San Jose","geo_level":"Bgy","len_crs":15841,"area_crs":5117161,"len_km":15,"area_km2":5},"id":305417004},{"arcs":[[13,14,15,16,17]],"type":"Polygon","properties":{"adm1_psgc":300000000,"adm2_psgc":305400000,"adm3_psgc":305417000,"adm4_psgc":305417005,"adm4_en":"San Juan","geo_level":"Bgy","len_crs":11600,"area_crs":6105217,"len_km":11,"area_km2":6},"id":305417005},{"arcs":[[18,-11,19,20,21,-14]],"type":"Polygon","properties":{"adm1_psgc":300000000,"adm2_psgc":305400000,"adm3_psgc":305417000,"adm4_psgc":305417006,"adm4_en":"San Nicolas","geo_level":"Bgy","len_crs":10819,"area_crs":5623895,"len_km":10,"area_km2":5},"id":305417006},{"arcs":[[22,23,-8,24]],"type":"Polygon","properties":{"adm1_psgc":300000000,"adm2_psgc":305400000,"adm3_psgc":305417000,"adm4_psgc":305417008,"adm4_en":"San Roque","geo_level":"Bgy","len_crs":8991,"area_crs":3074619,"len_km":8,"area_km2":3},"id":305417008},{"arcs":[[-15,-22,25,26,27,28,29]],"type":"Polygon","properties":{"adm1_psgc":300000000,"adm2_psgc":305400000,"adm3_psgc":305417000,"adm4_psgc":305417009,"adm4_en":"San Sebastian","geo_level":"Bgy","len_crs":4748,"area_crs":1078549,"len_km":4,"area_km2":1},"id":305417009},{"arcs":[[-16,-30,30,31,32]],"type":"Polygon","properties":{"adm1_psgc":300000000,"adm2_psgc":305400000,"adm3_psgc":305417000,"adm4_psgc":305417010,"adm4_en":"Santa Catalina","geo_level":"Bgy","len_crs":8223,"area_crs":2499982,"len_km":8,"area_km2":2},"id":305417010},{"arcs":[[-17,-33,33]],"type":"Polygon","properties":{"adm1_psgc":300000000,"adm2_psgc":305400000,"adm3_psgc":305417000,"adm4_psgc":305417011,"adm4_en":"Santa Cruz Pambilog","geo_level":"Bgy","len_crs":6842,"area_crs":1702383,"len_km":6,"area_km2":1},"id":305417011},{"arcs":[[-21,34,35,-26]],"type":"Polygon","properties":{"adm1_psgc":300000000,"adm2_psgc":305400000,"adm3_psgc":305417000,"adm4_psgc":305417012,"adm4_en":"Santa Cruz Poblacion","geo_level":"Bgy","len_crs":1765,"area_crs":191870,"len_km":1,"area_km2":0},"id":305417012},{"arcs":[[36,-28,37,38,-4,39]],"type":"Polygon","properties":{"adm1_psgc":300000000,"adm2_psgc":305400000,"adm3_psgc":305417000,"adm4_psgc":305417013,"adm4_en":"Santa Lucia","geo_level":"Bgy","len_crs":5629,"area_crs":1924068,"len_km":5,"area_km2":1},"id":305417013},{"arcs":[[-35,-20,-10,40,-1,41,42]],"type":"Polygon","properties":{"adm1_psgc":300000000,"adm2_psgc":305400000,"adm3_psgc":305417000,"adm4_psgc":305417014,"adm4_en":"Santa Monica","geo_level":"Bgy","len_crs":9602,"area_crs":3870926,"len_km":9,"area_km2":3},"id":305417014},{"arcs":[[-42,-3,43,-5,-39,44]],"type":"Polygon","properties":{"adm1_psgc":300000000,"adm2_psgc":305400000,"adm3_psgc":305417000,"adm4_psgc":305417015,"adm4_en":"Santa Rita","geo_level":"Bgy","len_crs":6280,"area_crs":1682936,"len_km":6,"area_km2":1},"id":305417015},{"arcs":[[-12,45,-23,46]],"type":"Polygon","properties":{"adm1_psgc":300000000,"adm2_psgc":305400000,"adm3_psgc":305417000,"adm4_psgc":305417016,"adm4_en":"Santo Niño","geo_level":"Bgy","len_crs":7502,"area_crs":1898348,"len_km":7,"area_km2":1},"id":305417016},{"arcs":[[-29,-37,47,-31]],"type":"Polygon","properties":{"adm1_psgc":300000000,"adm2_psgc":305400000,"adm3_psgc":305417000,"adm4_psgc":305417017,"adm4_en":"Santo Rosario","geo_level":"Bgy","len_crs":7249,"area_crs":2834885,"len_km":7,"area_km2":2},"id":305417017},{"arcs":[[-36,-43,-45,-38,-27]],"type":"Polygon","properties":{"adm1_psgc":300000000,"adm2_psgc":305400000,"adm3_psgc":305417000,"adm4_psgc":305417018,"adm4_en":"Santo Tomas","geo_level":"Bgy","len_crs":4177,"area_crs":976612,"len_km":4,"area_km2":0},"id":305417018}]}}}