{"type":"Topology","arcs":[[[507,1156],[-12,-33],[20,-55],[-31,-43],[-6,-33]],[[478,992],[-180,11],[-84,47],[0,5]],[[214,1055],[61,115],[26,62]],[[301,1232],[47,-29],[137,-47],[22,0]],[[684,571],[-200,66]],[[484,637],[11,63],[-9,21],[-3,54]],[[483,775],[3,139],[-8,78]],[[507,1156],[34,87],[-4,41],[15,57]],[[552,1341],[87,-13],[283,32],[203,45],[349,82],[37,-226],[-51,-368],[-157,5],[-175,-287],[-131,-3],[-185,-7],[-90,-9],[-38,-21]],[[574,286],[-130,-180],[-29,-16]],[[415,90],[-65,66],[-33,41]],[[317,197],[39,88],[49,69],[16,32]],[[421,386],[153,-100]],[[483,775],[-41,-5],[-42,21],[-23,17],[-59,22],[-55,41],[-111,53]],[[152,924],[39,88],[23,43]],[[484,637],[-58,14],[-21,25],[-43,0],[-110,50],[1,19],[-13,41],[-36,8],[-53,36],[-24,2]],[[127,832],[13,32],[-1,30],[13,30]],[[301,1232],[32,91],[36,123],[66,-58],[43,-14],[50,-27],[24,-6]],[[684,571],[2,-96],[-4,-33],[-15,-35],[-45,-153]],[[622,254],[-48,32]],[[421,386],[11,16],[-12,82]],[[420,484],[9,35],[18,21],[22,52],[15,45]],[[420,484],[-26,7],[-98,18],[-60,2],[-107,38],[-44,7]],[[85,556],[9,40],[25,93],[9,44],[-1,99]],[[622,254],[29,-19],[-35,-133],[-24,-82],[-64,-20],[-81,5],[-32,85]],[[145,249],[-16,-4],[-47,16],[-30,15],[-52,15],[14,24],[-6,20],[32,52],[21,67],[16,68]],[[77,522],[21,-9],[21,-54],[38,-57],[6,-43],[-18,-110]],[[317,197],[-35,25],[-23,2],[-73,22],[-41,3]],[[77,522],[8,34]]],"transform":{"scale":[0.000047803476505613284,0.00004268037054471441],"translate":[121.94946465700004,10.812087950000032]},"objects":{"bgysubmuns-municity-600603000":{"type":"GeometryCollection","geometries":[{"arcs":[[0,1,2,3]],"type":"Polygon","properties":{"adm1_psgc":600000000,"adm2_psgc":600600000,"adm3_psgc":600603000,"adm4_psgc":600603001,"adm4_en":"Borocboroc","geo_level":"Bgy","len_crs":4521,"area_crs":1177079,"len_km":4,"area_km2":1},"id":600603001},{"arcs":[[4,5,6,-1,7,8]],"type":"Polygon","properties":{"adm1_psgc":600000000,"adm2_psgc":600600000,"adm3_psgc":600603000,"adm4_psgc":600603002,"adm4_en":"Buenavista","geo_level":"Bgy","len_crs":17144,"area_crs":17162270,"len_km":17,"area_km2":17},"id":600603002},{"arcs":[[9,10,11,12]],"type":"Polygon","properties":{"adm1_psgc":600000000,"adm2_psgc":600600000,"adm3_psgc":600603000,"adm4_psgc":600603003,"adm4_en":"Concepcion","geo_level":"Bgy","len_crs":3950,"area_crs":987798,"len_km":3,"area_km2":0},"id":600603003},{"arcs":[[-7,13,14,-2]],"type":"Polygon","properties":{"adm1_psgc":600000000,"adm2_psgc":600600000,"adm3_psgc":600603000,"adm4_psgc":600603004,"adm4_en":"Delima","geo_level":"Bgy","len_crs":5119,"area_crs":1349101,"len_km":5,"area_km2":1},"id":600603004},{"arcs":[[-6,15,16,-14]],"type":"Polygon","properties":{"adm1_psgc":600000000,"adm2_psgc":600600000,"adm3_psgc":600603000,"adm4_psgc":600603005,"adm4_en":"Ipil","geo_level":"Bgy","len_crs":5362,"area_crs":1053593,"len_km":5,"area_km2":1},"id":600603005},{"arcs":[[-8,-4,17]],"type":"Polygon","properties":{"adm1_psgc":600000000,"adm2_psgc":600600000,"adm3_psgc":600603000,"adm4_psgc":600603006,"adm4_en":"Maradiona","geo_level":"Bgy","len_crs":4346,"area_crs":1091162,"len_km":4,"area_km2":1},"id":600603006},{"arcs":[[18,19,-13,20,21,-5]],"type":"Polygon","properties":{"adm1_psgc":600000000,"adm2_psgc":600600000,"adm3_psgc":600603000,"adm4_psgc":600603007,"adm4_en":"Mojon","geo_level":"Bgy","len_crs":5172,"area_crs":1702272,"len_km":5,"area_km2":1},"id":600603007},{"arcs":[[-22,22,23,-16]],"type":"Polygon","properties":{"adm1_psgc":600000000,"adm2_psgc":600600000,"adm3_psgc":600603000,"adm4_psgc":600603008,"adm4_en":"Poblacion","geo_level":"Bgy","len_crs":6250,"area_crs":1876893,"len_km":6,"area_km2":1},"id":600603008},{"arcs":[[24,-10,-20]],"type":"Polygon","properties":{"adm1_psgc":600000000,"adm2_psgc":600600000,"adm3_psgc":600603000,"adm4_psgc":600603009,"adm4_en":"Rombang","geo_level":"Bgy","len_crs":3990,"area_crs":951212,"len_km":3,"area_km2":0},"id":600603009},{"arcs":[[25,26]],"type":"Polygon","properties":{"adm1_psgc":600000000,"adm2_psgc":600600000,"adm3_psgc":600603000,"adm4_psgc":600603010,"adm4_en":"Salvacion","geo_level":"Bgy","len_crs":3545,"area_crs":644949,"len_km":3,"area_km2":0},"id":600603010},{"arcs":[[-21,-12,27,-27,28,-23]],"type":"Polygon","properties":{"adm1_psgc":600000000,"adm2_psgc":600600000,"adm3_psgc":600603000,"adm4_psgc":600603011,"adm4_en":"Sinaja","geo_level":"Bgy","len_crs":5949,"area_crs":1814208,"len_km":5,"area_km2":1},"id":600603011}]}}}