{"type":"Topology","arcs":[[[385,941],[9,-49]],[[394,892],[65,-129]],[[459,763],[-3,-104]],[[456,659],[-36,2]],[[420,661],[-49,43]],[[371,704],[-53,20]],[[318,724],[46,68],[-56,154]],[[308,946],[77,-5]],[[193,814],[13,-64]],[[206,750],[-24,-93],[19,-18]],[[201,639],[-64,-45]],[[137,594],[-38,81],[-70,22],[112,142]],[[141,839],[52,-25]],[[634,744],[-11,-48]],[[623,696],[-85,-48]],[[538,648],[-48,124]],[[490,772],[144,-28]],[[422,319],[-74,-26]],[[348,293],[-67,-37]],[[281,256],[-24,108]],[[257,364],[19,57]],[[276,421],[129,-48],[17,-54]],[[257,364],[-167,5]],[[90,369],[-54,-6]],[[36,363],[25,62]],[[61,425],[230,55]],[[291,480],[-15,-59]],[[456,659],[20,-77]],[[476,582],[-65,-10],[9,89]],[[655,381],[8,58],[-134,2]],[[529,441],[-19,49]],[[510,490],[51,61]],[[561,551],[47,-17],[59,18]],[[667,552],[35,7]],[[702,559],[-1,-141],[-46,-37]],[[328,583],[18,-33],[55,0]],[[401,550],[48,-54]],[[449,496],[-28,-29]],[[421,467],[-130,13]],[[291,480],[-23,70]],[[268,550],[-6,48]],[[262,598],[66,-15]],[[422,319],[43,-2]],[[465,317],[33,-1]],[[498,316],[25,-112]],[[523,204],[-83,17],[-47,-30]],[[393,191],[-45,102]],[[655,381],[-33,-114],[-50,-82]],[[572,185],[-49,19]],[[498,316],[9,86],[22,39]],[[281,256],[-25,-32]],[[256,224],[-67,27],[-97,60],[-2,58]],[[421,467],[3,-41],[41,-109]],[[141,839],[5,38],[86,49]],[[232,926],[15,-51],[-54,-61]],[[301,721],[-59,-107]],[[242,614],[-41,25]],[[206,750],[95,-29]],[[371,704],[-43,-121]],[[262,598],[-20,16]],[[301,721],[17,3]],[[633,597],[-68,18]],[[565,615],[-27,33]],[[623,696],[10,-99]],[[393,191],[-1,-59],[-41,-60]],[[351,72],[-150,91]],[[201,163],[55,61]],[[201,163],[-145,93],[-56,23],[36,84]],[[576,1005],[-27,-67],[-86,-48],[-69,2]],[[385,941],[45,32],[58,-6],[55,43],[33,-5]],[[496,534],[-47,-38]],[[401,550],[60,9]],[[461,559],[35,-25]],[[496,534],[14,-44]],[[565,615],[-89,-33]],[[459,763],[31,9]],[[61,425],[17,70],[60,81]],[[138,576],[28,-31],[102,5]],[[138,576],[-1,18]],[[572,185],[-11,-89],[7,-96],[-217,72]],[[633,597],[34,-45]],[[561,551],[-62,23]],[[499,574],[-23,8]],[[664,754],[-30,-10]],[[576,1005],[51,-58],[-59,-116],[96,-77]],[[461,559],[38,15]],[[664,754],[47,-11],[16,-121],[-25,-63]],[[232,926],[76,20]]],"transform":{"scale":[0.00016530943741397872,0.0001552819623762119],"translate":[122.85030390400004,11.14763981400006]},"objects":{"bgysubmuns-municity-603027000":{"type":"GeometryCollection","geometries":[{"arcs":[[0,1,2,3,4,5,6,7]],"type":"Polygon","properties":{"adm1_psgc":600000000,"adm2_psgc":603000000,"adm3_psgc":603027000,"adm4_psgc":603027001,"adm4_en":"Agpipili","geo_level":"Bgy","len_crs":14349,"area_crs":6778268,"len_km":14,"area_km2":6},"id":603027001},{"arcs":[[8,9,10,11,12]],"type":"Polygon","properties":{"adm1_psgc":600000000,"adm2_psgc":603000000,"adm3_psgc":603027000,"adm4_psgc":603027002,"adm4_en":"Alcantara","geo_level":"Bgy","len_crs":12206,"area_crs":6718802,"len_km":12,"area_km2":6},"id":603027002},{"arcs":[[13,14,15,16]],"type":"Polygon","properties":{"adm1_psgc":600000000,"adm2_psgc":603000000,"adm3_psgc":603027000,"adm4_psgc":603027003,"adm4_en":"Almeñana","geo_level":"Bgy","len_crs":7657,"area_crs":2758231,"len_km":7,"area_km2":2},"id":603027003},{"arcs":[[17,18,19,20,21]],"type":"Polygon","properties":{"adm1_psgc":600000000,"adm2_psgc":603000000,"adm3_psgc":603027000,"adm4_psgc":603027004,"adm4_en":"Anabo","geo_level":"Bgy","len_crs":9427,"area_crs":5069116,"len_km":9,"area_km2":5},"id":603027004},{"arcs":[[-21,22,23,24,25,26]],"type":"Polygon","properties":{"adm1_psgc":600000000,"adm2_psgc":603000000,"adm3_psgc":603027000,"adm4_psgc":603027005,"adm4_en":"Bankal","geo_level":"Bgy","len_crs":12220,"area_crs":5951548,"len_km":12,"area_km2":5},"id":603027005},{"arcs":[[27,28,-4]],"type":"Polygon","properties":{"adm1_psgc":600000000,"adm2_psgc":603000000,"adm3_psgc":603027000,"adm4_psgc":603027006,"adm4_en":"Buenavista","geo_level":"Bgy","len_crs":4840,"area_crs":1517834,"len_km":4,"area_km2":1},"id":603027006},{"arcs":[[29,30,31,32,33,34]],"type":"Polygon","properties":{"adm1_psgc":600000000,"adm2_psgc":603000000,"adm3_psgc":603027000,"adm4_psgc":603027007,"adm4_en":"Cabantohan","geo_level":"Bgy","len_crs":12200,"area_crs":6090940,"len_km":12,"area_km2":6},"id":603027007},{"arcs":[[35,36,37,38,39,40,41]],"type":"Polygon","properties":{"adm1_psgc":600000000,"adm2_psgc":603000000,"adm3_psgc":603027000,"adm4_psgc":603027008,"adm4_en":"Capiñahan","geo_level":"Bgy","len_crs":9557,"area_crs":4805614,"len_km":9,"area_km2":4},"id":603027008},{"arcs":[[42,43,44,45,46,-18]],"type":"Polygon","properties":{"adm1_psgc":600000000,"adm2_psgc":603000000,"adm3_psgc":603027000,"adm4_psgc":603027009,"adm4_en":"Dalipe","geo_level":"Bgy","len_crs":9632,"area_crs":4844312,"len_km":9,"area_km2":4},"id":603027009},{"arcs":[[47,48,-45,49,-30]],"type":"Polygon","properties":{"adm1_psgc":600000000,"adm2_psgc":603000000,"adm3_psgc":603027000,"adm4_psgc":603027010,"adm4_en":"Dapdapan","geo_level":"Bgy","len_crs":12421,"area_crs":9448175,"len_km":12,"area_km2":9},"id":603027010},{"arcs":[[-20,50,51,-23]],"type":"Polygon","properties":{"adm1_psgc":600000000,"adm2_psgc":603000000,"adm3_psgc":603027000,"adm4_psgc":603027011,"adm4_en":"Gerongan","geo_level":"Bgy","len_crs":10428,"area_crs":5524058,"len_km":10,"area_km2":5},"id":603027011},{"arcs":[[52,-43,-22,-27,-39]],"type":"Polygon","properties":{"adm1_psgc":600000000,"adm2_psgc":603000000,"adm3_psgc":603027000,"adm4_psgc":603027012,"adm4_en":"Imbaulan","geo_level":"Bgy","len_crs":10531,"area_crs":4092940,"len_km":10,"area_km2":4},"id":603027012},{"arcs":[[-13,53,54]],"type":"Polygon","properties":{"adm1_psgc":600000000,"adm2_psgc":603000000,"adm3_psgc":603027000,"adm4_psgc":603027013,"adm4_en":"Layogbato","geo_level":"Bgy","len_crs":6388,"area_crs":2659050,"len_km":6,"area_km2":2},"id":603027013},{"arcs":[[55,56,-10,57]],"type":"Polygon","properties":{"adm1_psgc":600000000,"adm2_psgc":603000000,"adm3_psgc":603027000,"adm4_psgc":603027014,"adm4_en":"Marapal","geo_level":"Bgy","len_crs":7008,"area_crs":3152242,"len_km":7,"area_km2":3},"id":603027014},{"arcs":[[58,-42,59,-56,60,-6]],"type":"Polygon","properties":{"adm1_psgc":600000000,"adm2_psgc":603000000,"adm3_psgc":603027000,"adm4_psgc":603027015,"adm4_en":"Milan","geo_level":"Bgy","len_crs":7475,"area_crs":3363786,"len_km":7,"area_km2":3},"id":603027015},{"arcs":[[61,62,-15,63]],"type":"Polygon","properties":{"adm1_psgc":600000000,"adm2_psgc":603000000,"adm3_psgc":603027000,"adm4_psgc":603027016,"adm4_en":"Nagsulang","geo_level":"Bgy","len_crs":5888,"area_crs":1950630,"len_km":5,"area_km2":1},"id":603027016},{"arcs":[[64,65,66,-51,-19,-47]],"type":"Polygon","properties":{"adm1_psgc":600000000,"adm2_psgc":603000000,"adm3_psgc":603027000,"adm4_psgc":603027017,"adm4_en":"Nasapahan","geo_level":"Bgy","len_crs":10892,"area_crs":7371956,"len_km":10,"area_km2":7},"id":603027017},{"arcs":[[-67,67,-24,-52]],"type":"Polygon","properties":{"adm1_psgc":600000000,"adm2_psgc":603000000,"adm3_psgc":603027000,"adm4_psgc":603027018,"adm4_en":"Omio","geo_level":"Bgy","len_crs":12736,"area_crs":6438882,"len_km":12,"area_km2":6},"id":603027018},{"arcs":[[68,-1,69]],"type":"Polygon","properties":{"adm1_psgc":600000000,"adm2_psgc":603000000,"adm3_psgc":603027000,"adm4_psgc":603027019,"adm4_en":"Pacuan","geo_level":"Bgy","len_crs":10056,"area_crs":4211602,"len_km":10,"area_km2":4},"id":603027019},{"arcs":[[70,-37,71,72]],"type":"Polygon","properties":{"adm1_psgc":600000000,"adm2_psgc":603000000,"adm3_psgc":603027000,"adm4_psgc":603027020,"adm4_en":"Poblacion NW Zone","geo_level":"Bgy","len_crs":4617,"area_crs":888765,"len_km":4,"area_km2":0},"id":603027020},{"arcs":[[-31,-50,-44,-53,-38,-71,73]],"type":"Polygon","properties":{"adm1_psgc":600000000,"adm2_psgc":603000000,"adm3_psgc":603027000,"adm4_psgc":603027021,"adm4_en":"Poblacion SE Zone","geo_level":"Bgy","len_crs":9310,"area_crs":4220465,"len_km":9,"area_km2":4},"id":603027021},{"arcs":[[-16,-63,74,-28,-3,75]],"type":"Polygon","properties":{"adm1_psgc":600000000,"adm2_psgc":603000000,