{"type":"Topology","arcs":[[[531,504],[-3,-75]],[[528,429],[-50,-28]],[[478,401],[-132,88]],[[346,489],[-2,23]],[[344,512],[39,25],[88,-6],[60,-27]],[[1094,919],[-18,-24],[-114,-55],[-70,-55],[-47,-65]],[[845,720],[-45,39]],[[800,759],[48,29],[51,73],[116,64]],[[1015,925],[50,25],[29,-31]],[[984,778],[-50,-51],[-19,-52]],[[915,675],[-70,45]],[[1094,919],[17,-50],[-127,-91]],[[327,604],[-59,28],[-102,13]],[[166,645],[-31,38],[5,62],[46,23]],[[186,768],[34,8],[116,82]],[[336,858],[-9,-254]],[[800,759],[-33,-49],[-69,-67],[-60,-31]],[[638,612],[-32,-28]],[[606,584],[-15,67]],[[591,651],[40,47],[37,14],[39,75],[22,9]],[[729,796],[71,-37]],[[835,464],[-22,19]],[[813,483],[102,192]],[[984,778],[11,-32],[83,-67],[-56,-75],[-40,-2],[-54,-73],[-93,-65]],[[591,651],[-22,-2]],[[569,649],[10,34],[-25,53]],[[554,736],[-43,92],[-100,73]],[[411,901],[19,52],[113,6]],[[543,959],[67,-32],[100,-93],[19,-38]],[[554,736],[-67,-38],[4,-48],[-95,-48]],[[396,602],[-69,2]],[[336,858],[75,43]],[[544,231],[-4,-5]],[[540,226],[-38,-128],[-24,-51],[-62,25],[-18,128],[57,-1],[32,50]],[[487,249],[57,-18]],[[712,503],[-11,-100],[-31,-27]],[[670,376],[-73,4],[-42,37]],[[555,417],[66,32],[64,61],[27,-7]],[[606,584],[-24,-71],[-51,-9]],[[344,512],[-17,92]],[[396,602],[147,-7],[26,54]],[[611,87],[56,59],[66,46]],[[733,192],[11,-72],[83,-69],[-16,-51],[-107,16],[-39,47],[-54,24]],[[326,424],[17,-88],[85,-23],[-6,-22]],[[422,291],[-93,-36],[-55,26],[-75,124],[5,57]],[[204,462],[45,-9],[38,-44],[39,15]],[[752,1135],[22,-111],[51,-82]],[[825,942],[-14,-44],[-82,-102]],[[543,959],[31,212]],[[574,1171],[178,-36]],[[203,1019],[58,2],[38,-24],[38,-54],[74,-42]],[[186,768],[5,57],[-72,-10],[-71,44],[-48,10],[13,115],[69,69],[121,-34]],[[825,942],[88,16],[72,48],[30,-7],[0,-74]],[[203,1019],[-2,216],[156,39]],[[357,1274],[127,2],[90,-105]],[[672,1302],[-98,-131]],[[357,1274],[33,34],[47,8],[64,-23],[99,29],[72,-20]],[[719,516],[-7,-13]],[[555,417],[-27,12]],[[638,612],[46,-41],[35,-55]],[[346,489],[-20,-65]],[[204,462],[-13,31],[29,57]],[[220,550],[50,-14],[76,-47]],[[835,464],[-10,-117],[-44,-81],[-64,-17]],[[717,249],[-37,1],[-14,57]],[[666,307],[4,69]],[[719,516],[47,-31],[47,-2]],[[478,401],[6,-24],[93,-121]],[[577,256],[-33,-25]],[[487,249],[-35,45],[-30,-3]],[[845,720],[-49,-65],[-43,-29],[-3,-54],[-31,-56]],[[220,550],[-54,95]],[[666,307],[-89,-51]],[[717,249],[16,-57]],[[611,87],[-17,83],[-54,56]],[[672,1302],[3,-49],[85,-68],[-8,-50]]],"transform":{"scale":[0.00013564822592254032,0.00013869831240546714],"translate":[123.35386243700009,8.053373881000027]},"objects":{"bgysubmuns-municity-907315000":{"type":"GeometryCollection","geometries":[{"arcs":[[0,1,2,3,4]],"type":"Polygon","properties":{"adm1_psgc":900000000,"adm2_psgc":907300000,"adm3_psgc":907315000,"adm4_psgc":907315001,"adm4_en":"Bag-ong Balamban","geo_level":"Bgy","len_crs":8295,"area_crs":3709942,"len_km":8,"area_km2":3},"id":907315001},{"arcs":[[5,6,7,8]],"type":"Polygon","properties":{"adm1_psgc":900000000,"adm2_psgc":907300000,"adm3_psgc":907315000,"adm4_psgc":907315002,"adm4_en":"Bag-ong Dalaguete","geo_level":"Bgy","len_crs":11719,"area_crs":3794180,"len_km":11,"area_km2":3},"id":907315002},{"arcs":[[9,10,-6,11]],"type":"Polygon","properties":{"adm1_psgc":900000000,"adm2_psgc":907300000,"adm3_psgc":907315000,"adm4_psgc":907315003,"adm4_en":"Marabanan","geo_level":"Bgy","len_crs":11552,"area_crs":4217499,"len_km":11,"area_km2":4},"id":907315003},{"arcs":[[12,13,14,15]],"type":"Polygon","properties":{"adm1_psgc":900000000,"adm2_psgc":907300000,"adm3_psgc":907315000,"adm4_psgc":907315004,"adm4_en":"Boniao","geo_level":"Bgy","len_crs":11908,"area_crs":6929184,"len_km":11,"area_km2":6},"id":907315004},{"arcs":[[16,17,18,19,20]],"type":"Polygon","properties":{"adm1_psgc":900000000,"adm2_psgc":907300000,"adm3_psgc":907315000,"adm4_psgc":907315005,"adm4_en":"Delusom","geo_level":"Bgy","len_crs":10268,"area_crs":3958003,"len_km":10,"area_km2":3},"id":907315005},{"arcs":[[21,22,-10,23]],"type":"Polygon","properties":{"adm1_psgc":900000000,"adm2_psgc":907300000,"adm3_psgc":907315000,"adm4_psgc":907315006,"adm4_en":"Diwan","geo_level":"Bgy","len_crs":14728,"area_crs":6996773,"len_km":14,"area_km2":6},"id":907315006},{"arcs":[[-20,24,25,26,27,28]],"type":"Polygon","properties":{"adm1_psgc":900000000,"adm2_psgc":907300000,"adm3_psgc":907315000,"adm4_psgc":907315007,"adm4_en":"Guripan","geo_level":"Bgy","len_crs":15701,"area_crs":10825918,"len_km":15,"area_km2":10},"id":907315007},{"arcs":[[29,30,-16,31,-27]],"type":"Polygon","properties":{"adm1_psgc":900000000,"adm2_psgc":907300000,"adm3_psgc":907315000,"adm4_psgc":907315008,"adm4_en":"Kaangayan","geo_level":"Bgy","len_crs":13276,"area_crs":10594490,"len_km":13,"area_km2":10},"id":907315008},{"arcs":[[32,33,34]],"type":"Polygon","properties":{"adm1_psgc":900000000,"adm2_psgc":907300000,"adm3_psgc":907315000,"adm4_psgc":907315009,"adm4_en":"Kabuhi","geo_level":"Bgy","len_crs":9535,"area_crs":4218838,"len_km":9,"area_km2":4},"id":907315009},{"arcs":[[35,36,37]],"type":"Polygon","properties":{"adm1_psgc":900000000,"adm2_psgc":907300000,"adm3_psgc":907315000,"adm4_psgc":907315011,"adm4_en":"Lourmah","geo_level":"Bgy","len_crs":8467,"area_crs":2746407,"len_km":8,"area_km2":2},"id":907315011},{"arcs":[[38,-5,39,-31,40,-25,-19]],"type":"Polygon","properties":{"adm1_psgc":900000000,"adm2_psgc":907300000,"adm3_psgc":907315000,"adm4_psgc":907315012,"adm4_en":"Lower Salug Daku","geo_level":"Bgy","len_crs":12142,"area_crs":5198722,"len_km":12,"area_km2":5},"id":907315012},{"arcs":[[41,42]],"type":"Polygon","properties":{"adm1_psgc":900000000,"adm2_psgc":907300000,"adm3_psgc":907315000,"adm4_psgc":907315013,"adm4_en":"Lower Santo Niño","geo_level":"Bgy","len_crs":13459,"area_crs":5253462,"len_km":13,"area_km2":5},"id":907315013},{"arcs":[[43,44,45]],"type":"Polygon","properties":{"adm1_psgc":900000000,"adm2_psgc":907300000,"adm3_psgc":907315000,"adm4_psgc":907315014,"adm4_en":"Sicpao","geo_level":"Bgy","len_crs":12272,"area_crs":5189714,"len_km":12,"area_km2":5},"id":907315014},{"arcs":[[46,47,-29,48,49]],"type":"Polygon","properties":{"adm1_psgc":900000000,"adm2_psgc":907300000,"adm3_psgc":907315000,"adm4_psgc":907315015,"adm4_en":"Malubo","geo_level":"Bgy","len_crs":16110,"area_crs":14128444,"len_km":16,"area_km2":14},"id":907315015},{"arcs":[[50,-32,-15,51]],"type":"Polygon","properties":{"adm1_psgc":900000000,"adm2_psgc":907300000,"adm3_psgc":907315000,"adm4_psgc":907315016,"adm4_en":"Manguiles","geo_level":"Bgy","len_crs":20008,"area_crs":15098970,"len_km":20,"area_km2":15},"id":907315016},{"arcs":[[-8,-21,-48,52]],"type":"Polygon","properties":{"adm1_psgc":900000000,"adm2_psgc":907300000,"adm3_psgc":907315000,"adm4_psgc":907315017,"adm4_en":"Panagaan","geo_level":"Bgy","len_crs":13137,"area_crs":6663767,"len_km":13,"area_km2":6},"id":907315017},{"arcs":[[-49,-28,-51,53,54]],"type":"Polygon","properties":{"adm1_psgc":900000000,"adm2_psgc":907300000,"adm3_psgc":907315000,"adm4_psgc":907315018,"adm4_en":"Paraiso","geo_level":"Bgy","len_crs":19424,"area_crs":23908962,"len_km":19,"area_km2":23},"id":907315018},{"arcs":[[55,-55,56]],"type":"Polygon","properties":{"adm1_psgc":900000000,"adm2_psgc":907300000,"adm3_psgc":907315000,"adm4_psgc":907315019,"adm4_en":"Pedagan","geo_level":"Bgy","len_crs":11640,"area_crs":4252959,"len_km":11,"area_km2":4},"id":907315019},{"arcs":[[57,-38,58,-1,-39,-18,59]],"type":"Polygon","properties":{"adm1_psgc":900000000,"adm2_psgc":907300000,"adm3_psgc":907315000,"adm4_psgc":907315020,"adm4_en":"Poblacion","geo_level":"Bgy","len_crs":9817,"area_crs":3855675,"len_km":9,"area_km2":3},"id":907315020},{"arcs":[[60,-46,61,62]],"type":"Polygon","properties":{"adm1_psgc":900000000,"adm2_psgc":907300000,"adm3_psgc":907315000,"adm4_psgc":907315021,"adm4_en":"Pugwan","geo_level":"Bgy","len_crs":7585,"area_crs":3022669,"len_km":7,"area_km2":3},"id":907315021},{"arcs":[[-22,63,64,65,-36,-58,66]],"type":"Polygon","properties":{"adm1_psgc":900000000,"adm2_psgc":907300000,