{"type":"Topology","arcs":[[[186,323],[-12,-10],[-97,-1]],[[77,312],[-71,20]],[[6,332],[31,83],[-3,30],[23,102],[25,6],[89,4],[106,12]],[[277,569],[-95,-228],[4,-18]],[[642,4],[-58,-4],[-1,32],[-34,-5]],[[549,27],[2,49]],[[551,76],[45,168]],[[596,244],[61,60]],[[657,304],[58,-134],[-37,-117],[-36,-49]],[[309,380],[4,-51],[-11,-50]],[[302,279],[-42,46],[-28,-9],[-29,5]],[[203,321],[-17,2]],[[277,569],[12,-89],[20,-100]],[[77,312],[-7,-20],[-27,-20]],[[43,272],[-16,-29],[-23,-4]],[[4,239],[-4,76],[6,17]],[[203,321],[-4,-81]],[[199,240],[-14,-4],[-111,38],[-31,-2]],[[199,240],[29,8],[7,-31]],[[235,217],[3,-29],[-31,-21]],[[207,167],[-34,0],[15,50],[-50,2],[-36,19],[-21,-16],[-16,23],[-35,-18],[-26,12]],[[838,293],[-181,11]],[[596,244],[-100,3],[-64,-2]],[[432,245],[-53,50],[-29,14],[-48,-30]],[[309,380],[40,-13],[20,-54],[21,-7]],[[390,306],[22,-10],[82,82],[200,108]],[[694,486],[144,-193]],[[277,569],[165,363]],[[442,932],[5,-228],[150,-74],[-1,-72],[-185,-124],[-21,-128]],[[551,76],[-30,-22],[-57,9],[-34,-51]],[[430,12],[-41,-9],[-13,19],[-42,36],[3,24],[-11,28],[-49,4]],[[277,114],[22,13],[12,22],[-8,70]],[[303,219],[42,3],[87,23]],[[838,293],[215,-248],[-211,-37],[-121,4],[-30,-12],[-49,4]],[[549,27],[-45,-20],[-74,5]],[[442,932],[295,31],[-43,-477]],[[277,114],[-55,8],[0,23],[-15,22]],[[235,217],[68,2]]],"transform":{"scale":[0.00005934176353273443,0.00006683787954315273],"translate":[120.46373181800004,17.218915388000024]},"objects":{"bgysubmuns-municity-102902000":{"type":"GeometryCollection","geometries":[{"arcs":[[0,1,2,3]],"type":"Polygon","properties":{"adm1_psgc":100000000,"adm2_psgc":102900000,"adm3_psgc":102902000,"adm4_psgc":102902001,"adm4_en":"Bagbagotot","geo_level":"Bgy","len_crs":6246,"area_crs":2137457,"len_km":6,"area_km2":2},"id":102902001},{"arcs":[[4,5,6,7,8]],"type":"Polygon","properties":{"adm1_psgc":100000000,"adm2_psgc":102900000,"adm3_psgc":102902000,"adm4_psgc":102902002,"adm4_en":"Banbanaal","geo_level":"Bgy","len_crs":5464,"area_crs":1465150,"len_km":5,"area_km2":1},"id":102902002},{"arcs":[[9,10,11,-4,12]],"type":"Polygon","properties":{"adm1_psgc":100000000,"adm2_psgc":102900000,"adm3_psgc":102902000,"adm4_psgc":102902004,"adm4_en":"Bisangol","geo_level":"Bgy","len_crs":5217,"area_crs":851898,"len_km":5,"area_km2":0},"id":102902004},{"arcs":[[13,14,15,-2]],"type":"Polygon","properties":{"adm1_psgc":100000000,"adm2_psgc":102900000,"adm3_psgc":102902000,"adm4_psgc":102902005,"adm4_en":"Cadanglaan","geo_level":"Bgy","len_crs":1951,"area_crs":202691,"len_km":1,"area_km2":0},"id":102902005},{"arcs":[[16,17,-14,-1,-12]],"type":"Polygon","properties":{"adm1_psgc":100000000,"adm2_psgc":102900000,"adm3_psgc":102902000,"adm4_psgc":102902006,"adm4_en":"Casilagan Norte","geo_level":"Bgy","len_crs":2967,"area_crs":373547,"len_km":2,"area_km2":0},"id":102902006},{"arcs":[[18,19,20,-15,-18]],"type":"Polygon","properties":{"adm1_psgc":100000000,"adm2_psgc":102900000,"adm3_psgc":102902000,"adm4_psgc":102902007,"adm4_en":"Casilagan Sur","geo_level":"Bgy","len_crs":4535,"area_crs":411400,"len_km":4,"area_km2":0},"id":102902007},{"arcs":[[21,-8,22,23,-10,24,25,26]],"type":"Polygon","properties":{"adm1_psgc":100000000,"adm2_psgc":102900000,"adm3_psgc":102902000,"adm4_psgc":102902008,"adm4_en":"Elefante","geo_level":"Bgy","len_crs":9830,"area_crs":2763099,"len_km":9,"area_km2":2},"id":102902008},{"arcs":[[-25,-13,27,28]],"type":"Polygon","properties":{"adm1_psgc":100000000,"adm2_psgc":102900000,"adm3_psgc":102902000,"adm4_psgc":102902009,"adm4_en":"Guardia","geo_level":"Bgy","len_crs":10879,"area_crs":3957203,"len_km":10,"area_km2":3},"id":102902009},{"arcs":[[-7,29,30,31,32,-23]],"type":"Polygon","properties":{"adm1_psgc":100000000,"adm2_psgc":102900000,"adm3_psgc":102902000,"adm4_psgc":102902010,"adm4_en":"Lintic","geo_level":"Bgy","len_crs":6638,"area_crs":2374116,"len_km":6,"area_km2":2},"id":102902010},{"arcs":[[33,-9,-22]],"type":"Polygon","properties":{"adm1_psgc":100000000,"adm2_psgc":102900000,"adm3_psgc":102902000,"adm4_psgc":102902011,"adm4_en":"Lopez","geo_level":"Bgy","len_crs":8465,"area_crs":3495557,"len_km":8,"area_km2":3},"id":102902011},{"arcs":[[34,-30,-6]],"type":"Polygon","properties":{"adm1_psgc":100000000,"adm2_psgc":102900000,"adm3_psgc":102902000,"adm4_psgc":102902012,"adm4_en":"Montero","geo_level":"Bgy","len_crs":2233,"area_crs":220953,"len_km":2,"area_km2":0},"id":102902012},{"arcs":[[-26,-29,35]],"type":"Polygon","properties":{"adm1_psgc":100000000,"adm2_psgc":102900000,"adm3_psgc":102902000,"adm4_psgc":102902013,"adm4_en":"Naguimba","geo_level":"Bgy","len_crs":13650,"area_crs":5753815,"len_km":13,"area_km2":5},"id":102902013},{"arcs":[[36,-20,37,-32]],"type":"Polygon","properties":{"adm1_psgc":100000000,"adm2_psgc":102900000,"adm3_psgc":102902000,"adm4_psgc":102902014,"adm4_en":"Pila","geo_level":"Bgy","len_crs":2711,"area_crs":375712,"len_km":2,"area_km2":0},"id":102902014},{"arcs":[[-24,-33,-38,-19,-17,-11]],"type":"Polygon","properties":{"adm1_psgc":100000000,"adm2_psgc":102900000,"adm3_psgc":102902000,"adm4_psgc":102902015,"adm4_en":"Poblacion","geo_level":"Bgy","len_crs":4590,"area_crs":735497,"len_km":4,"area_km2":0},"id":102902015}]}}}