{"type":"Topology","arcs":[[[99,468],[19,-45]],[[118,423],[64,-64]],[[182,359],[-31,-52]],[[151,307],[-42,3]],[[109,310],[-10,57]],[[99,367],[-62,119]],[[37,486],[12,41]],[[49,527],[50,-59]],[[269,218],[113,-1]],[[382,217],[75,-14]],[[457,203],[-33,-58]],[[424,145],[-171,-1]],[[253,144],[-4,31]],[[249,175],[-3,43]],[[246,218],[23,0]],[[267,373],[1,-15]],[[268,358],[-50,-101]],[[218,257],[-48,0]],[[170,257],[-2,14]],[[168,271],[-17,36]],[[151,307],[31,52]],[[182,359],[24,26]],[[206,385],[61,-12]],[[269,218],[96,53]],[[365,271],[17,-54]],[[460,289],[-3,-86]],[[365,271],[38,14]],[[403,285],[36,18]],[[439,303],[21,-14]],[[175,501],[-76,-33]],[[49,527],[117,90]],[[166,617],[9,-116]],[[262,461],[-57,-43]],[[205,418],[-59,14]],[[146,432],[50,40]],[[196,472],[66,-11]],[[200,503],[-4,-31]],[[146,432],[-28,-9]],[[175,501],[25,2]],[[563,531],[-17,-66]],[[546,465],[-122,-42]],[[424,423],[-106,49]],[[318,472],[245,59]],[[318,472],[-51,-99]],[[206,385],[-1,33]],[[262,461],[11,44]],[[273,505],[45,-33]],[[270,555],[-70,-52]],[[166,617],[37,31]],[[203,648],[67,-93]],[[99,367],[-55,-10]],[[44,357],[-44,1]],[[0,358],[37,128]],[[424,423],[15,-120]],[[403,285],[-135,73]],[[175,195],[74,-20]],[[253,144],[-81,-80]],[[172,64],[-54,36]],[[118,100],[57,95]],[[546,465],[-86,-176]],[[218,257],[28,-39]],[[175,195],[-5,62]],[[109,310],[-18,-18]],[[91,292],[-22,9]],[[69,301],[-25,56]],[[123,235],[-28,-119]],[[95,116],[-14,124]],[[81,240],[42,-5]],[[168,271],[-45,-36]],[[81,240],[10,52]],[[270,555],[3,-50]],[[69,301],[-69,57]],[[203,648],[199,110],[161,-227]],[[424,145],[-59,-145],[-193,64]],[[118,100],[-23,16]]],"transform":{"scale":[0.0011007674014209077,0.0010327406398416925],"translate":[120.4891025390001,17.19081856900004]},"objects":{"municities-provdist-1400100000":{"type":"GeometryCollection","geometries":[{"arcs":[[0,1,2,3,4,5,6,7]],"type":"Polygon","properties":{"adm1_psgc":1400000000,"adm2_psgc":1400100000,"adm3_psgc":1400101000,"adm3_en":"Bangued","geo_level":"Mun","len_crs":79380,"area_crs":119160233,"len_km":79,"area_km2":119},"id":1400101000},{"arcs":[[8,9,10,11,12,13,14]],"type":"Polygon","properties":{"adm1_psgc":1400000000,"adm2_psgc":1400100000,"adm3_psgc":1400102000,"adm3_en":"Boliney","geo_level":"Mun","len_crs":61517,"area_crs":178413131,"len_km":61,"area_km2":178},"id":1400102000},{"arcs":[[15,16,17,18,19,20,21,22]],"type":"Polygon","properties":{"adm1_psgc":1400000000,"adm2_psgc":1400100000,"adm3_psgc":1400103000,"adm3_en":"Bucay","geo_level":"Mun","len_crs":52500,"area_crs":99035063,"len_km":52,"area_km2":99},"id":1400103000},{"arcs":[[-9,23,24]],"type":"Polygon","properties":{"adm1_psgc":1400000000,"adm2_psgc":1400100000,"adm3_psgc":1400104000,"adm3_en":"Bucloc","geo_level":"Mun","len_crs":34901,"area_crs":57371909,"len_km":34,"area_km2":57},"id":1400104000},{"arcs":[[25,-10,-25,26,27,28]],"type":"Polygon","properties":{"adm1_psgc":1400000000,"adm2_psgc":1400100000,"adm3_psgc":1400105000,"adm3_en":"Daguioman","geo_level":"Mun","len_crs":37994,"area_crs":93243957,"len_km":37,"area_km2":93},"id":1400105000},{"arcs":[[29,-8,30,31]],"type":"Polygon","properties":{"adm1_psgc":1400000000,"adm2_psgc":1400100000,"adm3_psgc":1400106000,"adm3_en":"Danglas","geo_level":"Mun","len_crs":56837,"area_crs":176618597,"len_km":56,"area_km2":176},"id":1400106000},{"arcs":[[32,33,34,35]],"type":"Polygon","properties":{"adm1_psgc":1400000000,"adm2_psgc":1400100000,"adm3_psgc":1400107000,"adm3_en":"Dolores","geo_level":"Mun","len_crs":38637,"area_crs":44657031,"len_km":38,"area_km2":44},"id":1400107000},{"arcs":[[36,-35,37,-1,-30,38]],"type":"Polygon","properties":{"adm1_psgc":1400000000,"adm2_psgc":1400100000,"adm3_psgc":1400108000,"adm3_en":"La Paz","geo_level":"Mun","len_crs":42217,"area_crs":52661213,"len_km":42,"area_km2":52},"id":1400108000},{"arcs":[[39,40,41,42]],"type":"Polygon","properties":{"adm1_psgc":1400000000,"adm2_psgc":1400100000,"adm3_psgc":1400109000,"adm3_en":"Lacub","geo_level":"Mun","len_crs":79301,"area_crs":248107463,"len_km":79,"area_km2":248},"id":1400109000},{"arcs":[[43,-23,44,-33,45,46]],"type":"Polygon","properties":{"adm1_psgc":1400000000,"adm2_psgc":1400100000,"adm3_psgc":1400110000,"adm3_en":"Lagangilang","geo_level":"Mun","len_crs":51811,"area_crs":90873127,"len_km":51,"area_km2":90},"id":1400110000},{"arcs":[[47,-39,-32,48,49]],"type":"Polygon","properties":{"adm1_psgc":1400000000,"adm2_psgc":1400100000,"adm3_psgc":1400111000,"adm3_en":"Lagayan","geo_level":"Mun","len_crs":49400,"area_crs":132972450,"len_km":49,"area_km2":132},"id":1400111000},{"arcs":[[50,51,52,-6]],"type":"Polygon","properties":{"adm1_psgc":1400000000,"adm2_psgc":1400100000,"adm3_psgc":1400112000,"adm3_en":"Langiden","geo_level":"Mun","len_crs":45966,"area_crs":89794436,"len_km":45,"area_km2":89},"id":1400112000},{"arcs":[[53,-28,54,-16,-44,-42]],"type":"Polygon","properties":{"adm1_psgc":1400000000,"adm2_psgc":1400100000,"adm3_psgc":1400113000,"adm3_en":"Licuan-Baay","geo_level":"Mun","len_crs":73246,"area_crs":275356028,"len_km":73,"area_km2":275},"id":1400113000},{"arcs":[[55,-13,56,57,58]],"type":"Polygon","properties":{"adm1_psgc":1400000000,"adm2_psgc":1400100000,"adm3_psgc":1400114000,"adm3_en":"Luba","geo_level":"Mun","len_crs":49009,"area_crs":137091483,"len_km":49,"area_km2":137},"id":1400114000},{"arcs":[[59,-29,-54,-41]],"type":"Polygon","properties":{"adm1_psgc":1400000000,"adm2_psgc":1400100000,"adm3_psgc":1400115000,"adm3_en":"Malibcong","geo_level":"Mun","len_crs":70301,"area_crs":259200711,"len_km":70,"area_km2":259},"id":1400115000},{"arcs":[[60,-14,-56,61,-18]],"type":"Polygon","properties":{"adm1_psgc":1400000000,"adm2_psgc":1400100000,"adm3_psgc":1400116000,"adm3_en":"Manabo","geo_level":"Mun","len_crs":36490,"area_crs":77113732,"len_km":36,"area_km2":77},"id":1400116000},{"arcs":[[-21,-3]],"type":"Polygon","properties":{"adm1_psgc":1400000000,"adm2_psgc":1400100000,"adm3_psgc":1400117000,"adm3_en":"Peñarrubia","geo_level":"Mun","len_crs":27292,"area_crs":39567653,"len_km":27,"area_km2":39},"id":1400117000},{"arcs":[[-5,62,63,64,-51]],"type":"Polygon","properties":{"adm1_psgc":1400000000,"adm2_psgc":1400100000,"adm3_psgc":1400118000,"adm3_en":"Pidigan","geo_level":"Mun","len_crs":31825,"area_crs":54945303,"len_km":31,"area_km2":54},"id":1400118000},{"arcs":[[65,66,67]],"type":"Polygon","properties":{"adm1_psgc":1400000000,"adm2_psgc":1400100000,"adm3_psgc":1400119000,"adm3_en":"Pilar","geo_level":"Mun","len_crs":42457,"area_crs":84880021,"len_km":42,"area_km2":84},"id":1400119000},{"arcs":[[-27,-24,-15,-61,-17,-55]],"type":"Polygon","properties":{"adm1_psgc":1400000000,"adm2_psgc":1400100000,"adm3_psgc":1400120000,"adm3_en":"Sallapadan","geo_level":"Mun","len_crs":64268,"area_crs":133404962,"len_km":64,"area_km2":133},"id":1400120000},{"arcs":[[-4,-20,68,-68,69,-63]],"type":"Polygon","properties":{"adm1_psgc":1400000000,"adm2_psgc":1400100000,"adm3_psgc":1400121000,"adm3_en":"San Isidro","geo_level":"Mun","len_crs":38617,"area_crs":45046943,"len_km":38,"area_km2":45},"id":1400121000},{"arcs":[[-46,-36,-37,-48,70]],"type":"Polygon","properties":{"adm1_psgc":1400000000,"adm2_psgc":1400100000,"adm3_psgc":1400122000,"adm3_en":"San Juan","geo_level":"Mun","len_crs":39276,"area_crs":68468018,"len_km":39,"area_km2":68},"id":1400122000},{"arcs":[[-65,71,-52]],"type":"Polygon","properties":{"adm1_psgc":1400000000,"adm2_psgc":1400100000,"adm3_psgc":1400123000,"adm3_en":"San Quintin","geo_level":"Mun","len_crs":33783,"area_crs":57324550,"len_km":33,"area_km2":57},"id":1400123000},{"arcs":[[-45,-22,-2,-38,-34]],"type":"Polygon","properties":{"adm1_psgc":1400000000,"adm2_psgc":1400100000,"adm3_psgc":1400124000,"adm3_en":"Tayum","geo_level":"Mun","len_crs":30571,"area_crs":48399784,"len_km":30,"area_km2":48},"id":1400124000},{"arcs":[[-43,-47,-71,-50,72]],"type":"Polygon","properties":{"adm1_psgc":1400000000,"adm2_psgc":1400100000,"adm3_psgc":1400125000,"adm3_en":"Tineg","geo_level":"Mun","len_crs":131738,"area_crs":744659886,"len_km":131,"area_km2":744},