{"type":"Topology","arcs":[[[389,494],[25,15],[42,-79],[67,-60],[80,-36],[12,-30],[50,-20],[88,54]],[[753,338],[37,-39],[-104,-64],[-136,-9],[-38,-26],[-50,7],[26,-72],[-22,-47]],[[466,88],[-37,39],[-67,47],[-22,83],[-44,52],[-49,93],[9,29],[-78,58],[-41,46],[33,28]],[[170,563],[153,-116],[66,47]],[[466,88],[54,-81],[-62,10],[-21,-17],[-41,22],[-54,75],[3,53],[-93,121],[-54,57],[-45,82],[-153,129],[94,109],[44,-36],[32,-49]],[[389,494],[-148,170],[-49,74],[-34,86],[69,-9],[19,30],[43,3],[14,-24],[53,0],[42,-47],[45,-72],[69,33],[16,-15],[57,28],[60,5],[-41,73],[54,92],[8,39],[37,52],[67,-7],[41,-61],[35,-25],[-28,-90],[10,-43],[-35,-76],[-5,-51],[142,-43],[9,-72],[56,-54],[-8,-25],[-71,11],[-10,-44],[-27,-35],[-39,32],[-56,-16],[-31,-75]]],"transform":{"scale":[0.00011792058190959249,0.00012131944169959111],"translate":[120.90729580200002,14.634288356000063]},"objects":{"municities-provdist-1307500000":{"type":"GeometryCollection","geometries":[{"arcs":[[0,1,2,3]],"type":"Polygon","properties":{"adm1_psgc":1300000000,"adm2_psgc":1307500000,"adm3_psgc":1380400000,"adm3_en":"City of Malabon","geo_level":"City","len_crs":28601,"area_crs":15772894,"len_km":28,"area_km2":15},"id":1380400000},{"arcs":[[-3,4]],"type":"Polygon","properties":{"adm1_psgc":1300000000,"adm2_psgc":1307500000,"adm3_psgc":1380900000,"adm3_en":"City of Navotas","geo_level":"City","len_crs":34383,"area_crs":10542653,"len_km":34,"area_km2":10},"id":1380900000},{"arcs":[[-1,5]],"type":"Polygon","properties":{"adm1_psgc":1300000000,"adm2_psgc":1307500000,"adm3_psgc":1381600000,"adm3_en":"City of Valenzuela","geo_level":"City","len_crs":45196,"area_crs":46570063,"len_km":45,"area_km2":46},"id":1381600000}]}}}