{"type":"Topology","arcs":[[[592,1391],[51,-3],[-5,-37],[62,-29],[-43,-176],[279,-271],[118,-113],[13,-25],[45,-37],[37,-95],[-3,-36],[-43,-44],[-42,-89],[-36,-54],[-8,-30],[-236,-296],[-156,-56],[-21,24],[-7,41],[-54,153],[-28,67],[-31,10],[-22,44],[-43,6],[-7,25],[-49,0],[35,42],[-91,112],[12,47],[-34,11],[-7,-36],[-39,-101],[-33,45],[-37,66],[27,31],[65,36],[93,5],[-10,18],[-102,-6],[-44,6],[-171,-28],[-4,67],[151,41],[-14,32],[-42,24],[-32,58],[-11,40],[18,18],[63,-91],[49,-91],[53,6],[-14,218],[-34,-3],[-6,102],[-18,25],[-19,116],[46,10],[16,27],[-164,1],[-15,-8],[-36,43],[-14,40],[160,0],[52,-16],[45,35],[25,-4],[27,24],[23,-24],[114,12],[11,-10],[65,5],[-1,60],[56,-18],[15,34]]],"transform":{"scale":[0.00007377747867703698,0.000058498894320666135],"translate":[120.9414001470001,14.558607406000023]},"objects":{"municities-provdist-1303900000":{"type":"GeometryCollection","geometries":[{"arcs":[[0]],"type":"Polygon","properties":{"adm1_psgc":1300000000,"adm2_psgc":1303900000,"adm3_psgc":1380600000,"adm3_en":"City of Manila","geo_level":"City","len_crs":65456,"area_crs":41975413,"len_km":65,"area_km2":41},"id":1380600000}]}}}