{"type":"Topology","arcs":[[[615,889],[-17,-87]],[[598,802],[-1,-29],[-104,2]],[[493,775],[-59,5],[-3,30]],[[431,810],[18,36],[23,112]],[[472,958],[55,-49],[88,-20]],[[483,447],[-19,-26]],[[464,421],[-128,-24]],[[336,397],[-46,6],[14,75],[50,27]],[[354,505],[33,22]],[[387,527],[96,-80]],[[713,746],[-17,-70],[9,-85],[-10,-81]],[[695,510],[-54,-11]],[[641,499],[-21,91],[-69,19],[-52,28]],[[499,637],[52,51],[-51,54]],[[500,742],[-7,33]],[[598,802],[111,-40],[4,-16]],[[159,402],[4,-59],[102,-33]],[[265,310],[-34,-88]],[[231,222],[-109,1],[-9,28],[-111,13]],[[2,264],[42,60],[4,74]],[[48,398],[55,-9],[56,13]],[[838,686],[-40,-218],[-42,-5],[-61,47]],[[713,746],[125,-60]],[[499,637],[-112,-110]],[[354,505],[-142,76]],[[212,581],[24,18],[14,70]],[[250,669],[34,14]],[[284,683],[84,43],[132,16]],[[431,810],[-37,7],[-129,-22]],[[265,795],[-36,28]],[[229,823],[-15,17],[62,78],[44,5],[69,-50],[49,78],[34,7]],[[615,889],[40,60],[101,-124],[91,-100],[-9,-39]],[[231,222],[-7,-163]],[[224,59],[-153,-20],[-71,-39],[2,264]],[[324,309],[-34,-93],[33,-19],[34,-104]],[[357,93],[-133,-34]],[[265,310],[59,-1]],[[324,309],[25,1]],[[349,310],[19,10],[98,-4]],[[466,316],[0,-33],[118,5],[48,45]],[[632,333],[-29,-185],[-96,-17],[-150,-38]],[[187,497],[-12,-44]],[[175,453],[-149,40]],[[26,493],[45,41],[3,49]],[[74,583],[51,-20],[42,-64],[20,-2]],[[466,316],[-2,105]],[[483,447],[103,-1],[55,46]],[[641,492],[7,-33],[-16,-126]],[[336,397],[13,-87]],[[159,402],[16,51]],[[187,497],[25,84]],[[74,583],[-7,68],[-18,35],[77,50]],[[126,736],[79,-83],[45,16]],[[48,398],[1,51],[-23,44]],[[641,499],[0,-7]],[[265,795],[19,-112]],[[126,736],[42,23],[61,64]]],"transform":{"scale":[0.00018877864935067315,0.00019926002818368606],"translate":[125.77925701800005,7.503045057000065]},"objects":{"bgysubmuns-municity-1102314000":{"type":"GeometryCollection","geometries":[{"arcs":[[0,1,2,3,4]],"type":"Polygon","properties":{"adm1_psgc":1100000000,"adm2_psgc":1102300000,"adm3_psgc":1102314000,"adm4_psgc":1102314001,"adm4_en":"Cabidianan","geo_level":"Bgy","len_crs":13588,"area_crs":9942726,"len_km":13,"area_km2":9},"id":1102314001},{"arcs":[[5,6,7,8,9]],"type":"Polygon","properties":{"adm1_psgc":1100000000,"adm2_psgc":1102300000,"adm3_psgc":1102314000,"adm4_psgc":1102314002,"adm4_en":"Carcor","geo_level":"Bgy","len_crs":11859,"area_crs":7757005,"len_km":11,"area_km2":7},"id":1102314002},{"arcs":[[10,11,12,13,14,-2,15]],"type":"Polygon","properties":{"adm1_psgc":1100000000,"adm2_psgc":1102300000,"adm3_psgc":1102314000,"adm4_psgc":1102314003,"adm4_en":"Del Monte","geo_level":"Bgy","len_crs":21336,"area_crs":17784310,"len_km":21,"area_km2":17},"id":1102314003},{"arcs":[[16,17,18,19,20]],"type":"Polygon","properties":{"adm1_psgc":1100000000,"adm2_psgc":1102300000,"adm3_psgc":1102314000,"adm4_psgc":1102314004,"adm4_en":"Del Pilar","geo_level":"Bgy","len_crs":17215,"area_crs":13777363,"len_km":17,"area_km2":13},"id":1102314004},{"arcs":[[21,-11,22]],"type":"Polygon","properties":{"adm1_psgc":1100000000,"adm2_psgc":1102300000,"adm3_psgc":1102314000,"adm4_psgc":1102314005,"adm4_en":"El Salvador","geo_level":"Bgy","len_crs":15826,"area_crs":13366259,"len_km":15,"area_km2":13},"id":1102314005},{"arcs":[[23,-9,24,25,26,27,-14]],"type":"Polygon","properties":{"adm1_psgc":1100000000,"adm2_psgc":1102300000,"adm3_psgc":1102314000,"adm4_psgc":1102314006,"adm4_en":"Limba-an","geo_level":"Bgy","len_crs":18718,"area_crs":20505482,"len_km":18,"area_km2":20},"id":1102314006},{"arcs":[[-4,28,29,30]],"type":"Polygon","properties":{"adm1_psgc":1100000000,"adm2_psgc":1102300000,"adm3_psgc":1102314000,"adm4_psgc":1102314007,"adm4_en":"Macgum","geo_level":"Bgy","len_crs":17846,"area_crs":10753226,"len_km":17,"area_km2":10},"id":1102314007},{"arcs":[[-23,-16,-1,31]],"type":"Polygon","properties":{"adm1_psgc":1100000000,"adm2_psgc":1102300000,"adm3_psgc":1102314000,"adm4_psgc":1102314008,"adm4_en":"Mambing","geo_level":"Bgy","len_crs":16607,"area_crs":12062534,"len_km":16,"area_km2":12},"id":1102314008},{"arcs":[[32,33,-19]],"type":"Polygon","properties":{"adm1_psgc":1100000000,"adm2_psgc":1102300000,"adm3_psgc":1102314000,"adm4_psgc":1102314009,"adm4_en":"Mesaoy","geo_level":"Bgy","len_crs":19679,"area_crs":20796701,"len_km":19,"area_km2":20},"id":1102314009},{"arcs":[[34,35,-33,-18,36]],"type":"Polygon","properties":{"adm1_psgc":1100000000,"adm2_psgc":1102300000,"adm3_psgc":1102314000,"adm4_psgc":1102314010,"adm4_en":"New Bohol","geo_level":"Bgy","len_crs":15567,"area_crs":9182635,"len_km":15,"area_km2":9},"id":1102314010},{"arcs":[[-35,37,38,39,40]],"type":"Polygon","properties":{"adm1_psgc":1100000000,"adm2_psgc":1102300000,"adm3_psgc":1102314000,"adm4_psgc":1102314011,"adm4_en":"New Cortez","geo_level":"Bgy","len_crs":22674,"area_crs":24847582,"len_km":22,"area_km2":24},"id":1102314011},{"arcs":[[41,42,43,44]],"type":"Polygon","properties":{"adm1_psgc":1100000000,"adm2_psgc":1102300000,"adm3_psgc":1102314000,"adm4_psgc":1102314012,"adm4_en":"New Sambog","geo_level":"Bgy","len_crs":10589,"area_crs":5115478,"len_km":10,"area_km2":5},"id":1102314012},{"arcs":[[-40,45,-6,46,47]],"type":"Polygon","properties":{"adm1_psgc":1100000000,"adm2_psgc":1102300000,"adm3_psgc":1102314000,"adm4_psgc":1102314013,"adm4_en":"Patrocenio","geo_level":"Bgy","len_crs":15857,"area_crs":12390392,"len_km":15,"area_km2":12},"id":1102314013},{"arcs":[[-8,48,-38,-37,-17,49,-42,50,-25]],"type":"Polygon","properties":{"adm1_psgc":1100000000,"adm2_psgc":1102300000,"adm3_psgc":1102314000,"adm4_psgc":1102314014,"adm4_en":"Poblacion","geo_level":"Bgy","len_crs":19085,"area_crs":15343103,"len_km":19,"area_km2":15},"id":1102314014},{"arcs":[[-26,-51,-45,51,52]],"type":"Polygon","properties":{"adm1_psgc":1100000000,"adm2_psgc":1102300000,"adm3_psgc":1102314000,"adm4_psgc":1102314015,"adm4_en":"San Roque","geo_level":"Bgy","len_crs":15600,"area_crs":11647324,"len_km":15,"area_km2":11},"id":1102314015},{"arcs":[[-50,-21,53,-43]],"type":"Polygon","properties":{"adm1_psgc":1100000000,"adm2_psgc":1102300000,"adm3_psgc":1102314000,"adm4_psgc":1102314016,"adm4_en":"Santa Cruz","geo_level":"Bgy","len_crs":9573,"area_crs":4025640,"len_km":9,"area_km2":4},"id":1102314016},{"arcs":[[54,-47,-10,-24,-13]],"type":"Polygon","properties":{"adm1_psgc":1100000000,"adm2_psgc":1102300000,"adm3_psgc":1102314000,"adm4_psgc":1102314017,"adm4_en":"Santa Fe","geo_level":"Bgy","len_crs":15059,"area_crs":15044449,"len_km":15,"area_km2":15},"id":1102314017},{"arcs":[[-30,55,-27,-53,56]],"type":"Polygon","properties":{"adm1_psgc":1100000000,"adm2_psgc":1102300000,"adm3_psgc":1102314000,"adm4_psgc":1102314018,"adm4_en":"Santo Niño","geo_level":"Bgy","len_crs":13621,"area_crs":7455377,"len_km":13,"area_km2":7},"id":1102314018},{"arcs":[[-3,-15,-28,-56,-29]],"type":"Polygon","properties":{"adm1_psgc":1100000000,"adm2_psgc":1102300000,"adm3_psgc":1102314000,"adm4_psgc":1102314019,"adm4_en":"Suawon","geo_level":"Bgy","len_crs":13752,"area_crs":7881840,"len_km":13,"area_km2":7},"id":1102314019},{"arcs":[[-39,-49,-7,-46]],"type":"Polygon","properties":{"adm1_psgc":1100000000,"adm2_psgc":1102300000,"adm3_psgc":1102314000,"adm4_psgc":1102314020,"adm4_en":"San Jose","geo_level":"Bgy","len_crs":9623,"area_crs":5114234,"len_km":9,"area_km2":5},"id":1102314020}]}}}