{"type":"Topology","arcs":[[[748,1045],[18,-16],[-14,-50],[86,-81]],[[838,898],[-111,-148]],[[727,750],[-56,221]],[[671,971],[13,-3],[20,65],[44,12]],[[1000,1066],[-128,-39]],[[872,1027],[0,127]],[[872,1154],[16,24],[24,-21],[56,14],[1,23],[31,2],[0,-130]],[[805,129],[-34,49]],[[771,178],[122,105],[26,14],[79,28],[19,-94],[-18,-50],[17,-34],[-1,-29],[-210,11]],[[872,1027],[-20,-6],[-6,-65],[11,-48]],[[857,908],[-19,-10]],[[748,1045],[10,24],[21,-12],[7,20],[-12,35],[36,40],[26,-14],[36,16]],[[713,284],[-64,123]],[[649,407],[-20,155],[31,12]],[[660,574],[79,47],[23,6]],[[762,627],[20,25],[29,19],[76,7],[49,18]],[[936,696],[11,-34],[6,-82],[13,-33],[-14,-37],[-60,-8],[1,-34],[-35,-2],[-11,-18],[-19,7],[-28,-18],[-87,-153]],[[902,941],[-45,-33]],[[1000,1066],[0,-66],[-69,-16],[-29,-43]],[[762,627],[-35,123]],[[902,941],[47,-221],[-13,-24]],[[649,407],[-202,-90]],[[447,317],[-71,261]],[[376,578],[166,-15],[109,37],[9,-26]],[[713,284],[58,-106]],[[805,129],[-70,5],[-240,-15]],[[495,119],[-3,26],[-45,172]],[[495,119],[-44,-2],[-369,-117],[24,56],[-30,55],[19,46],[-20,46],[13,24],[-59,93],[1,76],[9,67],[17,69],[-11,20],[6,37],[-8,20]],[[43,609],[333,-31]],[[43,609],[-8,44],[-23,27],[19,59],[-7,80],[-24,26],[301,37],[270,-12],[30,22],[24,-6],[41,57],[5,28]]],"transform":{"scale":[0.00018197505211398738,0.00013532186287626137],"translate":[124.33145219900007,6.712020289000066]},"objects":{"bgysubmuns-municity-1908801000":{"type":"GeometryCollection","geometries":[{"arcs":[[0,1,2,3]],"type":"Polygon","properties":{"adm1_psgc":1900000000,"adm2_psgc":1908800000,"adm3_psgc":1908801000,"adm4_psgc":1908801001,"adm4_en":"Dicalongan","geo_level":"Bgy","len_crs":12511,"area_crs":7296514,"len_km":12,"area_km2":7},"id":1908801001},{"arcs":[[4,5,6]],"type":"Polygon","properties":{"adm1_psgc":1900000000,"adm2_psgc":1908800000,"adm3_psgc":1908801000,"adm4_psgc":1908801002,"adm4_en":"Kakal","geo_level":"Bgy","len_crs":10562,"area_crs":4825120,"len_km":10,"area_km2":4},"id":1908801002},{"arcs":[[7,8]],"type":"Polygon","properties":{"adm1_psgc":1900000000,"adm2_psgc":1908800000,"adm3_psgc":1908801000,"adm4_psgc":1908801003,"adm4_en":"Kamasi","geo_level":"Bgy","len_crs":15512,"area_crs":10106672,"len_km":15,"area_km2":10},"id":1908801003},{"arcs":[[-6,9,10,-1,11]],"type":"Polygon","properties":{"adm1_psgc":1900000000,"adm2_psgc":1908800000,"adm3_psgc":1908801000,"adm4_psgc":1908801004,"adm4_en":"Kapinpilan","geo_level":"Bgy","len_crs":13047,"area_crs":6137785,"len_km":13,"area_km2":6},"id":1908801004},{"arcs":[[12,13,14,15,16]],"type":"Polygon","properties":{"adm1_psgc":1900000000,"adm2_psgc":1908800000,"adm3_psgc":1908801000,"adm4_psgc":1908801005,"adm4_en":"Kauran","geo_level":"Bgy","len_crs":22429,"area_crs":21538799,"len_km":22,"area_km2":21},"id":1908801005},{"arcs":[[17,-10,-5,18]],"type":"Polygon","properties":{"adm1_psgc":1900000000,"adm2_psgc":1908800000,"adm3_psgc":1908801000,"adm4_psgc":1908801006,"adm4_en":"Malatimon","geo_level":"Bgy","len_crs":9097,"area_crs":3689995,"len_km":9,"area_km2":3},"id":1908801006},{"arcs":[[-16,19,-2,-11,-18,20]],"type":"Polygon","properties":{"adm1_psgc":1900000000,"adm2_psgc":1908800000,"adm3_psgc":1908801000,"adm4_psgc":1908801007,"adm4_en":"Matagabong","geo_level":"Bgy","len_crs":14193,"area_crs":11779792,"len_km":14,"area_km2":11},"id":1908801007},{"arcs":[[-14,21,22,23]],"type":"Polygon","properties":{"adm1_psgc":1900000000,"adm2_psgc":1908800000,"adm3_psgc":1908801000,"adm4_psgc":1908801008,"adm4_en":"Saniag","geo_level":"Bgy","len_crs":17463,"area_crs":15231708,"len_km":17,"area_km2":15},"id":1908801008},{"arcs":[[24,-8,25,26,-22,-13]],"type":"Polygon","properties":{"adm1_psgc":1900000000,"adm2_psgc":1908800000,"adm3_psgc":1908801000,"adm4_psgc":1908801009,"adm4_en":"Tomicor","geo_level":"Bgy","len_crs":18852,"area_crs":19053551,"len_km":18,"area_km2":19},"id":1908801009},{"arcs":[[-23,-27,27,28]],"type":"Polygon","properties":{"adm1_psgc":1900000000,"adm2_psgc":1908800000,"adm3_psgc":1908801000,"adm4_psgc":1908801010,"adm4_en":"Tubak","geo_level":"Bgy","len_crs":33198,"area_crs":60958268,"len_km":33,"area_km2":60},"id":1908801010},{"arcs":[[-20,-15,-24,-29,29,-3]],"type":"Polygon","properties":{"adm1_psgc":1900000000,"adm2_psgc":1908800000,"adm3_psgc":1908801000,"adm4_psgc":1908801011,"adm4_en":"Salman","geo_level":"Bgy","len_crs":41173,"area_crs":61407349,"len_km":41,"area_km2":61},"id":1908801011}]}}}