{"type":"Topology","arcs":[[[658,612],[25,-151],[-8,-172],[6,-117]],[[681,172],[-305,86],[30,354]],[[406,612],[-35,61],[-99,120],[25,36]],[[297,829],[69,104]],[[366,933],[19,-3],[8,-3],[31,-13],[44,-193],[95,-16],[95,-93]],[[69,841],[15,-6],[-2,-25],[52,22],[47,1],[116,-4]],[[406,612],[-130,-65],[-143,-49],[-89,0],[0,-3],[-19,0],[4,16],[7,17],[7,5],[7,9],[-7,9],[7,25],[6,34],[1,26],[0,10],[5,21],[4,35],[-3,1],[6,25],[1,21],[-1,14],[-7,19],[3,10],[-2,5],[3,22],[1,18],[2,4]],[[66,843],[-5,-8],[-7,10]],[[54,845],[12,-2]],[[1430,18],[-22,110],[-6,51],[-34,122]],[[1368,301],[516,302]],[[1884,603],[19,-353],[-225,-194],[-248,-38]],[[883,1258],[-16,-81],[-42,-333],[-28,0],[-9,0],[-81,2]],[[707,846],[-111,26],[-23,44],[-123,84],[-19,32]],[[431,1032],[10,61],[22,102],[55,-24],[99,11],[62,19],[51,46],[48,76]],[[778,1323],[79,-39],[26,-26]],[[313,1448],[-4,-118],[52,-288]],[[361,1042],[-169,57],[-49,61],[-16,4],[-28,9],[-10,7],[-12,3]],[[77,1183],[2,33],[-2,37],[-4,33],[-4,16],[-5,5],[-11,25],[-8,19],[-2,11],[-21,13],[-5,-2],[-6,20],[-7,8],[-4,10],[0,8],[4,22],[2,26],[45,2],[220,-22],[42,1]],[[1430,18],[-86,-18],[-171,5],[-174,104],[-264,51],[-54,12]],[[658,612],[94,32]],[[752,644],[119,-117],[35,-84],[133,-57],[125,-64],[123,-33],[81,12]],[[707,846],[36,-66],[9,-136]],[[366,933],[65,99]],[[361,1042],[70,-10]],[[69,841],[-3,2]],[[54,845],[-4,14],[0,16],[4,9],[0,11],[2,14],[1,17],[0,15],[2,13],[3,30],[-2,9],[-7,5],[2,21],[0,14],[-3,49],[1,14],[6,5],[12,4],[0,7],[-7,2],[-2,8],[5,17],[6,20],[4,24]],[[883,1258],[296,-310],[443,106],[262,-451]],[[313,1448],[200,8],[91,-43],[57,76],[40,-20],[62,-95],[15,-51]]],"transform":{"scale":[0.00006315295585918113,0.00004653821490934934],"translate":[124.28337566500011,8.38658805800003]},"objects":{"bgysubmuns-municity-1004320000":{"type":"GeometryCollection","geometries":[{"arcs":[[0,1,2,3,4]],"type":"Polygon","properties":{"adm1_psgc":1000000000,"adm2_psgc":1004300000,"adm3_psgc":1004320000,"adm4_psgc":1004320001,"adm4_en":"Don Pedro","geo_level":"Bgy","len_crs":11519,"area_crs":5906253,"len_km":11,"area_km2":5},"id":1004320001},{"arcs":[[[5,-3,6]],[[7,8]]],"type":"MultiPolygon","properties":{"adm1_psgc":1000000000,"adm2_psgc":1004300000,"adm3_psgc":1004320000,"adm4_psgc":1004320002,"adm4_en":"Linangkayan","geo_level":"Bgy","len_crs":8363,"area_crs":3081542,"len_km":8,"area_km2":3},"id":1004320002},{"arcs":[[9,10,11]],"type":"Polygon","properties":{"adm1_psgc":1000000000,"adm2_psgc":1004300000,"adm3_psgc":1004320000,"adm4_psgc":1004320003,"adm4_en":"Lubilan","geo_level":"Bgy","len_crs":10840,"area_crs":6688676,"len_km":10,"area_km2":6},"id":1004320003},{"arcs":[[12,13,14,15]],"type":"Polygon","properties":{"adm1_psgc":1000000000,"adm2_psgc":1004300000,"adm3_psgc":1004320000,"adm4_psgc":1004320004,"adm4_en":"Mapulog","geo_level":"Bgy","len_crs":9373,"area_crs":4894017,"len_km":9,"area_km2":4},"id":1004320004},{"arcs":[[16,17,18]],"type":"Polygon","properties":{"adm1_psgc":1000000000,"adm2_psgc":1004300000,"adm3_psgc":1004320000,"adm4_psgc":1004320005,"adm4_en":"Maputi","geo_level":"Bgy","len_crs":8245,"area_crs":3384784,"len_km":8,"area_km2":3},"id":1004320005},{"arcs":[[-10,19,-1,20,21]],"type":"Polygon","properties":{"adm1_psgc":1000000000,"adm2_psgc":1004300000,"adm3_psgc":1004320000,"adm4_psgc":1004320006,"adm4_en":"Mat-i","geo_level":"Bgy","len_crs":14695,"area_crs":8955606,"len_km":14,"area_km2":8},"id":1004320006},{"arcs":[[22,-21,-5,23,-14]],"type":"Polygon","properties":{"adm1_psgc":1000000000,"adm2_psgc":1004300000,"adm3_psgc":1004320000,"adm4_psgc":1004320007,"adm4_en":"Patag","geo_level":"Bgy","len_crs":7644,"area_crs":2632610,"len_km":7,"area_km2":2},"id":1004320007},{"arcs":[[24,-24,-4,-6,25,-9,26,-18]],"type":"Polygon","properties":{"adm1_psgc":1000000000,"adm2_psgc":1004300000,"adm3_psgc":1004320000,"adm4_psgc":1004320008,"adm4_en":"Poblacion","geo_level":"Bgy","len_crs":8030,"area_crs":3057279,"len_km":8,"area_km2":3},"id":1004320008},{"arcs":[[-11,-22,-23,-13,27]],"type":"Polygon","properties":{"adm1_psgc":1000000000,"adm2_psgc":1004300000,"adm3_psgc":1004320000,"adm4_psgc":1004320009,"adm4_en":"Tagbalogo","geo_level":"Bgy","len_crs":21573,"area_crs":22626946,"len_km":21,"area_km2":22},"id":1004320009},{"arcs":[[-15,-25,-17,28]],"type":"Polygon","properties":{"adm1_psgc":1000000000,"adm2_psgc":1004300000,"adm3_psgc":1004320000,"adm4_psgc":1004320010,"adm4_en":"Tuboran","geo_level":"Bgy","len_crs":9817,"area_crs":4548339,"len_km":9,"area_km2":4},"id":1004320010}]}}}