{"type":"Topology","arcs":[[[421,665],[-1,-27]],[[420,638],[-39,-8],[-27,54]],[[354,684],[67,-19]],[[341,688],[29,-67]],[[370,621],[-44,-25],[-131,4],[-52,-33]],[[143,567],[-34,50]],[[109,617],[121,16],[44,29],[-8,44],[75,-18]],[[498,535],[-49,-125]],[[449,410],[-18,-58],[45,-100],[-8,-33]],[[468,219],[-40,-29],[-3,-69],[-63,-5],[-43,-38],[1,-78],[-137,56],[-27,96],[-107,91],[-49,161],[47,37],[133,26]],[[180,467],[102,45],[106,15],[45,50],[-30,41]],[[403,618],[20,7]],[[423,625],[18,-44],[57,-46]],[[716,1134],[-67,-18],[-9,72],[-169,-17]],[[471,1171],[-43,49],[21,85],[51,51],[125,39],[55,48],[50,128],[56,-13],[90,13],[-8,-87],[-36,-52],[26,-49],[-18,-58],[-7,-94],[-96,-51],[-21,-46]],[[592,534],[-55,-29]],[[537,505],[-39,30]],[[423,625],[80,-6],[33,31]],[[536,650],[56,-116]],[[423,625],[-3,13]],[[421,665],[-15,138]],[[406,803],[7,13]],[[413,816],[76,-75],[47,-91]],[[954,672],[-82,-96],[-69,1]],[[803,577],[-97,179]],[[706,756],[74,14]],[[780,770],[42,9],[9,-78],[82,-8],[41,-21]],[[753,552],[25,-32],[17,-99],[31,-84],[3,-57]],[[829,280],[-113,-4]],[[716,276],[-37,20],[-81,94]],[[598,390],[-47,43],[-14,72]],[[592,534],[52,-29],[109,47]],[[598,390],[-73,-30],[-47,56],[-29,-6]],[[385,815],[21,-12]],[[354,684],[-13,4]],[[341,688],[-17,92],[61,35]],[[753,552],[50,25]],[[954,672],[31,-88],[32,-38],[-9,-61],[47,-9],[14,-81],[-50,-67],[-111,-34],[-24,18],[-55,-32]],[[536,650],[145,59],[25,47]],[[716,276],[-1,-30],[-156,-108],[-91,81]],[[403,618],[-33,3]],[[180,467],[-51,60],[14,40]],[[616,922],[-72,-40],[-62,12],[-29,-71],[-40,-7]],[[385,815],[-40,69],[-47,15],[-40,55]],[[258,954],[41,84],[98,74]],[[397,1112],[149,-86],[70,-104]],[[616,922],[73,46]],[[689,968],[76,-24],[19,-67],[-24,-53],[20,-54]],[[716,1134],[32,-27],[-17,-59],[-54,-42],[12,-38]],[[397,1112],[74,59]],[[109,617],[-30,168],[32,8],[42,73],[45,-7],[30,71],[30,24]]],"transform":{"scale":[0.00005169393732466632,0.00005168535900698188],"translate":[120.90566397600003,14.763330215000053]},"objects":{"bgysubmuns-municity-301404000":{"type":"GeometryCollection","geometries":[{"arcs":[[0,1,2]],"type":"Polygon","properties":{"adm1_psgc":300000000,"adm2_psgc":301400000,"adm3_psgc":301404000,"adm4_psgc":301404001,"adm4_en":"Antipona","geo_level":"Bgy","len_crs":1157,"area_crs":53484,"len_km":1,"area_km2":0},"id":301404001},{"arcs":[[3,4,5,6]],"type":"Polygon","properties":{"adm1_psgc":300000000,"adm2_psgc":301400000,"adm3_psgc":301404000,"adm4_psgc":301404002,"adm4_en":"Bagumbayan","geo_level":"Bgy","len_crs":4429,"area_crs":522061,"len_km":4,"area_km2":0},"id":301404002},{"arcs":[[7,8,9,10,11,12]],"type":"Polygon","properties":{"adm1_psgc":300000000,"adm2_psgc":301400000,"adm3_psgc":301404000,"adm4_psgc":301404003,"adm4_en":"Bambang","geo_level":"Bgy","len_crs":11646,"area_crs":5286030,"len_km":11,"area_km2":5},"id":301404003},{"arcs":[[13,14]],"type":"Polygon","properties":{"adm1_psgc":300000000,"adm2_psgc":301400000,"adm3_psgc":301404000,"adm4_psgc":301404004,"adm4_en":"Batia","geo_level":"Bgy","len_crs":10286,"area_crs":3501893,"len_km":10,"area_km2":3},"id":301404004},{"arcs":[[15,16,-13,17,18]],"type":"Polygon","properties":{"adm1_psgc":300000000,"adm2_psgc":301400000,"adm3_psgc":301404000,"adm4_psgc":301404005,"adm4_en":"Biñang 1st","geo_level":"Bgy","len_crs":3060,"area_crs":379748,"len_km":3,"area_km2":0},"id":301404005},{"arcs":[[-18,19,-1,20,21,22]],"type":"Polygon","properties":{"adm1_psgc":300000000,"adm2_psgc":301400000,"adm3_psgc":301404000,"adm4_psgc":301404006,"adm4_en":"Biñang 2nd","geo_level":"Bgy","len_crs":3176,"area_crs":476151,"len_km":3,"area_km2":0},"id":301404006},{"arcs":[[23,24,25,26]],"type":"Polygon","properties":{"adm1_psgc":300000000,"adm2_psgc":301400000,"adm3_psgc":301404000,"adm4_psgc":301404007,"adm4_en":"Bolacan","geo_level":"Bgy","len_crs":4382,"area_crs":773950,"len_km":4,"area_km2":0},"id":301404007},{"arcs":[[27,28,29,30,-16,31]],"type":"Polygon","properties":{"adm1_psgc":300000000,"adm2_psgc":301400000,"adm3_psgc":301404000,"adm4_psgc":301404008,"adm4_en":"Bundukan","geo_level":"Bgy","len_crs":6437,"area_crs":1624161,"len_km":6,"area_km2":1},"id":301404008},{"arcs":[[-31,32,-8,-17]],"type":"Polygon","properties":{"adm1_psgc":300000000,"adm2_psgc":301400000,"adm3_psgc":301404000,"adm4_psgc":301404009,"adm4_en":"Bunlo","geo_level":"Bgy","len_crs":2960,"area_crs":383523,"len_km":2,"area_km2":0},"id":301404009},{"arcs":[[33,-21,-3,34,35]],"type":"Polygon","properties":{"adm1_psgc":300000000,"adm2_psgc":301400000,"adm3_psgc":301404000,"adm4_psgc":301404010,"adm4_en":"Caingin","geo_level":"Bgy","len_crs":2653,"area_crs":341218,"len_km":2,"area_km2":0},"id":301404010},{"arcs":[[-28,36,-24,37]],"type":"Polygon","properties":{"adm1_psgc":300000000,"adm2_psgc":301400000,"adm3_psgc":301404000,"adm4_psgc":301404011,"adm4_en":"Duhat","geo_level":"Bgy","len_crs":7436,"area_crs":2262931,"len_km":7,"area_km2":2},"id":301404011},{"arcs":[[-37,-32,-19,38,-25]],"type":"Polygon","properties":{"adm1_psgc":300000000,"adm2_psgc":301400000,"adm3_psgc":301404000,"adm4_psgc":301404012,"adm4_en":"Igulot","geo_level":"Bgy","len_crs":5364,"area_crs":1071072,"len_km":5,"area_km2":1},"id":301404012},{"arcs":[[-30,39,-9,-33]],"type":"Polygon","properties":{"adm1_psgc":300000000,"adm2_psgc":301400000,"adm3_psgc":301404000,"adm4_psgc":301404013,"adm4_en":"Lolomboy","geo_level":"Bgy","len_crs":5459,"area_crs":1404361,"len_km":5,"area_km2":1},"id":301404013},{"arcs":[[-2,-20,-12,40,-4,-35]],"type":"Polygon","properties":{"adm1_psgc":300000000,"adm2_psgc":301400000,"adm3_psgc":301404000,"adm4_psgc":301404014,"adm4_en":"Poblacion","geo_level":"Bgy","len_crs":1503,"area_crs":57809,"len_km":1,"area_km2":0},"id":301404014},{"arcs":[[-11,41,-5,-41]],"type":"Polygon","properties":{"adm1_psgc":300000000,"adm2_psgc":301400000,"adm3_psgc":301404000,"adm4_psgc":301404015,"adm4_en":"Sulucan","geo_level":"Bgy","len_crs":4506,"area_crs":758442,"len_km":4,"area_km2":0},"id":301404015},{"arcs":[[42,-22,-34,43,44,45]],"type":"Polygon","properties":{"adm1_psgc":300000000,"adm2_psgc":301400000,"adm3_psgc":301404000,"adm4_psgc":301404016,"adm4_en":"Taal","geo_level":"Bgy","len_crs":5883,"area_crs":1896719,"len_km":5,"area_km2":1},"id":301404016},{"arcs":[[-26,-39,-23,-43,46,47]],"type":"Polygon","properties":{"adm1_psgc":300000000,"adm2_psgc":301400000,"adm3_psgc":301404000,"adm4_psgc":301404017,"adm4_en":"Tambobong","geo_level":"Bgy","len_crs":7032,"area_crs":2171620,"len_km":7,"area_km2":2},"id":301404017},{"arcs":[[48,-47,-46,49,-14]],"type":"Polygon","properties":{"adm1_psgc":300000000,"adm2_psgc":301400000,"adm3_psgc":301404000,"adm4_psgc":301404018,"adm4_en":"Turo","geo_level":"Bgy","len_crs":5904,"area_crs":1507474,"len_km":5,"area_km2":1},"id":301404018},{"arcs":[[-36,-7,50,-44]],"type":"Polygon","properties":{"adm1_psgc":300000000,"adm2_psgc":301400000,"adm3_psgc":301404000,"adm4_psgc":301404019,"adm4_en":"Wakas","geo_level":"Bgy","len_crs":7420,"area_crs":1891052,"len_km":7,"area_km2":1},"id":301404019}]}}}