{"type":"Topology","arcs":[[[406,427],[3,-27],[-56,-41],[-1,-77],[-46,-122],[-9,-53]],[[297,107],[-110,43],[11,143],[-6,49]],[[192,342],[3,12]],[[195,354],[28,3],[84,82],[9,36],[85,3],[5,-51]],[[783,1100],[-34,-45],[-56,-11]],[[693,1044],[-101,17]],[[592,1061],[-7,112],[92,35],[-5,73]],[[672,1281],[53,-2],[88,-70],[-30,-109]],[[160,727],[26,-49],[9,-324]],[[192,342],[-115,18],[64,59],[7,62],[-44,34],[26,73],[-83,26],[-47,0],[2,87],[82,57],[9,48]],[[93,806],[0,-24],[67,-55]],[[693,1044],[6,-37],[-28,-68]],[[671,939],[-162,-54],[-51,-40],[-42,-3]],[[416,842],[-36,47]],[[380,889],[68,27],[42,97],[-5,31],[64,29],[43,-12]],[[756,1621],[35,-37],[-4,-42],[91,-106],[27,-71],[73,6],[92,-53],[8,-42]],[[1078,1276],[-82,-31],[-49,0],[-52,-130]],[[895,1115],[-112,-15]],[[672,1281],[45,16],[-4,178]],[[713,1475],[-1,96],[-56,34]],[[656,1605],[100,16]],[[610,606],[80,-36],[-23,-85],[13,-92]],[[680,393],[-7,-24],[-77,12]],[[596,381],[-141,52],[-33,29]],[[422,462],[32,41],[57,32],[-81,109]],[[430,644],[83,-42],[97,4]],[[1069,983],[-23,-57],[57,-38],[61,-86],[44,-16],[-28,-43]],[[1180,743],[-235,27],[-16,66]],[[929,836],[18,52],[41,48],[-15,64],[28,35]],[[1001,1035],[68,-52]],[[1180,743],[9,-26],[-20,-95],[-66,-141],[15,-52],[-325,32]],[[793,461],[67,15],[17,39],[-34,159],[17,40],[-32,40],[59,40]],[[887,794],[42,42]],[[887,794],[-31,29],[-114,31]],[[742,854],[-8,48],[-63,37]],[[895,1115],[27,17],[47,-86],[32,-11]],[[1078,1276],[98,-40],[28,-45],[67,12],[58,-74],[39,-11],[44,-56],[-15,-55],[-51,9],[-8,31],[-50,21],[-99,6],[-46,-19],[40,-64],[-17,-30],[-97,22]],[[596,381],[-51,-133],[27,-159],[-32,-1],[-8,-88],[-51,4],[-139,40],[-45,63]],[[406,427],[16,35]],[[656,1605],[-9,119]],[[647,1724],[-3,53],[45,5],[-8,56],[78,6],[21,-82],[-35,-37],[21,-44],[-10,-60]],[[713,1475],[-55,29],[-120,-1],[-20,43],[-140,26],[34,71],[108,78],[127,3]],[[160,727],[68,67],[148,19],[40,29]],[[416,842],[-8,-93],[25,-12],[-3,-93]],[[93,806],[26,7],[51,81],[67,15],[143,-20]],[[793,461],[-113,-68]],[[610,606],[33,72],[30,107],[27,7],[42,62]]],"transform":{"scale":[0.00010828531798863675,0.00011804561713665123],"translate":[124.5526598570001,7.078884297000058]},"objects":{"bgysubmuns-municity-1204717000":{"type":"GeometryCollection","geometries":[{"arcs":[[0,1,2,3]],"type":"Polygon","properties":{"adm1_psgc":1200000000,"adm2_psgc":1204700000,"adm3_psgc":1204717000,"adm4_psgc":1204717001,"adm4_en":"Bagolibas","geo_level":"Bgy","len_crs":13158,"area_crs":7142865,"len_km":13,"area_km2":7},"id":1204717001},{"arcs":[[4,5,6,7]],"type":"Polygon","properties":{"adm1_psgc":1200000000,"adm2_psgc":1204700000,"adm3_psgc":1204717000,"adm4_psgc":1204717002,"adm4_en":"Cawilihan","geo_level":"Bgy","len_crs":9844,"area_crs":5804616,"len_km":9,"area_km2":5},"id":1204717002},{"arcs":[[8,-3,9,10]],"type":"Polygon","properties":{"adm1_psgc":1200000000,"adm2_psgc":1204700000,"adm3_psgc":1204717000,"adm4_psgc":1204717003,"adm4_en":"Dualing","geo_level":"Bgy","len_crs":18167,"area_crs":6695066,"len_km":18,"area_km2":6},"id":1204717003},{"arcs":[[-6,11,12,13,14]],"type":"Polygon","properties":{"adm1_psgc":1200000000,"adm2_psgc":1204700000,"adm3_psgc":1204717000,"adm4_psgc":1204717005,"adm4_en":"Katalicanan","geo_level":"Bgy","len_crs":11076,"area_crs":5500632,"len_km":11,"area_km2":5},"id":1204717005},{"arcs":[[15,16,17,-8,18,19,20]],"type":"Polygon","properties":{"adm1_psgc":1200000000,"adm2_psgc":1204700000,"adm3_psgc":1204717000,"adm4_psgc":1204717006,"adm4_en":"Lawili","geo_level":"Bgy","len_crs":24515,"area_crs":13291037,"len_km":24,"area_km2":13},"id":1204717006},{"arcs":[[21,22,23,24,25]],"type":"Polygon","properties":{"adm1_psgc":1200000000,"adm2_psgc":1204700000,"adm3_psgc":1204717000,"adm4_psgc":1204717007,"adm4_en":"Lower Mingading","geo_level":"Bgy","len_crs":12876,"area_crs":7008150,"len_km":12,"area_km2":7},"id":1204717007},{"arcs":[[26,27,28,29]],"type":"Polygon","properties":{"adm1_psgc":1200000000,"adm2_psgc":1204700000,"adm3_psgc":1204717000,"adm4_psgc":1204717008,"adm4_en":"Luanan","geo_level":"Bgy","len_crs":12941,"area_crs":5874727,"len_km":12,"area_km2":5},"id":1204717008},{"arcs":[[30,31,32,-28]],"type":"Polygon","properties":{"adm1_psgc":1200000000,"adm2_psgc":1204700000,"adm3_psgc":1204717000,"adm4_psgc":1204717009,"adm4_en":"Malapang","geo_level":"Bgy","len_crs":21378,"area_crs":15487456,"len_km":21,"area_km2":15},"id":1204717009},{"arcs":[[-29,-33,33,34,-12,-5,-18,35]],"type":"Polygon","properties":{"adm1_psgc":1200000000,"adm2_psgc":1204700000,"adm3_psgc":1204717000,"adm4_psgc":1204717010,"adm4_en":"New Leon","geo_level":"Bgy","len_crs":14740,"area_crs":10897399,"len_km":14,"area_km2":10},"id":1204717010},{"arcs":[[-30,-36,-17,36]],"type":"Polygon","properties":{"adm1_psgc":1200000000,"adm2_psgc":1204700000,"adm3_psgc":1204717000,"adm4_psgc":1204717011,"adm4_en":"New Panay","geo_level":"Bgy","len_crs":23202,"area_crs":13737946,"len_km":23,"area_km2":13},"id":1204717011},{"arcs":[[37,-1,38,-24]],"type":"Polygon","properties":{"adm1_psgc":1200000000,"adm2_psgc":1204700000,"adm3_psgc":1204717000,"adm4_psgc":1204717012,"adm4_en":"Pagangan","geo_level":"Bgy","len_crs":16944,"area_crs":14177273,"len_km":16,"area_km2":14},"id":1204717012},{"arcs":[[-21,39,40]],"type":"Polygon","properties":{"adm1_psgc":1200000000,"adm2_psgc":1204700000,"adm3_psgc":1204717000,"adm4_psgc":1204717013,"adm4_en":"Palacat","geo_level":"Bgy","len_crs":8990,"area_crs":3666452,"len_km":8,"area_km2":3},"id":1204717013},{"arcs":[[-20,41,-40]],"type":"Polygon","properties":{"adm1_psgc":1200000000,"adm2_psgc":1204700000,"adm3_psgc":1204717000,"adm4_psgc":1204717014,"adm4_en":"Pentil","geo_level":"Bgy","len_crs":12852,"area_crs":7906783,"len_km":12,"area_km2":7},"id":1204717014},{"arcs":[[-25,-39,-4,-9,42,43]],"type":"Polygon","properties":{"adm1_psgc":1200000000,"adm2_psgc":1204700000,"adm3_psgc":1204717000,"adm4_psgc":1204717015,"adm4_en":"San Mateo","geo_level":"Bgy","len_crs":19741,"area_crs":15118964,"len_km":19,"area_km2":15},"id":1204717015},{"arcs":[[-14,-43,-11,44]],"type":"Polygon","properties":{"adm1_psgc":1200000000,"adm2_psgc":1204700000,"adm3_psgc":1204717000,"adm4_psgc":1204717016,"adm4_en":"Santa Cruz","geo_level":"Bgy","len_crs":12038,"area_crs":4992620,"len_km":12,"area_km2":4},"id":1204717016},{"arcs":[[-32,45,-22,46,-34]],"type":"Polygon","properties":{"adm1_psgc":1200000000,"adm2_psgc":1204700000,"adm3_psgc":1204717000,"adm4_psgc":1204717018,"adm4_en":"Tomado","geo_level":"Bgy","len_crs":19533,"area_crs":12008274,"len_km":19,"area_km2":12},"id":1204717018},{"arcs":[[-47,-26,-44,-13,-35]],"type":"Polygon","properties":{"adm1_psgc":1200000000,"adm2_psgc":1204700000,"adm3_psgc":1204717000,"adm4_psgc":1204717019,"adm4_en":"Upper Mingading","geo_level":"Bgy","len_crs":14873,"area_crs":11255705,"len_km":14,"area_km2":11},"id":1204717019}]}}}