{"type":"Topology","arcs":[[[875,27],[-21,-13],[-61,-14],[-60,8],[-129,68],[-105,37]],[[499,113],[-29,40],[-2,122],[56,20],[68,50]],[[592,345],[42,43]],[[634,388],[73,-4],[25,11],[-20,49],[31,30]],[[743,474],[44,-24],[30,-44],[74,-89],[-15,-21],[-13,-113],[12,-156]],[[708,1070],[19,-31],[42,-28],[36,-12],[19,-26],[2,-110]],[[826,863],[-13,-5],[-149,-97],[3,-221],[-49,-7]],[[618,533],[-139,96],[-47,-15],[-13,9],[13,55],[-17,19],[39,54]],[[454,751],[16,14],[-62,287]],[[408,1052],[253,22],[47,-4]],[[499,113],[-62,27],[-53,39],[-51,49],[-68,95]],[[265,323],[70,9]],[[335,332],[60,8],[128,57],[69,-52]],[[454,751],[-89,8],[-58,-45],[-50,19],[-13,37]],[[244,770],[9,31],[-19,30],[13,78],[19,65],[42,26]],[[308,1000],[100,52]],[[743,474],[18,21],[74,30],[75,45],[22,-2],[29,33],[16,45]],[[977,646],[123,-124],[-105,-267],[22,-15],[-34,-46],[84,-17],[-77,-72],[-115,-78]],[[634,388],[-20,24],[-10,43],[-46,10],[-23,24]],[[535,489],[83,44]],[[618,533],[125,-59]],[[535,489],[-58,0],[-126,30]],[[351,519],[-153,30]],[[198,549],[-21,14],[-177,0],[0,8],[109,34],[54,94],[81,71]],[[826,863],[-4,-16],[39,-86],[46,-15],[70,-100]],[[351,519],[-8,-88],[13,-45],[-21,-54]],[[265,323],[-35,62],[-15,52],[-9,89],[-8,23]],[[308,1000],[-73,353],[-12,130],[35,-44],[51,-32],[2,-14],[42,-49],[68,-34],[-10,-23],[25,-32],[43,-26],[23,0],[54,-34],[18,-39],[100,-34],[7,-28],[27,-24]]],"transform":{"scale":[0.00009588230727270674,0.00012041567902900648],"translate":[125.96304255700012,7.930941297000061]},"objects":{"bgysubmuns-municity-1600310000":{"type":"GeometryCollection","geometries":[{"arcs":[[0,1,2,3,4]],"type":"Polygon","properties":{"adm1_psgc":1600000000,"adm2_psgc":1600300000,"adm3_psgc":1600310000,"adm4_psgc":1600310001,"adm4_en":"Angas","geo_level":"Bgy","len_crs":18241,"area_crs":18298819,"len_km":18,"area_km2":18},"id":1600310001},{"arcs":[[5,6,7,8,9]],"type":"Polygon","properties":{"adm1_psgc":1600000000,"adm2_psgc":1600300000,"adm3_psgc":1600310000,"adm4_psgc":1600310002,"adm4_en":"Aurora","geo_level":"Bgy","len_crs":21724,"area_crs":20478635,"len_km":21,"area_km2":20},"id":1600310002},{"arcs":[[-2,10,11,12]],"type":"Polygon","properties":{"adm1_psgc":1600000000,"adm2_psgc":1600300000,"adm3_psgc":1600310000,"adm4_psgc":1600310003,"adm4_en":"Awao","geo_level":"Bgy","len_crs":11724,"area_crs":5248042,"len_km":11,"area_km2":5},"id":1600310003},{"arcs":[[13,14,15,-9]],"type":"Polygon","properties":{"adm1_psgc":1600000000,"adm2_psgc":1600300000,"adm3_psgc":1600310000,"adm4_psgc":1600310004,"adm4_en":"Tapaz","geo_level":"Bgy","len_crs":11996,"area_crs":7492150,"len_km":11,"area_km2":7},"id":1600310004},{"arcs":[[-5,16,17]],"type":"Polygon","properties":{"adm1_psgc":1600000000,"adm2_psgc":1600300000,"adm3_psgc":1600310000,"adm4_psgc":1600310005,"adm4_en":"Patrocinio","geo_level":"Bgy","len_crs":21177,"area_crs":13997124,"len_km":21,"area_km2":13},"id":1600310005},{"arcs":[[-4,18,19,20]],"type":"Polygon","properties":{"adm1_psgc":1600000000,"adm2_psgc":1600300000,"adm3_psgc":1600310000,"adm4_psgc":1600310006,"adm4_en":"Poblacion","geo_level":"Bgy","len_crs":7048,"area_crs":2358220,"len_km":7,"area_km2":2},"id":1600310006},{"arcs":[[-8,-20,21,22,23,-14]],"type":"Polygon","properties":{"adm1_psgc":1600000000,"adm2_psgc":1600300000,"adm3_psgc":1600310000,"adm4_psgc":1600310007,"adm4_en":"San Jose","geo_level":"Bgy","len_crs":18675,"area_crs":11398655,"len_km":18,"area_km2":11},"id":1600310007},{"arcs":[[-17,-21,-7,24]],"type":"Polygon","properties":{"adm1_psgc":1600000000,"adm2_psgc":1600300000,"adm3_psgc":1600310000,"adm4_psgc":1600310008,"adm4_en":"Santa Isabel","geo_level":"Bgy","len_crs":14675,"area_crs":11011398,"len_km":14,"area_km2":11},"id":1600310008},{"arcs":[[25,-12,26,-23]],"type":"Polygon","properties":{"adm1_psgc":1600000000,"adm2_psgc":1600300000,"adm3_psgc":1600310000,"adm4_psgc":1600310009,"adm4_en":"Sayon","geo_level":"Bgy","len_crs":8113,"area_crs":3650928,"len_km":8,"area_km2":3},"id":1600310009},{"arcs":[[-19,-3,-13,-26,-22]],"type":"Polygon","properties":{"adm1_psgc":1600000000,"adm2_psgc":1600300000,"adm3_psgc":1600310000,"adm4_psgc":1600310010,"adm4_en":"Concepcion","geo_level":"Bgy","len_crs":10764,"area_crs":4840240,"len_km":10,"area_km2":4},"id":1600310010},{"arcs":[[-10,-16,27]],"type":"Polygon","properties":{"adm1_psgc":1600000000,"adm2_psgc":1600300000,"adm3_psgc":1600310000,"adm4_psgc":1600310011,"adm4_en":"Pag-asa","geo_level":"Bgy","len_crs":19710,"area_crs":12341977,"len_km":19,"area_km2":12},"id":1600310011}]}}}