{"type":"Topology","arcs":[[[595,242],[-10,-7]],[[585,235],[-8,22],[-40,66]],[[537,323],[7,1]],[[544,324],[51,-82]],[[550,223],[-26,5]],[[524,228],[7,14],[-43,70]],[[488,312],[18,3]],[[506,315],[41,-63],[3,-29]],[[807,19],[29,-5],[4,-9],[-31,-5],[-21,14],[19,5]],[[682,373],[-28,-23]],[[654,350],[-67,15]],[[587,365],[-41,9]],[[546,374],[-25,5]],[[521,379],[-18,4]],[[503,383],[-453,497]],[[50,880],[-50,109]],[[0,989],[571,-525],[111,-91]],[[524,228],[-9,8],[-27,12]],[[488,248],[4,6],[-60,87]],[[432,341],[56,-29]],[[633,277],[5,-4]],[[638,273],[-11,-19]],[[627,254],[-21,24],[-49,51]],[[557,329],[6,3]],[[563,332],[57,-47],[13,-8]],[[472,250],[-14,-3],[-30,4]],[[428,251],[-76,127]],[[352,378],[23,12]],[[375,390],[75,-109],[15,-3],[7,-28]],[[521,379],[118,-94]],[[639,285],[-6,-8]],[[563,332],[-60,51]],[[648,281],[-10,-8]],[[639,285],[9,-4]],[[609,245],[-4,-9]],[[605,236],[-10,6]],[[544,324],[8,3]],[[552,327],[34,-52],[23,-30]],[[391,399],[-16,-9]],[[352,378],[-30,-17]],[[322,361],[-38,42],[-20,25],[-25,17],[-58,64],[-49,49],[-7,48],[23,39]],[[148,645],[163,-164],[80,-82]],[[587,365],[81,-56]],[[668,309],[-12,-14]],[[656,295],[-7,2],[-31,24],[-72,53]],[[571,222],[-9,-1]],[[562,221],[-3,31],[-41,66]],[[518,318],[4,1]],[[522,319],[5,1]],[[527,320],[40,-68],[4,-30]],[[488,248],[-16,2]],[[391,399],[41,-58]],[[654,350],[42,-34]],[[696,316],[-6,-5],[-22,-2]],[[627,254],[-18,-9]],[[552,327],[5,2]],[[562,221],[-12,2]],[[506,315],[12,3]],[[428,251],[-41,-16],[-8,9],[-9,36],[-25,53],[-23,28]],[[585,235],[2,-11]],[[587,224],[-16,-2]],[[527,320],[10,3]],[[656,295],[-8,-14]],[[148,645],[-24,73]],[[124,718],[398,-399]],[[544,324],[-466,493]],[[78,817],[-28,63]],[[745,331],[-20,7],[-43,35]],[[0,989],[64,15],[688,-613],[19,-10],[-17,-9],[-16,-24],[7,-17]],[[124,718],[-46,99]],[[745,331],[-2,-6],[-32,0],[-15,-9]],[[605,236],[-18,-12]]],"transform":{"scale":[0.0000768457154761968,0.00010039953486056578],"translate":[124.09577995200006,7.832674805000066]},"objects":{"bgysubmuns-municity-1903601000":{"type":"GeometryCollection","geometries":[{"arcs":[[0,1,2,3]],"type":"Polygon","properties":{"adm1_psgc":1900000000,"adm2_psgc":1903600000,"adm3_psgc":1903601000,"adm4_psgc":1903601001,"adm4_en":"Ampao","geo_level":"Bgy","len_crs":2264,"area_crs":67022,"len_km":2,"area_km2":0},"id":1903601001},{"arcs":[[4,5,6,7]],"type":"Polygon","properties":{"adm1_psgc":1900000000,"adm2_psgc":1903600000,"adm3_psgc":1903601000,"adm4_psgc":1903601002,"adm4_en":"Bagoaingud","geo_level":"Bgy","len_crs":2547,"area_crs":176998,"len_km":2,"area_km2":0},"id":1903601002},{"arcs":[[8]],"type":"Polygon","properties":{"adm1_psgc":1900000000,"adm2_psgc":1903600000,"adm3_psgc":1903601000,"adm4_psgc":1903601004,"adm4_en":"Balut","geo_level":"Bgy","len_crs":1149,"area_crs":63046,"len_km":1,"area_km2":0},"id":1903601004},{"arcs":[[9,10,11,12,13,14,15,16]],"type":"Polygon","properties":{"adm1_psgc":1900000000,"adm2_psgc":1903600000,"adm3_psgc":1903601000,"adm4_psgc":1903601005,"adm4_en":"Barua","geo_level":"Bgy","len_crs":18638,"area_crs":5942005,"len_km":18,"area_km2":5},"id":1903601005},{"arcs":[[-6,17,18,19]],"type":"Polygon","properties":{"adm1_psgc":1900000000,"adm2_psgc":1903600000,"adm3_psgc":1903601000,"adm4_psgc":1903601006,"adm4_en":"Buadiawani","geo_level":"Bgy","len_crs":3232,"area_crs":294413,"len_km":3,"area_km2":0},"id":1903601006},{"arcs":[[20,21,22,23,24]],"type":"Polygon","properties":{"adm1_psgc":1900000000,"adm2_psgc":1903600000,"adm3_psgc":1903601000,"adm4_psgc":1903601007,"adm4_en":"Bubong","geo_level":"Bgy","len_crs":2326,"area_crs":118421,"len_km":2,"area_km2":0},"id":1903601007},{"arcs":[[25,26,27,28]],"type":"Polygon","properties":{"adm1_psgc":1900000000,"adm2_psgc":1903600000,"adm3_psgc":1903601000,"adm4_psgc":1903601008,"adm4_en":"Dilabayan","geo_level":"Bgy","len_crs":4033,"area_crs":481515,"len_km":4,"area_km2":0},"id":1903601008},{"arcs":[[29,30,-25,31,-14]],"type":"Polygon","properties":{"adm1_psgc":1900000000,"adm2_psgc":1903600000,"adm3_psgc":1903601000,"adm4_psgc":1903601009,"adm4_en":"Dipatuan","geo_level":"Bgy","len_crs":3332,"area_crs":151588,"len_km":3,"area_km2":0},"id":1903601009},{"arcs":[[32,-21,-31,33]],"type":"Polygon","properties":{"adm1_psgc":1900000000,"adm2_psgc":1903600000,"adm3_psgc":1903601000,"adm4_psgc":1903601010,"adm4_en":"Daramoyod","geo_level":"Bgy","len_crs":410,"area_crs":8942,"len_km":0,"area_km2":0},"id":1903601010},{"arcs":[[34,35,-4,36,37]],"type":"Polygon","properties":{"adm1_psgc":1900000000,"adm2_psgc":1903600000,"adm3_psgc":1903601000,"adm4_psgc":1903601011,"adm4_en":"Gandamato","geo_level":"Bgy","len_crs":2380,"area_crs":99975,"len_km":2,"area_km2":0},"id":1903601011},{"arcs":[[38,-28,39,40,41]],"type":"Polygon","properties":{"adm1_psgc":1900000000,"adm2_psgc":1903600000,"adm3_psgc":1903601000,"adm4_psgc":1903601012,"adm4_en":"Gurain","geo_level":"Bgy","len_crs":7863,"area_crs":2200235,"len_km":7,"area_km2":2},"id":1903601012},{"arcs":[[42,43,44,-12]],"type":"Polygon","properties":{"adm1_psgc":1900000000,"adm2_psgc":1903600000,"adm3_psgc":1903601000,"adm4_psgc":1903601013,"adm4_en":"Ilian","geo_level":"Bgy","len_crs":2786,"area_crs":201280,"len_km":2,"area_km2":0},"id":1903601013},{"arcs":[[45,46,47,48,49]],"type":"Polygon","properties":{"adm1_psgc":1900000000,"adm2_psgc":1903600000,"adm3_psgc":1903601000,"adm4_psgc":1903601014,"adm4_en":"Lama","geo_level":"Bgy","len_crs":2538,"area_crs":83099,"len_km":2,"area_km2":0},"id":1903601014},{"arcs":[[-19,50,-29,-39,51]],"type":"Polygon","properties":{"adm1_psgc":1900000000,"adm2_psgc":1903600000,"adm3_psgc":1903601000,"adm4_psgc":1903601015,"adm4_en":"Liawao","geo_level":"Bgy","len_crs":4060,"area_crs":289397,"len_km":4,"area_km2":0},"id":1903601015},{"arcs":[[52,53,-43,-11]],"type":"Polygon","properties":{"adm1_psgc":1900000000,"adm2_psgc":1903600000,"adm3_psgc":1903601000,"adm4_psgc":1903601016,"adm4_en":"Lumbaca-Ingud","geo_level":"Bgy","len_crs":2331,"area_crs":178979,"len_km":2,"area_km2":0},"id":1903601016},{"arcs":[[54,-38,55,-23]],"type":"Polygon","properties":{"adm1_psgc":1900000000,"adm2_psgc":1903600000,"adm3_psgc":1903601000,"adm4_psgc":1903601018,"adm4_en":"Madanding","geo_level":"Bgy","len_crs":2322,"area_crs":135221,"len_km":2,"area_km2":0},"id":1903601018},{"arcs":[[56,-8,57,-47]],"type":"Polygon","properties":{"adm1_psgc":1900000000,"adm2_psgc":1903600000,"adm3_psgc":1903601000,"adm4_psgc":1903601019,"adm4_en":"Orong","geo_level":"Bgy","len_crs":2517,"area_crs":108686,"len_km":2,"area_km2":0},"id":1903601019},{"arcs":[[58,-40,-27]],"type":"Polygon","properties":{"adm1_psgc":1900000000,"adm2_psgc":1903600000,"adm3_psgc":1903601000,"adm4_psgc":1903601020,"adm4_en":"Pindolonan","geo_level":"Bgy","len_crs":3840,"area_crs":479768,"len_km":3,"area_km2":0},"id":1903601020},{"arcs":[[59,60,-50,61,-2]],"type":"Polygon","properties":{"adm1_psgc":1900000000,"adm2_psgc":1903600000,"adm3_psgc":1903601000,"adm4_psgc":1903601021,"adm4_en":"Poblacion I","geo_level":"Bgy","len_crs":2649,"area_crs":120467,"len_km":2,"area_km2":0},"id":1903601021},{"arcs":[[-45,62,-34,-30,-13]],"type":"Polygon","properties":{"adm1_psgc":1900000000,"adm2_psgc":1903600000,"adm3_psgc":1903601000,"adm4_psgc":1903601022,"adm4_en":"Poblacion II","geo_level":"Bgy","len_crs":3235,"area_crs":202016,"len_km":3,"area_km2":0},"id":1903601022},{"arcs":[[-48,-58,-7,-20,-52,-42,63,64]],"type":"Polygon","properties":{"adm1_psgc":1900000000,"adm2_psgc":1903600000,"adm3_psgc":1903601000,"adm4_psgc":1903601023,"adm4_en":"Raya","geo_level":"Bgy","len_crs":11424,"area_crs":1777254,"len_km":11,"area_km2":1},"id":1903601023},{"arcs":[[-32,-24,-56,-37,65,66,-15]],"type":"Polygon","properties":{"adm1_psgc":1900000000,"adm2_psgc":1903600000,"adm3_psgc":1903601000,"adm4_psgc":1903601024,"adm4_en":"Rorowan","geo_level":"Bgy","len_crs":15166,"area_crs":1095892,"len_km":15,"area_km2":1},"id":1903601024},{"arcs":[[67,-17,68]],"type":"Polygon","properties":{"adm1_psgc":1900000000,"adm2_psgc":1903600000,"adm3_psgc":1903601000,"adm4_psgc":1903601025,