{"type":"Topology","arcs":[[[291,552],[-13,-81]],[[278,471],[-43,-5]],[[235,466],[-30,37]],[[205,503],[60,76]],[[265,579],[26,-27]],[[229,698],[-34,-30]],[[195,668],[-16,17]],[[179,685],[10,30]],[[189,715],[40,-17]],[[260,828],[25,-69]],[[285,759],[-56,-61]],[[189,715],[-27,61],[36,42],[-40,48]],[[158,866],[102,-38]],[[556,572],[-11,-115]],[[545,457],[-42,-9]],[[503,448],[-63,50],[-10,78]],[[430,576],[126,-4]],[[430,576],[-145,183]],[[260,828],[115,-36],[3,66],[62,29],[44,-149],[28,-8],[44,-158]],[[195,668],[-27,-19]],[[168,649],[-88,32]],[[80,681],[17,27],[82,-23]],[[314,288],[2,-30]],[[316,258],[-1,0]],[[315,258],[-104,-21]],[[211,237],[22,51]],[[233,288],[81,0]],[[503,448],[-177,-42]],[[326,406],[1,28]],[[327,434],[3,27]],[[330,461],[29,1],[71,114]],[[80,681],[-61,19],[78,171],[61,-5]],[[327,434],[-39,-4]],[[288,430],[-48,-5]],[[240,425],[-5,41]],[[278,471],[52,-10]],[[339,183],[-44,-7]],[[295,176],[-54,-24],[-60,-72]],[[181,80],[-39,38]],[[142,118],[69,119]],[[315,258],[24,-75]],[[282,347],[-35,-28]],[[247,319],[-18,29],[-88,13]],[[141,361],[10,35]],[[151,396],[89,29]],[[288,430],[-6,-83]],[[151,396],[22,119]],[[173,515],[32,-12]],[[251,611],[14,-32]],[[173,515],[-5,134]],[[195,668],[56,-57]],[[286,624],[-35,-13]],[[229,698],[57,-74]],[[284,16],[17,90]],[[301,106],[111,-8],[134,42]],[[546,140],[-7,-54],[-121,-55],[-134,-15]],[[313,551],[17,-90]],[[291,552],[22,-1]],[[301,106],[-6,70]],[[339,183],[62,-30],[151,38]],[[552,191],[-6,-51]],[[326,406],[1,-57]],[[327,349],[-45,-2]],[[247,319],[-14,-31]],[[142,118],[-60,124]],[[82,242],[44,24],[15,95]],[[313,551],[20,49]],[[333,600],[97,-24]],[[333,600],[-47,24]],[[327,349],[-13,-61]],[[571,336],[-255,-78]],[[545,457],[26,-121]],[[571,336],[-19,-145]],[[181,80],[-45,-80]],[[136,0],[-123,9],[-13,60],[13,157],[69,16]],[[284,16],[-148,-16]]],"transform":{"scale":[0.00021975403852877564,0.00019286836302137558],"translate":[124.89603422900008,10.503096587000073]},"objects":{"bgysubmuns-municity-803731000":{"type":"GeometryCollection","geometries":[{"arcs":[[0,1,2,3,4]],"type":"Polygon","properties":{"adm1_psgc":800000000,"adm2_psgc":803700000,"adm3_psgc":803731000,"adm4_psgc":803731001,"adm4_en":"Campin","geo_level":"Bgy","len_crs":7118,"area_crs":3049404,"len_km":7,"area_km2":3},"id":803731001},{"arcs":[[5,6,7,8]],"type":"Polygon","properties":{"adm1_psgc":800000000,"adm2_psgc":803700000,"adm3_psgc":803731000,"adm4_psgc":803731002,"adm4_en":"Cuatro De Agosto","geo_level":"Bgy","len_crs":3910,"area_crs":1093808,"len_km":3,"area_km2":1},"id":803731002},{"arcs":[[9,10,-9,11,12]],"type":"Polygon","properties":{"adm1_psgc":800000000,"adm2_psgc":803700000,"adm3_psgc":803731000,"adm4_psgc":803731003,"adm4_en":"Hilusig","geo_level":"Bgy","len_crs":11746,"area_crs":6333677,"len_km":11,"area_km2":6},"id":803731003},{"arcs":[[13,14,15,16]],"type":"Polygon","properties":{"adm1_psgc":800000000,"adm2_psgc":803700000,"adm3_psgc":803731000,"adm4_psgc":803731004,"adm4_en":"Himamara","geo_level":"Bgy","len_crs":10293,"area_crs":7398949,"len_km":10,"area_km2":7},"id":803731004},{"arcs":[[-17,17,-10,18]],"type":"Polygon","properties":{"adm1_psgc":800000000,"adm2_psgc":803700000,"adm3_psgc":803731000,"adm4_psgc":803731005,"adm4_en":"Hinaguimitan","geo_level":"Bgy","len_crs":23444,"area_crs":23160708,"len_km":23,"area_km2":23},"id":803731005},{"arcs":[[-7,19,20,21]],"type":"Polygon","properties":{"adm1_psgc":800000000,"adm2_psgc":803700000,"adm3_psgc":803731000,"adm4_psgc":803731006,"adm4_en":"Liberacion","geo_level":"Bgy","len_crs":6323,"area_crs":1531280,"len_km":6,"area_km2":1},"id":803731006},{"arcs":[[22,23,24,25,26]],"type":"Polygon","properties":{"adm1_psgc":800000000,"adm2_psgc":803700000,"adm3_psgc":803731000,"adm4_psgc":803731007,"adm4_en":"Mabuhay","geo_level":"Bgy","len_crs":6415,"area_crs":1804000,"len_km":6,"area_km2":1},"id":803731007},{"arcs":[[27,28,29,30,-16]],"type":"Polygon","properties":{"adm1_psgc":800000000,"adm2_psgc":803700000,"adm3_psgc":803731000,"adm4_psgc":803731008,"adm4_en":"Mabunga","geo_level":"Bgy","len_crs":12857,"area_crs":5959442,"len_km":12,"area_km2":5},"id":803731008},{"arcs":[[-12,-8,-22,31]],"type":"Polygon","properties":{"adm1_psgc":800000000,"adm2_psgc":803700000,"adm3_psgc":803731000,"adm4_psgc":803731009,"adm4_en":"Magsuganao","geo_level":"Bgy","len_crs":14686,"area_crs":11442680,"len_km":14,"area_km2":11},"id":803731009},{"arcs":[[-30,32,33,34,-2,35]],"type":"Polygon","properties":{"adm1_psgc":800000000,"adm2_psgc":803700000,"adm3_psgc":803731000,"adm4_psgc":803731010,"adm4_en":"Mahayag","geo_level":"Bgy","len_crs":5910,"area_crs":1825884,"len_km":5,"area_km2":1},"id":803731010},{"arcs":[[36,37,38,39,-25,40]],"type":"Polygon","properties":{"adm1_psgc":800000000,"adm2_psgc":803700000,"adm3_psgc":803731000,"adm4_psgc":803731011,"adm4_en":"Mahayahay","geo_level":"Bgy","len_crs":13288,"area_crs":8441389,"len_km":13,"area_km2":8},"id":803731011},{"arcs":[[41,42,43,44,-34,45]],"type":"Polygon","properties":{"adm1_psgc":800000000,"adm2_psgc":803700000,"adm3_psgc":803731000,"adm4_psgc":803731012,"adm4_en":"Malinao","geo_level":"Bgy","len_crs":10460,"area_crs":4995015,"len_km":10,"area_km2":4},"id":803731012},{"arcs":[[-3,-35,-45,46,47]],"type":"Polygon","properties":{"adm1_psgc":800000000,"adm2_psgc":803700000,"adm3_psgc":803731000,"adm4_psgc":803731013,"adm4_en":"Malipoon","geo_level":"Bgy","len_crs":7722,"area_crs":3673538,"len_km":7,"area_km2":3},"id":803731013},{"arcs":[[48,-4,-48,49,-20,50]],"type":"Polygon","properties":{"adm1_psgc":800000000,"adm2_psgc":803700000,"adm3_psgc":803731000,"adm4_psgc":803731014,"adm4_en":"Palañogan","geo_level":"Bgy","len_crs":9270,"area_crs":4911179,"len_km":9,"area_km2":4},"id":803731014},{"arcs":[[51,-51,-6,52]],"type":"Polygon","properties":{"adm1_psgc":800000000,"adm2_psgc":803700000,"adm3_psgc":803731000,"adm4_psgc":803731015,"adm4_en":"Paril","geo_level":"Bgy","len_crs":6892,"area_crs":1788708,"len_km":6,"area_km2":1},"id":803731015},{"arcs":[[53,54,55]],"type":"Polygon","properties":{"adm1_psgc":800000000,"adm2_psgc":803700000,"adm3_psgc":803731000,"adm4_psgc":803731016,"adm4_en":"Pinamonoan","geo_level":"Bgy","len_crs":15593,"area_crs":9137927,"len_km":15,"area_km2":9},"id":803731016},{"arcs":[[56,-36,-1,57]],"type":"Polygon","properties":{"adm1_psgc":800000000,"adm2_psgc":803700000,"adm3_psgc":803731000,"adm4_psgc":803731017,"adm4_en":"Poblacion","geo_level":"Bgy","len_crs":6000,"area_crs":2167921,"len_km":6,"area_km2":2},"id":803731017},{"arcs":[[-55,58,-37,59,60]],"type":"Polygon","properties":{"adm1_psgc":800000000,"adm2_psgc":803700000,"adm3_psgc":803731000,"adm4_psgc":803731018,"adm4_en":"Polahongon","geo_level":"Bgy","len_crs":15214,"area_crs":8411598,"len_km":15,"area_km2":8},"id":803731018},{"arcs":[[-29,61,62,-46,-33]],"type":"Polygon","properties":{"adm1_psgc":800000000,"adm2_psgc":803700000,"adm3_psgc":803731000,"adm4_psgc":803731019,"adm4_en":"San Isidro","geo_level":"Bgy","len_crs":5725,"area_crs":1733313,"len_km":5,"area_km2":1},"id":803731019},{"arcs":[[63,-26,-40,64,65,-43]],"type":"Polygon","properties":{"adm1_psgc":800000000,"adm2_psgc":803700000,"adm3_psgc":803731000,"adm4_psgc":803731020,"adm4_en":"San Juan","geo_level":"Bgy","len_crs":15754,"area_crs":9865581,"len_km":15,"area_km2":9},"id":803731020},{"arcs":[[-31,-57,66,67]],"type":"Polygon","properties":{"adm1_psgc":800000000,"adm2_psgc":803700000,"adm3_psgc":803731000,"adm4_psgc":803731021,"adm4_en":"Santa Cruz","geo_level":"Bgy","len_crs":9669,"area_crs":4713651,"len_km":9,"area_km2":4},"id":803731021},{"arcs":[[-68,68,-53,-11,-18]],"type":"Polygon","properties":{"adm1_psgc":800000000,"adm2_psgc":803700000,"adm3_psgc":803731000,"adm4_psgc":803731022,"adm4_en":"Tagaytay","geo_level":"Bgy","len_crs":13624,"area_crs":7157405,"len_km":13,"area_km2":7},"id":803731022},{"arcs":[[-27,-64,-42,-63,69]],"type":"Polygon","properties":{"adm1_psgc":800000000,"adm2_psgc":803700000,"adm3_psgc":803731000,"adm4_psgc":803731023,"adm4_en":"Uguis","geo_level":"Bgy","len_crs":6188,