{"type":"Topology","arcs":[[[790,561],[41,-105]],[[831,456],[-42,-46]],[[789,410],[-10,3]],[[779,413],[-78,65],[-36,65]],[[665,543],[-30,25]],[[635,568],[46,16],[70,-38],[39,15]],[[591,604],[-36,-81]],[[555,523],[-96,19],[-49,-12]],[[410,530],[27,35],[9,72]],[[446,637],[69,21]],[[515,658],[33,-44],[43,-10]],[[648,347],[12,-121],[29,-36]],[[689,190],[-49,-39]],[[640,151],[-93,57]],[[547,208],[3,125]],[[550,333],[98,14]],[[546,399],[-27,-80]],[[519,319],[-41,-43]],[[478,276],[-88,38]],[[390,314],[-24,55]],[[366,369],[119,41]],[[485,410],[61,-11]],[[854,634],[-176,-4]],[[678,630],[-3,82],[44,88],[-8,55]],[[711,855],[93,8]],[[804,863],[19,-51],[31,-178]],[[779,413],[-78,-49]],[[701,364],[-80,48],[2,65]],[[623,477],[42,66]],[[640,151],[-36,-24],[0,-127],[-140,154]],[[464,154],[83,54]],[[789,410],[21,-85],[-86,-38],[-35,-97]],[[648,347],[53,17]],[[367,419],[-1,-50]],[[366,369],[-82,10]],[[284,379],[-42,42]],[[242,421],[110,20]],[[352,441],[15,-22]],[[604,840],[17,-59],[0,-151]],[[621,630],[1,-10]],[[622,620],[-31,-16]],[[515,658],[-53,64],[43,56],[-25,24]],[[480,802],[65,-4],[59,42]],[[478,276],[-68,-65]],[[410,211],[-55,17]],[[355,228],[35,86]],[[446,637],[-124,-12],[-42,-75]],[[280,550],[-106,90],[-23,-7]],[[151,633],[-151,159],[116,98],[56,-43],[139,-56],[95,16],[74,-5]],[[280,550],[71,-69],[1,-40]],[[242,421],[-69,1],[-27,90],[-64,69],[1,32],[68,20]],[[464,154],[-54,57]],[[519,319],[31,14]],[[355,228],[-41,-26],[-31,46],[1,131]],[[555,523],[33,-44]],[[588,479],[-13,-32]],[[575,447],[-89,-12]],[[486,435],[-76,67]],[[410,502],[0,28]],[[546,399],[29,48]],[[588,479],[35,-2]],[[678,630],[-57,0]],[[604,840],[107,15]],[[854,634],[34,-55]],[[888,579],[-44,31],[-54,-49]],[[635,568],[-13,52]],[[485,410],[1,25]],[[902,581],[-14,-2]],[[804,863],[150,-28],[-4,-53],[-78,-93],[38,-82],[-8,-26]],[[635,568],[-47,-89]],[[367,419],[43,83]],[[902,581],[-18,-83],[-53,-42]]],"transform":{"scale":[0.0001355914433962574,0.00013809415505615914],"translate":[122.51476890100004,11.35665891900004]},"objects":{"bgysubmuns-municity-601908000":{"type":"GeometryCollection","geometries":[{"arcs":[[0,1,2,3,4,5]],"type":"Polygon","properties":{"adm1_psgc":600000000,"adm2_psgc":601900000,"adm3_psgc":601908000,"adm4_psgc":601908001,"adm4_en":"Atiplo","geo_level":"Bgy","len_crs":9397,"area_crs":3581052,"len_km":9,"area_km2":3},"id":601908001},{"arcs":[[6,7,8,9,10]],"type":"Polygon","properties":{"adm1_psgc":600000000,"adm2_psgc":601900000,"adm3_psgc":601908000,"adm4_psgc":601908002,"adm4_en":"Balat-an","geo_level":"Bgy","len_crs":8487,"area_crs":3401404,"len_km":8,"area_km2":3},"id":601908002},{"arcs":[[11,12,13,14,15]],"type":"Polygon","properties":{"adm1_psgc":600000000,"adm2_psgc":601900000,"adm3_psgc":601908000,"adm4_psgc":601908003,"adm4_en":"Balit","geo_level":"Bgy","len_crs":8625,"area_crs":4483374,"len_km":8,"area_km2":4},"id":601908003},{"arcs":[[16,17,18,19,20,21]],"type":"Polygon","properties":{"adm1_psgc":600000000,"adm2_psgc":601900000,"adm3_psgc":601908000,"adm4_psgc":601908004,"adm4_en":"Batiano","geo_level":"Bgy","len_crs":7456,"area_crs":3279903,"len_km":7,"area_km2":3},"id":601908004},{"arcs":[[22,23,24,25]],"type":"Polygon","properties":{"adm1_psgc":600000000,"adm2_psgc":601900000,"adm3_psgc":601908000,"adm4_psgc":601908005,"adm4_en":"Bating","geo_level":"Bgy","len_crs":11253,"area_crs":6978228,"len_km":11,"area_km2":6},"id":601908005},{"arcs":[[26,27,28,-4]],"type":"Polygon","properties":{"adm1_psgc":600000000,"adm2_psgc":601900000,"adm3_psgc":601908000,"adm4_psgc":601908006,"adm4_en":"Bato Bato","geo_level":"Bgy","len_crs":7760,"area_crs":3498623,"len_km":7,"area_km2":3},"id":601908006},{"arcs":[[29,30,-14]],"type":"Polygon","properties":{"adm1_psgc":600000000,"adm2_psgc":601900000,"adm3_psgc":601908000,"adm4_psgc":601908007,"adm4_en":"Baye","geo_level":"Bgy","len_crs":8899,"area_crs":3611047,"len_km":8,"area_km2":3},"id":601908007},{"arcs":[[31,-12,32,-27,-3]],"type":"Polygon","properties":{"adm1_psgc":600000000,"adm2_psgc":601900000,"adm3_psgc":601908000,"adm4_psgc":601908008,"adm4_en":"Bergante","geo_level":"Bgy","len_crs":9781,"area_crs":3368877,"len_km":9,"area_km2":3},"id":601908008},{"arcs":[[33,34,35,36,37]],"type":"Polygon","properties":{"adm1_psgc":600000000,"adm2_psgc":601900000,"adm3_psgc":601908000,"adm4_psgc":601908009,"adm4_en":"Bunga","geo_level":"Bgy","len_crs":5392,"area_crs":1387121,"len_km":5,"area_km2":1},"id":601908009},{"arcs":[[38,39,40,-11,41,42]],"type":"Polygon","properties":{"adm1_psgc":600000000,"adm2_psgc":601900000,"adm3_psgc":601908000,"adm4_psgc":601908010,"adm4_en":"Bula","geo_level":"Bgy","len_crs":11350,"area_crs":5430094,"len_km":11,"area_km2":5},"id":601908010},{"arcs":[[-19,43,44,45]],"type":"Polygon","properties":{"adm1_psgc":600000000,"adm2_psgc":601900000,"adm3_psgc":601908000,"adm4_psgc":601908011,"adm4_en":"Bungsi","geo_level":"Bgy","len_crs":6385,"area_crs":1791507,"len_km":6,"area_km2":1},"id":601908011},{"arcs":[[-42,-10,46,47,48]],"type":"Polygon","properties":{"adm1_psgc":600000000,"adm2_psgc":601900000,"adm3_psgc":601908000,"adm4_psgc":601908012,"adm4_en":"Burias","geo_level":"Bgy","len_crs":20995,"area_crs":19588912,"len_km":20,"area_km2":19},"id":601908012},{"arcs":[[49,-37,50,-48]],"type":"Polygon","properties":{"adm1_psgc":600000000,"adm2_psgc":601900000,"adm3_psgc":601908000,"adm4_psgc":601908013,"adm4_en":"Caidquid","geo_level":"Bgy","len_crs":12181,"area_crs":7676529,"len_km":12,"area_km2":7},"id":601908013},{"arcs":[[-31,51,-44,-18,52,-15]],"type":"Polygon","properties":{"adm1_psgc":600000000,"adm2_psgc":601900000,"adm3_psgc":601908000,"adm4_psgc":601908014,"adm4_en":"Cala-agus","geo_level":"Bgy","len_crs":7427,"area_crs":2806316,"len_km":7,"area_km2":2},"id":601908014},{"arcs":[[-20,-46,53,-35]],"type":"Polygon","properties":{"adm1_psgc":600000000,"adm2_psgc":601900000,"adm3_psgc":601908000,"adm4_psgc":601908015,"adm4_en":"Libo-o","geo_level":"Bgy","len_crs":9099,"area_crs":3229495,"len_km":9,"area_km2":3},"id":601908015},{"arcs":[[54,55,56,57,58,-8]],"type":"Polygon","properties":{"adm1_psgc":600000000,"adm2_psgc":601900000,"adm3_psgc":601908000,"adm4_psgc":601908016,"adm4_en":"Manibad","geo_level":"Bgy","len_crs":8302,"area_crs":2623610,"len_km":8,"area_km2":2},"id":601908016},{"arcs":[[-28,-33,-16,-53,-17,59,-56,60]],"type":"Polygon","properties":{"adm1_psgc":600000000,"adm2_psgc":601900000,"adm3_psgc":601908000,"adm4_psgc":601908017,"adm4_en":"Maralag","geo_level":"Bgy","len_crs":8998,"area_crs":2918705,"len_km":8,"area_km2":2},"id":601908017},{"arcs":[[61,-39,62,-24]],"type":"Polygon","properties":{"adm1_psgc":600000000,"adm2_psgc":601900000,"adm3_psgc":601908000,"adm4_psgc":601908018,"adm4_en":"Najus-an","geo_level":"Bgy","len_crs":9965,"area_crs":3916911,"len_km":9,"area_km2":3},"id":601908018},{"arcs":[[63,64,-6,65,-40,-62,-23]],"type":"Polygon","properties":{"adm1_psgc":600000000,"adm2_psgc":601900000,"adm3_psgc":601908000,"adm4_psgc":601908019,"adm4_en":"Pangpang Norte","geo_level":"Bgy","len_crs":11185,"area_crs":3213739,"len_km":11,"area_km2":3},"id":601908019},{"arcs":[[-60,-22,66,-57]],"type":"Polygon","properties":{"adm1_psgc":600000000,"adm2_psgc":601900000,"adm3_psgc":601908000,"adm4_psgc":601908020,"adm4_en":"Pangpang Sur","geo_level":"Bgy","len_crs":4563,"area_crs":806306,"len_km":4,"area_km2":0},"id":601908020},{"arcs":[[67,-64,-26,68]],"type":"Polygon","properties":{"adm1_psgc":600000000,"adm2_psgc":601900000,"adm3_psgc":601908000,"adm4_psgc":601908021,"adm4_en":"Pinay","geo_level":"Bgy","len_crs":11579,"area_crs":4495139,"len_km":11,"area_km2":4},"id":601908021},{"arcs":[[69,-55,-7,-41,-66]],"type":"Polygon","properties":{"adm1_psgc":600000000,"adm2_psgc":601900000,"adm3_psgc":601908000,"adm4_psgc":601908022,"adm4_en":"Poblacion Proper","geo_level":"Bgy","len_crs":6490,"area_crs":1378643,"len_km":6,"area_km2":1},"id":601908022},{"arcs":[[-29,-61,-70,-5]],"type":"Polygon","properties":{"adm1_psgc":600000000,"adm2_psgc":601900000,"adm3_psgc":601908000,"adm4_psgc":601908023,