{"type":"Topology","arcs":[[[1051,189],[-143,-104],[-156,-85],[-93,10],[-39,30],[-83,31]],[[537,71],[10,53],[56,2],[50,43],[73,28],[44,33],[35,64],[48,29]],[[853,323],[123,-120],[75,-14]],[[824,788],[-68,-67]],[[756,721],[-19,44]],[[737,765],[70,37],[17,-14]],[[756,721],[-49,-30]],[[707,691],[-31,38]],[[676,729],[61,36]],[[652,744],[-55,-50],[-31,-48]],[[566,646],[-62,12],[-44,-17],[-52,11],[-31,-28]],[[377,624],[-60,59],[-10,81]],[[307,764],[81,65],[111,26],[53,64],[67,41]],[[619,960],[12,-100],[24,-56],[-3,-60]],[[449,391],[-10,-78],[-36,-47],[-33,-93],[-29,-9]],[[341,164],[-31,-19],[-58,61],[-62,-4],[-34,51],[-41,-6],[-33,81],[1,36]],[[83,364],[60,33],[38,63],[37,20],[85,5],[20,31]],[[323,516],[19,-6],[18,-74],[24,-31],[65,-14]],[[853,323],[-11,37],[20,51]],[[862,411],[24,44],[46,151],[3,70],[76,31]],[[1011,707],[46,6],[71,-48],[53,24],[96,65]],[[1277,754],[-41,-112],[48,-1],[-38,-171],[5,-36],[-17,-110],[-49,-46],[-134,-89]],[[566,646],[27,-54]],[[593,592],[30,-62]],[[623,530],[-71,-118],[-103,-21]],[[323,516],[7,81],[47,27]],[[1437,936],[-43,17],[-105,12],[-108,-44]],[[1181,921],[-4,116],[39,75],[35,102],[-52,53],[-4,64],[-66,183]],[[1129,1514],[52,8],[85,-32],[83,45],[34,-38],[41,-115],[-6,-65],[32,-201],[-15,-45],[2,-135]],[[769,684],[-29,-34]],[[740,650],[-33,41]],[[756,721],[13,-37]],[[862,411],[-64,-3],[-52,38],[-73,17],[-50,67]],[[593,592],[105,50],[42,8]],[[769,684],[37,38]],[[806,722],[77,-24],[23,16],[105,-7]],[[1437,936],[-44,-20],[-11,-63],[-55,-48],[-48,5],[-2,-56]],[[806,722],[56,74]],[[862,796],[60,24],[67,56],[192,45]],[[83,364],[2,48],[-30,61],[-55,36],[74,39],[58,104],[43,19],[64,67],[68,26]],[[537,71],[-100,77],[-96,16]],[[862,796],[-38,-8]],[[676,729],[-24,15]],[[619,960],[35,55],[75,10],[52,35],[43,-7],[73,55],[56,66],[95,79],[29,70],[-6,38],[58,153]]],"transform":{"scale":[0.0000804034779310153,0.00005961566188924578],"translate":[121.34016482200003,13.97319681500005]},"objects":{"bgysubmuns-municity-405615000":{"type":"GeometryCollection","geometries":[{"arcs":[[0,1,2]],"type":"Polygon","properties":{"adm1_psgc":400000000,"adm2_psgc":405600000,"adm3_psgc":405615000,"adm4_psgc":405615001,"adm4_en":"Antonino","geo_level":"Bgy","len_crs":10580,"area_crs":4428897,"len_km":10,"area_km2":4},"id":405615001},{"arcs":[[3,4,5]],"type":"Polygon","properties":{"adm1_psgc":400000000,"adm2_psgc":405600000,"adm3_psgc":405615000,"adm4_psgc":405615002,"adm4_en":"Bagong Anyo","geo_level":"Bgy","len_crs":2024,"area_crs":185820,"len_km":2,"area_km2":0},"id":405615002},{"arcs":[[6,7,8,-5]],"type":"Polygon","properties":{"adm1_psgc":400000000,"adm2_psgc":405600000,"adm3_psgc":405615000,"adm4_psgc":405615003,"adm4_en":"Bayanihan","geo_level":"Bgy","len_crs":1877,"area_crs":220987,"len_km":1,"area_km2":0},"id":405615003},{"arcs":[[9,10,11,12,13]],"type":"Polygon","properties":{"adm1_psgc":400000000,"adm2_psgc":405600000,"adm3_psgc":405615000,"adm4_psgc":405615004,"adm4_en":"Bulakin I","geo_level":"Bgy","len_crs":8795,"area_crs":3827086,"len_km":8,"area_km2":3},"id":405615004},{"arcs":[[14,15,16,17]],"type":"Polygon","properties":{"adm1_psgc":400000000,"adm2_psgc":405600000,"adm3_psgc":405615000,"adm4_psgc":405615005,"adm4_en":"Bungoy","geo_level":"Bgy","len_crs":9275,"area_crs":4678363,"len_km":9,"area_km2":4},"id":405615005},{"arcs":[[-3,18,19,20,21]],"type":"Polygon","properties":{"adm1_psgc":400000000,"adm2_psgc":405600000,"adm3_psgc":405615000,"adm4_psgc":405615006,"adm4_en":"Cabatang","geo_level":"Bgy","len_crs":13333,"area_crs":9423970,"len_km":13,"area_km2":9},"id":405615006},{"arcs":[[22,23,24,-18,25,-11]],"type":"Polygon","properties":{"adm1_psgc":400000000,"adm2_psgc":405600000,"adm3_psgc":405615000,"adm4_psgc":405615007,"adm4_en":"Dagatan","geo_level":"Bgy","len_crs":7467,"area_crs":3475182,"len_km":7,"area_km2":3},"id":405615007},{"arcs":[[26,27,28]],"type":"Polygon","properties":{"adm1_psgc":400000000,"adm2_psgc":405600000,"adm3_psgc":405615000,"adm4_psgc":405615008,"adm4_en":"Kinabuhayan","geo_level":"Bgy","len_crs":13201,"area_crs":7534607,"len_km":13,"area_km2":7},"id":405615008},{"arcs":[[29,30,-7,31]],"type":"Polygon","properties":{"adm1_psgc":400000000,"adm2_psgc":405600000,"adm3_psgc":405615000,"adm4_psgc":405615009,"adm4_en":"Maligaya","geo_level":"Bgy","len_crs":1537,"area_crs":138166,"len_km":1,"area_km2":0},"id":405615009},{"arcs":[[-20,32,-24,33,-30,34,35]],"type":"Polygon","properties":{"adm1_psgc":400000000,"adm2_psgc":405600000,"adm3_psgc":405615000,"adm4_psgc":405615010,"adm4_en":"Manggahan","geo_level":"Bgy","len_crs":10329,"area_crs":3907333,"len_km":10,"area_km2":3},"id":405615010},{"arcs":[[36,-21,-36,37,38,-27]],"type":"Polygon","properties":{"adm1_psgc":400000000,"adm2_psgc":405600000,"adm3_psgc":405615000,"adm4_psgc":405615011,"adm4_en":"Pinagdanlayan","geo_level":"Bgy","len_crs":13680,"area_crs":5408564,"len_km":13,"area_km2":5},"id":405615011},{"arcs":[[-26,-17,39,-12]],"type":"Polygon","properties":{"adm1_psgc":400000000,"adm2_psgc":405600000,"adm3_psgc":405615000,"adm4_psgc":405615012,"adm4_en":"Putol","geo_level":"Bgy","len_crs":9368,"area_crs":3793634,"len_km":9,"area_km2":3},"id":405615012},{"arcs":[[-19,-2,40,-15,-25,-33]],"type":"Polygon","properties":{"adm1_psgc":400000000,"adm2_psgc":405600000,"adm3_psgc":405615000,"adm4_psgc":405615013,"adm4_en":"San Mateo","geo_level":"Bgy","len_crs":12551,"area_crs":6537964,"len_km":12,"area_km2":6},"id":405615013},{"arcs":[[-39,41,-6,-9,42,-14,43,-28]],"type":"Polygon","properties":{"adm1_psgc":400000000,"adm2_psgc":405600000,"adm3_psgc":405615000,"adm4_psgc":405615014,"adm4_en":"Santa Lucia","geo_level":"Bgy","len_crs":18166,"area_crs":11412650,"len_km":18,"area_km2":11},"id":405615014},{"arcs":[[-35,-32,-4,-42,-38]],"type":"Polygon","properties":{"adm1_psgc":400000000,"adm2_psgc":405600000,"adm3_psgc":405615000,"adm4_psgc":405615015,"adm4_en":"Silanganan","geo_level":"Bgy","len_crs":2603,"area_crs":224971,"len_km":2,"area_km2":0},"id":405615015},{"arcs":[[-8,-31,-34,-23,-10,-43]],"type":"Polygon","properties":{"adm1_psgc":400000000,"adm2_psgc":405600000,"adm3_psgc":405615000,"adm4_psgc":405615016,"adm4_en":"Bulakin II","geo_level":"Bgy","len_crs":4208,"area_crs":765972,"len_km":4,"area_km2":0},"id":405615016}]}}}