{"type":"Topology","arcs":[[[1147,950],[56,-11]],[[1203,939],[-26,-58],[-23,-90]],[[1154,791],[-63,41],[-182,31]],[[909,863],[-2,57],[29,81],[44,36]],[[980,1037],[34,45]],[[1014,1082],[125,-39],[8,-93]],[[909,863],[-88,24]],[[821,887],[0,90],[19,21],[60,25],[12,60]],[[912,1083],[68,-46]],[[1014,1082],[75,46],[49,65],[10,39]],[[1148,1232],[39,-14],[4,-63],[31,-32],[28,14],[16,-44],[-59,-65],[-26,-5],[-34,-73]],[[1356,1241],[-72,35],[-65,6]],[[1219,1282],[-4,27]],[[1215,1309],[-5,44],[27,54]],[[1237,1407],[101,31]],[[1338,1438],[17,-124],[1,-73]],[[1171,1259],[-23,-27]],[[912,1083],[77,64],[-3,26],[34,37],[53,9],[27,58]],[[1100,1277],[71,-18]],[[1237,1407],[-55,17]],[[1182,1424],[38,50],[127,124],[-43,5]],[[1304,1603],[14,65],[58,60],[53,-34],[21,57],[28,26],[70,33],[89,4]],[[1637,1814],[-76,-71],[-97,-116],[-38,-129],[-88,-60]],[[1394,1220],[-38,21]],[[1637,1814],[38,-4],[10,-26],[75,-16],[-178,-88],[-35,-63],[-16,-51],[6,-156],[-74,-67],[-57,-23],[-12,-100]],[[1154,791],[-47,-39],[-31,-72],[-115,-60],[-36,-12],[-44,12],[-169,-11],[-9,-50],[19,-43],[-8,-87],[24,-97],[-15,-53],[-44,-81],[-135,-52],[-239,-146],[-113,5],[-70,48],[-122,223],[78,144],[59,95],[56,36],[79,20],[102,-14],[19,-26],[40,12],[37,31],[57,-17],[79,19],[32,-1],[42,36],[17,35],[-12,59],[42,49],[42,30],[52,103]],[[1394,1220],[5,-98],[-29,-80],[-47,-14],[-120,-89]],[[1171,1259],[48,23]],[[1182,1424],[-42,-11]],[[1140,1413],[18,32],[-6,78],[46,62],[41,21],[65,-3]],[[1215,1309],[-66,30]],[[1149,1339],[-9,74]],[[1100,1277],[38,19],[11,43]]],"transform":{"scale":[0.00009134831590908797,0.00008990328721060783],"translate":[120.2528567830001,15.592945479000036]},"objects":{"bgysubmuns-municity-306913000":{"type":"GeometryCollection","geometries":[{"arcs":[[0,1,2,3,4,5]],"type":"Polygon","properties":{"adm1_psgc":300000000,"adm2_psgc":306900000,"adm3_psgc":306913000,"adm4_psgc":306913001,"adm4_en":"Balloc","geo_level":"Bgy","len_crs":9836,"area_crs":5104022,"len_km":9,"area_km2":5},"id":306913001},{"arcs":[[-4,6,7,8]],"type":"Polygon","properties":{"adm1_psgc":300000000,"adm2_psgc":306900000,"adm3_psgc":306913000,"adm4_psgc":306913002,"adm4_en":"Bamban","geo_level":"Bgy","len_crs":6414,"area_crs":1630486,"len_km":6,"area_km2":1},"id":306913002},{"arcs":[[-6,9,10]],"type":"Polygon","properties":{"adm1_psgc":300000000,"adm2_psgc":306900000,"adm3_psgc":306913000,"adm4_psgc":306913004,"adm4_en":"Casipo","geo_level":"Bgy","len_crs":9011,"area_crs":2517160,"len_km":9,"area_km2":2},"id":306913004},{"arcs":[[11,12,13,14,15]],"type":"Polygon","properties":{"adm1_psgc":300000000,"adm2_psgc":306900000,"adm3_psgc":306913000,"adm4_psgc":306913005,"adm4_en":"Catagudingan","geo_level":"Bgy","len_crs":6166,"area_crs":1949360,"len_km":6,"area_km2":1},"id":306913005},{"arcs":[[16,-10,-5,-9,17,18]],"type":"Polygon","properties":{"adm1_psgc":300000000,"adm2_psgc":306900000,"adm3_psgc":306913000,"adm4_psgc":306913006,"adm4_en":"Daldalayap","geo_level":"Bgy","len_crs":9007,"area_crs":2168443,"len_km":9,"area_km2":2},"id":306913006},{"arcs":[[-15,19,20,21,22]],"type":"Polygon","properties":{"adm1_psgc":300000000,"adm2_psgc":306900000,"adm3_psgc":306913000,"adm4_psgc":306913007,"adm4_en":"Doclong 1","geo_level":"Bgy","len_crs":14262,"area_crs":5511351,"len_km":14,"area_km2":5},"id":306913007},{"arcs":[[23,-16,-23,24]],"type":"Polygon","properties":{"adm1_psgc":300000000,"adm2_psgc":306900000,"adm3_psgc":306913000,"adm4_psgc":306913008,"adm4_en":"Doclong 2","geo_level":"Bgy","len_crs":16146,"area_crs":5987739,"len_km":16,"area_km2":5},"id":306913008},{"arcs":[[-3,25,-7]],"type":"Polygon","properties":{"adm1_psgc":300000000,"adm2_psgc":306900000,"adm3_psgc":306913000,"adm4_psgc":306913010,"adm4_en":"Maasin","geo_level":"Bgy","len_crs":33805,"area_crs":38704901,"len_km":33,"area_km2":38},"id":306913010},{"arcs":[[-24,26,-1,-11,-17,27,-12]],"type":"Polygon","properties":{"adm1_psgc":300000000,"adm2_psgc":306900000,"adm3_psgc":306913000,"adm4_psgc":306913011,"adm4_en":"Nagsabaran","geo_level":"Bgy","len_crs":11517,"area_crs":4877317,"len_km":11,"area_km2":4},"id":306913011},{"arcs":[[-21,28,29]],"type":"Polygon","properties":{"adm1_psgc":300000000,"adm2_psgc":306900000,"adm3_psgc":306913000,"adm4_psgc":306913013,"adm4_en":"Pit-ao","geo_level":"Bgy","len_crs":6741,"area_crs":1702163,"len_km":6,"area_km2":1},"id":306913013},{"arcs":[[-14,30,31,-29,-20]],"type":"Polygon","properties":{"adm1_psgc":300000000,"adm2_psgc":306900000,"adm3_psgc":306913000,"adm4_psgc":306913014,"adm4_en":"Poblacion Norte","geo_level":"Bgy","len_crs":4078,"area_crs":685543,"len_km":4,"area_km2":0},"id":306913014},{"arcs":[[-13,-28,-19,32,-31]],"type":"Polygon","properties":{"adm1_psgc":300000000,"adm2_psgc":306900000,"adm3_psgc":306913000,"adm4_psgc":306913015,"adm4_en":"Poblacion Sur","geo_level":"Bgy","len_crs":3504,"area_crs":523986,"len_km":3,"area_km2":0},"id":306913015}]}}}