{"type":"Topology","arcs":[[[895,828],[-18,9],[-64,-43],[-54,-49],[-56,-34],[-5,-33]],[[698,678],[-27,-42],[-96,-66]],[[575,570],[-31,39]],[[544,609],[66,87]],[[610,696],[34,14],[10,74],[58,72]],[[712,856],[93,-15],[41,32],[30,4]],[[876,877],[-12,-41],[47,20],[-16,-28]],[[575,570],[-48,-32],[26,-35]],[[553,503],[-52,-73],[-53,-21],[-36,10]],[[412,419],[18,78],[-31,-4],[-20,82],[37,7]],[[416,582],[128,27]],[[412,419],[-45,-48]],[[367,371],[-34,58],[-22,-2],[-27,57],[-77,-14],[0,82],[-36,22],[0,37],[-31,77]],[[140,688],[91,7],[46,-40],[31,15],[10,39]],[[318,709],[40,-2],[30,-29],[28,-96]],[[845,323],[-20,21],[-131,-21]],[[694,323],[8,113],[-21,25],[-75,26]],[[606,487],[51,59],[66,55]],[[723,601],[34,14],[47,43],[144,20]],[[948,678],[73,-203],[-12,-42],[-164,-110]],[[712,856],[-6,17],[-209,44],[-20,14]],[[477,931],[21,38]],[[498,969],[63,10],[140,-37],[91,17],[157,38]],[[949,997],[20,-24],[-93,-96]],[[318,709],[-2,36],[68,7],[35,-12],[58,5],[125,-30],[8,-19]],[[140,688],[-76,-12],[-42,26]],[[22,702],[-22,57],[2,66],[44,78]],[[46,903],[16,-15],[73,52],[139,28],[65,-26],[32,5],[106,-16]],[[606,487],[-53,16]],[[698,678],[18,-19],[7,-58]],[[694,323],[-88,-38]],[[606,285],[-55,-5],[-120,3],[-46,13],[-120,-9],[-15,32]],[[250,319],[117,52]],[[250,319],[-20,5],[-59,107],[-40,58],[-43,-20],[-42,38],[14,91],[-38,104]],[[845,323],[25,-55],[-24,-54],[-3,-57],[17,-157],[-50,75],[-60,28],[4,17]],[[754,120],[20,39],[-4,50],[-56,43],[-20,71]],[[895,828],[53,-150]],[[791,1346],[26,-187],[81,-23],[-15,-78],[83,10],[2,-55],[-19,-16]],[[498,969],[27,78],[-13,61],[44,47],[-19,55],[22,78],[71,53]],[[630,1341],[161,5]],[[46,903],[74,161],[-1,13],[57,136],[68,207]],[[244,1420],[98,-1],[147,-15],[141,-63]],[[244,1420],[25,66],[42,156],[38,181],[-8,5],[58,181],[88,-14],[170,-46],[105,-49],[-23,-119],[-6,-72],[16,-149],[39,-147],[3,-67]],[[754,120],[-58,24],[-25,45],[-44,45],[-21,51]]],"transform":{"scale":[0.000018173028403539547,0.00002033979641612802],"translate":[120.87119153200003,14.415672398000023]},"objects":{"bgysubmuns-municity-402116000":{"type":"GeometryCollection","geometries":[{"arcs":[[0,1,2,3,4,5,6]],"type":"Polygon","properties":{"adm1_psgc":400000000,"adm2_psgc":402100000,"adm3_psgc":402116000,"adm4_psgc":402116001,"adm4_en":"Magdiwang","geo_level":"Bgy","len_crs":2552,"area_crs":133118,"len_km":2,"area_km2":0},"id":402116001},{"arcs":[[7,8,9,10,-3]],"type":"Polygon","properties":{"adm1_psgc":400000000,"adm2_psgc":402100000,"adm3_psgc":402116000,"adm4_psgc":402116002,"adm4_en":"Poblacion","geo_level":"Bgy","len_crs":1485,"area_crs":100545,"len_km":1,"area_km2":0},"id":402116002},{"arcs":[[-10,11,12,13,14]],"type":"Polygon","properties":{"adm1_psgc":400000000,"adm2_psgc":402100000,"adm3_psgc":402116000,"adm4_psgc":402116003,"adm4_en":"Salcedo I","geo_level":"Bgy","len_crs":2696,"area_crs":238707,"len_km":2,"area_km2":0},"id":402116003},{"arcs":[[15,16,17,18,19]],"type":"Polygon","properties":{"adm1_psgc":400000000,"adm2_psgc":402100000,"adm3_psgc":402116000,"adm4_psgc":402116004,"adm4_en":"San Antonio I","geo_level":"Bgy","len_crs":2636,"area_crs":414493,"len_km":2,"area_km2":0},"id":402116004},{"arcs":[[-6,20,21,22,23]],"type":"Polygon","properties":{"adm1_psgc":400000000,"adm2_psgc":402100000,"adm3_psgc":402116000,"adm4_psgc":402116005,"adm4_en":"San Juan I","geo_level":"Bgy","len_crs":2237,"area_crs":167185,"len_km":2,"area_km2":0},"id":402116005},{"arcs":[[-4,-11,-15,24]],"type":"Polygon","properties":{"adm1_psgc":400000000,"adm2_psgc":402100000,"adm3_psgc":402116000,"adm4_psgc":402116006,"adm4_en":"San Rafael I","geo_level":"Bgy","len_crs":1654,"area_crs":134434,"len_km":1,"area_km2":0},"id":402116006},{"arcs":[[-21,-5,-25,-14,25,26,27]],"type":"Polygon","properties":{"adm1_psgc":400000000,"adm2_psgc":402100000,"adm3_psgc":402116000,"adm4_psgc":402116007,"adm4_en":"San Rafael II","geo_level":"Bgy","len_crs":4003,"area_crs":632197,"len_km":4,"area_km2":0},"id":402116007},{"arcs":[[-18,28,-8,-2,29]],"type":"Polygon","properties":{"adm1_psgc":400000000,"adm2_psgc":402100000,"adm3_psgc":402116000,"adm4_psgc":402116008,"adm4_en":"San Jose I","geo_level":"Bgy","len_crs":1213,"area_crs":65740,"len_km":1,"area_km2":0},"id":402116008},{"arcs":[[-17,30,31,32,-12,-9,-29]],"type":"Polygon","properties":{"adm1_psgc":400000000,"adm2_psgc":402100000,"adm3_psgc":402116000,"adm4_psgc":402116009,"adm4_en":"Santa Rosa I","geo_level":"Bgy","len_crs":2340,"area_crs":259812,"len_km":2,"area_km2":0},"id":402116009},{"arcs":[[-13,-33,33,-26]],"type":"Polygon","properties":{"adm1_psgc":400000000,"adm2_psgc":402100000,"adm3_psgc":402116000,"adm4_psgc":402116010,"adm4_en":"Salcedo II","geo_level":"Bgy","len_crs":2855,"area_crs":208887,"len_km":2,"area_km2":0},"id":402116010},{"arcs":[[34,35,-16]],"type":"Polygon","properties":{"adm1_psgc":400000000,"adm2_psgc":402100000,"adm3_psgc":402116000,"adm4_psgc":402116011,"adm4_en":"San Antonio II","geo_level":"Bgy","len_crs":2004,"area_crs":131405,"len_km":2,"area_km2":0},"id":402116011},{"arcs":[[36,-19,-30,-1]],"type":"Polygon","properties":{"adm1_psgc":400000000,"adm2_psgc":402100000,"adm3_psgc":402116000,"adm4_psgc":402116012,"adm4_en":"San Jose II","geo_level":"Bgy","len_crs":1597,"area_crs":129840,"len_km":1,"area_km2":0},"id":402116012},{"arcs":[[37,-23,38,39]],"type":"Polygon","properties":{"adm1_psgc":400000000,"adm2_psgc":402100000,"adm3_psgc":402116000,"adm4_psgc":402116013,"adm4_en":"San Juan II","geo_level":"Bgy","len_crs":3342,"area_crs":539042,"len_km":3,"area_km2":0},"id":402116013},{"arcs":[[-39,-22,-28,40,41]],"type":"Polygon","properties":{"adm1_psgc":400000000,"adm2_psgc":402100000,"adm3_psgc":402116000,"adm4_psgc":402116014,"adm4_en":"San Rafael III","geo_level":"Bgy","len_crs":4084,"area_crs":795128,"len_km":4,"area_km2":0},"id":402116014},{"arcs":[[-40,-42,42]],"type":"Polygon","properties":{"adm1_psgc":400000000,"adm2_psgc":402100000,"adm3_psgc":402116000,"adm4_psgc":402116015,"adm4_en":"San Rafael IV","geo_level":"Bgy","len_crs":4535,"area_crs":1132989,"len_km":4,"area_km2":1},"id":402116015},{"arcs":[[43,-31,-36]],"type":"Polygon","properties":{"adm1_psgc":400000000,"adm2_psgc":402100000,"adm3_psgc":402116000,"adm4_psgc":402116016,"adm4_en":"Santa Rosa II","geo_level":"Bgy","len_crs":1221,"area_crs":74128,"len_km":1,"area_km2":0},"id":402116016}]}}}