{"type":"Topology","arcs":[[[300,1188],[-15,-29],[-26,-19],[-10,-15]],[[249,1125],[-10,-14],[-15,-47],[-192,59]],[[32,1123],[3,15],[24,174],[7,50],[6,19]],[[72,1381],[228,-193]],[[947,335],[-1,-56],[-5,-106],[-20,-173],[-449,147],[232,201]],[[704,348],[243,-13]],[[307,877],[3,-25]],[[310,852],[4,-53],[-44,-58]],[[270,741],[-30,-39]],[[240,702],[-86,39],[-101,36]],[[53,777],[27,24],[19,23],[0,38],[-26,30]],[[73,892],[142,-14],[92,-1]],[[684,1333],[-137,-135]],[[547,1198],[-71,3]],[[476,1201],[-9,25],[-16,13],[-12,-1],[-22,11],[-32,6]],[[385,1255],[6,36],[9,20],[4,38],[-2,24],[0,107]],[[402,1480],[216,-53],[66,-94]],[[710,432],[-40,-12],[-46,-7],[-29,-8],[-320,153],[-128,-8]],[[147,550],[107,78],[-14,74]],[[270,741],[71,-16],[12,16],[129,10],[126,0]],[[608,751],[88,6]],[[696,757],[10,0]],[[706,757],[4,-325]],[[310,852],[204,100]],[[514,952],[94,-201]],[[514,952],[8,24],[10,15],[22,1],[13,23],[22,20],[-5,19],[-10,11],[-33,29],[11,36],[-5,68]],[[684,1333],[157,-13],[-97,-156],[-86,-120],[16,-154],[22,-133]],[[307,877],[14,153],[-9,23]],[[312,1053],[14,7],[83,49],[8,9],[1,37],[56,4],[2,42]],[[147,550],[-26,21],[-28,-35],[-14,22],[-25,12],[-8,11],[-4,30],[-1,34],[-20,34],[-12,28],[3,24],[20,31],[21,15]],[[385,1255],[-83,-1],[-3,-11],[3,-43],[-2,-12]],[[72,1381],[27,38],[4,14],[4,40],[-7,33],[-14,36],[316,-62]],[[312,1053],[-10,21],[-53,51]],[[704,348],[6,84]],[[706,757],[139,10],[89,-248],[15,-68],[-2,-116]],[[73,892],[-24,27],[-31,39],[-14,33],[-4,18],[20,83],[12,31]]],"transform":{"scale":[0.00008538446048465008,0.00007765072827497687],"translate":[121.40845375400008,18.203834650000026]},"objects":{"bgysubmuns-municity-1408107000":{"type":"GeometryCollection","geometries":[{"arcs":[[0,1,2,3]],"type":"Polygon","properties":{"adm1_psgc":1400000000,"adm2_psgc":1408100000,"adm3_psgc":1408107000,"adm4_psgc":1408107001,"adm4_en":"Barocboc","geo_level":"Bgy","len_crs":8008,"area_crs":3650401,"len_km":8,"area_km2":3},"id":1408107001},{"arcs":[[4,5]],"type":"Polygon","properties":{"adm1_psgc":1400000000,"adm2_psgc":1408100000,"adm3_psgc":1408107000,"adm4_psgc":1408107002,"adm4_en":"Consuelo","geo_level":"Bgy","len_crs":12065,"area_crs":8093488,"len_km":12,"area_km2":8},"id":1408107002},{"arcs":[[6,7,8,9,10,11]],"type":"Polygon","properties":{"adm1_psgc":1400000000,"adm2_psgc":1408100000,"adm3_psgc":1408107000,"adm4_psgc":1408107003,"adm4_en":"Imelda","geo_level":"Bgy","len_crs":6937,"area_crs":2482589,"len_km":6,"area_km2":2},"id":1408107003},{"arcs":[[12,13,14,15,16]],"type":"Polygon","properties":{"adm1_psgc":1400000000,"adm2_psgc":1408100000,"adm3_psgc":1408107000,"adm4_psgc":1408107004,"adm4_en":"Malekkeg","geo_level":"Bgy","len_crs":8395,"area_crs":4301339,"len_km":8,"area_km2":4},"id":1408107004},{"arcs":[[17,18,-9,19,20,21,22]],"type":"Polygon","properties":{"adm1_psgc":1400000000,"adm2_psgc":1408100000,"adm3_psgc":1408107000,"adm4_psgc":1408107005,"adm4_en":"Marcela","geo_level":"Bgy","len_crs":14484,"area_crs":10117211,"len_km":14,"area_km2":10},"id":1408107005},{"arcs":[[-20,-8,23,24]],"type":"Polygon","properties":{"adm1_psgc":1400000000,"adm2_psgc":1408100000,"adm3_psgc":1408107000,"adm4_psgc":1408107006,"adm4_en":"Nueva","geo_level":"Bgy","len_crs":8198,"area_crs":3338983,"len_km":8,"area_km2":3},"id":1408107006},{"arcs":[[-21,-25,25,-13,26]],"type":"Polygon","properties":{"adm1_psgc":1400000000,"adm2_psgc":1408100000,"adm3_psgc":1408107000,"adm4_psgc":1408107007,"adm4_en":"Panay","geo_level":"Bgy","len_crs":14543,"area_crs":6450846,"len_km":14,"area_km2":6},"id":1408107007},{"arcs":[[-26,-24,-7,27,28,-14]],"type":"Polygon","properties":{"adm1_psgc":1400000000,"adm2_psgc":1408100000,"adm3_psgc":1408107000,"adm4_psgc":1408107008,"adm4_en":"San Antonio","geo_level":"Bgy","len_crs":10107,"area_crs":4254898,"len_km":10,"area_km2":4},"id":1408107008},{"arcs":[[-19,29,-10]],"type":"Polygon","properties":{"adm1_psgc":1400000000,"adm2_psgc":1408100000,"adm3_psgc":1408107000,"adm4_psgc":1408107011,"adm4_en":"Sipa Proper","geo_level":"Bgy","len_crs":6843,"area_crs":2885695,"len_km":6,"area_km2":2},"id":1408107011},{"arcs":[[-16,30,-4,31]],"type":"Polygon","properties":{"adm1_psgc":1400000000,"adm2_psgc":1408100000,"adm3_psgc":1408107000,"adm4_psgc":1408107012,"adm4_en":"Emiliana","geo_level":"Bgy","len_crs":10318,"area_crs":5701533,"len_km":10,"area_km2":5},"id":1408107012},{"arcs":[[-29,32,-1,-31,-15]],"type":"Polygon","properties":{"adm1_psgc":1400000000,"adm2_psgc":1408100000,"adm3_psgc":1408107000,"adm4_psgc":1408107013,"adm4_en":"San Carlos","geo_level":"Bgy","len_crs":6351,"area_crs":2128319,"len_km":6,"area_km2":2},"id":1408107013},{"arcs":[[-6,33,-23,34]],"type":"Polygon","properties":{"adm1_psgc":1400000000,"adm2_psgc":1408100000,"adm3_psgc":1408107000,"adm4_psgc":1408107014,"adm4_en":"San Juan","geo_level":"Bgy","len_crs":10842,"area_crs":6708521,"len_km":10,"area_km2":6},"id":1408107014},{"arcs":[[-28,-12,35,-2,-33]],"type":"Polygon","properties":{"adm1_psgc":1400000000,"adm2_psgc":1408100000,"adm3_psgc":1408107000,"adm4_psgc":1408107015,"adm4_en":"San Mariano","geo_level":"Bgy","len_crs":9121,"area_crs":4792279,"len_km":9,"area_km2":4},"id":1408107015}]}}}