{"type":"Topology","arcs":[[[572,81],[-24,-71],[-40,4],[-52,-14],[-56,50],[-39,-4],[-48,76],[-37,41]],[[276,163],[91,48],[76,18]],[[443,229],[-13,-21],[88,-37],[54,-90]],[[1383,755],[-52,-21],[0,-57],[-37,-38],[7,-48],[-17,-47],[-37,-22],[8,-29]],[[1255,493],[-80,18],[14,62],[-29,15],[-21,-27],[-48,17],[-40,-15],[-66,1],[-91,-25],[-82,-62]],[[812,477],[-6,42]],[[806,519],[14,8],[38,88],[63,83],[3,28],[76,33],[-21,76],[11,35],[66,8],[17,39],[73,10]],[[1146,927],[-14,-55],[103,-50],[60,-60],[88,-7]],[[557,617],[78,-22]],[[635,595],[3,-98],[-43,-51]],[[595,446],[-26,-45],[-22,12],[-120,-65]],[[427,348],[-91,54]],[[336,402],[7,30],[-18,52],[24,14]],[[349,498],[35,53],[31,73]],[[415,624],[59,10],[83,-17]],[[349,498],[-111,15],[-36,-11],[-17,-42],[-76,-51]],[[109,409],[-76,93],[6,62],[-33,67],[-6,93],[96,-21],[40,3],[66,-62],[51,2],[84,-18],[78,-4]],[[1255,493],[-40,-41],[-48,-6],[-55,-44],[-98,5],[-76,-65],[-25,-37]],[[913,305],[-23,84],[-78,88]],[[806,519],[-19,48],[-44,10],[-24,-29],[-51,6],[-33,41]],[[557,617],[66,67],[48,145],[64,57],[55,23],[68,46],[38,49],[28,62],[2,66],[30,86],[37,27],[34,88],[-7,55]],[[1020,1388],[89,-131],[25,-99],[12,-231]],[[427,348],[38,-51],[20,-60],[-42,-8]],[[276,163],[-70,146]],[[206,309],[123,65],[7,28]],[[206,309],[-40,68],[-57,32]],[[735,127],[-37,-3],[-21,-48],[-42,22],[-32,-31],[-31,14]],[[595,446],[9,-29],[5,-154],[28,-38],[98,-98]],[[913,305],[-23,-42],[-58,-9],[-27,-40],[-76,-36],[6,-51]],[[1020,1388],[1,27],[57,55],[39,9],[54,-7],[54,7],[106,-20],[18,31],[86,63],[17,115],[-39,31],[2,34],[-25,36],[534,-9],[-177,-398],[-225,-394],[-41,-21],[-13,-42],[-29,-36],[-56,-114]]],"transform":{"scale":[0.00014450627494800837,0.00014458806331259366],"translate":[120.91986152900006,12.433213658000055]},"objects":{"bgysubmuns-municity-1705108000":{"type":"GeometryCollection","geometries":[{"arcs":[[0,1,2]],"type":"Polygon","properties":{"adm1_psgc":1700000000,"adm2_psgc":1705100000,"adm3_psgc":1705108000,"adm4_psgc":1705108001,"adm4_en":"Adela","geo_level":"Bgy","len_crs":15236,"area_crs":10027780,"len_km":15,"area_km2":10},"id":1705108001},{"arcs":[[3,4,5,6,7]],"type":"Polygon","properties":{"adm1_psgc":1700000000,"adm2_psgc":1705100000,"adm3_psgc":1705108000,"adm4_psgc":1705108002,"adm4_en":"Aguas","geo_level":"Bgy","len_crs":31573,"area_crs":30931209,"len_km":31,"area_km2":30},"id":1705108002},{"arcs":[[8,9,10,11,12,13,14]],"type":"Polygon","properties":{"adm1_psgc":1700000000,"adm2_psgc":1705100000,"adm3_psgc":1705108000,"adm4_psgc":1705108003,"adm4_en":"Magsikap","geo_level":"Bgy","len_crs":15572,"area_crs":15168018,"len_km":15,"area_km2":15},"id":1705108003},{"arcs":[[-14,15,16]],"type":"Polygon","properties":{"adm1_psgc":1700000000,"adm2_psgc":1705100000,"adm3_psgc":1705108000,"adm4_psgc":1705108004,"adm4_en":"Malawaan","geo_level":"Bgy","len_crs":19637,"area_crs":17436212,"len_km":19,"area_km2":17},"id":1705108004},{"arcs":[[17,18,-5]],"type":"Polygon","properties":{"adm1_psgc":1700000000,"adm2_psgc":1705100000,"adm3_psgc":1705108000,"adm4_psgc":1705108005,"adm4_en":"Pitogo","geo_level":"Bgy","len_crs":19492,"area_crs":14729614,"len_km":19,"area_km2":14},"id":1705108005},{"arcs":[[-7,19,-9,20,21]],"type":"Polygon","properties":{"adm1_psgc":1700000000,"adm2_psgc":1705100000,"adm3_psgc":1705108000,"adm4_psgc":1705108006,"adm4_en":"Rizal","geo_level":"Bgy","len_crs":39414,"area_crs":46656469,"len_km":39,"area_km2":46},"id":1705108006},{"arcs":[[22,-2,23,24,-12]],"type":"Polygon","properties":{"adm1_psgc":1700000000,"adm2_psgc":1705100000,"adm3_psgc":1705108000,"adm4_psgc":1705108007,"adm4_en":"Rumbang","geo_level":"Bgy","len_crs":12572,"area_crs":9221532,"len_km":12,"area_km2":9},"id":1705108007},{"arcs":[[-13,-25,25,-16]],"type":"Polygon","properties":{"adm1_psgc":1700000000,"adm2_psgc":1705100000,"adm3_psgc":1705108000,"adm4_psgc":1705108008,"adm4_en":"Salvacion","geo_level":"Bgy","len_crs":11449,"area_crs":7135673,"len_km":11,"area_km2":7},"id":1705108008},{"arcs":[[26,-3,-23,-11,27]],"type":"Polygon","properties":{"adm1_psgc":1700000000,"adm2_psgc":1705100000,"adm3_psgc":1705108000,"adm4_psgc":1705108009,"adm4_en":"San Pedro","geo_level":"Bgy","len_crs":19352,"area_crs":12880892,"len_km":19,"area_km2":12},"id":1705108009},{"arcs":[[-6,-19,28,-28,-10,-20]],"type":"Polygon","properties":{"adm1_psgc":1700000000,"adm2_psgc":1705100000,"adm3_psgc":1705108000,"adm4_psgc":1705108010,"adm4_en":"Santo Niño","geo_level":"Bgy","len_crs":22461,"area_crs":22339548,"len_km":22,"area_km2":22},"id":1705108010},{"arcs":[[-8,-22,29]],"type":"Polygon","properties":{"adm1_psgc":1700000000,"adm2_psgc":1705100000,"adm3_psgc":1705108000,"adm4_psgc":1705108012,"adm4_en":"Manoot","geo_level":"Bgy","len_crs":53050,"area_crs":117355458,"len_km":53,"area_km2":117},"id":1705108012}]}}}