{"type":"Topology","arcs":[[[1177,898],[-104,35]],[[1073,933],[47,31]],[[1120,964],[30,-7],[85,11]],[[1235,968],[-33,-27],[-25,-43]],[[1229,1015],[6,-47]],[[1120,964],[9,15],[85,46],[15,-10]],[[1225,353],[-33,-156],[1,-75],[-14,-57],[-108,75],[-54,25]],[[1017,165],[21,70],[48,63],[31,13]],[[1117,311],[66,44]],[[1183,355],[42,-2]],[[984,459],[51,-35]],[[1035,424],[-6,-33],[-53,-68],[-27,-131]],[[949,192],[-44,15],[-56,-9]],[[849,198],[13,79],[41,153],[31,28],[50,1]],[[1261,775],[22,-23],[12,-101],[-9,-27]],[[1286,624],[-33,37],[-26,60]],[[1227,721],[-57,122],[8,33]],[[1178,876],[79,-49],[4,-52]],[[1052,724],[6,-4]],[[1058,720],[-50,-32]],[[1008,688],[-47,40]],[[961,728],[55,13],[36,-17]],[[961,728],[47,83],[22,53]],[[1030,864],[29,23]],[[1059,887],[9,-143],[-16,-20]],[[1100,842],[12,-32],[-14,-95]],[[1098,715],[4,-11]],[[1102,704],[-24,-5]],[[1078,699],[-20,21]],[[1059,887],[41,-45]],[[1092,436],[-8,-102],[33,-23]],[[1017,165],[-68,27]],[[1035,424],[31,25]],[[1066,449],[26,-13]],[[984,459],[-29,67],[-1,28]],[[954,554],[117,8],[37,32]],[[1108,594],[-38,-100],[-4,-45]],[[856,555],[-1,-21],[-218,-161],[-19,-244]],[[618,129],[-68,-11],[-181,-47],[-292,-65],[-77,-6],[33,175],[196,388]],[[229,563],[420,43],[178,-1],[29,-50]],[[1286,624],[21,-39],[2,-71]],[[1309,514],[-59,-8],[-87,4]],[[1163,510],[18,203]],[[1181,713],[46,8]],[[1008,688],[-59,-51]],[[949,637],[-80,-83],[-13,1]],[[229,563],[236,140],[37,-28],[59,-2],[126,85],[71,30],[31,78],[40,7]],[[829,873],[17,-57],[-37,-11],[-3,-28],[47,-62],[88,23],[20,-10]],[[1163,510],[-19,-37]],[[1144,473],[-12,-19]],[[1132,454],[-40,-18]],[[1108,594],[-6,110]],[[1098,715],[83,-2]],[[959,593],[-5,-39]],[[849,198],[-231,-69]],[[949,637],[10,-44]],[[1309,514],[-37,-75]],[[1272,439],[-128,34]],[[1272,439],[7,-30],[-47,-9],[-7,-47]],[[1183,355],[-51,99]],[[1177,898],[1,-22]],[[1178,876],[-78,-34]],[[1059,887],[14,46]],[[1229,1015],[26,-35],[-17,-61],[31,-31],[8,-88],[-16,-25]],[[959,593],[37,44],[53,15],[29,47]],[[829,873],[39,9],[102,-37],[60,19]]],"transform":{"scale":[0.0001736097547746719,0.00015456611804876344],"translate":[120.18330680400005,15.488963045000048]},"objects":{"bgysubmuns-municity-306908000":{"type":"GeometryCollection","geometries":[{"arcs":[[0,1,2,3]],"type":"Polygon","properties":{"adm1_psgc":300000000,"adm2_psgc":306900000,"adm3_psgc":306908000,"adm4_psgc":306908001,"adm4_en":"Ambalingit","geo_level":"Bgy","len_crs":7269,"area_crs":1765812,"len_km":7,"area_km2":1},"id":306908001},{"arcs":[[4,-3,5]],"type":"Polygon","properties":{"adm1_psgc":300000000,"adm2_psgc":306900000,"adm3_psgc":306908000,"adm4_psgc":306908002,"adm4_en":"Baybayaoas","geo_level":"Bgy","len_crs":5547,"area_crs":1359219,"len_km":5,"area_km2":1},"id":306908002},{"arcs":[[6,7,8,9]],"type":"Polygon","properties":{"adm1_psgc":300000000,"adm2_psgc":306900000,"adm3_psgc":306908000,"adm4_psgc":306908003,"adm4_en":"Bigbiga","geo_level":"Bgy","len_crs":14090,"area_crs":10728187,"len_km":14,"area_km2":10},"id":306908003},{"arcs":[[10,11,12,13]],"type":"Polygon","properties":{"adm1_psgc":300000000,"adm2_psgc":306900000,"adm3_psgc":306908000,"adm4_psgc":306908004,"adm4_en":"Binbinaca","geo_level":"Bgy","len_crs":13343,"area_crs":8822942,"len_km":13,"area_km2":8},"id":306908004},{"arcs":[[14,15,16,17]],"type":"Polygon","properties":{"adm1_psgc":300000000,"adm2_psgc":306900000,"adm3_psgc":306908000,"adm4_psgc":306908005,"adm4_en":"Calabtangan","geo_level":"Bgy","len_crs":10596,"area_crs":4255048,"len_km":10,"area_km2":4},"id":306908005},{"arcs":[[18,19,20,21]],"type":"Polygon","properties":{"adm1_psgc":300000000,"adm2_psgc":306900000,"adm3_psgc":306908000,"adm4_psgc":306908006,"adm4_en":"Caocaoayan","geo_level":"Bgy","len_crs":5197,"area_crs":1305501,"len_km":5,"area_km2":1},"id":306908006},{"arcs":[[-22,22,23,24]],"type":"Polygon","properties":{"adm1_psgc":300000000,"adm2_psgc":306900000,"adm3_psgc":306908000,"adm4_psgc":306908007,"adm4_en":"Carabaoan","geo_level":"Bgy","len_crs":9054,"area_crs":3000255,"len_km":9,"area_km2":3},"id":306908007},{"arcs":[[25,26,27,28,-19,-25,29]],"type":"Polygon","properties":{"adm1_psgc":300000000,"adm2_psgc":306900000,"adm3_psgc":306908000,"adm4_psgc":306908008,"adm4_en":"Cubcub","geo_level":"Bgy","len_crs":8388,"area_crs":2056399,"len_km":8,"area_km2":2},"id":306908008},{"arcs":[[30,-8,31,-12,32,33]],"type":"Polygon","properties":{"adm1_psgc":300000000,"adm2_psgc":306900000,"adm3_psgc":306908000,"adm4_psgc":306908009,"adm4_en":"Gayonggayong","geo_level":"Bgy","len_crs":12852,"area_crs":7242352,"len_km":12,"area_km2":7},"id":306908009},{"arcs":[[-33,-11,34,35,36]],"type":"Polygon","properties":{"adm1_psgc":300000000,"adm2_psgc":306900000,"adm3_psgc":306908000,"adm4_psgc":306908010,"adm4_en":"Gossood","geo_level":"Bgy","len_crs":9567,"area_crs":4362859,"len_km":9,"area_km2":4},"id":306908010},{"arcs":[[37,38,39]],"type":"Polygon","properties":{"adm1_psgc":300000000,"adm2_psgc":306900000,"adm3_psgc":306908000,"adm4_psgc":306908011,"adm4_en":"Labney","geo_level":"Bgy","len_crs":44087,"area_crs":97150705,"len_km":44,"area_km2":97},"id":306908011},{"arcs":[[40,41,42,43,-16]],"type":"Polygon","properties":{"adm1_psgc":300000000,"adm2_psgc":306900000,"adm3_psgc":306908000,"adm4_psgc":306908012,"adm4_en":"Mamonit","geo_level":"Bgy","len_crs":11514,"area_crs":6934914,"len_km":11,"area_km2":6},"id":306908012},{"arcs":[[-21,44,45,-40,46,47]],"type":"Polygon","properties":{"adm1_psgc":300000000,"adm2_psgc":306900000,"adm3_psgc":306908000,"adm4_psgc":306908013,"adm4_en":"Maniniog","geo_level":"Bgy","len_crs":37121,"area_crs":26683462,"len_km":37,"area_km2":26},"id":306908013},{"arcs":[[-43,48,49,50,-34,-37,51,-27,52]],"type":"Polygon","properties":{"adm1_psgc":300000000,"adm2_psgc":306900000,"adm3_psgc":306908000,"adm4_psgc":306908014,"adm4_en":"Mapandan","geo_level":"Bgy","len_crs":12513,"area_crs":6343172,"len_km":12,"area_km2":6},"id":306908014},{"arcs":[[53,-35,-14,54,-38,-46,55]],"type":"Polygon","properties":{"adm1_psgc":300000000,"adm2_psgc":306900000,"adm3_psgc":306908000,"adm4_psgc":306908015,"adm4_en":"Nambalan","geo_level":"Bgy","len_crs":25367,"area_crs":27291616,"len_km":25,"area_km2":27},"id":306908015},{"arcs":[[56,57,-49,-42]],"type":"Polygon","properties":{"adm1_psgc":300000000,"adm2_psgc":306900000,"adm3_psgc":306908000,"adm4_psgc":306908016,"adm4_en":"Pedro L. Quines","geo_level":"Bgy","len_crs":7564,"area_crs":2641262,"len_km":7,"area_km2":2},"id":306908016},{"arcs":[[58,-10,59,-50,-58]],"type":"Polygon","properties":{"adm1_psgc":300000000,"adm2_psgc":306900000,"adm3_psgc":306908000,"adm4_psgc":306908017,"adm4_en":"Pitombayog","geo_level":"Bgy","len_crs":7889,"area_crs":3090437,"len_km":7,"area_km2":3},"id":306908017},{"arcs":[[60,61,-30,62,-1]],"type":"Polygon","properties":{"adm1_psgc":300000000,"adm2_psgc":306900000,"adm3_psgc":306908000,"adm4_psgc":306908018,"adm4_en":"Poblacion Norte","geo_level":"Bgy","len_crs":6229,"area_crs":2154019,"len_km":6,"area_km2":2},"id":306908018},{"arcs":[[-44,-53,-26,-62,-17]],"type":"Polygon","properties":{"adm1_psgc":300000000,"adm2_psgc":306900000,"adm3_psgc":306908000,"adm4_psgc":306908019,"adm4_en":"Poblacion Sur","geo_level":"Bgy","len_crs":9232,"area_crs":4119924,"len_km":9,"area_km2":4},"id":306908019},{"arcs":[[-18,-61,-4,-5,63]],"type":"Polygon","properties":{"adm1_psgc":300000000,"adm2_psgc":306900000,"adm3_psgc":306908000,"adm4_psgc":306908020,"adm4_en":"Rotrottooc","geo_level":"Bgy","len_crs":11606,"area_crs":2894506,"len_km":11,"area_km2":2},"id":306908020},{"arcs":[[-52,-36,-54,64,-28]],"type":"Polygon","properties":{"adm1_psgc":300000000,"adm2_psgc":306900000,"adm3_psgc":306908000,"adm4_psgc":306908021,"adm4_en":"San Bartolome","geo_level":"Bgy","len_crs":9303,"area_crs":4288568,"len_km":9,"area_km2":4},"id":306908021},{"arcs":[[-23,-48,65]],"type":"Polygon","properties":{"adm1_psgc":300000000,"adm2_psgc":306900000,"adm3_psgc":306908000,"adm4_psgc":306908022,"adm4_en":"San Jose","geo_level":"Bgy","len_crs":13415,"area_crs":7271295,"len_km":13,