{"type":"Topology","arcs":[[[1386,1904],[-299,-239],[-3,-3]],[[1084,1662],[-381,62]],[[703,1724],[247,400]],[[950,2124],[155,-40],[281,-180]],[[1863,1497],[-137,-1],[-75,1],[-171,-45]],[[1480,1452],[-94,452]],[[1386,1904],[289,340]],[[1675,2244],[132,-542],[56,-205]],[[1480,1452],[-384,-107]],[[1096,1345],[-13,70],[0,18],[1,229]],[[1516,672],[-405,-181]],[[1111,491],[-297,315],[-419,340]],[[395,1146],[62,69],[81,94]],[[538,1309],[88,-75],[470,111]],[[1096,1345],[420,-673]],[[2144,1494],[-5,-1],[-276,4]],[[1675,2244],[-89,550]],[[1586,2794],[244,0],[1,-6],[2,-7],[1,-7],[4,2],[7,-3],[0,-6],[-3,0],[-5,-8],[-4,-1],[-4,-10],[0,-7],[-3,-3],[-6,1],[-1,-6],[1,-10],[4,-13],[6,-4],[6,4],[2,-8],[5,1],[3,3],[6,-3],[4,-4],[6,1],[4,-5],[6,-4],[0,-8],[2,-4],[0,-11],[1,-8],[-4,-13],[2,-10],[2,-3],[1,-9],[4,-10],[4,-4],[3,-7],[3,-3],[4,-6],[0,-5],[-3,-3],[1,-6],[-4,-4],[-12,-1],[-3,-7],[3,-9],[-3,-4],[6,-7],[1,-7],[-2,-3],[0,-13],[-4,-6],[-3,-13],[0,-16],[-2,-8],[0,-9],[2,-8],[-5,-3],[0,-8],[1,-4],[-4,-6],[-3,-2],[2,-8],[-2,-5],[3,-3],[1,-8],[0,-7],[-3,-11],[1,-7],[-2,-6],[1,-10],[-4,-12],[0,-7],[-8,-3],[0,-10],[-2,-5],[-5,-1],[-4,-7],[3,-3],[0,-8],[-1,-7],[2,-5],[4,-1],[3,-9],[-2,-1],[1,-8],[3,-3],[7,-1],[1,-17],[3,-5],[-3,-12],[-6,-10],[-2,-11],[0,-12],[-2,-9],[1,-6],[11,-24],[7,-10],[17,-24],[17,-20],[14,-15],[12,-15],[29,-45],[11,-22],[18,-38],[11,-29],[7,-28],[1,-9],[0,-38],[-2,-33],[-3,-7],[-8,-15],[-2,-14],[-2,-10],[0,-6],[-2,-8],[1,-7],[-1,-7],[1,-18],[-5,-10],[-14,-9],[-3,-9],[-5,-11],[-5,-6],[-10,-6],[-6,2],[-15,-5],[6,-18],[8,5],[7,-1],[9,8],[11,-2],[5,0],[4,-2],[14,-7],[24,-3],[9,-4],[5,-8],[4,-14],[3,-6],[10,-7],[9,-2],[11,-11],[10,2],[7,-1],[3,-10],[-5,-4],[0,-4],[7,-13],[9,-18],[12,-30],[11,-11],[2,1],[6,-6],[5,1],[4,-3],[0,-7],[-5,-2],[0,-8],[5,-5],[10,-25]],[[703,1724],[-393,56]],[[310,1780],[37,215],[88,375]],[[435,2370],[233,-170],[282,-76]],[[538,1309],[-266,245]],[[272,1554],[38,226]],[[435,2370],[47,485],[501,-36],[603,-25]],[[622,263],[489,228]],[[1516,672],[95,48]],[[1611,720],[-632,-609],[-354,-111],[-3,263]],[[622,263],[-442,481]],[[180,744],[215,402]],[[180,744],[-180,360],[272,450]],[[2144,1494],[7,-17],[6,-16],[3,-3],[9,-17],[1,-6],[-3,-7],[1,-6],[3,-2],[3,-12],[3,-7],[7,-11],[15,-43],[5,-10],[5,-3],[8,-1],[1,-13],[1,-8],[6,-9],[11,4],[1,-7],[6,-8],[3,-28],[4,-6],[11,-19],[5,-13],[0,-5],[5,-12],[4,-9],[9,-34],[6,-21],[4,-21],[3,-6],[-2,-12],[-5,-7],[2,-12],[5,-25],[-3,-4],[-683,-338]]],"transform":{"scale":[0.000036768044841091626,0.000028339344658498292],"translate":[126.02977533100012,9.89052974900005]},"objects":{"bgysubmuns-municity-1606720000":{"type":"GeometryCollection","geometries":[{"arcs":[[0,1,2,3]],"type":"Polygon","properties":{"adm1_psgc":1600000000,"adm2_psgc":1606700000,"adm3_psgc":1606720000,"adm4_psgc":1606720001,"adm4_en":"Buhing Calipay","geo_level":"Bgy","len_crs":6498,"area_crs":2256987,"len_km":6,"area_km2":2},"id":1606720001},{"arcs":[[4,5,6,7]],"type":"Polygon","properties":{"adm1_psgc":1600000000,"adm2_psgc":1606700000,"adm3_psgc":1606720000,"adm4_psgc":1606720002,"adm4_en":"Del Carmen","geo_level":"Bgy","len_crs":7070,"area_crs":2813665,"len_km":7,"area_km2":2},"id":1606720002},{"arcs":[[8,9,-1,-6]],"type":"Polygon","properties":{"adm1_psgc":1600000000,"adm2_psgc":1606700000,"adm3_psgc":1606720000,"adm4_psgc":1606720003,"adm4_en":"Del Pilar","geo_level":"Bgy","len_crs":5491,"area_crs":1810028,"len_km":5,"area_km2":1},"id":1606720003},{"arcs":[[10,11,12,13,14]],"type":"Polygon","properties":{"adm1_psgc":1600000000,"adm2_psgc":1606700000,"adm3_psgc":1606720000,"adm4_psgc":1606720004,"adm4_en":"Macapagal","geo_level":"Bgy","len_crs":11116,"area_crs":6074803,"len_km":11,"area_km2":6},"id":1606720004},{"arcs":[[15,-8,16,17]],"type":"Polygon","properties":{"adm1_psgc":1600000000,"adm2_psgc":1606700000,"adm3_psgc":1606720000,"adm4_psgc":1606720006,"adm4_en":"Pacifico","geo_level":"Bgy","len_crs":12467,"area_crs":3696056,"len_km":12,"area_km2":3},"id":1606720006},{"arcs":[[-3,18,19,20]],"type":"Polygon","properties":{"adm1_psgc":1600000000,"adm2_psgc":1606700000,"adm3_psgc":1606720000,"adm4_psgc":1606720007,"adm4_en":"Pelaez","geo_level":"Bgy","len_crs":7362,"area_crs":3044384,"len_km":7,"area_km2":3},"id":1606720007},{"arcs":[[-2,-10,-14,21,22,-19]],"type":"Polygon","properties":{"adm1_psgc":1600000000,"adm2_psgc":1606700000,"adm3_psgc":1606720000,"adm4_psgc":1606720008,"adm4_en":"Roxas","geo_level":"Bgy","len_crs":8547,"area_crs":3980979,"len_km":8,"area_km2":3},"id":1606720008},{"arcs":[[-17,-7,-4,-21,23]],"type":"Polygon","properties":{"adm1_psgc":1600000000,"adm2_psgc":1606700000,"adm3_psgc":1606720000,"adm4_psgc":1606720009,"adm4_en":"San Miguel","geo_level":"Bgy","len_crs":13482,"area_crs":10541376,"len_km":13,"area_km2":10},"id":1606720009},{"arcs":[[24,-11,25,26]],"type":"Polygon","properties":{"adm1_psgc":1600000000,"adm2_psgc":1606700000,"adm3_psgc":1606720000,"adm4_psgc":1606720010,"adm4_en":"Santa Paz","geo_level":"Bgy","len_crs":9723,"area_crs":2575585,"len_km":9,"area_km2":2},"id":1606720010},{"arcs":[[-25,27,28,-12]],"type":"Polygon","properties":{"adm1_psgc":1600000000,"adm2_psgc":1606700000,"adm3_psgc":1606720000,"adm4_psgc":1606720011,"adm4_en":"Santo Niño","geo_level":"Bgy","len_crs":9521,"area_crs":5039309,"len_km":9,"area_km2":5},"id":1606720011},{"arcs":[[-13,-29,29,-22]],"type":"Polygon","properties":{"adm1_psgc":1600000000,"adm2_psgc":1606700000,"adm3_psgc":1606720000,"adm4_psgc":1606720012,"adm4_en":"Tambacan","geo_level":"Bgy","len_crs":6756,"area_crs":2499890,"len_km":6,"area_km2":2},"id":1606720012},{"arcs":[[-16,30,-26,-15,-9,-5]],"type":"Polygon","properties":{"adm1_psgc":1600000000,"adm2_psgc":1606700000,"adm3_psgc":1606720000,"adm4_psgc":1606720013,"adm4_en":"Tigasao","geo_level":"Bgy","len_crs":12053,"area_crs":7943454,"len_km":12,"area_km2":7},"id":1606720013}]}}}