{"type":"Topology","arcs":[[[1407,593],[-18,-150],[-98,-172],[-47,27],[-70,12],[-12,32],[-49,-17],[-79,27]],[[1034,352],[-4,12]],[[1030,364],[11,68],[19,38],[-24,43]],[[1036,513],[-17,50],[14,22],[-19,67],[117,-23],[23,55]],[[1154,684],[66,39],[71,17],[27,-11],[18,-62],[71,-74]],[[1353,867],[-16,67],[-70,24],[-6,51],[-24,10],[22,116]],[[1259,1135],[103,24],[50,-13],[102,28]],[[1514,1174],[-5,-35],[-51,-9],[0,-31],[40,-46],[2,-38],[-43,-22],[-17,-58],[-52,-21],[-35,-47]],[[878,865],[-3,-61],[-51,-9],[-29,-28]],[[795,767],[-20,13]],[[775,780],[-62,24],[7,75],[41,18],[-27,46],[-5,50]],[[729,993],[162,40]],[[891,1033],[-7,-37],[43,-80],[-49,-51]],[[221,558],[41,-6],[65,-50]],[[327,502],[30,-24],[27,26],[33,-24],[153,-51],[78,32]],[[648,461],[23,-74],[-8,-19]],[[663,368],[-14,-41],[-76,-62],[-32,-61]],[[541,204],[-390,241]],[[151,445],[27,88],[43,25]],[[1034,352],[-54,-30],[1,-43],[29,-21],[-27,-32]],[[983,226],[-211,14]],[[772,240],[-33,52],[-27,10],[-18,52],[-31,14]],[[648,461],[62,46],[-6,52]],[[704,559],[32,24]],[[736,583],[42,-22],[34,-45],[25,29],[30,-10],[6,-90],[48,-1],[23,-80],[22,-11],[64,11]],[[1353,867],[46,-42],[9,-65],[-27,-18],[26,-149]],[[1154,684],[12,45],[-14,47],[-84,29]],[[1068,805],[9,36],[33,8]],[[1110,849],[-18,102],[84,133],[-7,23]],[[1169,1107],[90,28]],[[668,642],[36,-83]],[[327,502],[50,40],[18,51],[-8,27],[121,60],[36,-3],[24,40]],[[568,717],[3,-65],[97,-10]],[[1514,1174],[53,21],[45,-207],[85,-332],[-15,-6],[-275,-57]],[[775,780],[-53,-8],[0,-52],[-37,-22],[-17,-56]],[[568,717],[-7,48],[12,38],[-46,92],[5,52]],[[532,947],[197,46]],[[1110,849],[-53,21],[-17,-13],[-162,8]],[[891,1033],[142,18],[136,56]],[[151,445],[-151,352],[201,54]],[[201,851],[3,-30],[48,-111],[-8,-65],[-23,-87]],[[772,240],[71,-90],[-3,-56],[-28,-55],[10,-36]],[[822,3],[-118,2],[-163,199]],[[1068,805],[-62,-35],[-20,-123]],[[986,647],[-36,-9],[-53,32],[-31,-14]],[[866,656],[-48,88],[-23,23]],[[986,647],[-6,-60],[11,-38],[45,-36]],[[736,583],[40,36],[90,21],[0,16]],[[983,226],[32,-21],[-61,-185],[5,-20],[-137,3]],[[201,851],[201,65],[130,31]]],"transform":{"scale":[0.0000914653400117451,0.00008559867615062533],"translate":[124.25281996100014,9.92449932000005]},"objects":{"bgysubmuns-municity-701238000":{"type":"GeometryCollection","geometries":[{"arcs":[[0,1,2,3,4]],"type":"Polygon","properties":{"adm1_psgc":700000000,"adm2_psgc":701200000,"adm3_psgc":701238000,"adm4_psgc":701238001,"adm4_en":"Bayongan","geo_level":"Bgy","len_crs":16702,"area_crs":11892666,"len_km":16,"area_km2":11},"id":701238001},{"arcs":[[5,6,7]],"type":"Polygon","properties":{"adm1_psgc":700000000,"adm2_psgc":701200000,"adm3_psgc":701238000,"adm4_psgc":701238003,"adm4_en":"Bugang","geo_level":"Bgy","len_crs":13655,"area_crs":4771221,"len_km":13,"area_km2":4},"id":701238003},{"arcs":[[8,9,10,11,12]],"type":"Polygon","properties":{"adm1_psgc":700000000,"adm2_psgc":701200000,"adm3_psgc":701238000,"adm4_psgc":701238004,"adm4_en":"Cabangahan","geo_level":"Bgy","len_crs":9132,"area_crs":3422780,"len_km":9,"area_km2":3},"id":701238004},{"arcs":[[13,14,15,16,17,18]],"type":"Polygon","properties":{"adm1_psgc":700000000,"adm2_psgc":701200000,"adm3_psgc":701238000,"adm4_psgc":701238005,"adm4_en":"Kagawasan","geo_level":"Bgy","len_crs":15365,"area_crs":8303054,"len_km":15,"area_km2":8},"id":701238005},{"arcs":[[-2,19,20,21,-16,22,23,24]],"type":"Polygon","properties":{"adm1_psgc":700000000,"adm2_psgc":701200000,"adm3_psgc":701238000,"adm4_psgc":701238006,"adm4_en":"Camanaga","geo_level":"Bgy","len_crs":15978,"area_crs":7167185,"len_km":15,"area_km2":7},"id":701238006},{"arcs":[[25,-5,26,27,28,29,-6]],"type":"Polygon","properties":{"adm1_psgc":700000000,"adm2_psgc":701200000,"adm3_psgc":701238000,"adm4_psgc":701238007,"adm4_en":"Cambangay Norte","geo_level":"Bgy","len_crs":20742,"area_crs":7945638,"len_km":20,"area_km2":7},"id":701238007},{"arcs":[[30,-23,-15,31,32]],"type":"Polygon","properties":{"adm1_psgc":700000000,"adm2_psgc":701200000,"adm3_psgc":701238000,"adm4_psgc":701238008,"adm4_en":"Capayas","geo_level":"Bgy","len_crs":12541,"area_crs":5970928,"len_km":12,"area_km2":5},"id":701238008},{"arcs":[[-26,-8,33]],"type":"Polygon","properties":{"adm1_psgc":700000000,"adm2_psgc":701200000,"adm3_psgc":701238000,"adm4_psgc":701238009,"adm4_en":"Corazon","geo_level":"Bgy","len_crs":18472,"area_crs":10960937,"len_km":18,"area_km2":10},"id":701238009},{"arcs":[[34,-33,35,36,-11]],"type":"Polygon","properties":{"adm1_psgc":700000000,"adm2_psgc":701200000,"adm3_psgc":701238000,"adm4_psgc":701238010,"adm4_en":"Garcia","geo_level":"Bgy","len_crs":12450,"area_crs":5149148,"len_km":12,"area_km2":5},"id":701238010},{"arcs":[[37,-13,38,-29]],"type":"Polygon","properties":{"adm1_psgc":700000000,"adm2_psgc":701200000,"adm3_psgc":701238000,"adm4_psgc":701238011,"adm4_en":"Hagbuyo","geo_level":"Bgy","len_crs":12758,"area_crs":4107162,"len_km":12,"area_km2":4},"id":701238011},{"arcs":[[-19,39,40]],"type":"Polygon","properties":{"adm1_psgc":700000000,"adm2_psgc":701200000,"adm3_psgc":701238000,"adm4_psgc":701238012,"adm4_en":"Caluasan","geo_level":"Bgy","len_crs":10872,"area_crs":5236189,"len_km":10,"area_km2":5},"id":701238012},{"arcs":[[41,42,-17,-22]],"type":"Polygon","properties":{"adm1_psgc":700000000,"adm2_psgc":701200000,"adm3_psgc":701238000,"adm4_psgc":701238013,"adm4_en":"Mahayag","geo_level":"Bgy","len_crs":11010,"area_crs":6082951,"len_km":11,"area_km2":6},"id":701238013},{"arcs":[[-28,43,44,45,-9,-38]],"type":"Polygon","properties":{"adm1_psgc":700000000,"adm2_psgc":701200000,"adm3_psgc":701238000,"adm4_psgc":701238014,"adm4_en":"Poblacion","geo_level":"Bgy","len_crs":11365,"area_crs":3568151,"len_km":11,"area_km2":3},"id":701238014},{"arcs":[[46,-3,-25,47,-45]],"type":"Polygon","properties":{"adm1_psgc":700000000,"adm2_psgc":701200000,"adm3_psgc":701238000,"adm4_psgc":701238015,"adm4_en":"San Isidro","geo_level":"Bgy","len_crs":14855,"area_crs":4673129,"len_km":14,"area_km2":4},"id":701238015},{"arcs":[[-46,-48,-24,-31,-35,-10]],"type":"Polygon","properties":{"adm1_psgc":700000000,"adm2_psgc":701200000,"adm3_psgc":701238000,"adm4_psgc":701238016,"adm4_en":"San Jose","geo_level":"Bgy","len_crs":8701,"area_crs":2181144,"len_km":8,"area_km2":2},"id":701238016},{"arcs":[[-4,-47,-44,-27]],"type":"Polygon","properties":{"adm1_psgc":700000000,"adm2_psgc":701200000,"adm3_psgc":701238000,"adm4_psgc":701238017,"adm4_en":"San Vicente","geo_level":"Bgy","len_crs":10946,"area_crs":2688703,"len_km":10,"area_km2":2},"id":701238017},{"arcs":[[48,-42,-21]],"type":"Polygon","properties":{"adm1_psgc":700000000,"adm2_psgc":701200000,"adm3_psgc":701238000,"adm4_psgc":701238018,"adm4_en":"Santo Niño","geo_level":"Bgy","len_crs":9951,"area_crs":3585952,"len_km":9,"area_km2":3},"id":701238018},{"arcs":[[-32,-14,-41,49,-36]],"type":"Polygon","properties":{"adm1_psgc":700000000,"adm2_psgc":701200000,"adm3_psgc":701238000,"adm4_psgc":701238019,"adm4_en":"Tomoc","geo_level":"Bgy","len_crs":15260,"area_crs":9628240,"len_km":15,"area_km2":9},"id":701238019}]}}}