{"type":"Topology","arcs":[[[1244,449],[-3,-27],[19,-11],[2,-30],[19,-11],[2,-57],[-11,-22],[8,-71],[-7,-48],[2,-74],[8,-37],[-180,-1]],[[1103,60],[-27,38],[-168,222],[-85,74],[-161,79]],[[662,473],[9,53],[-13,54],[4,60]],[[662,640],[155,17],[145,63],[238,-248],[44,-23]],[[557,787],[-186,145]],[[371,932],[-69,28],[-115,68]],[[187,1028],[15,24],[22,6],[23,-13],[43,25],[38,30],[50,78],[34,22],[38,-4],[31,12],[223,25]],[[704,1233],[-15,-327],[-58,-80],[-74,-39]],[[581,408],[11,-24],[46,-45],[17,-29],[23,4],[31,-33]],[[709,281],[-30,-36],[-92,-48],[-59,-4],[-33,20],[-28,-9],[-6,-69],[-47,-1],[-9,12],[-30,-3]],[[375,143],[-116,174]],[[259,317],[59,15],[94,46],[7,49],[19,21],[54,-6],[85,-28],[4,-6]],[[557,787],[71,-94],[34,-53]],[[662,473],[-25,-32],[-56,-33]],[[259,317],[-33,51]],[[226,368],[106,53],[-8,89],[48,19],[39,55],[37,5],[-24,94],[-24,24],[-36,95],[7,130]],[[850,63],[-381,-63],[-34,43],[-60,100]],[[709,281],[26,-47],[12,-43],[43,-49],[5,-28],[55,-51]],[[371,932],[-181,-194],[-139,-91]],[[51,647],[-22,51],[-28,42],[-1,182],[43,20],[15,35],[33,18],[25,-8],[31,27],[40,14]],[[704,1233],[137,9],[17,-19],[47,0],[12,10],[32,-28],[-2,-34],[31,11],[20,-24],[49,-22],[36,-32],[21,7],[14,-17],[43,-8],[-12,-98],[21,-108],[5,-72],[16,-33],[-8,-66],[34,-53],[33,-20],[8,-112],[-2,-56],[-12,-19]],[[1103,60],[-253,3]],[[226,368],[-62,98],[-76,100],[-37,81]]],"transform":{"scale":[0.00018485307482461616,0.00018129448711759312],"translate":[121.33042061400012,17.06801943800002]},"objects":{"bgysubmuns-municity-1404406000":{"type":"GeometryCollection","geometries":[{"arcs":[[0,1,2,3]],"type":"Polygon","properties":{"adm1_psgc":1400000000,"adm2_psgc":1404400000,"adm3_psgc":1404406000,"adm4_psgc":1404406001,"adm4_en":"Anonat","geo_level":"Bgy","len_crs":41762,"area_crs":89714369,"len_km":41,"area_km2":89},"id":1404406001},{"arcs":[[4,5,6,7]],"type":"Polygon","properties":{"adm1_psgc":1400000000,"adm2_psgc":1404400000,"adm3_psgc":1404406000,"adm4_psgc":1404406002,"adm4_en":"Bacarri","geo_level":"Bgy","len_crs":32708,"area_crs":53805327,"len_km":32,"area_km2":53},"id":1404406002},{"arcs":[[8,9,10,11]],"type":"Polygon","properties":{"adm1_psgc":1400000000,"adm2_psgc":1404400000,"adm3_psgc":1404406000,"adm4_psgc":1404406003,"adm4_en":"Bananao","geo_level":"Bgy","len_crs":25051,"area_crs":30157067,"len_km":25,"area_km2":30},"id":1404406003},{"arcs":[[12,-3,13,-12,14,15,-5]],"type":"Polygon","properties":{"adm1_psgc":1400000000,"adm2_psgc":1404400000,"adm3_psgc":1404406000,"adm4_psgc":1404406004,"adm4_en":"Bantay","geo_level":"Bgy","len_crs":37493,"area_crs":46232495,"len_km":37,"area_km2":46},"id":1404406004},{"arcs":[[16,-10,17]],"type":"Polygon","properties":{"adm1_psgc":1400000000,"adm2_psgc":1404400000,"adm3_psgc":1404406000,"adm4_psgc":1404406005,"adm4_en":"Butigue","geo_level":"Bgy","len_crs":26571,"area_crs":26984785,"len_km":26,"area_km2":26},"id":1404406005},{"arcs":[[18,19,-6]],"type":"Polygon","properties":{"adm1_psgc":1400000000,"adm2_psgc":1404400000,"adm3_psgc":1404406000,"adm4_psgc":1404406006,"adm4_en":"Bunot","geo_level":"Bgy","len_crs":23240,"area_crs":31481625,"len_km":23,"area_km2":31},"id":1404406006},{"arcs":[[-4,-13,-8,20]],"type":"Polygon","properties":{"adm1_psgc":1400000000,"adm2_psgc":1404400000,"adm3_psgc":1404406000,"adm4_psgc":1404406007,"adm4_en":"Buringal","geo_level":"Bgy","len_crs":54278,"area_crs":114288775,"len_km":54,"area_km2":114},"id":1404406007},{"arcs":[[21,-18,-9,-14,-2]],"type":"Polygon","properties":{"adm1_psgc":1400000000,"adm2_psgc":1404400000,"adm3_psgc":1404406000,"adm4_psgc":1404406008,"adm4_en":"Palitud","geo_level":"Bgy","len_crs":30084,"area_crs":36638364,"len_km":30,"area_km2":36},"id":1404406008},{"arcs":[[22,-19,-16]],"type":"Polygon","properties":{"adm1_psgc":1400000000,"adm2_psgc":1404400000,"adm3_psgc":1404406000,"adm4_psgc":1404406009,"adm4_en":"Poblacion","geo_level":"Bgy","len_crs":29670,"area_crs":41952319,"len_km":29,"area_km2":41},"id":1404406009}]}}}