{"type":"Topology","arcs":[[[2333,635],[6,-26],[16,-10],[42,-72],[-18,-41],[-30,-9],[-21,-26],[-1,-23],[17,-24],[1,-18],[9,-29],[-42,4],[-23,-12],[-62,-9],[-32,1]],[[2195,341],[43,300]],[[2238,641],[95,-6]],[[2238,641],[-108,6],[-73,39],[-83,-56]],[[1974,630],[-140,201],[-20,79]],[[1814,910],[84,32],[132,176],[97,58]],[[2127,1176],[20,-4],[4,-29],[11,0],[21,-19],[-3,-30],[21,-45],[-6,-31],[8,-10],[-2,-31],[50,-21],[45,-58],[20,-9],[3,-16],[19,-16],[13,11],[11,-11],[-33,-20],[-7,-15],[17,-15],[3,-14],[-24,-17],[-4,-16],[5,-13],[19,-17],[-2,-28],[-10,-11],[7,-17],[-4,-16],[4,-23]],[[2195,341],[-59,1],[-23,11],[-23,-14]],[[2090,339],[-60,85],[10,53],[-66,153]],[[267,460],[-116,-46]],[[151,414],[-60,259],[-91,370],[290,40],[80,-188],[12,-197],[-115,-238]],[[1195,322],[130,-84]],[[1325,238],[-187,-102],[-57,32],[-116,-16],[-66,7]],[[899,159],[-62,172]],[[837,331],[105,5],[253,-14]],[[853,139],[-5,-112]],[[848,27],[-42,-15],[-10,-12],[-34,11],[-37,0],[-44,-11],[-25,2],[-21,21],[-36,0],[-22,12]],[[577,35],[27,57],[19,160]],[[623,252],[88,-45],[142,-68]],[[899,159],[-46,-20]],[[623,252],[45,116]],[[668,368],[72,-12],[97,-25]],[[1532,693],[169,-78]],[[1701,615],[111,-127]],[[1812,488],[-348,-175]],[[1464,313],[-22,159]],[[1442,472],[6,174],[47,63],[37,-16]],[[1814,910],[-126,45]],[[1688,955],[-223,399],[44,131],[119,81],[284,27],[36,-38],[26,-39],[-11,-36],[-22,-19],[-4,-16],[-17,-31],[18,-26],[31,-37],[30,-30],[2,-22],[27,-15],[33,-9],[32,-41],[34,-58]],[[436,360],[-9,-65]],[[427,295],[-80,-46],[-51,-25]],[[296,224],[-129,117]],[[167,341],[-16,73]],[[267,460],[169,-100]],[[577,35],[-30,6],[-17,-7],[-38,-10],[-15,5]],[[477,29],[-32,180],[-18,86]],[[436,360],[44,13],[188,-5]],[[1464,313],[-139,-75]],[[1195,322],[-10,72],[159,96],[98,-18]],[[2090,339],[-25,-13],[-46,-8],[-40,-5],[-35,1],[-32,-8],[-10,-7],[-5,-18],[-30,-8]],[[1867,273],[-2,48],[-53,167]],[[1701,615],[19,135],[-32,205]],[[1532,693],[-29,213],[185,49]],[[1867,273],[-47,3],[-22,-13],[-35,-14],[-46,-13],[-40,-16],[-54,-10],[-20,-16],[-14,5],[-42,-17],[-47,-22]],[[1500,160],[-36,153]],[[1500,160],[-31,-12],[-42,-26],[-106,-48],[-63,-12],[-73,-3],[-56,3],[-22,-13],[-16,-2],[-37,6],[-13,11],[-44,4],[-31,9],[-25,-8],[-7,-30],[-72,-7],[-14,-5]],[[296,224],[-12,-212]],[[284,12],[-36,0],[-32,11],[-58,4],[-15,7],[24,307]],[[477,29],[-23,15],[-28,0],[-28,-4],[-31,-26],[-41,-3],[-42,1]]],"transform":{"scale":[0.000030424784313734566,0.00003206113622096728],"translate":[124.06480179800008,9.587654108000038]},"objects":{"bgysubmuns-municity-701227000":{"type":"GeometryCollection","geometries":[{"arcs":[[0,1,2]],"type":"Polygon","properties":{"adm1_psgc":700000000,"adm2_psgc":701200000,"adm3_psgc":701227000,"adm4_psgc":701227001,"adm4_en":"Banban","geo_level":"Bgy","len_crs":3137,"area_crs":477983,"len_km":3,"area_km2":0},"id":701227001},{"arcs":[[-3,3,4,5,6]],"type":"Polygon","properties":{"adm1_psgc":700000000,"adm2_psgc":701200000,"adm3_psgc":701227000,"adm4_psgc":701227002,"adm4_en":"Bonkokan Ilaya","geo_level":"Bgy","len_crs":6517,"area_crs":2103986,"len_km":6,"area_km2":2},"id":701227002},{"arcs":[[-2,7,8,-4]],"type":"Polygon","properties":{"adm1_psgc":700000000,"adm2_psgc":701200000,"adm3_psgc":701227000,"adm4_psgc":701227003,"adm4_en":"Bonkokan Ubos","geo_level":"Bgy","len_crs":3583,"area_crs":717563,"len_km":3,"area_km2":0},"id":701227003},{"arcs":[[9,10]],"type":"Polygon","properties":{"adm1_psgc":700000000,"adm2_psgc":701200000,"adm3_psgc":701227000,"adm4_psgc":701227004,"adm4_en":"Calvario","geo_level":"Bgy","len_crs":6032,"area_crs":2001970,"len_km":6,"area_km2":2},"id":701227004},{"arcs":[[11,12,13,14]],"type":"Polygon","properties":{"adm1_psgc":700000000,"adm2_psgc":701200000,"adm3_psgc":701227000,"adm4_psgc":701227005,"adm4_en":"Candulang","geo_level":"Bgy","len_crs":3926,"area_crs":795062,"len_km":3,"area_km2":0},"id":701227005},{"arcs":[[15,16,17,18]],"type":"Polygon","properties":{"adm1_psgc":700000000,"adm2_psgc":701200000,"adm3_psgc":701227000,"adm4_psgc":701227006,"adm4_en":"Catugasan","geo_level":"Bgy","len_crs":3070,"area_crs":543658,"len_km":3,"area_km2":0},"id":701227006},{"arcs":[[-14,19,-19,20,21]],"type":"Polygon","properties":{"adm1_psgc":700000000,"adm2_psgc":701200000,"adm3_psgc":701227000,"adm4_psgc":701227007,"adm4_en":"Cayupo","geo_level":"Bgy","len_crs":2696,"area_crs":436406,"len_km":2,"area_km2":0},"id":701227007},{"arcs":[[22,23,24,25,26]],"type":"Polygon","properties":{"adm1_psgc":700000000,"adm2_psgc":701200000,"adm3_psgc":701227000,"adm4_psgc":701227008,"adm4_en":"Cogon","geo_level":"Bgy","len_crs":4118,"area_crs":1001766,"len_km":4,"area_km2":1},"id":701227008},{"arcs":[[-6,27,28]],"type":"Polygon","properties":{"adm1_psgc":700000000,"adm2_psgc":701200000,"adm3_psgc":701227000,"adm4_psgc":701227009,"adm4_en":"Jambawan","geo_level":"Bgy","len_crs":7319,"area_crs":3297886,"len_km":7,"area_km2":3},"id":701227009},{"arcs":[[29,30,31,32,-10,33]],"type":"Polygon","properties":{"adm1_psgc":700000000,"adm2_psgc":701200000,"adm3_psgc":701227000,"adm4_psgc":701227010,"adm4_en":"La Fortuna","geo_level":"Bgy","len_crs":2688,"area_crs":482090,"len_km":2,"area_km2":0},"id":701227010},{"arcs":[[-21,-18,34,35,-30,36]],"type":"Polygon","properties":{"adm1_psgc":700000000,"adm2_psgc":701200000,"adm3_psgc":701227000,"adm4_psgc":701227011,"adm4_en":"Lomanoy","geo_level":"Bgy","len_crs":3560,"area_crs":687668,"len_km":3,"area_km2":0},"id":701227011},{"arcs":[[-26,37,-12,38]],"type":"Polygon","properties":{"adm1_psgc":700000000,"adm2_psgc":701200000,"adm3_psgc":701227000,"adm4_psgc":701227012,"adm4_en":"Macalingan","geo_level":"Bgy","len_crs":2853,"area_crs":566741,"len_km":2,"area_km2":0},"id":701227012},{"arcs":[[-5,-9,39,40,-24,41,-28]],"type":"Polygon","properties":{"adm1_psgc":700000000,"adm2_psgc":701200000,"adm3_psgc":701227000,"adm4_psgc":701227013,"adm4_en":"Malinao East","geo_level":"Bgy","len_crs":6160,"area_crs":1480624,"len_km":6,"area_km2":1},"id":701227013},{"arcs":[[-23,42,-42]],"type":"Polygon","properties":{"adm1_psgc":700000000,"adm2_psgc":701200000,"adm3_psgc":701227000,"adm4_psgc":701227014,"adm4_en":"Malinao West","geo_level":"Bgy","len_crs":3249,"area_crs":625424,"len_km":3,"area_km2":0},"id":701227014},{"arcs":[[43,44,-25,-41]],"type":"Polygon","properties":{"adm1_psgc":700000000,"adm2_psgc":701200000,"adm3_psgc":701227000,"adm4_psgc":701227015,"adm4_en":"Nagsulay","geo_level":"Bgy","len_crs":4004,"area_crs":836151,"len_km":4,"area_km2":0},"id":701227015},{"arcs":[[45,-16,-20,-13,-38,-45]],"type":"Polygon","properties":{"adm1_psgc":700000000,"adm2_psgc":701200000,"adm3_psgc":701227000,"adm4_psgc":701227016,"adm4_en":"Poblacion","geo_level":"Bgy","len_crs":5632,"area_crs":929704,"len_km":5,"area_km2":0},"id":701227016},{"arcs":[[46,47,-32]],"type":"Polygon","properties":{"adm1_psgc":700000000,"adm2_psgc":701200000,"adm3_psgc":701227000,"adm4_psgc":701227017,"adm4_en":"Taug","geo_level":"Bgy","len_crs":2933,"area_crs":434546,"len_km":2,"area_km2":0},"id":701227017},{"arcs":[[48,-47,-31,-36]],"type":"Polygon","properties":{"adm1_psgc":700000000,"adm2_psgc":701200000,"adm3_psgc":701227000,"adm4_psgc":701227018,"adm4_en":"Tiguis","geo_level":"Bgy","len_crs":2930,"area_crs":455110,"len_km":2,"area_km2":0},"id":701227018}]}}}