{"type":"Topology","arcs":[[[222,380],[30,-33]],[[252,347],[-33,-30]],[[219,317],[-94,68]],[[125,385],[44,41]],[[169,426],[53,-46]],[[92,141],[-22,-13]],[[70,128],[-70,25],[32,41]],[[32,194],[60,-53]],[[178,486],[-9,-60]],[[125,385],[-5,38]],[[120,423],[24,83]],[[144,506],[34,-20]],[[465,312],[-31,-42]],[[434,270],[-112,38],[-70,39]],[[222,380],[39,23]],[[261,403],[204,-91]],[[412,229],[-5,-63]],[[407,166],[-174,76]],[[233,242],[3,62]],[[236,304],[176,-75]],[[125,385],[2,-14]],[[127,371],[-60,-5]],[[67,366],[-19,63]],[[48,429],[72,-6]],[[392,783],[-16,-92]],[[376,691],[-168,25]],[[208,716],[-3,69],[76,-11],[111,9]],[[147,297],[86,-55]],[[233,242],[-16,-65]],[[217,177],[-62,32]],[[155,209],[-43,27]],[[112,236],[-7,84]],[[105,320],[42,-23]],[[407,166],[-38,-166],[-24,31],[-147,58]],[[198,89],[19,88]],[[332,547],[2,-84]],[[334,463],[-38,18]],[[296,481],[-68,58]],[[228,539],[11,26]],[[239,565],[93,-18]],[[296,481],[-49,-57]],[[247,424],[-24,91]],[[223,515],[5,24]],[[127,371],[20,-74]],[[105,320],[-37,9]],[[68,329],[-1,37]],[[141,517],[3,-11]],[[48,429],[9,113],[84,-25]],[[112,236],[-51,15]],[[61,251],[7,78]],[[353,630],[88,-22]],[[441,608],[-20,-85]],[[421,523],[-89,24]],[[239,565],[-42,18]],[[197,583],[14,98]],[[211,681],[39,-28],[103,-23]],[[376,691],[-23,-61]],[[211,681],[-3,35]],[[112,236],[-20,-95]],[[32,194],[29,57]],[[434,270],[-22,-41]],[[236,304],[-17,13]],[[223,515],[-45,-29]],[[141,517],[56,66]],[[198,89],[-29,12]],[[169,101],[-14,108]],[[590,578],[-125,25]],[[465,603],[39,127]],[[504,730],[121,-29],[-35,-123]],[[590,578],[-6,-69],[-26,-56]],[[558,453],[-137,70]],[[441,608],[24,-5]],[[169,101],[-99,27]],[[334,463],[168,-108]],[[502,355],[-37,-43]],[[261,403],[-14,21]],[[392,783],[112,-53]],[[558,453],[-56,-98]],[[107,678],[19,-47],[-11,-59],[-46,12],[38,94]]],"transform":{"scale":[0.0001905329599999959,0.0001745384101910954],"translate":[123.35991438200007,9.774868784000034]},"objects":{"bgysubmuns-municity-702207000":{"type":"GeometryCollection","geometries":[{"arcs":[[0,1,2,3,4]],"type":"Polygon","properties":{"adm1_psgc":700000000,"adm2_psgc":702200000,"adm3_psgc":702207000,"adm4_psgc":702207001,"adm4_en":"Alawijao","geo_level":"Bgy","len_crs":7000,"area_crs":2284186,"len_km":7,"area_km2":2},"id":702207001},{"arcs":[[5,6,7]],"type":"Polygon","properties":{"adm1_psgc":700000000,"adm2_psgc":702200000,"adm3_psgc":702207000,"adm4_psgc":702207002,"adm4_en":"Balhaan","geo_level":"Bgy","len_crs":5016,"area_crs":1155696,"len_km":5,"area_km2":1},"id":702207002},{"arcs":[[8,-4,9,10,11]],"type":"Polygon","properties":{"adm1_psgc":700000000,"adm2_psgc":702200000,"adm3_psgc":702207000,"adm4_psgc":702207003,"adm4_en":"Banhigan","geo_level":"Bgy","len_crs":6270,"area_crs":1625031,"len_km":6,"area_km2":1},"id":702207003},{"arcs":[[12,13,-1,14,15]],"type":"Polygon","properties":{"adm1_psgc":700000000,"adm2_psgc":702200000,"adm3_psgc":702207000,"adm4_psgc":702207004,"adm4_en":"Basak","geo_level":"Bgy","len_crs":11764,"area_crs":5148192,"len_km":11,"area_km2":5},"id":702207004},{"arcs":[[16,17,18,19]],"type":"Polygon","properties":{"adm1_psgc":700000000,"adm2_psgc":702200000,"adm3_psgc":702207000,"adm4_psgc":702207005,"adm4_en":"Basiao","geo_level":"Bgy","len_crs":10291,"area_crs":4407922,"len_km":10,"area_km2":4},"id":702207005},{"arcs":[[-10,20,21,22,23]],"type":"Polygon","properties":{"adm1_psgc":700000000,"adm2_psgc":702200000,"adm3_psgc":702207000,"adm4_psgc":702207006,"adm4_en":"Bato","geo_level":"Bgy","len_crs":6242,"area_crs":1626611,"len_km":6,"area_km2":1},"id":702207006},{"arcs":[[24,25,26]],"type":"Polygon","properties":{"adm1_psgc":700000000,"adm2_psgc":702200000,"adm3_psgc":702207000,"adm4_psgc":702207007,"adm4_en":"Bugas","geo_level":"Bgy","len_crs":13049,"area_crs":5522286,"len_km":13,"area_km2":5},"id":702207007},{"arcs":[[27,28,29,30,31,32]],"type":"Polygon","properties":{"adm1_psgc":700000000,"adm2_psgc":702200000,"adm3_psgc":702207000,"adm4_psgc":702207008,"adm4_en":"Calangcang","geo_level":"Bgy","len_crs":8485,"area_crs":3749458,"len_km":8,"area_km2":3},"id":702207008},{"arcs":[[33,34,-29,-18]],"type":"Polygon","properties":{"adm1_psgc":700000000,"adm2_psgc":702200000,"adm3_psgc":702207000,"adm4_psgc":702207009,"adm4_en":"Candiis","geo_level":"Bgy","len_crs":14746,"area_crs":11650917,"len_km":14,"area_km2":11},"id":702207009},{"arcs":[[35,36,37,38,39]],"type":"Polygon","properties":{"adm1_psgc":700000000,"adm2_psgc":702200000,"adm3_psgc":702207000,"adm4_psgc":702207011,"adm4_en":"Dagatan","geo_level":"Bgy","len_crs":7329,"area_crs":2555775,"len_km":7,"area_km2":2},"id":702207011},{"arcs":[[40,41,42,-38]],"type":"Polygon","properties":{"adm1_psgc":700000000,"adm2_psgc":702200000,"adm3_psgc":702207000,"adm4_psgc":702207012,"adm4_en":"Dobdob","geo_level":"Bgy","len_crs":6721,"area_crs":1769823,"len_km":6,"area_km2":1},"id":702207012},{"arcs":[[43,-33,44,45,-22]],"type":"Polygon","properties":{"adm1_psgc":700000000,"adm2_psgc":702200000,"adm3_psgc":702207000,"adm4_psgc":702207013,"adm4_en":"Ginablan","geo_level":"Bgy","len_crs":5803,"area_crs":1526910,"len_km":5,"area_km2":1},"id":702207013},{"arcs":[[46,-11,-24,47]],"type":"Polygon","properties":{"adm1_psgc":700000000,"adm2_psgc":702200000,"adm3_psgc":702207000,"adm4_psgc":702207014,"adm4_en":"Lambug","geo_level":"Bgy","len_crs":9208,"area_crs":3691512,"len_km":9,"area_km2":3},"id":702207014},{"arcs":[[-32,48,49,-45]],"type":"Polygon","properties":{"adm1_psgc":700000000,"adm2_psgc":702200000,"adm3_psgc":702207000,"adm4_psgc":702207015,"adm4_en":"Malabago","geo_level":"Bgy","len_crs":5569,"area_crs":1511482,"len_km":5,"area_km2":1},"id":702207015},{"arcs":[[50,51,52,-40,53,54,55]],"type":"Polygon","properties":{"adm1_psgc":700000000,"adm2_psgc":702200000,"adm3_psgc":702207000,"adm4_psgc":702207016,"adm4_en":"Malhiao","geo_level":"Bgy","len_crs":15933,"area_crs":8345314,"len_km":15,"area_km2":8},"id":702207016},{"arcs":[[56,-56,57,-26]],"type":"Polygon","properties":{"adm1_psgc":700000000,"adm2_psgc":702200000,"adm3_psgc":702207000,"adm4_psgc":702207017,"adm4_en":"Manduyong","geo_level":"Bgy","len_crs":9554,"area_crs":3326850,"len_km":9,"area_km2":3},"id":702207017},{"arcs":[[58,-8,59,-49]],"type":"Polygon","properties":{"adm1_psgc":700000000,"adm2_psgc":702200000,"adm3_psgc":702207000,"adm4_psgc":702207018,"adm4_en":"Matutinao","geo_level":"Bgy","len_crs":6688,"area_crs":2249810,"len_km":6,"area_km2":2},"id":702207018},{"arcs":[[60,-20,61,-2,-14]],"type":"Polygon","properties":{"adm1_psgc":700000000,"adm2_psgc":702200000,"adm3_psgc":702207000,"adm4_psgc":702207019,"adm4_en":"Patong","geo_level":"Bgy","len_crs":10288,"area_crs":3540300,"len_km":10,"area_km2":3},"id":702207019},{"arcs":[[-54,-39,-43,62,-12,-47,63]],"type":"Polygon","properties":{"adm1_psgc":700000000,"adm2_psgc":702200000,"adm3_psgc":702207000,"adm4_psgc":702207020,"adm4_en":"Poblacion","geo_level":"Bgy","len_crs":7880,"area_crs":2391681,"len_km":7,"area_km2":2},"id":702207020},{"arcs":[[-35,64,65,-30]],"type":"Polygon","properties":{"adm1_psgc":700000000,"adm2_psgc":702200000,"adm3_psgc":702207000,"adm4_psgc":702207021,"adm4_en":"Sanlagan","geo_level":"Bgy","len_crs":6358,"area_crs":2363630,"len_km":6,"area_km2":2},"id":702207021},{"arcs":[[66,67,68]],"type":"Polygon","properties":{"adm1_psgc":700000000,"adm2_psgc":702200000,"adm3_psgc":702207000,"adm4_psgc":702207022,"adm4_en":"Santicon","geo_level":"Bgy","len_crs":10316,"area_crs":6572973,"len_km":10,"area_km2":6},"id":702207022},{"arcs":[[-67,69,70,-52,71]],"type":"Polygon","properties":{"adm1_psgc":700000000,"adm2_psgc":702200000,"adm3_psgc":702207000,"adm4_psgc":702207023,"adm4_en":"Sohoton","geo_level":"Bgy","len_crs":10605,"area_crs":6648937,"len_km":10,"area_km2":6},"id":702207023},{"arcs":[[-66,72,-6,-59,-31]],"type":"Polygon","properties":{"adm1_psgc":700000000,"adm2_psgc":702200000,"adm3_psgc":702207000,"adm4_psgc":702207024,"adm4_en":"Sulsugan","geo_level":"Bgy","len_crs":7778,"area_crs":2461797,"len_km":7,"area_km2":2},