{"type":"Topology","arcs":[[[636,679],[19,-39]],[[655,640],[-19,-8]],[[636,632],[-22,60]],[[614,692],[15,3]],[[629,695],[7,-16]],[[770,561],[-59,-39]],[[711,522],[-16,35]],[[695,557],[39,41]],[[734,598],[36,-37]],[[718,660],[-14,-10]],[[704,650],[-31,-7]],[[673,643],[-18,-3]],[[636,679],[69,2]],[[705,681],[13,-21]],[[629,695],[11,3]],[[640,698],[51,15]],[[691,713],[14,-32]],[[837,492],[-13,-17]],[[824,475],[-17,25]],[[807,500],[-15,27]],[[792,527],[0,15]],[[792,542],[27,23]],[[819,565],[18,-73]],[[785,297],[-57,20]],[[728,317],[96,158]],[[837,492],[-52,-195]],[[603,868],[1,-47]],[[604,821],[-89,-3]],[[515,818],[-69,76]],[[446,894],[157,-26]],[[698,606],[-37,-18]],[[661,588],[-17,29]],[[644,617],[-8,15]],[[673,643],[25,-37]],[[405,902],[41,-8]],[[446,894],[-78,-205]],[[368,689],[-103,-156]],[[265,533],[3,149]],[[268,682],[82,233]],[[350,915],[55,-13]],[[680,736],[-46,-19]],[[634,717],[-34,43]],[[600,760],[44,12]],[[644,772],[36,-36]],[[642,554],[-12,-26]],[[630,528],[-39,-19]],[[591,509],[-8,-14]],[[583,495],[-53,70]],[[530,565],[82,38]],[[612,603],[30,-49]],[[630,354],[52,-21]],[[682,333],[46,-16]],[[785,297],[-40,-124]],[[745,173],[-325,101]],[[420,274],[55,49]],[[475,323],[49,74]],[[524,397],[106,-43]],[[405,902],[144,102],[96,-7],[-42,-129]],[[724,624],[-6,-6]],[[718,618],[-20,-12]],[[704,650],[20,-26]],[[478,651],[20,-44]],[[498,607],[-79,-101]],[[419,506],[-35,-44]],[[384,462],[-55,-34]],[[329,428],[-64,105]],[[368,689],[110,-38]],[[711,522],[24,-44]],[[735,478],[-48,-38]],[[687,440],[-57,88]],[[642,554],[28,10]],[[670,564],[25,-7]],[[420,274],[-14,-14]],[[406,260],[-83,17],[-4,112]],[[319,389],[156,-66]],[[515,818],[50,-84]],[[565,734],[32,-45]],[[597,689],[-119,-38]],[[745,173],[-38,-173],[-255,137],[-46,123]],[[583,495],[-33,-47]],[[550,448],[-131,58]],[[498,607],[32,-42]],[[682,333],[125,167]],[[644,617],[-32,-14]],[[597,689],[17,3]],[[738,615],[-4,-17]],[[695,557],[3,49]],[[718,618],[20,-3]],[[687,440],[-23,-35]],[[664,405],[-73,104]],[[735,639],[-11,-15]],[[718,660],[17,-21]],[[600,760],[-35,-26]],[[604,821],[40,-49]],[[742,625],[-4,-10]],[[735,639],[7,-14]],[[630,354],[34,51]],[[735,478],[57,49]],[[770,561],[22,-19]],[[550,448],[-26,-51]],[[524,397],[-140,65]],[[742,625],[77,-60]],[[680,736],[11,-23]],[[640,698],[-6,19]],[[670,564],[-9,24]],[[268,682],[-256,-55],[-12,249],[142,88],[208,-49]],[[319,389],[10,39]]],"transform":{"scale":[0.0001737062039397103,0.00017485762730626574],"translate":[125.07505225500007,10.285063725000043]},"objects":{"bgysubmuns-municity-806403000":{"type":"GeometryCollection","geometries":[{"arcs":[[0,1,2,3,4]],"type":"Polygon","properties":{"adm1_psgc":800000000,"adm2_psgc":806400000,"adm3_psgc":806403000,"adm4_psgc":806403001,"adm4_en":"Ambacon","geo_level":"Bgy","len_crs":3090,"area_crs":396552,"len_km":3,"area_km2":0},"id":806403001},{"arcs":[[5,6,7,8]],"type":"Polygon","properties":{"adm1_psgc":800000000,"adm2_psgc":806400000,"adm3_psgc":806403000,"adm4_psgc":806403002,"adm4_en":"Badiangon","geo_level":"Bgy","len_crs":4282,"area_crs":867992,"len_km":4,"area_km2":0},"id":806403002},{"arcs":[[9,10,11,-1,12,13]],"type":"Polygon","properties":{"adm1_psgc":800000000,"adm2_psgc":806400000,"adm3_psgc":806403000,"adm4_psgc":806403003,"adm4_en":"Bangcas A","geo_level":"Bgy","len_crs":3993,"area_crs":857295,"len_km":3,"area_km2":0},"id":806403003},{"arcs":[[-13,-5,14,15,16]],"type":"Polygon","properties":{"adm1_psgc":800000000,"adm2_psgc":806400000,"adm3_psgc":806403000,"adm4_psgc":806403004,"adm4_en":"Bangcas B","geo_level":"Bgy","len_crs":3629,"area_crs":624578,"len_km":3,"area_km2":0},"id":806403004},{"arcs":[[17,18,19,20,21,22]],"type":"Polygon","properties":{"adm1_psgc":800000000,"adm2_psgc":806400000,"adm3_psgc":806403000,"adm4_psgc":806403005,"adm4_en":"Biasong","geo_level":"Bgy","len_crs":5404,"area_crs":1028999,"len_km":5,"area_km2":1},"id":806403005},{"arcs":[[23,24,-18,25]],"type":"Polygon","properties":{"adm1_psgc":800000000,"adm2_psgc":806400000,"adm3_psgc":806403000,"adm4_psgc":806403006,"adm4_en":"Bugho","geo_level":"Bgy","len_crs":9527,"area_crs":3180456,"len_km":9,"area_km2":3},"id":806403006},{"arcs":[[26,27,28,29]],"type":"Polygon","properties":{"adm1_psgc":800000000,"adm2_psgc":806400000,"adm3_psgc":806403000,"adm4_psgc":806403007,"adm4_en":"Calag-itan","geo_level":"Bgy","len_crs":8020,"area_crs":3058845,"len_km":8,"area_km2":3},"id":806403007},{"arcs":[[30,31,32,-2,-12,33]],"type":"Polygon","properties":{"adm1_psgc":800000000,"adm2_psgc":806400000,"adm3_psgc":806403000,"adm4_psgc":806403008,"adm4_en":"Calayugan","geo_level":"Bgy","len_crs":3350,"area_crs":706854,"len_km":3,"area_km2":0},"id":806403008},{"arcs":[[34,35,36,37,38,39]],"type":"Polygon","properties":{"adm1_psgc":800000000,"adm2_psgc":806400000,"adm3_psgc":806403000,"adm4_psgc":806403009,"adm4_en":"Calinao","geo_level":"Bgy","len_crs":18075,"area_crs":11523627,"len_km":18,"area_km2":11},"id":806403009},{"arcs":[[40,41,42,43]],"type":"Polygon","properties":{"adm1_psgc":800000000,"adm2_psgc":806400000,"adm3_psgc":806403000,"adm4_psgc":806403010,"adm4_en":"Canipaan","geo_level":"Bgy","len_crs":3962,"area_crs":860670,"len_km":3,"area_km2":0},"id":806403010},{"arcs":[[44,45,46,47,48,49]],"type":"Polygon","properties":{"adm1_psgc":800000000,"adm2_psgc":806400000,"adm3_psgc":806403000,"adm4_psgc":806403011,"adm4_en":"Catublian","geo_level":"Bgy","len_crs":6546,"area_crs":2440012,"len_km":6,"area_km2":2},"id":806403011},{"arcs":[[50,51,-24,52,53,54,55,56]],"type":"Polygon","properties":{"adm1_psgc":800000000,"adm2_psgc":806400000,"adm3_psgc":806403000,"adm4_psgc":806403012,"adm4_en":"Ilaya","geo_level":"Bgy","len_crs":17475,"area_crs":16364743,"len_km":17,"area_km2":16},"id":806403012},{"arcs":[[-30,-35,57]],"type":"Polygon","properties":{"adm1_psgc":800000000,"adm2_psgc":806400000,"adm3_psgc":806403000,"adm4_psgc":806403013,"adm4_en":"Ingan","geo_level":"Bgy","len_crs":13909,"area_crs":7375527,"len_km":13,"area_km2":7},"id":806403013},{"arcs":[[58,59,-34,-11,60]],"type":"Polygon","properties":{"adm1_psgc":800000000,"adm2_psgc":806400000,"adm3_psgc":806403000,"adm4_psgc":806403014,"adm4_en":"Labrador","geo_level":"Bgy","len_crs":2692,"area_crs":437761,"len_km":2,"area_km2":0},"id":806403014},{"arcs":[[61,62,63,64,65,-37,66]],"type":"Polygon","properties":{"adm1_psgc":800000000,"adm2_psgc":806400000,"adm3_psgc":806403000,"adm4_psgc":806403015,"adm4_en":"Lumbog","geo_level":"Bgy","len_crs":14845,"area_crs":11715195,"len_km":14,"area_km2":11},"id":806403015},{"arcs":[[-7,67,68,69,-45,70,71]],"type":"Polygon","properties":{"adm1_psgc":800000000,"adm2_psgc":806400000,"adm3_psgc":806403000,"adm4_psgc":806403016,"adm4_en":"Manalog","geo_level":"Bgy","len_crs":6578,"area_crs":2663355,"len_km":6,"area_km2":2},"id":806403016},{"arcs":[[-55,72,73,74]],"type":"Polygon","properties":{"adm1_psgc":800000000,"adm2_psgc":806400000,"adm3_psgc":806403000,"adm4_psgc":806403017,"adm4_en":"Manlico","geo_level":"Bgy","len_crs":8785,"area_crs":4178856,"len_km":8,"area_km2":4},"id":806403017},{"arcs":[[75,76,77,-67,-36,-29]],"type":"Polygon","properties":{"adm1_psgc":800000000,"adm2_psgc":806400000,"adm3_psgc":806403000,"adm4_psgc":806403018,"adm4_en":"Matin-ao","geo_level":"Bgy","len_crs":14028,"area_crs":10394276,"len_km":14,"area_km2":10},"id":806403018},{"arcs":[[78,-73,-54]],"type":"Polygon","properties":{"adm1_psgc":800000000,"adm2_psgc":806400000,"adm3_psgc":806403000,"adm4_psgc":806403019,"adm4_en":"Nava","geo_level":"Bgy","len_crs":18388,"area_crs":16365201,"len_km":18,"area_km2":16},"id":806403019},{"arcs":[[-48,79,80,-63,81]],"type":"Polygon","properties":{"adm1_psgc":800000000,"adm2_psgc":806400000,"adm3_psgc":806403000,"adm4_psgc":806403020,"adm4_en":"Nueva Esperanza","geo_level":"Bgy","len_crs":9452,"area_crs":3960080,"len_km":9,"area_km2":3},"id":806403020},{"arcs":[[-25,-52,82,-19]],"type":"Polygon","properties":{"adm1_psgc":800000000,"adm2_psgc":806400000,"adm3_psgc":806403000,"adm4_psgc":806403021,"adm4_en":"Otama","geo_level":"Bgy","len_crs":9188,