{"type":"Topology","arcs":[[[298,395],[-16,-8]],[[282,387],[-18,-5]],[[264,382],[-27,10]],[[237,392],[-21,46]],[[216,438],[82,-43]],[[400,197],[-65,-78]],[[335,119],[-24,21]],[[311,140],[-27,78]],[[284,218],[116,-21]],[[222,278],[23,-66]],[[245,212],[-17,-13]],[[228,199],[-136,118]],[[92,317],[24,22]],[[116,339],[106,-61]],[[228,199],[-5,-40]],[[223,159],[-77,22]],[[146,181],[-146,64]],[[0,245],[92,72]],[[146,181],[-11,-22]],[[135,159],[-69,-55]],[[66,104],[-66,141]],[[276,321],[-5,-57]],[[271,264],[13,-46]],[[284,218],[-39,-6]],[[222,278],[-1,50]],[[221,328],[26,43]],[[247,371],[17,11]],[[282,387],[-6,-66]],[[221,328],[-19,16]],[[202,344],[35,29]],[[237,373],[10,-2]],[[309,424],[-11,-29]],[[216,438],[-46,12]],[[170,450],[-25,17]],[[145,467],[164,-43]],[[237,392],[0,-19]],[[202,344],[-71,11]],[[131,355],[39,95]],[[116,339],[15,16]],[[335,119],[-12,-74]],[[323,45],[-39,-4]],[[284,41],[27,99]],[[335,297],[-64,-33]],[[276,321],[59,-24]],[[358,353],[-23,-56]],[[309,424],[49,-71]],[[404,75],[-81,-30]],[[400,197],[24,5]],[[424,202],[-20,-127]],[[0,245],[145,222]],[[256,0],[-190,104]],[[135,159],[121,-159]],[[424,6],[-125,19]],[[299,25],[125,-19]],[[299,25],[-18,-3]],[[281,22],[3,19]],[[404,75],[20,-69]],[[358,353],[66,-151]],[[223,159],[61,-118]],[[281,22],[-25,-22]]],"transform":{"scale":[0.00039857143632081446,0.0003246411970022083],"translate":[120.93669706500009,16.172671038000033]},"objects":{"bgysubmuns-municity-205002000":{"type":"GeometryCollection","geometries":[{"arcs":[[0,1,2,3,4]],"type":"Polygon","properties":{"adm1_psgc":200000000,"adm2_psgc":205000000,"adm3_psgc":205002000,"adm4_psgc":205002001,"adm4_en":"Banganan","geo_level":"Bgy","len_crs":8549,"area_crs":3480314,"len_km":8,"area_km2":3},"id":205002001},{"arcs":[[5,6,7,8]],"type":"Polygon","properties":{"adm1_psgc":200000000,"adm2_psgc":205000000,"adm3_psgc":205002000,"adm4_psgc":205002002,"adm4_en":"Beti","geo_level":"Bgy","len_crs":15187,"area_crs":10091863,"len_km":15,"area_km2":10},"id":205002002},{"arcs":[[9,10,11,12,13]],"type":"Polygon","properties":{"adm1_psgc":200000000,"adm2_psgc":205000000,"adm3_psgc":205002000,"adm4_psgc":205002003,"adm4_en":"Bone North","geo_level":"Bgy","len_crs":17277,"area_crs":11850789,"len_km":17,"area_km2":11},"id":205002003},{"arcs":[[14,15,16,17,-12]],"type":"Polygon","properties":{"adm1_psgc":200000000,"adm2_psgc":205000000,"adm3_psgc":205002000,"adm4_psgc":205002004,"adm4_en":"Bone South","geo_level":"Bgy","len_crs":24121,"area_crs":26150053,"len_km":24,"area_km2":26},"id":205002004},{"arcs":[[18,19,20,-17]],"type":"Polygon","properties":{"adm1_psgc":200000000,"adm2_psgc":205000000,"adm3_psgc":205002000,"adm4_psgc":205002005,"adm4_en":"Calitlitan","geo_level":"Bgy","len_crs":21464,"area_crs":19715315,"len_km":21,"area_km2":19},"id":205002005},{"arcs":[[21,22,23,-10,24,25,26,-2,27]],"type":"Polygon","properties":{"adm1_psgc":200000000,"adm2_psgc":205000000,"adm3_psgc":205002000,"adm4_psgc":205002006,"adm4_en":"Comon","geo_level":"Bgy","len_crs":16550,"area_crs":11839601,"len_km":16,"area_km2":11},"id":205002006},{"arcs":[[-26,28,29,30]],"type":"Polygon","properties":{"adm1_psgc":200000000,"adm2_psgc":205000000,"adm3_psgc":205002000,"adm4_psgc":205002007,"adm4_en":"Cutar","geo_level":"Bgy","len_crs":5608,"area_crs":1471883,"len_km":5,"area_km2":1},"id":205002007},{"arcs":[[31,-5,32,33,34]],"type":"Polygon","properties":{"adm1_psgc":200000000,"adm2_psgc":205000000,"adm3_psgc":205002000,"adm4_psgc":205002008,"adm4_en":"Darapidap","geo_level":"Bgy","len_crs":20383,"area_crs":18711770,"len_km":20,"area_km2":18},"id":205002008},{"arcs":[[-4,35,-30,36,37,-33]],"type":"Polygon","properties":{"adm1_psgc":200000000,"adm2_psgc":205000000,"adm3_psgc":205002000,"adm4_psgc":205002009,"adm4_en":"Kirang","geo_level":"Bgy","len_crs":14753,"area_crs":13366753,"len_km":14,"area_km2":13},"id":205002009},{"arcs":[[-29,-25,-14,38,-37]],"type":"Polygon","properties":{"adm1_psgc":200000000,"adm2_psgc":205000000,"adm3_psgc":205002000,"adm4_psgc":205002010,"adm4_en":"Nagcuartelan","geo_level":"Bgy","len_crs":12177,"area_crs":4856850,"len_km":12,"area_km2":4},"id":205002010},{"arcs":[[-27,-31,-36,-3]],"type":"Polygon","properties":{"adm1_psgc":200000000,"adm2_psgc":205000000,"adm3_psgc":205002000,"adm4_psgc":205002011,"adm4_en":"Poblacion","geo_level":"Bgy","len_crs":3294,"area_crs":675495,"len_km":3,"area_km2":0},"id":205002011},{"arcs":[[39,40,41,-7]],"type":"Polygon","properties":{"adm1_psgc":200000000,"adm2_psgc":205000000,"adm3_psgc":205002000,"adm4_psgc":205002012,"adm4_en":"Sta. Clara","geo_level":"Bgy","len_crs":10188,"area_crs":5855642,"len_km":10,"area_km2":5},"id":205002012},{"arcs":[[42,-22,43]],"type":"Polygon","properties":{"adm1_psgc":200000000,"adm2_psgc":205000000,"adm3_psgc":205002000,"adm4_psgc":205002013,"adm4_en":"Tabueng","geo_level":"Bgy","len_crs":9100,"area_crs":4164148,"len_km":9,"area_km2":4},"id":205002013},{"arcs":[[44,-44,-28,-1,-32,45]],"type":"Polygon","properties":{"adm1_psgc":200000000,"adm2_psgc":205000000,"adm3_psgc":205002000,"adm4_psgc":205002014,"adm4_en":"Tucanon","geo_level":"Bgy","len_crs":13134,"area_crs":8735158,"len_km":13,"area_km2":8},"id":205002014},{"arcs":[[46,-40,-6,47,48]],"type":"Polygon","properties":{"adm1_psgc":200000000,"adm2_psgc":205000000,"adm3_psgc":205002000,"adm4_psgc":205002016,"adm4_en":"Anayo","geo_level":"Bgy","len_crs":17709,"area_crs":12101445,"len_km":17,"area_km2":12},"id":205002016},{"arcs":[[-38,-39,-13,-18,49,-34]],"type":"Polygon","properties":{"adm1_psgc":200000000,"adm2_psgc":205000000,"adm3_psgc":205002000,"adm4_psgc":205002017,"adm4_en":"Baan","geo_level":"Bgy","len_crs":25698,"area_crs":25836133,"len_km":25,"area_km2":25},"id":205002017},{"arcs":[[50,-20,51]],"type":"Polygon","properties":{"adm1_psgc":200000000,"adm2_psgc":205000000,"adm3_psgc":205002000,"adm4_psgc":205002018,"adm4_en":"Balite","geo_level":"Bgy","len_crs":21377,"area_crs":15049488,"len_km":21,"area_km2":15},"id":205002018},{"arcs":[[52,53]],"type":"Polygon","properties":{"adm1_psgc":200000000,"adm2_psgc":205000000,"adm3_psgc":205002000,"adm4_psgc":205002019,"adm4_en":"Canabuan","geo_level":"Bgy","len_crs":27453,"area_crs":37149207,"len_km":27,"area_km2":37},"id":205002019},{"arcs":[[-54,54,55,-41,-47,56]],"type":"Polygon","properties":{"adm1_psgc":200000000,"adm2_psgc":205000000,"adm3_psgc":205002000,"adm4_psgc":205002020,"adm4_en":"Canarem","geo_level":"Bgy","len_crs":15357,"area_crs":10353286,"len_km":15,"area_km2":10},"id":205002020},{"arcs":[[-48,-9,-23,-43,-45,57]],"type":"Polygon","properties":{"adm1_psgc":200000000,"adm2_psgc":205000000,"adm3_psgc":205002000,"adm4_psgc":205002021,"adm4_en":"Latar-Nocnoc-San Francisco","geo_level":"Bgy","len_crs":20593,"area_crs":20220403,"len_km":20,"area_km2":20},"id":205002021},{"arcs":[[58,-56,59,-52,-19,-16]],"type":"Polygon","properties":{"adm1_psgc":200000000,"adm2_psgc":205000000,"adm3_psgc":205002000,"adm4_psgc":205002022,"adm4_en":"Ocao-Capiniaan","geo_level":"Bgy","len_crs":20819,"area_crs":15406067,"len_km":20,"area_km2":15},"id":205002022},{"arcs":[[-42,-59,-15,-11,-24,-8]],"type":"Polygon","properties":{"adm1_psgc":200000000,"adm2_psgc":205000000,"adm3_psgc":205002000,"adm4_psgc":205002023,"adm4_en":"Yaway","geo_level":"Bgy","len_crs":17686,"area_crs":14995028,"len_km":17,"area_km2":14},"id":205002023}]}}}