{"type":"Topology","arcs":[[[548,267],[7,-7]],[[555,260],[74,-142]],[[629,118],[-81,149]],[[428,641],[-21,-16]],[[407,625],[-17,22]],[[390,647],[38,-6]],[[760,587],[-129,-55]],[[631,532],[-5,49]],[[626,581],[32,64]],[[658,645],[102,-58]],[[670,428],[-32,-48]],[[638,380],[-82,-2]],[[556,378],[-24,60]],[[532,438],[39,50]],[[571,488],[75,0]],[[646,488],[24,-60]],[[631,532],[15,-44]],[[571,488],[-19,30]],[[552,518],[0,54]],[[552,572],[19,29]],[[571,601],[55,-20]],[[421,504],[-85,-12]],[[336,492],[-9,5]],[[327,497],[-30,49]],[[297,546],[114,9]],[[411,555],[10,-51]],[[476,546],[-17,-38]],[[459,508],[-38,-4]],[[411,555],[6,20]],[[417,575],[12,28]],[[429,603],[47,-57]],[[556,378],[-20,-12]],[[536,366],[-62,8]],[[474,374],[-28,15]],[[446,389],[17,43]],[[463,432],[69,6]],[[336,492],[74,-66]],[[410,426],[-31,-14]],[[379,412],[-17,-50]],[[362,362],[-35,135]],[[552,572],[-76,-26]],[[476,546],[11,107]],[[487,653],[74,14]],[[561,667],[10,-66]],[[459,508],[4,-76]],[[463,432],[-53,-6]],[[536,366],[2,-26]],[[538,340],[-60,9]],[[478,349],[-4,25]],[[561,667],[-15,45]],[[546,712],[112,-67]],[[459,508],[93,10]],[[851,0],[13,179]],[[864,179],[43,111]],[[907,290],[1,7]],[[908,297],[163,16]],[[1071,313],[-88,-92],[-132,-221]],[[755,366],[-55,-101]],[[700,265],[-38,57]],[[662,322],[-24,58]],[[670,428],[85,-62]],[[487,653],[-51,27]],[[436,680],[110,32]],[[446,389],[-20,-40]],[[426,349],[-16,-6]],[[410,343],[-31,69]],[[0,1132],[29,-52]],[[29,1080],[-29,52]],[[429,603],[-22,22]],[[428,641],[8,39]],[[538,340],[42,-33]],[[580,307],[-25,-47]],[[548,267],[-69,52]],[[479,319],[-1,30]],[[479,319],[-53,30]],[[883,449],[25,-152]],[[907,290],[-152,76]],[[755,366],[47,84]],[[802,450],[81,-1]],[[998,475],[-115,-26]],[[802,450],[30,100]],[[832,550],[166,-75]],[[700,265],[-71,-147]],[[580,307],[82,15]],[[410,343],[-48,19]],[[998,475],[73,-162]],[[864,179],[-150,39],[-14,47]],[[760,587],[72,-37]],[[851,0],[-222,118]],[[417,575],[-59,51]],[[358,626],[32,21]],[[297,546],[61,80]],[[29,1080],[-29,52]]],"transform":{"scale":[0.00017882830905701378,0.00015452450000001078],"translate":[124.04059207999998,9.987207052000027]},"objects":{"bgysubmuns-municity-701209000":{"type":"GeometryCollection","geometries":[{"arcs":[[0,1,2]],"type":"Polygon","properties":{"adm1_psgc":700000000,"adm2_psgc":701200000,"adm3_psgc":701209000,"adm4_psgc":701209001,"adm4_en":"Anonang","geo_level":"Bgy","len_crs":7470,"area_crs":1668997,"len_km":7,"area_km2":1},"id":701209001},{"arcs":[[3,4,5]],"type":"Polygon","properties":{"adm1_psgc":700000000,"adm2_psgc":701200000,"adm3_psgc":701209000,"adm4_psgc":701209002,"adm4_en":"Asinan","geo_level":"Bgy","len_crs":2531,"area_crs":261241,"len_km":2,"area_km2":0},"id":701209002},{"arcs":[[6,7,8,9]],"type":"Polygon","properties":{"adm1_psgc":700000000,"adm2_psgc":701200000,"adm3_psgc":701209000,"adm4_psgc":701209003,"adm4_en":"Bago","geo_level":"Bgy","len_crs":7061,"area_crs":2857327,"len_km":7,"area_km2":2},"id":701209003},{"arcs":[[10,11,12,13,14,15]],"type":"Polygon","properties":{"adm1_psgc":700000000,"adm2_psgc":701200000,"adm3_psgc":701209000,"adm4_psgc":701209004,"adm4_en":"Baluarte","geo_level":"Bgy","len_crs":7587,"area_crs":4084235,"len_km":7,"area_km2":4},"id":701209004},{"arcs":[[-8,16,-15,17,18,19,20]],"type":"Polygon","properties":{"adm1_psgc":700000000,"adm2_psgc":701200000,"adm3_psgc":701209000,"adm4_psgc":701209005,"adm4_en":"Bantuan","geo_level":"Bgy","len_crs":6434,"area_crs":2663456,"len_km":6,"area_km2":2},"id":701209005},{"arcs":[[21,22,23,24,25]],"type":"Polygon","properties":{"adm1_psgc":700000000,"adm2_psgc":701200000,"adm3_psgc":701209000,"adm4_psgc":701209006,"adm4_en":"Bato","geo_level":"Bgy","len_crs":7375,"area_crs":1604322,"len_km":7,"area_km2":1},"id":701209006},{"arcs":[[26,27,-26,28,29,30]],"type":"Polygon","properties":{"adm1_psgc":700000000,"adm2_psgc":701200000,"adm3_psgc":701209000,"adm4_psgc":701209007,"adm4_en":"Bonotbonot","geo_level":"Bgy","len_crs":4716,"area_crs":1271646,"len_km":4,"area_km2":1},"id":701209007},{"arcs":[[31,32,33,34,35,-13]],"type":"Polygon","properties":{"adm1_psgc":700000000,"adm2_psgc":701200000,"adm3_psgc":701209000,"adm4_psgc":701209008,"adm4_en":"Bugaong","geo_level":"Bgy","len_crs":5556,"area_crs":1948767,"len_km":5,"area_km2":1},"id":701209008},{"arcs":[[-23,36,37,38,39]],"type":"Polygon","properties":{"adm1_psgc":700000000,"adm2_psgc":701200000,"adm3_psgc":701209000,"adm4_psgc":701209011,"adm4_en":"Cambuhat","geo_level":"Bgy","len_crs":12487,"area_crs":3326067,"len_km":12,"area_km2":3},"id":701209011},{"arcs":[[-20,40,41,42,43]],"type":"Polygon","properties":{"adm1_psgc":700000000,"adm2_psgc":701200000,"adm3_psgc":701209000,"adm4_psgc":701209012,"adm4_en":"Cambus-oc","geo_level":"Bgy","len_crs":6755,"area_crs":2963840,"len_km":6,"area_km2":2},"id":701209012},{"arcs":[[44,45,-37,-22,-28]],"type":"Polygon","properties":{"adm1_psgc":700000000,"adm2_psgc":701200000,"adm3_psgc":701209000,"adm4_psgc":701209013,"adm4_en":"Cangawa","geo_level":"Bgy","len_crs":7784,"area_crs":2327924,"len_km":7,"area_km2":2},"id":701209013},{"arcs":[[46,47,48,-33]],"type":"Polygon","properties":{"adm1_psgc":700000000,"adm2_psgc":701200000,"adm3_psgc":701209000,"adm4_psgc":701209014,"adm4_en":"Cantomugcad","geo_level":"Bgy","len_crs":3377,"area_crs":608599,"len_km":3,"area_km2":0},"id":701209014},{"arcs":[[-9,-21,-44,49,50]],"type":"Polygon","properties":{"adm1_psgc":700000000,"adm2_psgc":701200000,"adm3_psgc":701209000,"adm4_psgc":701209015,"adm4_en":"Cantores","geo_level":"Bgy","len_crs":6837,"area_crs":2395281,"len_km":6,"area_km2":2},"id":701209015},{"arcs":[[-18,-14,-36,-45,51]],"type":"Polygon","properties":{"adm1_psgc":700000000,"adm2_psgc":701200000,"adm3_psgc":701209000,"adm4_psgc":701209016,"adm4_en":"Cantuba","geo_level":"Bgy","len_crs":7569,"area_crs":2176113,"len_km":7,"area_km2":2},"id":701209016},{"arcs":[[52,53,54,55,56]],"type":"Polygon","properties":{"adm1_psgc":700000000,"adm2_psgc":701200000,"adm3_psgc":701209000,"adm4_psgc":701209017,"adm4_en":"Catigbian","geo_level":"Bgy","len_crs":18147,"area_crs":11571852,"len_km":18,"area_km2":11},"id":701209017},{"arcs":[[57,58,59,-11,60]],"type":"Polygon","properties":{"adm1_psgc":700000000,"adm2_psgc":701200000,"adm3_psgc":701209000,"adm4_psgc":701209018,"adm4_en":"Cawag","geo_level":"Bgy","len_crs":7450,"area_crs":3363514,"len_km":7,"area_km2":3},"id":701209018},{"arcs":[[-50,-43,61,62]],"type":"Polygon","properties":{"adm1_psgc":700000000,"adm2_psgc":701200000,"adm3_psgc":701209000,"adm4_psgc":701209019,"adm4_en":"Cruz","geo_level":"Bgy","len_crs":8708,"area_crs":2762769,"len_km":8,"area_km2":2},"id":701209019},{"arcs":[[63,64,65,-38,-46,-35]],"type":"Polygon","properties":{"adm1_psgc":700000000,"adm2_psgc":701200000,"adm3_psgc":701209000,"adm4_psgc":701209020,"adm4_en":"Dait","geo_level":"Bgy","len_crs":5089,"area_crs":1198855,"len_km":5,"area_km2":1},"id":701209020},{"arcs":[[66,67]],"type":"Polygon","properties":{"adm1_psgc":700000000,"adm2_psgc":701200000,"adm3_psgc":701209000,"adm4_psgc":701209021,"adm4_en":"Eastern Cabul-an","geo_level":"Bgy","len_crs":2640,"area_crs":213912,"len_km":2,"area_km2":0},"id":701209021},{"arcs":[[-42,-31,68,-4,69,-62]],"type":"Polygon","properties":{"adm1_psgc":700000000,"adm2_psgc":701200000,"adm3_psgc":701209000,"adm4_psgc":701209022,"adm4_en":"Hunan","geo_level":"Bgy","len_crs":6482,"area_crs":1526020,"len_km":6,"area_km2":1},"id":701209022},{"arcs":[[70,71,-1,72,73,-48]],"type":"Polygon","properties":{"adm1_psgc":700000000,"adm2_psgc":701200000,"adm3_psgc":701209000,"adm4_psgc":701209025,"adm4_en":"Lapacan Norte","geo_level":"Bgy","len_crs":6108,"area_crs":960437,"len_km":6,"area_km2":0},"id":701209025},{"arcs":[[-49,-74,74,-64,-34]],"type":"Polygon","properties":{"adm1_psgc":700000000,"adm2_psgc":701200000,"adm3_psgc":701209000,"adm4_psgc":701209026,"adm4_en":"Lapacan Sur","geo_level":"Bgy","len_crs":3526,"area_crs":773063,"len_km":3,"area_km2":0},"id":701209026},{"arcs":[[75,-55,76,77,78]],"type":"Polygon",