{"type":"Topology","arcs":[[[181,1732],[-5,-15]],[[176,1717],[-19,6]],[[157,1723],[9,17]],[[166,1740],[15,-8]],[[176,1717],[0,-14]],[[176,1703],[-33,-18]],[[143,1685],[14,38]],[[202,1726],[-2,-14]],[[200,1712],[-9,-13]],[[191,1699],[-15,4]],[[181,1732],[21,-6]],[[200,1712],[10,-13]],[[210,1699],[-15,-1]],[[195,1698],[-4,1]],[[212,1725],[10,-17]],[[222,1708],[3,-3]],[[225,1705],[-15,-6]],[[202,1726],[10,-1]],[[212,1725],[10,1]],[[222,1726],[0,-18]],[[222,1726],[3,-21]],[[195,1698],[41,-65]],[[236,1633],[-4,-29]],[[232,1604],[-32,-78]],[[200,1526],[-84,11],[-5,147]],[[111,1684],[32,1]],[[320,1472],[0,74]],[[320,1546],[121,2]],[[441,1548],[24,-94],[-145,18]],[[717,604],[46,-114],[-25,-67]],[[738,423],[-118,-52]],[[620,371],[-92,69]],[[528,440],[-38,28],[11,93]],[[501,561],[216,43]],[[77,1805],[14,-118]],[[91,1687],[-91,14],[10,60],[67,44]],[[319,1603],[1,-57]],[[320,1472],[-120,54]],[[232,1604],[87,-1]],[[738,423],[36,-107],[-114,-53]],[[660,263],[-40,108]],[[461,1079],[91,-114]],[[552,965],[-139,-97]],[[413,868],[-39,70]],[[374,938],[39,111],[48,30]],[[660,263],[-95,-102]],[[565,161],[-101,128],[-165,28],[-21,31]],[[278,348],[117,44],[4,54],[129,-6]],[[565,161],[-31,-66],[14,-95],[-351,262],[26,85],[55,1]],[[319,1603],[21,73]],[[340,1676],[94,-41],[7,-87]],[[491,1839],[116,-50],[-57,-85],[-59,135]],[[236,1633],[104,43]],[[653,938],[-53,-29],[-53,-106]],[[547,803],[-134,65]],[[552,965],[101,-27]],[[374,938],[-40,-58],[-85,39],[-21,66],[52,195],[134,-11],[47,-90]],[[702,781],[-124,-47]],[[578,734],[-31,69]],[[653,938],[75,-101],[-26,-56]],[[111,1684],[-20,3]],[[77,1805],[89,-65]],[[702,781],[15,-177]],[[501,561],[-57,52],[100,46],[34,75]]],"transform":{"scale":[0.00014926662779735954,0.00015877619184782757],"translate":[122.97885861200007,13.837581502000035]},"objects":{"bgysubmuns-municity-501607000":{"type":"GeometryCollection","geometries":[{"type":null,"properties":{"adm1_psgc":500000000,"adm2_psgc":501600000,"adm3_psgc":501607000,"adm4_psgc":501607001,"adm4_en":"Apuao","geo_level":"Bgy","len_crs":16487,"area_crs":2378610,"len_km":16,"area_km2":2},"id":501607001},{"arcs":[[0,1,2,3]],"type":"Polygon","properties":{"adm1_psgc":500000000,"adm2_psgc":501600000,"adm3_psgc":501607000,"adm4_psgc":501607002,"adm4_en":"Barangay I","geo_level":"Bgy","len_crs":1202,"area_crs":90621,"len_km":1,"area_km2":0},"id":501607002},{"arcs":[[4,5,6,-2]],"type":"Polygon","properties":{"adm1_psgc":500000000,"adm2_psgc":501600000,"adm3_psgc":501607000,"adm4_psgc":501607003,"adm4_en":"Barangay II","geo_level":"Bgy","len_crs":2237,"area_crs":200751,"len_km":2,"area_km2":0},"id":501607003},{"arcs":[[7,8,9,-5,-1,10]],"type":"Polygon","properties":{"adm1_psgc":500000000,"adm2_psgc":501600000,"adm3_psgc":501607000,"adm4_psgc":501607004,"adm4_en":"Barangay III","geo_level":"Bgy","len_crs":1828,"area_crs":159853,"len_km":1,"area_km2":0},"id":501607004},{"arcs":[[11,12,13,-9]],"type":"Polygon","properties":{"adm1_psgc":500000000,"adm2_psgc":501600000,"adm3_psgc":501607000,"adm4_psgc":501607005,"adm4_en":"Barangay IV","geo_level":"Bgy","len_crs":1085,"area_crs":65166,"len_km":1,"area_km2":0},"id":501607005},{"arcs":[[14,15,16,-12,-8,17]],"type":"Polygon","properties":{"adm1_psgc":500000000,"adm2_psgc":501600000,"adm3_psgc":501607000,"adm4_psgc":501607006,"adm4_en":"Barangay V","geo_level":"Bgy","len_crs":1613,"area_crs":87284,"len_km":1,"area_km2":0},"id":501607006},{"arcs":[[-15,18,19]],"type":"Polygon","properties":{"adm1_psgc":500000000,"adm2_psgc":501600000,"adm3_psgc":501607000,"adm4_psgc":501607007,"adm4_en":"Barangay VI","geo_level":"Bgy","len_crs":948,"area_crs":37377,"len_km":0,"area_km2":0},"id":501607007},{"arcs":[[-16,-20,20]],"type":"Polygon","properties":{"adm1_psgc":500000000,"adm2_psgc":501600000,"adm3_psgc":501607000,"adm4_psgc":501607008,"adm4_en":"Barangay VII","geo_level":"Bgy","len_crs":1122,"area_crs":61859,"len_km":1,"area_km2":0},"id":501607008},{"type":null,"properties":{"adm1_psgc":500000000,"adm2_psgc":501600000,"adm3_psgc":501607000,"adm4_psgc":501607009,"adm4_en":"Caringo","geo_level":"Bgy","len_crs":6418,"area_crs":2296614,"len_km":6,"area_km2":2},"id":501607009},{"arcs":[[-10,-14,21,22,23,24,25,-6]],"type":"Polygon","properties":{"adm1_psgc":500000000,"adm2_psgc":501600000,"adm3_psgc":501607000,"adm4_psgc":501607010,"adm4_en":"Catandunganon","geo_level":"Bgy","len_crs":13243,"area_crs":4794663,"len_km":13,"area_km2":4},"id":501607010},{"arcs":[[26,27,28]],"type":"Polygon","properties":{"adm1_psgc":500000000,"adm2_psgc":501600000,"adm3_psgc":501607000,"adm4_psgc":501607011,"adm4_en":"Cayucyucan","geo_level":"Bgy","len_crs":8015,"area_crs":3047025,"len_km":8,"area_km2":3},"id":501607011},{"arcs":[[29,30,31,32,33]],"type":"Polygon","properties":{"adm1_psgc":500000000,"adm2_psgc":501600000,"adm3_psgc":501607000,"adm4_psgc":501607012,"adm4_en":"Colasi","geo_level":"Bgy","len_crs":15618,"area_crs":12022772,"len_km":15,"area_km2":12},"id":501607012},{"arcs":[[34,35]],"type":"Polygon","properties":{"adm1_psgc":500000000,"adm2_psgc":501600000,"adm3_psgc":501607000,"adm4_psgc":501607013,"adm4_en":"Del Rosario","geo_level":"Bgy","len_crs":7728,"area_crs":2235331,"len_km":7,"area_km2":2},"id":501607013},{"arcs":[[36,-27,37,-24,38]],"type":"Polygon","properties":{"adm1_psgc":500000000,"adm2_psgc":501600000,"adm3_psgc":501607000,"adm4_psgc":501607014,"adm4_en":"Gaboc","geo_level":"Bgy","len_crs":9051,"area_crs":4004384,"len_km":9,"area_km2":4},"id":501607014},{"arcs":[[39,40,-31]],"type":"Polygon","properties":{"adm1_psgc":500000000,"adm2_psgc":501600000,"adm3_psgc":501607000,"adm4_psgc":501607015,"adm4_en":"Hamoraon","geo_level":"Bgy","len_crs":15767,"area_crs":5029649,"len_km":15,"area_km2":5},"id":501607015},{"arcs":[[41,42,43,44]],"type":"Polygon","properties":{"adm1_psgc":500000000,"adm2_psgc":501600000,"adm3_psgc":501607000,"adm4_psgc":501607016,"adm4_en":"Hinipaan","geo_level":"Bgy","len_crs":12213,"area_crs":5822517,"len_km":12,"area_km2":5},"id":501607016},{"arcs":[[-32,-41,45,46,47]],"type":"Polygon","properties":{"adm1_psgc":500000000,"adm2_psgc":501600000,"adm3_psgc":501607000,"adm4_psgc":501607017,"adm4_en":"Lalawigan","geo_level":"Bgy","len_crs":22612,"area_crs":14496931,"len_km":22,"area_km2":14},"id":501607017},{"arcs":[[-47,48]],"type":"Polygon","properties":{"adm1_psgc":500000000,"adm2_psgc":501600000,"adm3_psgc":501607000,"adm4_psgc":501607018,"adm4_en":"Lanot","geo_level":"Bgy","len_crs":20623,"area_crs":16173220,"len_km":20,"area_km2":16},"id":501607018},{"arcs":[[[-28,-37,49,50]],[[51]]],"type":"MultiPolygon","properties":{"adm1_psgc":500000000,"adm2_psgc":501600000,"adm3_psgc":501607000,"adm4_psgc":501607019,"adm4_en":"Mambungalon","geo_level":"Bgy","len_crs":20381,"area_crs":6646943,"len_km":20,"area_km2":6},"id":501607019},{"arcs":[[-50,-39,-23,52]],"type":"Polygon","properties":{"adm1_psgc":500000000,"adm2_psgc":501600000,"adm3_psgc":501607000,"adm4_psgc":501607020,"adm4_en":"Manguisoc","geo_level":"Bgy","len_crs":9234,"area_crs":3184826,"len_km":9,"area_km2":3},"id":501607020},{"arcs":[[53,54,-43,55]],"type":"Polygon","properties":{"adm1_psgc":500000000,"adm2_psgc":501600000,"adm3_psgc":501607000,"adm4_psgc":501607021,"adm4_en":"Masalongsalong","geo_level":"Bgy","len_crs":12184,"area_crs":5006723,"len_km":12,"area_km2":5},"id":501607021},{"arcs":[[-45,56]],"type":"Polygon","properties":{"adm1_psgc":500000000,"adm2_psgc":501600000,"adm3_psgc":501607000,"adm4_psgc":501607022,"adm4_en":"Matoogtoog","geo_level":"Bgy","len_crs":20579,"area_crs":11829949,"len_km":20,"area_km2":11},"id":501607022},{"arcs":[[57,58,-54,59]],"type":"Polygon","properties":{"adm1_psgc":500000000,"adm2_psgc":501600000,"adm3_psgc":501607000,"adm4_psgc":501607023,"adm4_en":"Pambuhan","geo_level":"Bgy","len_crs":11638,"area_crs":6593554,"len_km":11,"area_km2":6},"id":501607023},{"type":null,"properties":{"adm1_psgc":500000000,"adm2_psgc":501600000,"adm3_psgc":501607000,"adm4_psgc":501607024,"adm4_en":"Quinapaguian","geo_level":"Bgy","len_crs":5401,"area_crs":957728,