{"type":"Topology","arcs":[[[194,436],[9,0]],[[203,436],[29,-41]],[[232,395],[-74,-38]],[[158,357],[-25,40]],[[133,397],[12,42]],[[145,439],[49,-3]],[[133,397],[-77,-24]],[[56,373],[0,55]],[[56,428],[59,39]],[[115,467],[30,-28]],[[137,242],[-3,-37]],[[134,205],[-23,-79]],[[111,126],[-94,105]],[[17,231],[120,11]],[[158,357],[-8,-44]],[[150,313],[-34,-2]],[[116,311],[-66,-7]],[[50,304],[6,69]],[[115,467],[-1,40]],[[114,507],[80,-71]],[[56,428],[-29,-2]],[[27,426],[87,81]],[[415,138],[-26,-80]],[[389,58],[-154,31]],[[235,89],[-42,23]],[[193,112],[44,80]],[[237,192],[29,-3]],[[266,189],[149,-51]],[[271,357],[-86,-34]],[[185,323],[-35,-10]],[[232,395],[39,-38]],[[203,296],[-16,-57]],[[187,239],[-42,12]],[[145,251],[-29,60]],[[185,323],[18,-27]],[[187,239],[-4,-46]],[[183,193],[-49,12]],[[137,242],[8,9]],[[447,355],[-127,-20]],[[320,335],[-5,90]],[[315,425],[120,66],[94,145]],[[529,636],[-82,-281]],[[447,355],[-32,-106]],[[415,249],[-93,45]],[[322,294],[-11,42]],[[311,336],[9,-1]],[[415,249],[0,-111]],[[266,189],[-1,73]],[[265,262],[57,32]],[[237,192],[-54,1]],[[203,296],[62,-34]],[[235,89],[15,-82]],[[250,7],[-112,79]],[[138,86],[55,26]],[[303,460],[12,-35]],[[311,336],[-40,21]],[[203,436],[100,24]],[[138,86],[-27,40]],[[50,304],[-50,-34]],[[0,270],[27,156]],[[303,460],[226,176]],[[389,58],[-22,-58],[-117,7]],[[17,231],[-17,39]]],"transform":{"scale":[0.00024736248393191607,0.000158928224842703],"translate":[120.73075224800006,18.053970347000075]},"objects":{"bgysubmuns-municity-102822000":{"type":"GeometryCollection","geometries":[{"arcs":[[0,1,2,3,4,5]],"type":"Polygon","properties":{"adm1_psgc":100000000,"adm2_psgc":102800000,"adm3_psgc":102822000,"adm4_psgc":102822001,"adm4_en":"Aguitap","geo_level":"Bgy","len_crs":7753,"area_crs":2653722,"len_km":7,"area_km2":2},"id":102822001},{"arcs":[[-5,6,7,8,9]],"type":"Polygon","properties":{"adm1_psgc":100000000,"adm2_psgc":102800000,"adm3_psgc":102822000,"adm4_psgc":102822002,"adm4_en":"Bagbag","geo_level":"Bgy","len_crs":7322,"area_crs":2796587,"len_km":7,"area_km2":2},"id":102822002},{"arcs":[[10,11,12,13]],"type":"Polygon","properties":{"adm1_psgc":100000000,"adm2_psgc":102800000,"adm3_psgc":102822000,"adm4_psgc":102822003,"adm4_en":"Bagbago","geo_level":"Bgy","len_crs":10250,"area_crs":4356634,"len_km":10,"area_km2":4},"id":102822003},{"arcs":[[-4,14,15,16,17,-7]],"type":"Polygon","properties":{"adm1_psgc":100000000,"adm2_psgc":102800000,"adm3_psgc":102822000,"adm4_psgc":102822004,"adm4_en":"Barcelona","geo_level":"Bgy","len_crs":8873,"area_crs":3338003,"len_km":8,"area_km2":3},"id":102822004},{"arcs":[[-6,-10,18,19]],"type":"Polygon","properties":{"adm1_psgc":100000000,"adm2_psgc":102800000,"adm3_psgc":102822000,"adm4_psgc":102822005,"adm4_en":"Bubuos","geo_level":"Bgy","len_crs":5968,"area_crs":1778459,"len_km":5,"area_km2":1},"id":102822005},{"arcs":[[-19,-9,20,21]],"type":"Polygon","properties":{"adm1_psgc":100000000,"adm2_psgc":102800000,"adm3_psgc":102822000,"adm4_psgc":102822006,"adm4_en":"Capurictan","geo_level":"Bgy","len_crs":7854,"area_crs":3186467,"len_km":7,"area_km2":3},"id":102822006},{"arcs":[[22,23,24,25,26,27]],"type":"Polygon","properties":{"adm1_psgc":100000000,"adm2_psgc":102800000,"adm3_psgc":102822000,"adm4_psgc":102822007,"adm4_en":"Catangraran","geo_level":"Bgy","len_crs":15239,"area_crs":8545256,"len_km":15,"area_km2":8},"id":102822007},{"arcs":[[28,29,-15,-3,30]],"type":"Polygon","properties":{"adm1_psgc":100000000,"adm2_psgc":102800000,"adm3_psgc":102822000,"adm4_psgc":102822008,"adm4_en":"Darasdas","geo_level":"Bgy","len_crs":8040,"area_crs":2242608,"len_km":8,"area_km2":2},"id":102822008},{"arcs":[[31,32,33,-16,-30,34]],"type":"Polygon","properties":{"adm1_psgc":100000000,"adm2_psgc":102800000,"adm3_psgc":102822000,"adm4_psgc":102822009,"adm4_en":"Juan","geo_level":"Bgy","len_crs":7269,"area_crs":2595292,"len_km":7,"area_km2":2},"id":102822009},{"arcs":[[35,36,-11,37,-33]],"type":"Polygon","properties":{"adm1_psgc":100000000,"adm2_psgc":102800000,"adm3_psgc":102822000,"adm4_psgc":102822010,"adm4_en":"Laureta","geo_level":"Bgy","len_crs":4410,"area_crs":1046610,"len_km":4,"area_km2":1},"id":102822010},{"arcs":[[38,39,40,41]],"type":"Polygon","properties":{"adm1_psgc":100000000,"adm2_psgc":102800000,"adm3_psgc":102822000,"adm4_psgc":102822011,"adm4_en":"Lipay","geo_level":"Bgy","len_crs":18562,"area_crs":10239948,"len_km":18,"area_km2":10},"id":102822011},{"arcs":[[42,43,44,45,-39]],"type":"Polygon","properties":{"adm1_psgc":100000000,"adm2_psgc":102800000,"adm3_psgc":102822000,"adm4_psgc":102822012,"adm4_en":"Maananteng","geo_level":"Bgy","len_crs":12888,"area_crs":6104029,"len_km":12,"area_km2":6},"id":102822012},{"arcs":[[-44,46,-28,47,48]],"type":"Polygon","properties":{"adm1_psgc":100000000,"adm2_psgc":102800000,"adm3_psgc":102822000,"adm4_psgc":102822013,"adm4_en":"Manalpac","geo_level":"Bgy","len_crs":15675,"area_crs":4622880,"len_km":15,"area_km2":4},"id":102822013},{"arcs":[[-48,-27,49,-36,-32,50]],"type":"Polygon","properties":{"adm1_psgc":100000000,"adm2_psgc":102800000,"adm3_psgc":102822000,"adm4_psgc":102822014,"adm4_en":"Mariquet","geo_level":"Bgy","len_crs":7708,"area_crs":3459130,"len_km":7,"area_km2":3},"id":102822014},{"arcs":[[-25,51,52,53]],"type":"Polygon","properties":{"adm1_psgc":100000000,"adm2_psgc":102800000,"adm3_psgc":102822000,"adm4_psgc":102822015,"adm4_en":"Nagpatpatan","geo_level":"Bgy","len_crs":8291,"area_crs":2975482,"len_km":8,"area_km2":2},"id":102822015},{"arcs":[[54,-40,-46,55,-31,-2,56]],"type":"Polygon","properties":{"adm1_psgc":100000000,"adm2_psgc":102800000,"adm3_psgc":102822000,"adm4_psgc":102822016,"adm4_en":"Nalasin","geo_level":"Bgy","len_crs":10001,"area_crs":3990052,"len_km":10,"area_km2":3},"id":102822016},{"arcs":[[-50,-26,-54,57,-12,-37]],"type":"Polygon","properties":{"adm1_psgc":100000000,"adm2_psgc":102800000,"adm3_psgc":102822000,"adm4_psgc":102822017,"adm4_en":"Puttao","geo_level":"Bgy","len_crs":8902,"area_crs":4595257,"len_km":8,"area_km2":4},"id":102822017},{"arcs":[[-8,-18,58,59,-21]],"type":"Polygon","properties":{"adm1_psgc":100000000,"adm2_psgc":102800000,"adm3_psgc":102822000,"adm4_psgc":102822018,"adm4_en":"San Juan","geo_level":"Bgy","len_crs":8820,"area_crs":3484144,"len_km":8,"area_km2":3},"id":102822018},{"arcs":[[-55,60,-41]],"type":"Polygon","properties":{"adm1_psgc":100000000,"adm2_psgc":102800000,"adm3_psgc":102822000,"adm4_psgc":102822019,"adm4_en":"San Julian","geo_level":"Bgy","len_crs":15375,"area_crs":6920204,"len_km":15,"area_km2":6},"id":102822019},{"arcs":[[61,-52,-24]],"type":"Polygon","properties":{"adm1_psgc":100000000,"adm2_psgc":102800000,"adm3_psgc":102822000,"adm4_psgc":102822020,"adm4_en":"Santa Ana","geo_level":"Bgy","len_crs":10818,"area_crs":5692493,"len_km":10,"area_km2":5},"id":102822020},{"arcs":[[-34,-38,-14,62,-59,-17]],"type":"Polygon","properties":{"adm1_psgc":100000000,"adm2_psgc":102800000,"adm3_psgc":102822000,"adm4_psgc":102822021,"adm4_en":"Santiago","geo_level":"Bgy","len_crs":10879,"area_crs":3033963,"len_km":10,"area_km2":3},"id":102822021},{"arcs":[[-45,-49,-51,-35,-29,-56]],"type":"Polygon","properties":{"adm1_psgc":100000000,"adm2_psgc":102800000,"adm3_psgc":102822000,"adm4_psgc":102822022,"adm4_en":"Talugtog","geo_level":"Bgy","len_crs":9105,"area_crs":2730562,"len_km":9,"area_km2":2},"id":102822022}]}}}