{"type":"Topology","arcs":[[[536,0],[0,1]],[[536,1],[0,-1]],[[646,202],[-11,-75],[64,-52]],[[699,75],[-96,-60],[-67,0]],[[536,15],[-13,97],[-90,-11]],[[433,101],[33,40]],[[466,141],[-43,94],[-5,131]],[[418,366],[133,-147],[95,-17]],[[733,406],[21,-80]],[[754,326],[-92,0]],[[662,326],[-72,24],[-172,16]],[[418,366],[-56,0]],[[362,366],[-48,188]],[[314,554],[289,-128],[77,-43],[53,23]],[[807,310],[-53,16]],[[733,406],[81,18],[-7,-114]],[[662,326],[-3,-55]],[[659,271],[18,-61],[76,-38]],[[753,172],[-11,-27]],[[742,145],[-96,57]],[[807,310],[-27,-112]],[[780,198],[-121,73]],[[536,15],[0,-14]],[[536,0],[-11,43]],[[525,43],[-93,38]],[[432,81],[-53,-3]],[[379,78],[0,3]],[[379,81],[23,18]],[[402,99],[31,2]],[[347,82],[13,-2]],[[360,80],[11,0]],[[371,80],[8,1]],[[379,78],[-37,-33]],[[342,45],[-1,13]],[[341,58],[-6,20]],[[335,78],[-3,10]],[[332,88],[15,-6]],[[347,82],[13,-2]],[[341,58],[-19,2]],[[322,60],[13,18]],[[525,43],[-72,-6],[-21,44]],[[287,293],[-5,-36],[50,-169]],[[322,60],[-72,5]],[[250,65],[-27,39]],[[223,104],[43,76],[-22,74],[43,39]],[[362,366],[-62,25],[-13,-98]],[[223,104],[-77,24],[-146,85],[262,293],[52,48]],[[362,366],[-12,-197],[21,-89]],[[342,45],[-68,-35],[-24,55]],[[466,141],[-64,-42]],[[742,145],[-43,-70]],[[780,198],[-27,-26]]],"transform":{"scale":[0.00026881322235872525,0.0002166653339350142],"translate":[120.39182957300011,14.419108787000026]},"objects":{"bgysubmuns-municity-300807000":{"type":"GeometryCollection","geometries":[{"arcs":[[2,3,4,5,6,7]],"type":"Polygon","properties":{"adm1_psgc":300000000,"adm2_psgc":300800000,"adm3_psgc":300807000,"adm4_psgc":300807001,"adm4_en":"Alas-asin","geo_level":"Bgy","len_crs":39263,"area_crs":27583860,"len_km":39,"area_km2":27},"id":300807001},{"arcs":[[8,9,10,11,12,13]],"type":"Polygon","properties":{"adm1_psgc":300000000,"adm2_psgc":300800000,"adm3_psgc":300807000,"adm4_psgc":300807002,"adm4_en":"Alion","geo_level":"Bgy","len_crs":35574,"area_crs":29150088,"len_km":35,"area_km2":29},"id":300807002},{"arcs":[[14,-9,15]],"type":"Polygon","properties":{"adm1_psgc":300000000,"adm2_psgc":300800000,"adm3_psgc":300807000,"adm4_psgc":300807003,"adm4_en":"Batangas II","geo_level":"Bgy","len_crs":12789,"area_crs":5629982,"len_km":12,"area_km2":5},"id":300807003},{"arcs":[[16,17,18,19,-8,-11]],"type":"Polygon","properties":{"adm1_psgc":300000000,"adm2_psgc":300800000,"adm3_psgc":300807000,"adm4_psgc":300807004,"adm4_en":"Cabcaben","geo_level":"Bgy","len_crs":27644,"area_crs":17951512,"len_km":27,"area_km2":17},"id":300807004},{"arcs":[[-15,20,21,-17,-10]],"type":"Polygon","properties":{"adm1_psgc":300000000,"adm2_psgc":300800000,"adm3_psgc":300807000,"adm4_psgc":300807005,"adm4_en":"Lucanin","geo_level":"Bgy","len_crs":19633,"area_crs":7445856,"len_km":19,"area_km2":7},"id":300807005},{"arcs":[[22,-1,23,24,25,26,27,28,-5]],"type":"Polygon","properties":{"adm1_psgc":300000000,"adm2_psgc":300800000,"adm3_psgc":300807000,"adm4_psgc":300807006,"adm4_en":"Baseco Country","geo_level":"Bgy","len_crs":17867,"area_crs":3495480,"len_km":17,"area_km2":3},"id":300807006},{"arcs":[[29,30,31,-27,32,33,34,35,36]],"type":"Polygon","properties":{"adm1_psgc":300000000,"adm2_psgc":300800000,"adm3_psgc":300807000,"adm4_psgc":300807008,"adm4_en":"Poblacion","geo_level":"Bgy","len_crs":5973,"area_crs":353583,"len_km":5,"area_km2":0},"id":300807008},{"arcs":[[-30,37]],"type":"Polygon","properties":{"adm1_psgc":300000000,"adm2_psgc":300800000,"adm3_psgc":300807000,"adm4_psgc":300807009,"adm4_en":"San Carlos","geo_level":"Bgy","len_crs":1263,"area_crs":64850,"len_km":1,"area_km2":0},"id":300807009},{"arcs":[[38,39,-35]],"type":"Polygon","properties":{"adm1_psgc":300000000,"adm2_psgc":300800000,"adm3_psgc":300807000,"adm4_psgc":300807010,"adm4_en":"San Isidro","geo_level":"Bgy","len_crs":2574,"area_crs":186688,"len_km":2,"area_km2":0},"id":300807010},{"arcs":[[40,-25]],"type":"Polygon","properties":{"adm1_psgc":300000000,"adm2_psgc":300800000,"adm3_psgc":300807000,"adm4_psgc":300807011,"adm4_en":"Sisiman","geo_level":"Bgy","len_crs":9126,"area_crs":2147145,"len_km":9,"area_km2":2},"id":300807011},{"arcs":[[41,-36,-40,42,43,44]],"type":"Polygon","properties":{"adm1_psgc":300000000,"adm2_psgc":300800000,"adm3_psgc":300807000,"adm4_psgc":300807013,"adm4_en":"Balon-Anito","geo_level":"Bgy","len_crs":20224,"area_crs":8376219,"len_km":20,"area_km2":8},"id":300807013},{"arcs":[[45,-45,46,-13]],"type":"Polygon","properties":{"adm1_psgc":300000000,"adm2_psgc":300800000,"adm3_psgc":300807000,"adm4_psgc":300807014,"adm4_en":"Biaan","geo_level":"Bgy","len_crs":43379,"area_crs":49577407,"len_km":43,"area_km2":49},"id":300807014},{"arcs":[[47,-31,-38,-37,-42,-46]],"type":"Polygon","properties":{"adm1_psgc":300000000,"adm2_psgc":300800000,"adm3_psgc":300807000,"adm4_psgc":300807015,"adm4_en":"Camaya","geo_level":"Bgy","len_crs":20203,"area_crs":12705737,"len_km":20,"area_km2":12},"id":300807015},{"arcs":[[-39,-34,48,-43]],"type":"Polygon","properties":{"adm1_psgc":300000000,"adm2_psgc":300800000,"adm3_psgc":300807000,"adm4_psgc":300807016,"adm4_en":"Ipag","geo_level":"Bgy","len_crs":25558,"area_crs":5214736,"len_km":25,"area_km2":5},"id":300807016},{"arcs":[[49,-28,-32,-48,-12,-7]],"type":"Polygon","properties":{"adm1_psgc":300000000,"adm2_psgc":300800000,"adm3_psgc":300807000,"adm4_psgc":300807017,"adm4_en":"Malaya","geo_level":"Bgy","len_crs":23750,"area_crs":12859622,"len_km":23,"area_km2":12},"id":300807017},{"arcs":[[-6,-29,-50]],"type":"Polygon","properties":{"adm1_psgc":300000000,"adm2_psgc":300800000,"adm3_psgc":300807000,"adm4_psgc":300807018,"adm4_en":"Maligaya","geo_level":"Bgy","len_crs":7408,"area_crs":3144280,"len_km":7,"area_km2":3},"id":300807018},{"arcs":[[50,-3,-20]],"type":"Polygon","properties":{"adm1_psgc":300000000,"adm2_psgc":300800000,"adm3_psgc":300807000,"adm4_psgc":300807019,"adm4_en":"Mt. View","geo_level":"Bgy","len_crs":10407,"area_crs":5166252,"len_km":10,"area_km2":5},"id":300807019},{"arcs":[[51,-18,-22]],"type":"Polygon","properties":{"adm1_psgc":300000000,"adm2_psgc":300800000,"adm3_psgc":300807000,"adm4_psgc":300807020,"adm4_en":"Townsite","geo_level":"Bgy","len_crs":10594,"area_crs":3457181,"len_km":10,"area_km2":3},"id":300807020}]}}}