{"type":"Topology","arcs":[[[820,204],[-6,-120]],[[814,84],[-103,39]],[[711,123],[25,63]],[[736,186],[84,18]],[[580,496],[-34,-108]],[[546,388],[-66,6]],[[480,394],[10,81]],[[490,475],[90,21]],[[319,313],[-34,-106]],[[285,207],[-85,31]],[[200,238],[49,84]],[[249,322],[49,25]],[[298,347],[21,-34]],[[720,214],[-131,-35]],[[589,179],[22,89]],[[611,268],[108,90]],[[719,358],[1,-144]],[[677,848],[-110,-94],[-174,-57],[-35,-31]],[[358,666],[-102,42]],[[256,708],[35,41],[114,39],[51,52],[126,13],[45,58],[50,-63]],[[160,427],[89,-105]],[[200,238],[-91,79],[-8,69],[59,41]],[[358,666],[-11,-21]],[[347,645],[-92,-52],[-35,15]],[[220,608],[36,100]],[[739,418],[-9,-58]],[[730,360],[-11,-2]],[[611,268],[-45,3]],[[566,271],[-20,117]],[[580,496],[6,-2]],[[586,494],[85,11]],[[671,505],[68,-87]],[[480,394],[-76,-9]],[[404,385],[-20,216]],[[384,601],[67,3]],[[451,604],[39,-129]],[[377,605],[-35,-77]],[[342,528],[-65,-8]],[[277,520],[-77,39]],[[200,559],[20,49]],[[347,645],[30,-40]],[[671,505],[35,85]],[[706,590],[110,1],[24,-47],[-81,-37],[-20,-89]],[[310,446],[31,-11]],[[341,435],[-16,-35]],[[325,400],[-27,-53]],[[160,427],[48,51]],[[208,478],[102,-32]],[[814,84],[-12,-84],[-72,1],[-34,44]],[[696,45],[-18,62]],[[678,107],[33,16]],[[402,180],[-9,-18]],[[393,162],[9,18]],[[418,250],[-11,-48]],[[407,202],[-73,31],[-49,-26]],[[319,313],[66,-45]],[[385,268],[33,-18]],[[404,385],[-19,-117]],[[325,400],[79,-15]],[[277,520],[33,-74]],[[208,478],[-8,81]],[[720,214],[16,-28]],[[678,107],[-93,26]],[[585,133],[4,46]],[[737,708],[-101,-5],[-11,-50]],[[625,653],[-178,5],[4,-54]],[[384,601],[-7,4]],[[677,848],[60,-140]],[[730,360],[90,-156]],[[342,528],[-1,-93]],[[586,494],[9,112],[30,47]],[[737,708],[-31,-118]],[[566,271],[-148,-21]],[[696,45],[-194,59],[-25,28]],[[477,132],[108,1]],[[477,132],[-84,30]],[[402,180],[5,22]]],"transform":{"scale":[0.00017244312380939385,0.00018493696267839844],"translate":[123.10945869200012,7.601868376000025]},"objects":{"bgysubmuns-municity-907313000":{"type":"GeometryCollection","geometries":[{"arcs":[[0,1,2,3]],"type":"Polygon","properties":{"adm1_psgc":900000000,"adm2_psgc":907300000,"adm3_psgc":907313000,"adm4_psgc":907313002,"adm4_en":"Bulawan","geo_level":"Bgy","len_crs":10433,"area_crs":3846279,"len_km":10,"area_km2":3},"id":907313002},{"arcs":[[4,5,6,7]],"type":"Polygon","properties":{"adm1_psgc":900000000,"adm2_psgc":907300000,"adm3_psgc":907313000,"adm4_psgc":907313003,"adm4_en":"Carpoc","geo_level":"Bgy","len_crs":8200,"area_crs":2931875,"len_km":8,"area_km2":2},"id":907313003},{"arcs":[[8,9,10,11,12]],"type":"Polygon","properties":{"adm1_psgc":900000000,"adm2_psgc":907300000,"adm3_psgc":907313000,"adm4_psgc":907313004,"adm4_en":"Danganan","geo_level":"Bgy","len_crs":11062,"area_crs":2923583,"len_km":11,"area_km2":2},"id":907313004},{"arcs":[[13,14,15,16]],"type":"Polygon","properties":{"adm1_psgc":900000000,"adm2_psgc":907300000,"adm3_psgc":907313000,"adm4_psgc":907313005,"adm4_en":"Dansal","geo_level":"Bgy","len_crs":11589,"area_crs":5326167,"len_km":11,"area_km2":5},"id":907313005},{"arcs":[[17,18,19]],"type":"Polygon","properties":{"adm1_psgc":900000000,"adm2_psgc":907300000,"adm3_psgc":907313000,"adm4_psgc":907313007,"adm4_en":"Dumara","geo_level":"Bgy","len_crs":22444,"area_crs":14890109,"len_km":22,"area_km2":14},"id":907313007},{"arcs":[[20,-11,21]],"type":"Polygon","properties":{"adm1_psgc":900000000,"adm2_psgc":907300000,"adm3_psgc":907313000,"adm4_psgc":907313010,"adm4_en":"Linokmadalum","geo_level":"Bgy","len_crs":23193,"area_crs":6842930,"len_km":23,"area_km2":6},"id":907313010},{"arcs":[[22,23,24,-19]],"type":"Polygon","properties":{"adm1_psgc":900000000,"adm2_psgc":907300000,"adm3_psgc":907313000,"adm4_psgc":907313011,"adm4_en":"Luanan","geo_level":"Bgy","len_crs":8202,"area_crs":3843982,"len_km":8,"area_km2":3},"id":907313011},{"arcs":[[25,26,-16,27,28,-5,29,30,31]],"type":"Polygon","properties":{"adm1_psgc":900000000,"adm2_psgc":907300000,"adm3_psgc":907313000,"adm4_psgc":907313012,"adm4_en":"Lubusan","geo_level":"Bgy","len_crs":17485,"area_crs":9973815,"len_km":17,"area_km2":9},"id":907313012},{"arcs":[[-7,32,33,34,35]],"type":"Polygon","properties":{"adm1_psgc":900000000,"adm2_psgc":907300000,"adm3_psgc":907313000,"adm4_psgc":907313013,"adm4_en":"Mahalingeb","geo_level":"Bgy","len_crs":11666,"area_crs":6185883,"len_km":11,"area_km2":6},"id":907313013},{"arcs":[[36,37,38,39,-24,40]],"type":"Polygon","properties":{"adm1_psgc":900000000,"adm2_psgc":907300000,"adm3_psgc":907313000,"adm4_psgc":907313014,"adm4_en":"Mandeg","geo_level":"Bgy","len_crs":9658,"area_crs":4715249,"len_km":9,"area_km2":4},"id":907313014},{"arcs":[[-32,41,42]],"type":"Polygon","properties":{"adm1_psgc":900000000,"adm2_psgc":907300000,"adm3_psgc":907313000,"adm4_psgc":907313015,"adm4_en":"Maralag","geo_level":"Bgy","len_crs":11549,"area_crs":5491319,"len_km":11,"area_km2":5},"id":907313015},{"arcs":[[43,44,45,-12,-21,46,47]],"type":"Polygon","properties":{"adm1_psgc":900000000,"adm2_psgc":907300000,"adm3_psgc":907313000,"adm4_psgc":907313016,"adm4_en":"Maruing","geo_level":"Bgy","len_crs":12565,"area_crs":6182142,"len_km":12,"area_km2":6},"id":907313016},{"arcs":[[-2,48,49,50]],"type":"Polygon","properties":{"adm1_psgc":900000000,"adm2_psgc":907300000,"adm3_psgc":907313000,"adm4_psgc":907313017,"adm4_en":"Molum","geo_level":"Bgy","len_crs":10400,"area_crs":4459747,"len_km":10,"area_km2":4},"id":907313017},{"arcs":[[53,54,-9,55,56]],"type":"Polygon","properties":{"adm1_psgc":900000000,"adm2_psgc":907300000,"adm3_psgc":907313000,"adm4_psgc":907313018,"adm4_en":"Pampang","geo_level":"Bgy","len_crs":15542,"area_crs":3221091,"len_km":15,"area_km2":3},"id":907313018},{"arcs":[[57,-56,-13,-46,58]],"type":"Polygon","properties":{"adm1_psgc":900000000,"adm2_psgc":907300000,"adm3_psgc":907313000,"adm4_psgc":907313019,"adm4_en":"Pantad","geo_level":"Bgy","len_crs":7584,"area_crs":3527261,"len_km":7,"area_km2":3},"id":907313019},{"arcs":[[59,-48,60,-39]],"type":"Polygon","properties":{"adm1_psgc":900000000,"adm2_psgc":907300000,"adm3_psgc":907313000,"adm4_psgc":907313020,"adm4_en":"Pingalay","geo_level":"Bgy","len_crs":8660,"area_crs":2647218,"len_km":8,"area_km2":2},"id":907313020},{"arcs":[[61,-3,-51,62,63,-14]],"type":"Polygon","properties":{"adm1_psgc":900000000,"adm2_psgc":907300000,"adm3_psgc":907313000,"adm4_psgc":907313023,"adm4_en":"Salambuyan","geo_level":"Bgy","len_crs":9777,"area_crs":4222011,"len_km":9,"area_km2":4},"id":907313023},{"arcs":[[64,65,-35,66,-41,-23,-18,67]],"type":"Polygon","properties":{"adm1_psgc":900000000,"adm2_psgc":907300000,"adm3_psgc":907313000,"adm4_psgc":907313024,"adm4_en":"San Jose","geo_level":"Bgy","len_crs":21257,"area_crs":14145024,"len_km":21,"area_km2":14},"id":907313024},{"arcs":[[-4,-62,-17,-27,68]],"type":"Polygon","properties":{"adm1_psgc":900000000,"adm2_psgc":907300000,"adm3_psgc":907313000,"adm4_psgc":907313025,"adm4_en":"Sayog","geo_level":"Bgy","len_crs":9953,"area_crs":4139889,"len_km":9,"area_km2":4},"id":907313025},{"arcs":[[69,-44,-60,-38]],"type":"Polygon","properties":{"adm1_psgc":900000000,"adm2_psgc":907300000,"adm3_psgc":907313000,"adm4_psgc":907313027,"adm4_en":"Tabon","geo_level":"Bgy","len_crs":5546,"area_crs":1790795,"len_km":5,"area_km2":1},"id":907313027},{"arcs":[[-42,-31,70,-65,71]],"type":"Polygon","properties":{"adm1_psgc":900000000,"adm2_psgc":907300000,"adm3_psgc":907313000,"adm4_psgc":907313028,"adm4_en":"Talabob","geo_level":"Bgy","len_crs":13966,"area_crs":9150966,"len_km":13,"area_km2":9},"id":907313028},{"arcs":[[-71,-30,-8,-36,-66]],"type":"Polygon","properties":{"adm1_psgc":900000000,"adm2_psgc":907300000,"adm3_psgc":907313000,"adm4_psgc":907313029,"adm4_en":"Tiguha","geo_level":"Bgy","len_crs":13104,"area_crs":8486001,"len_km":13,"area_km2":8},"id":907313029},{"arcs":[[-29,72,-57,-58,-33,-6]],"type":"Polygon","properties":{"adm1_psgc":900000000,"adm2_psgc":907300000,"adm3_psgc":907313000,"adm4_psgc":907313030,"adm4_en":"Tininghalang","geo_level":"Bgy","len_crs":12020,