{"type":"Topology","arcs":[[[667,937],[-14,-49]],[[653,888],[-87,39],[8,54]],[[574,981],[93,-44]],[[84,19],[-41,0]],[[43,19],[-24,53],[-4,33]],[[15,105],[55,41]],[[70,146],[14,-127]],[[166,37],[-56,-29],[-26,11]],[[70,146],[8,4]],[[78,150],[28,-49],[60,-64]],[[319,328],[-28,-31]],[[291,297],[-80,76]],[[211,373],[4,15]],[[215,388],[104,-60]],[[147,181],[58,-59]],[[205,122],[-20,-44]],[[185,78],[-15,7],[-69,91]],[[101,176],[27,24]],[[128,200],[19,-19]],[[586,771],[-27,-41]],[[559,730],[-14,24],[-227,114]],[[318,868],[6,46]],[[324,914],[262,-143]],[[617,826],[-3,-36],[-28,-19]],[[324,914],[13,56]],[[337,970],[280,-144]],[[185,78],[-19,-41]],[[78,150],[23,26]],[[472,598],[-33,-51]],[[439,547],[-51,63],[-91,53]],[[297,663],[-4,56]],[[293,719],[179,-121]],[[404,504],[-24,-45]],[[380,459],[-123,76]],[[257,535],[24,52]],[[281,587],[123,-83]],[[653,888],[-36,-62]],[[337,970],[22,61]],[[359,1031],[215,-50]],[[328,378],[-9,-50]],[[215,388],[7,60]],[[222,448],[9,17]],[[231,465],[68,-48],[29,-39]],[[43,19],[-25,-19],[-18,34],[15,71]],[[550,695],[-44,-41]],[[506,654],[-218,110]],[[288,764],[16,51]],[[304,815],[246,-120]],[[380,459],[-27,-34]],[[353,425],[-108,65]],[[245,490],[12,45]],[[359,1031],[10,20],[238,14],[46,-67],[20,-2],[-6,-59]],[[559,730],[-9,-35]],[[304,815],[14,53]],[[506,654],[-5,-26],[-29,-30]],[[293,719],[-5,45]],[[211,373],[-8,-38]],[[203,335],[-31,3]],[[172,338],[50,110]],[[241,183],[-36,-61]],[[147,181],[34,63]],[[181,244],[60,-61]],[[291,297],[-13,-47]],[[278,250],[-86,39]],[[192,289],[11,46]],[[192,289],[-5,-7]],[[187,282],[-44,0]],[[143,282],[29,56]],[[187,282],[-6,-38]],[[128,200],[15,82]],[[278,250],[-37,-67]],[[439,547],[-35,-43]],[[281,587],[16,76]],[[353,425],[-25,-47]],[[231,465],[14,25]]],"transform":{"scale":[0.0005502109494798247,0.0004616010497652539],"translate":[125.32272246600007,5.555971246000068]},"objects":{"bgysubmuns-municity-1108602000":{"type":"GeometryCollection","geometries":[{"arcs":[[0,1,2]],"type":"Polygon","properties":{"adm1_psgc":1100000000,"adm2_psgc":1108600000,"adm3_psgc":1108602000,"adm4_psgc":1108602001,"adm4_en":"Buguis","geo_level":"Bgy","len_crs":17386,"area_crs":16162362,"len_km":17,"area_km2":16},"id":1108602001},{"arcs":[[3,4,5,6]],"type":"Polygon","properties":{"adm1_psgc":1100000000,"adm2_psgc":1108600000,"adm3_psgc":1108602000,"adm4_psgc":1108602002,"adm4_en":"Balangonan","geo_level":"Bgy","len_crs":20612,"area_crs":17214905,"len_km":20,"area_km2":17},"id":1108602002},{"arcs":[[7,-7,8,9]],"type":"Polygon","properties":{"adm1_psgc":1100000000,"adm2_psgc":1108600000,"adm3_psgc":1108602000,"adm4_psgc":1108602006,"adm4_en":"Bukid","geo_level":"Bgy","len_crs":24682,"area_crs":17876442,"len_km":24,"area_km2":17},"id":1108602006},{"arcs":[[10,11,12,13]],"type":"Polygon","properties":{"adm1_psgc":1100000000,"adm2_psgc":1108600000,"adm3_psgc":1108602000,"adm4_psgc":1108602007,"adm4_en":"Butuan","geo_level":"Bgy","len_crs":21574,"area_crs":10225360,"len_km":21,"area_km2":10},"id":1108602007},{"arcs":[[14,15,16,17,18]],"type":"Polygon","properties":{"adm1_psgc":1100000000,"adm2_psgc":1108600000,"adm3_psgc":1108602000,"adm4_psgc":1108602008,"adm4_en":"Butulan","geo_level":"Bgy","len_crs":18408,"area_crs":16731243,"len_km":18,"area_km2":16},"id":1108602008},{"arcs":[[19,20,21,22]],"type":"Polygon","properties":{"adm1_psgc":1100000000,"adm2_psgc":1108600000,"adm3_psgc":1108602000,"adm4_psgc":1108602009,"adm4_en":"Caburan Big","geo_level":"Bgy","len_crs":39735,"area_crs":35928832,"len_km":39,"area_km2":35},"id":1108602009},{"arcs":[[23,-23,24,25]],"type":"Polygon","properties":{"adm1_psgc":1100000000,"adm2_psgc":1108600000,"adm3_psgc":1108602000,"adm4_psgc":1108602010,"adm4_en":"Caburan Small","geo_level":"Bgy","len_crs":43438,"area_crs":58712619,"len_km":43,"area_km2":58},"id":1108602010},{"arcs":[[26,-10,27,-17]],"type":"Polygon","properties":{"adm1_psgc":1100000000,"adm2_psgc":1108600000,"adm3_psgc":1108602000,"adm4_psgc":1108602011,"adm4_en":"Camalian","geo_level":"Bgy","len_crs":19853,"area_crs":16064541,"len_km":19,"area_km2":16},"id":1108602011},{"arcs":[[28,29,30,31]],"type":"Polygon","properties":{"adm1_psgc":1100000000,"adm2_psgc":1108600000,"adm3_psgc":1108602000,"adm4_psgc":1108602012,"adm4_en":"Carahayan","geo_level":"Bgy","len_crs":29843,"area_crs":27006911,"len_km":29,"area_km2":27},"id":1108602012},{"arcs":[[32,33,34,35]],"type":"Polygon","properties":{"adm1_psgc":1100000000,"adm2_psgc":1108600000,"adm3_psgc":1108602000,"adm4_psgc":1108602013,"adm4_en":"Cayaponga","geo_level":"Bgy","len_crs":23375,"area_crs":24754148,"len_km":23,"area_km2":24},"id":1108602013},{"arcs":[[-2,36,-26,37,38]],"type":"Polygon","properties":{"adm1_psgc":1100000000,"adm2_psgc":1108600000,"adm3_psgc":1108602000,"adm4_psgc":1108602014,"adm4_en":"Culaman","geo_level":"Bgy","len_crs":48261,"area_crs":83638015,"len_km":48,"area_km2":83},"id":1108602014},{"arcs":[[39,-14,40,41,42]],"type":"Polygon","properties":{"adm1_psgc":1100000000,"adm2_psgc":1108600000,"adm3_psgc":1108602000,"adm4_psgc":1108602015,"adm4_en":"Kalbay","geo_level":"Bgy","len_crs":22255,"area_crs":24096771,"len_km":22,"area_km2":24},"id":1108602015},{"arcs":[[43,-5]],"type":"Polygon","properties":{"adm1_psgc":1100000000,"adm2_psgc":1108600000,"adm3_psgc":1108602000,"adm4_psgc":1108602016,"adm4_en":"Kitayo","geo_level":"Bgy","len_crs":19350,"area_crs":7020341,"len_km":19,"area_km2":7},"id":1108602016},{"arcs":[[44,45,46,47]],"type":"Polygon","properties":{"adm1_psgc":1100000000,"adm2_psgc":1108600000,"adm3_psgc":1108602000,"adm4_psgc":1108602019,"adm4_en":"Magulibas","geo_level":"Bgy","len_crs":37296,"area_crs":44968701,"len_km":37,"area_km2":44},"id":1108602019},{"arcs":[[48,49,50,-34]],"type":"Polygon","properties":{"adm1_psgc":1100000000,"adm2_psgc":1108600000,"adm3_psgc":1108602000,"adm4_psgc":1108602020,"adm4_en":"Malalan","geo_level":"Bgy","len_crs":21053,"area_crs":18464493,"len_km":21,"area_km2":18},"id":1108602020},{"arcs":[[-3,-39,51]],"type":"Polygon","properties":{"adm1_psgc":1100000000,"adm2_psgc":1108600000,"adm3_psgc":1108602000,"adm4_psgc":1108602021,"adm4_en":"Mangile","geo_level":"Bgy","len_crs":49788,"area_crs":58406736,"len_km":49,"area_km2":58},"id":1108602021},{"arcs":[[52,-48,53,-21]],"type":"Polygon","properties":{"adm1_psgc":1100000000,"adm2_psgc":1108600000,"adm3_psgc":1108602000,"adm4_psgc":1108602022,"adm4_en":"Marabutuan","geo_level":"Bgy","len_crs":37854,"area_crs":42389794,"len_km":37,"area_km2":42},"id":1108602022},{"arcs":[[54,-32,55,-46]],"type":"Polygon","properties":{"adm1_psgc":1100000000,"adm2_psgc":1108600000,"adm3_psgc":1108602000,"adm4_psgc":1108602023,"adm4_en":"Meybio","geo_level":"Bgy","len_crs":33451,"area_crs":37053019,"len_km":33,"area_km2":37},"id":1108602023},{"arcs":[[-13,56,57,58,-41]],"type":"Polygon","properties":{"adm1_psgc":1100000000,"adm2_psgc":1108600000,"adm3_psgc":1108602000,"adm4_psgc":1108602024,"adm4_en":"Molmol","geo_level":"Bgy","len_crs":14356,"area_crs":6008850,"len_km":14,"area_km2":6},"id":1108602024},{"arcs":[[59,-15,60,61]],"type":"Polygon","properties":{"adm1_psgc":1100000000,"adm2_psgc":1108600000,"adm3_psgc":1108602000,"adm4_psgc":1108602025,"adm4_en":"Nuing","geo_level":"Bgy","len_crs":19306,"area_crs":17274227,"len_km":19,"area_km2":17},"id":1108602025},{"arcs":[[62,63,64,-57,-12]],"type":"Polygon","properties":{"adm1_psgc":1100000000,"adm2_psgc":1108600000,"adm3_psgc":1108602000,"adm4_psgc":1108602026,"adm4_en":"Patulang","geo_level":"Bgy","len_crs":23423,"area_crs":19505092,"len_km":23,"area_km2":19},"id":1108602026},{"arcs":[[-65,65,66,67,-58]],"type":"Polygon","properties":{"adm1_psgc":1100000000,"adm2_psgc":1108600000,"adm3_psgc":1108602000,"adm4_psgc":1108602027,"adm4_en":"Quiapo","geo_level":"Bgy","len_crs":11012,"area_crs":7168269,"len_km":11,"area_km2":7},"id":1108602027},{"arcs":[[68,-61,-19,69,-67]],"type":"Polygon","properties":{"adm1_psgc":1100000000,"adm2_psgc":1108600000,"adm3_psgc":1108602000,"adm4_psgc":1108602028,"adm4_en":"San Isidro","geo_level":"Bgy","len_crs":15149,