{"type":"Topology","arcs":[[[474,288],[42,-131]],[[516,157],[-124,62]],[[392,219],[15,150]],[[407,369],[67,-81]],[[263,244],[3,-7]],[[266,237],[1,-8]],[[267,229],[-6,1]],[[261,230],[-6,16]],[[255,246],[8,-2]],[[273,228],[-6,1]],[[266,237],[7,1]],[[273,238],[0,-10]],[[277,226],[-4,2]],[[273,238],[5,0]],[[278,238],[-1,-12]],[[306,233],[-29,-7]],[[278,238],[6,1]],[[284,239],[14,2]],[[298,241],[8,-8]],[[284,239],[0,10]],[[284,249],[7,3]],[[291,252],[7,-11]],[[278,238],[-1,11]],[[277,249],[7,0]],[[273,238],[-1,10]],[[272,248],[5,1]],[[263,244],[2,3]],[[265,247],[7,1]],[[219,407],[46,-160]],[[255,246],[-180,101]],[[75,347],[144,60]],[[511,139],[5,18]],[[474,288],[71,111]],[[545,399],[309,-120],[-79,-216],[-264,76]],[[261,230],[-31,-43]],[[230,187],[-94,-35]],[[136,152],[-136,172]],[[0,324],[75,23]],[[333,241],[11,-13]],[[344,228],[-15,-82]],[[329,146],[-32,1]],[[297,147],[-67,40]],[[306,233],[27,8]],[[316,288],[-25,-36]],[[219,407],[-1,67]],[[218,474],[70,3]],[[288,477],[28,-189]],[[395,461],[-38,-217]],[[357,244],[-13,-16]],[[333,241],[-17,47]],[[288,477],[107,-16]],[[297,147],[-27,-35]],[[270,112],[-82,-36]],[[188,76],[-52,76]],[[463,434],[-56,-65]],[[392,219],[-35,25]],[[395,461],[68,-27]],[[511,139],[-114,-99]],[[397,40],[-68,106]],[[397,40],[-110,-40]],[[287,0],[-17,112]],[[287,0],[-99,76]],[[0,324],[218,150]],[[463,434],[82,-35]]],"transform":{"scale":[0.00015890253161588474,0.00013722726834380856],"translate":[121.46748937700009,14.152078839000069]},"objects":{"bgysubmuns-municity-403412000":{"type":"GeometryCollection","geometries":[{"arcs":[[0,1,2,3]],"type":"Polygon","properties":{"adm1_psgc":400000000,"adm2_psgc":403400000,"adm3_psgc":403412000,"adm4_psgc":403412001,"adm4_en":"De La Paz","geo_level":"Bgy","len_crs":9548,"area_crs":3655361,"len_km":9,"area_km2":3},"id":403412001},{"arcs":[[4,5,6,7,8]],"type":"Polygon","properties":{"adm1_psgc":400000000,"adm2_psgc":403400000,"adm3_psgc":403412000,"adm4_psgc":403412002,"adm4_en":"Barangay Zone I","geo_level":"Bgy","len_crs":949,"area_crs":34268,"len_km":0,"area_km2":0},"id":403412002},{"arcs":[[9,-6,10,11]],"type":"Polygon","properties":{"adm1_psgc":400000000,"adm2_psgc":403400000,"adm3_psgc":403412000,"adm4_psgc":403412003,"adm4_en":"Barangay Zone II","geo_level":"Bgy","len_crs":527,"area_crs":15539,"len_km":0,"area_km2":0},"id":403412003},{"arcs":[[12,-12,13,14]],"type":"Polygon","properties":{"adm1_psgc":400000000,"adm2_psgc":403400000,"adm3_psgc":403412000,"adm4_psgc":403412004,"adm4_en":"Barangay Zone III","geo_level":"Bgy","len_crs":533,"area_crs":14235,"len_km":0,"area_km2":0},"id":403412004},{"arcs":[[15,-15,16,17,18]],"type":"Polygon","properties":{"adm1_psgc":400000000,"adm2_psgc":403400000,"adm3_psgc":403412000,"adm4_psgc":403412005,"adm4_en":"Barangay Zone IV","geo_level":"Bgy","len_crs":1561,"area_crs":76245,"len_km":1,"area_km2":0},"id":403412005},{"arcs":[[-18,19,20,21]],"type":"Polygon","properties":{"adm1_psgc":400000000,"adm2_psgc":403400000,"adm3_psgc":403412000,"adm4_psgc":403412006,"adm4_en":"Barangay Zone V","geo_level":"Bgy","len_crs":824,"area_crs":39013,"len_km":0,"area_km2":0},"id":403412006},{"arcs":[[-17,22,23,-20]],"type":"Polygon","properties":{"adm1_psgc":400000000,"adm2_psgc":403400000,"adm3_psgc":403412000,"adm4_psgc":403412007,"adm4_en":"Barangay Zone VI","geo_level":"Bgy","len_crs":523,"area_crs":16393,"len_km":0,"area_km2":0},"id":403412007},{"arcs":[[-14,24,25,-23]],"type":"Polygon","properties":{"adm1_psgc":400000000,"adm2_psgc":403400000,"adm3_psgc":403412000,"adm4_psgc":403412008,"adm4_en":"Barangay Zone VII","geo_level":"Bgy","len_crs":506,"area_crs":15228,"len_km":0,"area_km2":0},"id":403412008},{"arcs":[[-11,-5,26,27,-25]],"type":"Polygon","properties":{"adm1_psgc":400000000,"adm2_psgc":403400000,"adm3_psgc":403412000,"adm4_psgc":403412009,"adm4_en":"Barangay Zone VIII","geo_level":"Bgy","len_crs":637,"area_crs":22230,"len_km":0,"area_km2":0},"id":403412009},{"arcs":[[28,-27,-9,29,30]],"type":"Polygon","properties":{"adm1_psgc":400000000,"adm2_psgc":403400000,"adm3_psgc":403412000,"adm4_psgc":403412010,"adm4_en":"San Antonio","geo_level":"Bgy","len_crs":9791,"area_crs":4178247,"len_km":9,"area_km2":4},"id":403412010},{"arcs":[[31,-1,32,33]],"type":"Polygon","properties":{"adm1_psgc":400000000,"adm2_psgc":403400000,"adm3_psgc":403412000,"adm4_psgc":403412011,"adm4_en":"San Buenaventura","geo_level":"Bgy","len_crs":22418,"area_crs":22991362,"len_km":22,"area_km2":22},"id":403412011},{"arcs":[[-8,34,35,36,37,-30]],"type":"Polygon","properties":{"adm1_psgc":400000000,"adm2_psgc":403400000,"adm3_psgc":403412000,"adm4_psgc":403412012,"adm4_en":"San Diego","geo_level":"Bgy","len_crs":12191,"area_crs":7947796,"len_km":12,"area_km2":7},"id":403412012},{"arcs":[[38,39,40,41,-35,-7,-10,-13,-16,42]],"type":"Polygon","properties":{"adm1_psgc":400000000,"adm2_psgc":403400000,"adm3_psgc":403412000,"adm4_psgc":403412013,"adm4_en":"San Isidro","geo_level":"Bgy","len_crs":6104,"area_crs":2045115,"len_km":6,"area_km2":2},"id":403412013},{"arcs":[[43,-21,-24,-26,-28,-29,44,45,46]],"type":"Polygon","properties":{"adm1_psgc":400000000,"adm2_psgc":403400000,"adm3_psgc":403412000,"adm4_psgc":403412014,"adm4_en":"San Jose","geo_level":"Bgy","len_crs":9384,"area_crs":3788464,"len_km":9,"area_km2":3},"id":403412014},{"arcs":[[47,48,-39,49,-47,50]],"type":"Polygon","properties":{"adm1_psgc":400000000,"adm2_psgc":403400000,"adm3_psgc":403412000,"adm4_psgc":403412015,"adm4_en":"San Juan","geo_level":"Bgy","len_crs":9837,"area_crs":3736463,"len_km":9,"area_km2":3},"id":403412015},{"arcs":[[51,52,53,-36,-42]],"type":"Polygon","properties":{"adm1_psgc":400000000,"adm2_psgc":403400000,"adm3_psgc":403412000,"adm4_psgc":403412016,"adm4_en":"San Luis","geo_level":"Bgy","len_crs":6962,"area_crs":2826478,"len_km":6,"area_km2":2},"id":403412016},{"arcs":[[54,-3,55,-48,56]],"type":"Polygon","properties":{"adm1_psgc":400000000,"adm2_psgc":403400000,"adm3_psgc":403412000,"adm4_psgc":403412017,"adm4_en":"San Pablo","geo_level":"Bgy","len_crs":9677,"area_crs":2821385,"len_km":9,"area_km2":2},"id":403412017},{"arcs":[[-2,-32,57,58,-40,-49,-56]],"type":"Polygon","properties":{"adm1_psgc":400000000,"adm2_psgc":403400000,"adm3_psgc":403412000,"adm4_psgc":403412018,"adm4_en":"San Pedro","geo_level":"Bgy","len_crs":13963,"area_crs":3040430,"len_km":13,"area_km2":3},"id":403412018},{"arcs":[[-59,59,60,-52,-41]],"type":"Polygon","properties":{"adm1_psgc":400000000,"adm2_psgc":403400000,"adm3_psgc":403412000,"adm4_psgc":403412019,"adm4_en":"San Rafael","geo_level":"Bgy","len_crs":8889,"area_crs":3749875,"len_km":8,"area_km2":3},"id":403412019},{"arcs":[[61,-53,-61]],"type":"Polygon","properties":{"adm1_psgc":400000000,"adm2_psgc":403400000,"adm3_psgc":403412000,"adm4_psgc":403412020,"adm4_en":"San Roque","geo_level":"Bgy","len_crs":5705,"area_crs":1922950,"len_km":5,"area_km2":1},"id":403412020},{"arcs":[[-45,-31,-38,62]],"type":"Polygon","properties":{"adm1_psgc":400000000,"adm2_psgc":403400000,"adm3_psgc":403412000,"adm4_psgc":403412021,"adm4_en":"San Salvador","geo_level":"Bgy","len_crs":14040,"area_crs":8571254,"len_km":14,"area_km2":8},"id":403412021},{"arcs":[[-33,-4,-55,63]],"type":"Polygon","properties":{"adm1_psgc":400000000,"adm2_psgc":403400000,"adm3_psgc":403412000,"adm4_psgc":403412022,"adm4_en":"Santo Domingo","geo_level":"Bgy","len_crs":7075,"area_crs":3114300,"len_km":7,"area_km2":3},"id":403412022},{"arcs":[[-43,-19,-22,-44,-50]],"type":"Polygon","properties":{"adm1_psgc":400000000,"adm2_psgc":403400000,"adm3_psgc":403412000,"adm4_psgc":403412023,"adm4_en":"Santo Tomas","geo_level":"Bgy","len_crs":2558,"area_crs":338375,"len_km":2,"area_km2":0},"id":403412023}]}}}