{"type":"Topology","arcs":[[[496,441],[3,-78]],[[499,363],[-53,-9]],[[446,354],[-51,54]],[[395,408],[101,33]],[[567,65],[-83,-46]],[[484,19],[83,46]],[[331,203],[71,-65]],[[402,138],[11,-11]],[[413,127],[6,-17]],[[419,110],[-13,-71]],[[406,39],[14,-26]],[[420,13],[-126,-13]],[[294,0],[13,115]],[[307,115],[12,83]],[[319,198],[12,5]],[[294,0],[-139,94]],[[155,94],[152,21]],[[393,550],[-94,-54]],[[299,496],[-108,21]],[[191,517],[80,234]],[[271,751],[122,-201]],[[484,19],[-64,-6]],[[406,39],[174,66]],[[580,105],[-13,-40]],[[393,272],[39,-82]],[[432,190],[-10,3]],[[422,193],[6,-38]],[[428,155],[-8,-5]],[[420,150],[-2,-1]],[[418,149],[-55,96]],[[363,245],[30,27]],[[427,136],[-14,-9]],[[402,138],[16,11]],[[420,150],[7,-14]],[[612,178],[-80,-48]],[[532,130],[-16,51]],[[516,181],[-10,53]],[[506,234],[106,-56]],[[448,143],[-12,-6]],[[436,137],[-8,18]],[[428,155],[8,4]],[[436,159],[3,1]],[[439,160],[9,-17]],[[422,193],[14,-34]],[[331,203],[32,42]],[[395,408],[-109,4]],[[286,412],[13,84]],[[393,550],[103,-109]],[[436,137],[-9,-1]],[[419,110],[113,20]],[[612,178],[-32,-73]],[[499,363],[-4,-92]],[[495,271],[-73,6]],[[422,277],[-1,28]],[[421,305],[25,49]],[[191,517],[-129,-40]],[[62,477],[-62,133],[271,141]],[[495,271],[11,-37]],[[516,181],[-7,-1]],[[509,180],[-74,-1]],[[435,179],[-3,11]],[[393,272],[29,5]],[[509,180],[-61,-37]],[[439,160],[-4,19]],[[286,412],[15,-118]],[[301,294],[-46,-13]],[[255,281],[-119,-45]],[[136,236],[-74,241]],[[421,305],[-54,30]],[[367,335],[28,73]],[[155,94],[-19,142]],[[255,281],[64,-83]],[[367,335],[-66,-41]]],"transform":{"scale":[0.00026652978104584394,0.00023821459920101877],"translate":[121.35409018100007,16.638312126000077]},"objects":{"bgysubmuns-municity-203109000":{"type":"GeometryCollection","geometries":[{"arcs":[[0,1,2,3]],"type":"Polygon","properties":{"adm1_psgc":200000000,"adm2_psgc":203100000,"adm3_psgc":203109000,"adm4_psgc":203109001,"adm4_en":"Aguinaldo","geo_level":"Bgy","len_crs":9888,"area_crs":5072756,"len_km":9,"area_km2":5},"id":203109001},{"arcs":[[4,5]],"type":"Polygon","properties":{"adm1_psgc":200000000,"adm2_psgc":203100000,"adm3_psgc":203109000,"adm4_psgc":203109002,"adm4_en":"Calimaturod","geo_level":"Bgy","len_crs":6639,"area_crs":2242259,"len_km":6,"area_km2":2},"id":203109002},{"arcs":[[6,7,8,9,10,11,12,13,14]],"type":"Polygon","properties":{"adm1_psgc":200000000,"adm2_psgc":203100000,"adm3_psgc":203109000,"adm4_psgc":203109003,"adm4_en":"Capirpiriwan","geo_level":"Bgy","len_crs":16438,"area_crs":14576933,"len_km":16,"area_km2":14},"id":203109003},{"arcs":[[15,16,-13]],"type":"Polygon","properties":{"adm1_psgc":200000000,"adm2_psgc":203100000,"adm3_psgc":203109000,"adm4_psgc":203109004,"adm4_en":"Caquilingan","geo_level":"Bgy","len_crs":14622,"area_crs":9685882,"len_km":14,"area_km2":9},"id":203109004},{"arcs":[[17,18,19,20]],"type":"Polygon","properties":{"adm1_psgc":200000000,"adm2_psgc":203100000,"adm3_psgc":203109000,"adm4_psgc":203109005,"adm4_en":"Dallao","geo_level":"Bgy","len_crs":23597,"area_crs":31325134,"len_km":23,"area_km2":31},"id":203109005},{"arcs":[[-6,21,-11,22,23]],"type":"Polygon","properties":{"adm1_psgc":200000000,"adm2_psgc":203100000,"adm3_psgc":203109000,"adm4_psgc":203109006,"adm4_en":"Gayong","geo_level":"Bgy","len_crs":14414,"area_crs":5062420,"len_km":14,"area_km2":5},"id":203109006},{"arcs":[[24,25,26,27,28,29,30]],"type":"Polygon","properties":{"adm1_psgc":200000000,"adm2_psgc":203100000,"adm3_psgc":203109000,"adm4_psgc":203109007,"adm4_en":"Laurel","geo_level":"Bgy","len_crs":8887,"area_crs":2224559,"len_km":8,"area_km2":2},"id":203109007},{"arcs":[[31,-8,32,-29,33]],"type":"Polygon","properties":{"adm1_psgc":200000000,"adm2_psgc":203100000,"adm3_psgc":203109000,"adm4_psgc":203109008,"adm4_en":"Magsaysay","geo_level":"Bgy","len_crs":1911,"area_crs":227213,"len_km":1,"area_km2":0},"id":203109008},{"arcs":[[34,35,36,37]],"type":"Polygon","properties":{"adm1_psgc":200000000,"adm2_psgc":203100000,"adm3_psgc":203109000,"adm4_psgc":203109009,"adm4_en":"Malapat","geo_level":"Bgy","len_crs":10870,"area_crs":6884265,"len_km":10,"area_km2":6},"id":203109009},{"arcs":[[38,39,40,41,42]],"type":"Polygon","properties":{"adm1_psgc":200000000,"adm2_psgc":203100000,"adm3_psgc":203109000,"adm4_psgc":203109011,"adm4_en":"Osmena","geo_level":"Bgy","len_crs":1755,"area_crs":153247,"len_km":1,"area_km2":0},"id":203109011},{"arcs":[[-41,-27,43]],"type":"Polygon","properties":{"adm1_psgc":200000000,"adm2_psgc":203100000,"adm3_psgc":203109000,"adm4_psgc":203109012,"adm4_en":"Quezon","geo_level":"Bgy","len_crs":2443,"area_crs":223468,"len_km":2,"area_km2":0},"id":203109012},{"arcs":[[-33,-7,44,-30]],"type":"Polygon","properties":{"adm1_psgc":200000000,"adm2_psgc":203100000,"adm3_psgc":203109000,"adm4_psgc":203109013,"adm4_en":"Quirino","geo_level":"Bgy","len_crs":7926,"area_crs":2929683,"len_km":7,"area_km2":2},"id":203109013},{"arcs":[[-4,45,46,-18,47]],"type":"Polygon","properties":{"adm1_psgc":200000000,"adm2_psgc":203100000,"adm3_psgc":203109000,"adm4_psgc":203109014,"adm4_en":"Rizaluna","geo_level":"Bgy","len_crs":17161,"area_crs":13544082,"len_km":17,"area_km2":13},"id":203109014},{"arcs":[[48,-34,-28,-40]],"type":"Polygon","properties":{"adm1_psgc":200000000,"adm2_psgc":203100000,"adm3_psgc":203109000,"adm4_psgc":203109015,"adm4_en":"Roxas Pob.","geo_level":"Bgy","len_crs":1491,"area_crs":124888,"len_km":1,"area_km2":0},"id":203109015},{"arcs":[[-23,-10,49,-35,50]],"type":"Polygon","properties":{"adm1_psgc":200000000,"adm2_psgc":203100000,"adm3_psgc":203109000,"adm4_psgc":203109016,"adm4_en":"Sagat","geo_level":"Bgy","len_crs":18007,"area_crs":7198306,"len_km":18,"area_km2":7},"id":203109016},{"arcs":[[51,52,53,54,-2]],"type":"Polygon","properties":{"adm1_psgc":200000000,"adm2_psgc":203100000,"adm3_psgc":203109000,"adm4_psgc":203109017,"adm4_en":"San Juan","geo_level":"Bgy","len_crs":8563,"area_crs":4110814,"len_km":8,"area_km2":4},"id":203109017},{"arcs":[[-20,55,56]],"type":"Polygon","properties":{"adm1_psgc":200000000,"adm2_psgc":203100000,"adm3_psgc":203109000,"adm4_psgc":203109018,"adm4_en":"Taliktik","geo_level":"Bgy","len_crs":40035,"area_crs":36387100,"len_km":40,"area_km2":36},"id":203109018},{"arcs":[[57,-37,58,59,60,-25,61,-53]],"type":"Polygon","properties":{"adm1_psgc":200000000,"adm2_psgc":203100000,"adm3_psgc":203109000,"adm4_psgc":203109019,"adm4_en":"Tanggal","geo_level":"Bgy","len_crs":10735,"area_crs":6574660,"len_km":10,"area_km2":6},"id":203109019},{"arcs":[[62,-43,63,-60]],"type":"Polygon","properties":{"adm1_psgc":200000000,"adm2_psgc":203100000,"adm3_psgc":203109000,"adm4_psgc":203109020,"adm4_en":"Tarinsing","geo_level":"Bgy","len_crs":5402,"area_crs":1180002,"len_km":5,"area_km2":1},"id":203109020},{"arcs":[[-61,-64,-42,-44,-26]],"type":"Polygon","properties":{"adm1_psgc":200000000,"adm2_psgc":203100000,"adm3_psgc":203109000,"adm4_psgc":203109021,"adm4_en":"Turod Norte","geo_level":"Bgy","len_crs":2422,"area_crs":203162,"len_km":2,"area_km2":0},"id":203109021},{"arcs":[[-50,-9,-32,-49,-39,-63,-59,-36]],"type":"Polygon","properties":{"adm1_psgc":200000000,"adm2_psgc":203100000,"adm3_psgc":203109000,"adm4_psgc":203109022,"adm4_en":"Turod Sur","geo_level":"Bgy","len_crs":8649,"area_crs":2974699,"len_km":8,"area_km2":2},"id":203109022},{"arcs":[[-19,-47,64,65,66,67,-56]],"type":"Polygon","properties":{"adm1_psgc":200000000,"adm2_psgc":203100000,"adm3_psgc":203109000,"adm4_psgc":203109023,"adm4_en":"Villamiemban","geo_level":"Bgy","len_crs":27574,"area_crs":33533216,"len_km":27,"area_km2":33},"id":203109023},{"arcs":[[-55,68,69,-3]],"type":"Polygon","properties":{"adm1_psgc":200000000,"adm2_psgc":203100000,"adm3_psgc":203109000,"adm4_psgc":203109024,"adm4_en":"Villamarzo","geo_level":"Bgy","len_crs":8112,"area_crs":3854062,"len_km":8,"area_km2":3},"id":203109024},{"arcs":[[-14,-17,70,-67,71]],"type":"Polygon","properties":{"adm1_psgc":200000000,"adm2_psgc":203100000,"adm3_psgc":203109000,"adm4_psgc":203109025,"adm4_en":"Anonang","geo_level":"Bgy","len_crs":17857,