{"type":"Topology","arcs":[[[596,363],[-47,-72]],[[549,291],[-20,1]],[[529,292],[-26,46]],[[503,338],[13,40]],[[516,378],[80,-15]],[[252,516],[7,-45]],[[259,471],[-31,-36]],[[228,435],[-74,32]],[[154,467],[9,29]],[[163,496],[25,12]],[[188,508],[64,8]],[[444,229],[60,-90]],[[504,139],[11,-52]],[[515,87],[-124,2]],[[391,89],[-89,2]],[[302,91],[-11,67]],[[291,158],[120,71]],[[411,229],[33,0]],[[501,232],[24,-6]],[[525,226],[9,-10]],[[534,216],[-30,-77]],[[444,229],[38,46]],[[482,275],[19,-43]],[[525,226],[16,21]],[[541,247],[8,44]],[[596,363],[-62,-147]],[[515,87],[-112,-79]],[[403,8],[-12,81]],[[290,171],[1,-13]],[[302,91],[2,-91]],[[304,0],[-256,16],[87,170]],[[135,186],[155,-15]],[[228,435],[32,-57]],[[260,378],[-176,-130]],[[84,248],[-31,9]],[[53,257],[-12,31]],[[41,288],[80,158]],[[121,446],[33,21]],[[290,171],[88,79]],[[378,250],[17,8]],[[395,258],[12,9]],[[407,267],[4,-38]],[[503,338],[-15,-45]],[[488,293],[-6,-18]],[[407,267],[66,113]],[[473,380],[43,-2]],[[395,258],[-3,159]],[[392,417],[81,-37]],[[358,444],[-98,-66]],[[259,471],[99,-27]],[[403,8],[-99,-8]],[[392,417],[-34,27]],[[358,444],[1,10]],[[359,454],[53,44]],[[412,498],[61,-118]],[[135,186],[-51,62]],[[260,378],[118,-128]],[[160,526],[3,-30]],[[121,446],[-40,21]],[[81,467],[79,59]],[[160,526],[28,-18]],[[529,292],[-15,-33]],[[514,259],[-26,34]],[[541,247],[-27,12]],[[501,232],[13,27]],[[359,454],[-50,120]],[[309,574],[103,-76]],[[53,257],[-53,55]],[[0,312],[41,-24]],[[252,516],[57,58]],[[0,312],[81,155]]],"transform":{"scale":[0.00025383052181208424,0.00020875826829268264],"translate":[121.27635895000004,13.002486359000045]},"objects":{"bgysubmuns-municity-1705214000":{"type":"GeometryCollection","geometries":[{"arcs":[[0,1,2,3,4]],"type":"Polygon","properties":{"adm1_psgc":1700000000,"adm2_psgc":1705200000,"adm3_psgc":1705214000,"adm4_psgc":1705214001,"adm4_en":"Bagsok","geo_level":"Bgy","len_crs":8930,"area_crs":3415848,"len_km":8,"area_km2":3},"id":1705214001},{"arcs":[[5,6,7,8,9,10]],"type":"Polygon","properties":{"adm1_psgc":1700000000,"adm2_psgc":1705200000,"adm3_psgc":1705214000,"adm4_psgc":1705214002,"adm4_en":"Batong Dalig","geo_level":"Bgy","len_crs":8210,"area_crs":3392407,"len_km":8,"area_km2":3},"id":1705214002},{"arcs":[[11,12,13,14,15,16,17]],"type":"Polygon","properties":{"adm1_psgc":1700000000,"adm2_psgc":1705200000,"adm3_psgc":1705214000,"adm4_psgc":1705214003,"adm4_en":"Bayuin","geo_level":"Bgy","len_crs":17846,"area_crs":11962270,"len_km":17,"area_km2":11},"id":1705214003},{"arcs":[[18,19,20,-12,21,22]],"type":"Polygon","properties":{"adm1_psgc":1700000000,"adm2_psgc":1705200000,"adm3_psgc":1705214000,"adm4_psgc":1705214005,"adm4_en":"Calocmoy","geo_level":"Bgy","len_crs":9462,"area_crs":4213486,"len_km":9,"area_km2":4},"id":1705214005},{"arcs":[[-20,23,24,-1,25]],"type":"Polygon","properties":{"adm1_psgc":1700000000,"adm2_psgc":1705200000,"adm3_psgc":1705214000,"adm4_psgc":1705214006,"adm4_en":"Catiningan","geo_level":"Bgy","len_crs":12587,"area_crs":4177202,"len_km":12,"area_km2":4},"id":1705214006},{"arcs":[[26,27,-14]],"type":"Polygon","properties":{"adm1_psgc":1700000000,"adm2_psgc":1705200000,"adm3_psgc":1705214000,"adm4_psgc":1705214007,"adm4_en":"Villareal","geo_level":"Bgy","len_crs":10814,"area_crs":5798811,"len_km":10,"area_km2":5},"id":1705214007},{"arcs":[[28,-16,29,30,31]],"type":"Polygon","properties":{"adm1_psgc":1700000000,"adm2_psgc":1705200000,"adm3_psgc":1705214000,"adm4_psgc":1705214008,"adm4_en":"Fortuna","geo_level":"Bgy","len_crs":22269,"area_crs":27684663,"len_km":22,"area_km2":27},"id":1705214008},{"arcs":[[32,33,34,35,36,37,-8]],"type":"Polygon","properties":{"adm1_psgc":1700000000,"adm2_psgc":1705200000,"adm3_psgc":1705214000,"adm4_psgc":1705214009,"adm4_en":"Happy Valley","geo_level":"Bgy","len_crs":18035,"area_crs":12164095,"len_km":18,"area_km2":12},"id":1705214009},{"arcs":[[-17,-29,38,39,40,41]],"type":"Polygon","properties":{"adm1_psgc":1700000000,"adm2_psgc":1705200000,"adm3_psgc":1705214000,"adm4_psgc":1705214010,"adm4_en":"Calubayan","geo_level":"Bgy","len_crs":9682,"area_crs":4784393,"len_km":9,"area_km2":4},"id":1705214010},{"arcs":[[-4,42,43,-22,-18,-42,44,45]],"type":"Polygon","properties":{"adm1_psgc":1700000000,"adm2_psgc":1705200000,"adm3_psgc":1705214000,"adm4_psgc":1705214012,"adm4_en":"Leuteboro I","geo_level":"Bgy","len_crs":10717,"area_crs":5468066,"len_km":10,"area_km2":5},"id":1705214012},{"arcs":[[-45,-41,46,47]],"type":"Polygon","properties":{"adm1_psgc":1700000000,"adm2_psgc":1705200000,"adm3_psgc":1705214000,"adm4_psgc":1705214013,"adm4_en":"Leuteboro II","geo_level":"Bgy","len_crs":9947,"area_crs":4468433,"len_km":9,"area_km2":4},"id":1705214013},{"arcs":[[48,-33,-7,49]],"type":"Polygon","properties":{"adm1_psgc":1700000000,"adm2_psgc":1705200000,"adm3_psgc":1705214000,"adm4_psgc":1705214014,"adm4_en":"Mabuhay I","geo_level":"Bgy","len_crs":9827,"area_crs":4832799,"len_km":9,"area_km2":4},"id":1705214014},{"arcs":[[-28,50,-30,-15]],"type":"Polygon","properties":{"adm1_psgc":1700000000,"adm2_psgc":1705200000,"adm3_psgc":1705214000,"adm4_psgc":1705214015,"adm4_en":"Malugay","geo_level":"Bgy","len_crs":10612,"area_crs":5952522,"len_km":10,"area_km2":5},"id":1705214015},{"arcs":[[-48,51,52,53,54]],"type":"Polygon","properties":{"adm1_psgc":1700000000,"adm2_psgc":1705200000,"adm3_psgc":1705214000,"adm4_psgc":1705214016,"adm4_en":"Matungao","geo_level":"Bgy","len_crs":10860,"area_crs":6104540,"len_km":10,"area_km2":6},"id":1705214016},{"arcs":[[-39,-32,55,-34,56]],"type":"Polygon","properties":{"adm1_psgc":1700000000,"adm2_psgc":1705200000,"adm3_psgc":1705214000,"adm4_psgc":1705214017,"adm4_en":"Monteverde","geo_level":"Bgy","len_crs":23584,"area_crs":22748744,"len_km":23,"area_km2":22},"id":1705214017},{"arcs":[[57,-9,-38,58,59]],"type":"Polygon","properties":{"adm1_psgc":1700000000,"adm2_psgc":1705200000,"adm3_psgc":1705214000,"adm4_psgc":1705214018,"adm4_en":"Pasi I","geo_level":"Bgy","len_crs":7136,"area_crs":2393581,"len_km":7,"area_km2":2},"id":1705214018},{"arcs":[[-10,-58,60]],"type":"Polygon","properties":{"adm1_psgc":1700000000,"adm2_psgc":1705200000,"adm3_psgc":1705214000,"adm4_psgc":1705214019,"adm4_en":"Pasi II","geo_level":"Bgy","len_crs":2958,"area_crs":445910,"len_km":2,"area_km2":0},"id":1705214019},{"arcs":[[61,62,-43,-3]],"type":"Polygon","properties":{"adm1_psgc":1700000000,"adm2_psgc":1705200000,"adm3_psgc":1705214000,"adm4_psgc":1705214020,"adm4_en":"Zone I","geo_level":"Bgy","len_crs":4627,"area_crs":1040287,"len_km":4,"area_km2":1},"id":1705214020},{"arcs":[[-25,63,-62,-2]],"type":"Polygon","properties":{"adm1_psgc":1700000000,"adm2_psgc":1705200000,"adm3_psgc":1705214000,"adm4_psgc":1705214021,"adm4_en":"Zone II","geo_level":"Bgy","len_crs":3265,"area_crs":670695,"len_km":3,"area_km2":0},"id":1705214021},{"arcs":[[-24,-19,64,-64]],"type":"Polygon","properties":{"adm1_psgc":1700000000,"adm2_psgc":1705200000,"adm3_psgc":1705214000,"adm4_psgc":1705214022,"adm4_en":"Zone III","geo_level":"Bgy","len_crs":2881,"area_crs":475625,"len_km":2,"area_km2":0},"id":1705214022},{"arcs":[[-65,-23,-44,-63]],"type":"Polygon","properties":{"adm1_psgc":1700000000,"adm2_psgc":1705200000,"adm3_psgc":1705214000,"adm4_psgc":1705214023,"adm4_en":"Zone IV","geo_level":"Bgy","len_crs":3672,"area_crs":673152,"len_km":3,"area_km2":0},"id":1705214023},{"arcs":[[-54,65,66]],"type":"Polygon","properties":{"adm1_psgc":1700000000,"adm2_psgc":1705200000,"adm3_psgc":1705214000,"adm4_psgc":1705214024,"adm4_en":"Santo Domingo","geo_level":"Bgy","len_crs":11142,"area_crs":4698008,"len_km":11,"area_km2":4},"id":1705214024},{"arcs":[[-47,-40,-57,-49,-52]],"type":"Polygon","properties":{"adm1_psgc":1700000000,"adm2_psgc":1705200000,"adm3_psgc":1705214000,"adm4_psgc":1705214025,"adm4_en":"Subaan","geo_level":"Bgy","len_crs":14673,"area_crs":9068721,"len_km":14,"area_km2":9},"id":1705214025},{"arcs":[[-36,67,68]],"type":"Polygon","properties":{"adm1_psgc":1700000000,"adm2_psgc":1705200000,"adm3_psgc":1705214000,"adm4_psgc":1705214027,