{"type":"Topology","arcs":[[[786,208],[-37,-33]],[[749,175],[3,109]],[[752,284],[34,-76]],[[557,630],[91,-67]],[[648,563],[1,-19]],[[649,544],[-173,-34]],[[476,510],[0,42]],[[476,552],[39,78]],[[515,630],[42,0]],[[479,598],[-96,-3]],[[383,595],[-14,0]],[[369,595],[-2,45]],[[367,640],[98,10]],[[465,650],[14,-52]],[[610,455],[-26,-32]],[[584,423],[-49,-5]],[[535,418],[-10,18]],[[525,436],[-18,30]],[[507,466],[103,-11]],[[535,418],[-10,18]],[[870,203],[-73,-13]],[[797,190],[-11,18]],[[752,284],[0,44]],[[752,328],[17,13]],[[769,341],[67,9]],[[836,350],[34,-147]],[[461,663],[4,-13]],[[367,640],[-1,168]],[[366,808],[95,-145]],[[383,595],[15,-176]],[[398,419],[-83,74]],[[315,493],[-2,74]],[[313,567],[56,28]],[[479,598],[-3,-46]],[[476,510],[0,-17]],[[476,493],[-78,-74]],[[273,566],[40,1]],[[315,493],[-107,38]],[[208,531],[65,35]],[[501,640],[14,-10]],[[461,663],[40,-23]],[[769,341],[-48,71]],[[721,412],[6,20]],[[727,432],[86,20]],[[813,452],[23,-102]],[[208,531],[-130,55]],[[78,586],[81,174]],[[159,760],[98,68]],[[257,828],[16,-262]],[[843,49],[2,-48]],[[845,1],[-163,-1],[9,64]],[[691,64],[109,1]],[[800,65],[43,-16]],[[765,705],[-71,-24]],[[694,681],[-23,96]],[[671,777],[94,-72]],[[694,681],[-24,-6]],[[670,675],[-44,93]],[[626,768],[45,9]],[[970,40],[-127,9]],[[800,65],[-3,125]],[[870,203],[124,-32],[-24,-131]],[[367,820],[-1,-12]],[[257,828],[110,-8]],[[564,761],[-8,-110]],[[556,651],[-37,-1]],[[519,650],[-23,119]],[[496,769],[68,-8]],[[808,518],[-116,-26]],[[692,492],[-16,63]],[[676,555],[112,36]],[[788,591],[20,-73]],[[808,518],[5,-66]],[[727,432],[-41,55]],[[686,487],[6,5]],[[784,619],[4,-28]],[[676,555],[-27,-11]],[[648,563],[28,88]],[[676,651],[108,-32]],[[519,650],[-18,-10]],[[367,820],[129,-51]],[[556,651],[1,-21]],[[670,675],[6,-24]],[[564,761],[62,7]],[[686,487],[-76,-32]],[[507,466],[-31,27]],[[970,40],[-125,-39]],[[78,586],[-78,189],[159,-15]],[[721,412],[-78,-8]],[[643,404],[-59,19]],[[765,705],[19,-86]],[[752,328],[-109,76]],[[691,64],[58,111]]],"transform":{"scale":[0.00014142579275654515,0.00012588835024156595],"translate":[120.14400125200005,15.940801122000035]},"objects":{"bgysubmuns-municity-105522000":{"type":"GeometryCollection","geometries":[{"arcs":[[0,1,2]],"type":"Polygon","properties":{"adm1_psgc":100000000,"adm2_psgc":105500000,"adm3_psgc":105522000,"adm4_psgc":105522001,"adm4_en":"Aliwekwek","geo_level":"Bgy","len_crs":4918,"area_crs":1456595,"len_km":4,"area_km2":1},"id":105522001},{"arcs":[[3,4,5,6,7,8]],"type":"Polygon","properties":{"adm1_psgc":100000000,"adm2_psgc":105500000,"adm3_psgc":105522000,"adm4_psgc":105522002,"adm4_en":"Baay","geo_level":"Bgy","len_crs":7274,"area_crs":2610426,"len_km":7,"area_km2":2},"id":105522002},{"arcs":[[9,10,11,12,13]],"type":"Polygon","properties":{"adm1_psgc":100000000,"adm2_psgc":105500000,"adm3_psgc":105522000,"adm4_psgc":105522003,"adm4_en":"Balangobong","geo_level":"Bgy","len_crs":5555,"area_crs":1181414,"len_km":5,"area_km2":1},"id":105522003},{"arcs":[[14,15,16,17,18]],"type":"Polygon","properties":{"adm1_psgc":100000000,"adm2_psgc":105500000,"adm3_psgc":105522000,"adm4_psgc":105522004,"adm4_en":"Balococ","geo_level":"Bgy","len_crs":3863,"area_crs":790315,"len_km":3,"area_km2":0},"id":105522004},{"arcs":[[19,-17]],"type":"Polygon","properties":{"adm1_psgc":100000000,"adm2_psgc":105500000,"adm3_psgc":105522000,"adm4_psgc":105522006,"adm4_en":"Bantayan","geo_level":"Bgy","len_crs":6019,"area_crs":2044581,"len_km":6,"area_km2":2},"id":105522006},{"arcs":[[20,21,-3,22,23,24,25]],"type":"Polygon","properties":{"adm1_psgc":100000000,"adm2_psgc":105500000,"adm3_psgc":105522000,"adm4_psgc":105522007,"adm4_en":"Basing","geo_level":"Bgy","len_crs":6783,"area_crs":2513359,"len_km":6,"area_km2":2},"id":105522007},{"arcs":[[26,-13,27,28]],"type":"Polygon","properties":{"adm1_psgc":100000000,"adm2_psgc":105500000,"adm3_psgc":105522000,"adm4_psgc":105522008,"adm4_en":"Capandanan","geo_level":"Bgy","len_crs":6631,"area_crs":2177267,"len_km":6,"area_km2":2},"id":105522008},{"arcs":[[29,30,31,32,-11]],"type":"Polygon","properties":{"adm1_psgc":100000000,"adm2_psgc":105500000,"adm3_psgc":105522000,"adm4_psgc":105522009,"adm4_en":"Domalandan Center","geo_level":"Bgy","len_crs":6427,"area_crs":1940542,"len_km":6,"area_km2":1},"id":105522009},{"arcs":[[33,-7,34,35,-30,-10]],"type":"Polygon","properties":{"adm1_psgc":100000000,"adm2_psgc":105500000,"adm3_psgc":105522000,"adm4_psgc":105522010,"adm4_en":"Domalandan East","geo_level":"Bgy","len_crs":8383,"area_crs":2624622,"len_km":8,"area_km2":2},"id":105522010},{"arcs":[[36,-32,37,38]],"type":"Polygon","properties":{"adm1_psgc":100000000,"adm2_psgc":105500000,"adm3_psgc":105522000,"adm4_psgc":105522011,"adm4_en":"Domalandan West","geo_level":"Bgy","len_crs":4919,"area_crs":1101258,"len_km":4,"area_km2":1},"id":105522011},{"arcs":[[39,-8,-34,-14,-27,40]],"type":"Polygon","properties":{"adm1_psgc":100000000,"adm2_psgc":105500000,"adm3_psgc":105522000,"adm4_psgc":105522013,"adm4_en":"Dorongan","geo_level":"Bgy","len_crs":3927,"area_crs":615903,"len_km":3,"area_km2":0},"id":105522013},{"arcs":[[-25,41,42,43,44]],"type":"Polygon","properties":{"adm1_psgc":100000000,"adm2_psgc":105500000,"adm3_psgc":105522000,"adm4_psgc":105522014,"adm4_en":"Dulag","geo_level":"Bgy","len_crs":5494,"area_crs":1662038,"len_km":5,"area_km2":1},"id":105522014},{"arcs":[[-39,45,46,47,48]],"type":"Polygon","properties":{"adm1_psgc":100000000,"adm2_psgc":105500000,"adm3_psgc":105522000,"adm4_psgc":105522015,"adm4_en":"Estanza","geo_level":"Bgy","len_crs":12315,"area_crs":7141659,"len_km":12,"area_km2":7},"id":105522015},{"arcs":[[49,50,51,52]],"type":"Polygon","properties":{"adm1_psgc":100000000,"adm2_psgc":105500000,"adm3_psgc":105522000,"adm4_psgc":105522016,"adm4_en":"Lasip","geo_level":"Bgy","len_crs":6528,"area_crs":2301835,"len_km":6,"area_km2":2},"id":105522016},{"arcs":[[53,54,55]],"type":"Polygon","properties":{"adm1_psgc":100000000,"adm2_psgc":105500000,"adm3_psgc":105522000,"adm4_psgc":105522017,"adm4_en":"Libsong East","geo_level":"Bgy","len_crs":5107,"area_crs":1613728,"len_km":5,"area_km2":1},"id":105522017},{"arcs":[[56,57,58,-55]],"type":"Polygon","properties":{"adm1_psgc":100000000,"adm2_psgc":105500000,"adm3_psgc":105522000,"adm4_psgc":105522018,"adm4_en":"Libsong West","geo_level":"Bgy","len_crs":4580,"area_crs":1046496,"len_km":4,"area_km2":1},"id":105522018},{"arcs":[[59,-53,60,-21,61]],"type":"Polygon","properties":{"adm1_psgc":100000000,"adm2_psgc":105500000,"adm3_psgc":105522000,"adm4_psgc":105522019,"adm4_en":"Malawa","geo_level":"Bgy","len_crs":11751,"area_crs":5490659,"len_km":11,"area_km2":5},"id":105522019},{"arcs":[[62,-28,-12,-33,-37,-49,63]],"type":"Polygon","properties":{"adm1_psgc":100000000,"adm2_psgc":105500000,"adm3_psgc":105522000,"adm4_psgc":105522020,"adm4_en":"Malimpuec","geo_level":"Bgy","len_crs":10784,"area_crs":5415655,"len_km":10,"area_km2":5},"id":105522020},{"arcs":[[64,65,66,67]],"type":"Polygon","properties":{"adm1_psgc":100000000,"adm2_psgc":105500000,"adm3_psgc":105522000,"adm4_psgc":105522021,"adm4_en":"Maniboc","geo_level":"Bgy","len_crs":5496,"area_crs":1320178,"len_km":5,"area_km2":1},"id":105522021},{"arcs":[[68,69,70,71]],"type":"Polygon","properties":{"adm1_psgc":100000000,"adm2_psgc":105500000,"adm3_psgc":105522000,"adm4_psgc":105522022,"adm4_en":"Matalava","geo_level":"Bgy","len_crs":5904,"area_crs":1647412,"len_km":5,"area_km2":1},"id":105522022},{"arcs":[[72,-44,73,74,-69]],"type":"Polygon","properties":{"adm1_psgc":100000000,"adm2_psgc":105500000,"adm3_psgc":105522000,"adm4_psgc":105522023,"adm4_en":"Naguelguel","geo_level":"Bgy","len_crs":5482,"area_crs":1559476,"len_km":5,"area_km2":1},"id":105522023},{"arcs":[[75,-71,76,-5,77,78]],"type":"Polygon","properties":{"adm1_psgc":100000000,"adm2_psgc":105500000,"adm3_psgc":105522000,"adm4_psgc":105522025,"adm4_en":"Namolan","geo_level":"Bgy","len_crs":6082,"area_crs":1988498,"len_km":6,"area_km2":1},"id":105522025},{"arcs":[[-67,79,-41,-29,-63,80]],"type":"Polygon",