{"type":"Topology","arcs":[[[157,415],[-31,-5]],[[126,410],[-69,34]],[[57,444],[82,27]],[[139,471],[18,-56]],[[486,389],[-51,-102]],[[435,287],[-85,62]],[[350,349],[-11,34]],[[339,383],[70,51]],[[409,434],[77,-45]],[[409,434],[-4,34]],[[405,468],[-17,26]],[[388,494],[124,42]],[[512,536],[-26,-147]],[[339,383],[-20,29]],[[319,412],[4,24]],[[323,436],[28,40]],[[351,476],[54,-8]],[[350,349],[-40,-15]],[[310,334],[-28,20]],[[282,354],[37,58]],[[211,275],[-87,-50]],[[124,225],[-42,54]],[[82,279],[60,75]],[[142,354],[69,-79]],[[285,608],[35,-103]],[[320,505],[-51,-11]],[[269,494],[-47,25]],[[222,519],[-19,95]],[[203,614],[82,-6]],[[310,334],[-20,-83]],[[290,251],[-30,-4]],[[260,247],[-49,28]],[[211,275],[-14,81]],[[197,356],[85,-2]],[[203,402],[-6,-46]],[[142,354],[-16,56]],[[157,415],[46,-13]],[[354,596],[34,-102]],[[351,476],[-31,29]],[[285,608],[69,-12]],[[269,494],[54,-58]],[[203,402],[-17,75]],[[186,477],[-1,39]],[[185,516],[37,3]],[[185,516],[-28,78]],[[157,594],[46,20]],[[260,247],[20,-46]],[[280,201],[-74,-20]],[[206,181],[-57,-14]],[[149,167],[-25,58]],[[297,160],[-35,-33]],[[262,127],[-56,54]],[[280,201],[17,-41]],[[186,477],[-47,-6]],[[57,444],[100,150]],[[404,61],[-65,87]],[[339,148],[59,17]],[[398,165],[6,-104]],[[411,231],[-13,-66]],[[339,148],[-42,12]],[[290,251],[121,-20]],[[142,354],[-142,4]],[[0,358],[57,86]],[[435,287],[-24,-56]],[[262,127],[-43,-127]],[[219,0],[-70,167]],[[354,596],[158,-60]],[[404,61],[-185,-61]],[[82,279],[-82,79]]],"transform":{"scale":[0.0004040149726563247,0.0003314881107491559],"translate":[126.06883513700006,8.307156723000046]},"objects":{"bgysubmuns-municity-1606817000":{"type":"GeometryCollection","geometries":[{"arcs":[[0,1,2,3]],"type":"Polygon","properties":{"adm1_psgc":1600000000,"adm2_psgc":1606800000,"adm3_psgc":1606817000,"adm4_psgc":1606817001,"adm4_en":"Batunan","geo_level":"Bgy","len_crs":10752,"area_crs":5394982,"len_km":10,"area_km2":5},"id":1606817001},{"arcs":[[4,5,6,7,8]],"type":"Polygon","properties":{"adm1_psgc":1600000000,"adm2_psgc":1606800000,"adm3_psgc":1606817000,"adm4_psgc":1606817002,"adm4_en":"Carpenito","geo_level":"Bgy","len_crs":18697,"area_crs":16531650,"len_km":18,"area_km2":16},"id":1606817002},{"arcs":[[-9,9,10,11,12]],"type":"Polygon","properties":{"adm1_psgc":1600000000,"adm2_psgc":1606800000,"adm3_psgc":1606817000,"adm4_psgc":1606817003,"adm4_en":"Kahayagan","geo_level":"Bgy","len_crs":18094,"area_crs":18468933,"len_km":18,"area_km2":18},"id":1606817003},{"arcs":[[-10,-8,13,14,15,16]],"type":"Polygon","properties":{"adm1_psgc":1600000000,"adm2_psgc":1606800000,"adm3_psgc":1606817000,"adm4_psgc":1606817004,"adm4_en":"Lago","geo_level":"Bgy","len_crs":12043,"area_crs":7719169,"len_km":12,"area_km2":7},"id":1606817004},{"arcs":[[-14,-7,17,18,19]],"type":"Polygon","properties":{"adm1_psgc":1600000000,"adm2_psgc":1606800000,"adm3_psgc":1606817000,"adm4_psgc":1606817006,"adm4_en":"Maglambing","geo_level":"Bgy","len_crs":13147,"area_crs":6905667,"len_km":13,"area_km2":6},"id":1606817006},{"arcs":[[20,21,22,23]],"type":"Polygon","properties":{"adm1_psgc":1600000000,"adm2_psgc":1606800000,"adm3_psgc":1606817000,"adm4_psgc":1606817007,"adm4_en":"Maglatab","geo_level":"Bgy","len_crs":15123,"area_crs":13442157,"len_km":15,"area_km2":13},"id":1606817007},{"arcs":[[24,25,26,27,28]],"type":"Polygon","properties":{"adm1_psgc":1600000000,"adm2_psgc":1606800000,"adm3_psgc":1606817000,"adm4_psgc":1606817008,"adm4_en":"Magsaysay","geo_level":"Bgy","len_crs":15940,"area_crs":15430935,"len_km":15,"area_km2":15},"id":1606817008},{"arcs":[[-19,29,30,31,32,33]],"type":"Polygon","properties":{"adm1_psgc":1600000000,"adm2_psgc":1606800000,"adm3_psgc":1606817000,"adm4_psgc":1606817009,"adm4_en":"Malixi","geo_level":"Bgy","len_crs":20083,"area_crs":14802410,"len_km":20,"area_km2":14},"id":1606817009},{"arcs":[[34,-33,-24,35,-1,36]],"type":"Polygon","properties":{"adm1_psgc":1600000000,"adm2_psgc":1606800000,"adm3_psgc":1606817000,"adm4_psgc":1606817010,"adm4_en":"Manambia","geo_level":"Bgy","len_crs":14973,"area_crs":8775853,"len_km":14,"area_km2":8},"id":1606817010},{"arcs":[[37,-11,-17,38,-25,39]],"type":"Polygon","properties":{"adm1_psgc":1600000000,"adm2_psgc":1606800000,"adm3_psgc":1606817000,"adm4_psgc":1606817011,"adm4_en":"Osmeña","geo_level":"Bgy","len_crs":16905,"area_crs":13932349,"len_km":16,"area_km2":13},"id":1606817011},{"arcs":[[40,-15,-20,-34,-35,41,42,43,-27]],"type":"Polygon","properties":{"adm1_psgc":1600000000,"adm2_psgc":1606800000,"adm3_psgc":1606817000,"adm4_psgc":1606817012,"adm4_en":"Poblacion","geo_level":"Bgy","len_crs":25422,"area_crs":23677342,"len_km":25,"area_km2":23},"id":1606817012},{"arcs":[[-44,44,45,-28]],"type":"Polygon","properties":{"adm1_psgc":1600000000,"adm2_psgc":1606800000,"adm3_psgc":1606817000,"adm4_psgc":1606817013,"adm4_en":"Quezon","geo_level":"Bgy","len_crs":10584,"area_crs":6237757,"len_km":10,"area_km2":6},"id":1606817013},{"arcs":[[46,47,48,49,-21,-32]],"type":"Polygon","properties":{"adm1_psgc":1600000000,"adm2_psgc":1606800000,"adm3_psgc":1606817000,"adm4_psgc":1606817014,"adm4_en":"San Vicente","geo_level":"Bgy","len_crs":17588,"area_crs":17302302,"len_km":17,"area_km2":17},"id":1606817014},{"arcs":[[50,51,-48,52]],"type":"Polygon","properties":{"adm1_psgc":1600000000,"adm2_psgc":1606800000,"adm3_psgc":1606817000,"adm4_psgc":1606817015,"adm4_en":"Santa Cruz","geo_level":"Bgy","len_crs":11233,"area_crs":7227522,"len_km":11,"area_km2":7},"id":1606817015},{"arcs":[[-43,53,-3,54,-45]],"type":"Polygon","properties":{"adm1_psgc":1600000000,"adm2_psgc":1606800000,"adm3_psgc":1606817000,"adm4_psgc":1606817016,"adm4_en":"Santa Fe","geo_level":"Bgy","len_crs":17548,"area_crs":13612027,"len_km":17,"area_km2":13},"id":1606817016},{"arcs":[[55,56,57]],"type":"Polygon","properties":{"adm1_psgc":1600000000,"adm2_psgc":1606800000,"adm3_psgc":1606817000,"adm4_psgc":1606817017,"adm4_en":"Santa Juana","geo_level":"Bgy","len_crs":13235,"area_crs":10897989,"len_km":13,"area_km2":10},"id":1606817017},{"arcs":[[58,-57,59,-53,-47,-31,60]],"type":"Polygon","properties":{"adm1_psgc":1600000000,"adm2_psgc":1606800000,"adm3_psgc":1606817000,"adm4_psgc":1606817018,"adm4_en":"Santa Maria","geo_level":"Bgy","len_crs":17587,"area_crs":17261837,"len_km":17,"area_km2":17},"id":1606817018},{"arcs":[[-37,-4,-54,-42]],"type":"Polygon","properties":{"adm1_psgc":1600000000,"adm2_psgc":1606800000,"adm3_psgc":1606817000,"adm4_psgc":1606817019,"adm4_en":"Sayon","geo_level":"Bgy","len_crs":9306,"area_crs":4786301,"len_km":9,"area_km2":4},"id":1606817019},{"arcs":[[-36,61,62,-2]],"type":"Polygon","properties":{"adm1_psgc":1600000000,"adm2_psgc":1606800000,"adm3_psgc":1606817000,"adm4_psgc":1606817020,"adm4_en":"Soriano","geo_level":"Bgy","len_crs":17153,"area_crs":14298154,"len_km":17,"area_km2":14},"id":1606817020},{"arcs":[[63,-61,-30,-18,-6]],"type":"Polygon","properties":{"adm1_psgc":1600000000,"adm2_psgc":1606800000,"adm3_psgc":1606817000,"adm4_psgc":1606817021,"adm4_en":"Tagongon","geo_level":"Bgy","len_crs":18571,"area_crs":18261833,"len_km":18,"area_km2":18},"id":1606817021},{"arcs":[[-16,-41,-26,-39]],"type":"Polygon","properties":{"adm1_psgc":1600000000,"adm2_psgc":1606800000,"adm3_psgc":1606817000,"adm4_psgc":1606817022,"adm4_en":"Trinidad","geo_level":"Bgy","len_crs":9575,"area_crs":5356371,"len_km":9,"area_km2":5},"id":1606817022},{"arcs":[[64,65,-49,-52]],"type":"Polygon","properties":{"adm1_psgc":1600000000,"adm2_psgc":1606800000,"adm3_psgc":1606817000,"adm4_psgc":1606817023,"adm4_en":"Ugoban","geo_level":"Bgy","len_crs":20714,"area_crs":26726813,"len_km":20,"area_km2":26},"id":1606817023},{"arcs":[[-12,-38,66]],"type":"Polygon","properties":{"adm1_psgc":1600000000,"adm2_psgc":1606800000,"adm3_psgc":1606817000,"adm4_psgc":1606817024,"adm4_en":"Villaverde","geo_level":"Bgy","len_crs":21833,"area_crs":23982224,"len_km":21,"area_km2":23},"id":1606817024},{"arcs":[[-56,67,-65,-51,-60]],"type":"Polygon","properties":{"adm1_psgc":1600000000,"adm2_psgc":1606800000,