{"type":"Topology","arcs":[[[547,314],[-30,-25]],[[517,289],[-66,16]],[[451,305],[-9,14]],[[442,319],[14,28]],[[456,347],[53,14]],[[509,361],[38,-47]],[[398,451],[29,-85]],[[427,366],[-15,-10]],[[412,356],[-143,69]],[[269,425],[94,55]],[[363,480],[35,-29]],[[395,254],[51,-29]],[[446,225],[16,-69]],[[462,156],[-66,-66]],[[396,90],[-65,114]],[[331,204],[49,49]],[[380,253],[15,1]],[[618,268],[-63,49]],[[555,317],[37,30]],[[592,347],[26,-79]],[[0,381],[163,-186]],[[163,195],[-53,-66]],[[110,129],[-102,89],[-8,163]],[[412,356],[20,-31]],[[432,325],[-6,-32]],[[426,293],[-143,58]],[[283,351],[-41,62]],[[242,413],[27,12]],[[213,78],[-31,-29]],[[182,49],[-72,80]],[[163,195],[50,-117]],[[396,90],[-12,-28]],[[384,62],[-67,126]],[[317,188],[14,16]],[[426,293],[-1,-3]],[[425,290],[-30,-36]],[[380,253],[-97,98]],[[618,268],[-108,-36]],[[510,232],[-12,27]],[[498,259],[19,30]],[[547,314],[8,3]],[[303,170],[-49,-55]],[[254,115],[-33,-48]],[[221,67],[-8,11]],[[0,381],[186,10]],[[186,391],[117,-221]],[[221,67],[75,-67]],[[296,0],[-114,49]],[[510,232],[-48,-76]],[[446,225],[1,57]],[[447,282],[51,-23]],[[313,18],[-17,-18]],[[254,115],[59,-97]],[[432,325],[10,-6]],[[451,305],[-4,-23]],[[447,282],[-22,8]],[[384,62],[-71,-44]],[[303,170],[14,18]],[[493,411],[16,-50]],[[456,347],[-29,19]],[[398,451],[95,-40]],[[493,411],[2,3]],[[495,414],[97,-67]],[[363,480],[132,-66]],[[186,391],[56,22]]],"transform":{"scale":[0.00021421202750808484,0.00015205368125006762],"translate":[123.40345823100006,13.586789895000036]},"objects":{"bgysubmuns-municity-501736000":{"type":"GeometryCollection","geometries":[{"arcs":[[0,1,2,3,4,5]],"type":"Polygon","properties":{"adm1_psgc":500000000,"adm2_psgc":501700000,"adm3_psgc":501736000,"adm4_psgc":501736001,"adm4_en":"Abo","geo_level":"Bgy","len_crs":6309,"area_crs":1898407,"len_km":6,"area_km2":1},"id":501736001},{"arcs":[[6,7,8,9,10]],"type":"Polygon","properties":{"adm1_psgc":500000000,"adm2_psgc":501700000,"adm3_psgc":501736000,"adm4_psgc":501736002,"adm4_en":"Cabalinadan","geo_level":"Bgy","len_crs":10435,"area_crs":3378915,"len_km":10,"area_km2":3},"id":501736002},{"arcs":[[11,12,13,14,15,16]],"type":"Polygon","properties":{"adm1_psgc":500000000,"adm2_psgc":501700000,"adm3_psgc":501736000,"adm4_psgc":501736003,"adm4_en":"Caraycayon","geo_level":"Bgy","len_crs":8970,"area_crs":4633015,"len_km":8,"area_km2":4},"id":501736003},{"arcs":[[17,18,19]],"type":"Polygon","properties":{"adm1_psgc":500000000,"adm2_psgc":501700000,"adm3_psgc":501736000,"adm4_psgc":501736004,"adm4_en":"Casuna","geo_level":"Bgy","len_crs":4800,"area_crs":1104585,"len_km":4,"area_km2":1},"id":501736004},{"arcs":[[20,21,22]],"type":"Polygon","properties":{"adm1_psgc":500000000,"adm2_psgc":501700000,"adm3_psgc":501736000,"adm4_psgc":501736005,"adm4_en":"Consocep","geo_level":"Bgy","len_crs":13591,"area_crs":8413844,"len_km":13,"area_km2":8},"id":501736005},{"arcs":[[23,24,25,26,27,-9]],"type":"Polygon","properties":{"adm1_psgc":500000000,"adm2_psgc":501700000,"adm3_psgc":501736000,"adm4_psgc":501736006,"adm4_en":"Coyaoyao","geo_level":"Bgy","len_crs":11938,"area_crs":3379208,"len_km":11,"area_km2":3},"id":501736006},{"arcs":[[28,29,-22,30]],"type":"Polygon","properties":{"adm1_psgc":500000000,"adm2_psgc":501700000,"adm3_psgc":501736000,"adm4_psgc":501736007,"adm4_en":"Gaao","geo_level":"Bgy","len_crs":7429,"area_crs":2691937,"len_km":7,"area_km2":2},"id":501736007},{"arcs":[[31,32,33,-15]],"type":"Polygon","properties":{"adm1_psgc":500000000,"adm2_psgc":501700000,"adm3_psgc":501736000,"adm4_psgc":501736008,"adm4_en":"Gingaroy","geo_level":"Bgy","len_crs":7100,"area_crs":1575828,"len_km":7,"area_km2":1},"id":501736008},{"arcs":[[34,35,-17,36,-26]],"type":"Polygon","properties":{"adm1_psgc":500000000,"adm2_psgc":501700000,"adm3_psgc":501736000,"adm4_psgc":501736009,"adm4_en":"Gubat","geo_level":"Bgy","len_crs":8256,"area_crs":2789546,"len_km":8,"area_km2":2},"id":501736009},{"arcs":[[37,38,39,-1,40,-18]],"type":"Polygon","properties":{"adm1_psgc":500000000,"adm2_psgc":501700000,"adm3_psgc":501736000,"adm4_psgc":501736010,"adm4_en":"Huyonhuyon","geo_level":"Bgy","len_crs":8121,"area_crs":3098804,"len_km":8,"area_km2":3},"id":501736010},{"arcs":[[41,42,43,-31,-21,44,45]],"type":"Polygon","properties":{"adm1_psgc":500000000,"adm2_psgc":501700000,"adm3_psgc":501736000,"adm4_psgc":501736011,"adm4_en":"Libod","geo_level":"Bgy","len_crs":19980,"area_crs":13826066,"len_km":19,"area_km2":13},"id":501736011},{"arcs":[[46,47,-29,-44]],"type":"Polygon","properties":{"adm1_psgc":500000000,"adm2_psgc":501700000,"adm3_psgc":501736000,"adm4_psgc":501736012,"adm4_en":"Mabalodbalod","geo_level":"Bgy","len_crs":10433,"area_crs":4280624,"len_km":10,"area_km2":4},"id":501736012},{"arcs":[[-39,48,-13,49,50]],"type":"Polygon","properties":{"adm1_psgc":500000000,"adm2_psgc":501700000,"adm3_psgc":501736000,"adm4_psgc":501736013,"adm4_en":"May-Anao","geo_level":"Bgy","len_crs":5883,"area_crs":2022581,"len_km":5,"area_km2":2},"id":501736013},{"arcs":[[51,-47,-43,52]],"type":"Polygon","properties":{"adm1_psgc":500000000,"adm2_psgc":501700000,"adm3_psgc":501736000,"adm4_psgc":501736014,"adm4_en":"Panagan","geo_level":"Bgy","len_crs":6805,"area_crs":2064235,"len_km":6,"area_km2":2},"id":501736014},{"arcs":[[53,-3,54,55,-35,-25]],"type":"Polygon","properties":{"adm1_psgc":500000000,"adm2_psgc":501700000,"adm3_psgc":501736000,"adm4_psgc":501736015,"adm4_en":"Poblacion","geo_level":"Bgy","len_crs":2604,"area_crs":262719,"len_km":2,"area_km2":0},"id":501736015},{"arcs":[[56,-53,-42,57,-33]],"type":"Polygon","properties":{"adm1_psgc":500000000,"adm2_psgc":501700000,"adm3_psgc":501736000,"adm4_psgc":501736016,"adm4_en":"Salvacion","geo_level":"Bgy","len_crs":10356,"area_crs":3960653,"len_km":10,"area_km2":3},"id":501736016},{"arcs":[[58,-5,59,-7,60]],"type":"Polygon","properties":{"adm1_psgc":500000000,"adm2_psgc":501700000,"adm3_psgc":501736000,"adm4_psgc":501736018,"adm4_en":"San Antonio","geo_level":"Bgy","len_crs":7577,"area_crs":2497314,"len_km":7,"area_km2":2},"id":501736018},{"arcs":[[-4,-54,-24,-8,-60]],"type":"Polygon","properties":{"adm1_psgc":500000000,"adm2_psgc":501700000,"adm3_psgc":501736000,"adm4_psgc":501736019,"adm4_en":"San Francisco","geo_level":"Bgy","len_crs":2890,"area_crs":495467,"len_km":2,"area_km2":0},"id":501736019},{"arcs":[[-19,-41,-6,-59,61,62]],"type":"Polygon","properties":{"adm1_psgc":500000000,"adm2_psgc":501700000,"adm3_psgc":501736000,"adm4_psgc":501736020,"adm4_en":"San Miguel","geo_level":"Bgy","len_crs":7580,"area_crs":2411484,"len_km":7,"area_km2":2},"id":501736020},{"arcs":[[-62,-61,-11,63]],"type":"Polygon","properties":{"adm1_psgc":500000000,"adm2_psgc":501700000,"adm3_psgc":501736000,"adm4_psgc":501736021,"adm4_en":"San Rafael","geo_level":"Bgy","len_crs":8994,"area_crs":3594000,"len_km":8,"area_km2":3},"id":501736021},{"arcs":[[-50,-12,-36,-56]],"type":"Polygon","properties":{"adm1_psgc":500000000,"adm2_psgc":501700000,"adm3_psgc":501736000,"adm4_psgc":501736022,"adm4_en":"Talojongon","geo_level":"Bgy","len_crs":3804,"area_crs":776755,"len_km":3,"area_km2":0},"id":501736022},{"arcs":[[-37,-16,-34,-58,-46,64,-27]],"type":"Polygon","properties":{"adm1_psgc":500000000,"adm2_psgc":501700000,"adm3_psgc":501736000,"adm4_psgc":501736023,"adm4_en":"Tinawagan","geo_level":"Bgy","len_crs":12774,"area_crs":7944983,"len_km":12,"area_km2":7},"id":501736023},{"arcs":[[-40,-51,-55,-2]],"type":"Polygon","properties":{"adm1_psgc":500000000,"adm2_psgc":501700000,"adm3_psgc":501736000,"adm4_psgc":501736024,"adm4_en":"Vinagre","geo_level":"Bgy","len_crs":4370,"area_crs":743758,"len_km":4,"area_km2":0},"id":501736024}]}}}