{"type":"Topology","arcs":[[[307,552],[-62,-113]],[[245,439],[-25,-14]],[[220,425],[-14,-5]],[[206,420],[39,121]],[[245,541],[62,11]],[[363,636],[-118,-44]],[[245,592],[-24,-18]],[[221,574],[-60,13]],[[161,587],[262,105]],[[423,692],[-60,-56]],[[517,405],[-138,-59]],[[379,346],[23,45]],[[402,391],[115,14]],[[170,497],[3,-7]],[[173,490],[-17,5]],[[156,495],[14,2]],[[173,490],[0,-3]],[[173,487],[-17,6]],[[156,493],[0,2]],[[173,487],[-1,-3]],[[172,484],[-16,7]],[[156,491],[0,2]],[[172,484],[-2,-3]],[[170,481],[-15,7]],[[155,488],[1,3]],[[170,481],[-1,-2]],[[169,479],[-14,9]],[[221,574],[-51,-77]],[[169,479],[-43,-82]],[[126,397],[-107,15]],[[19,412],[142,175]],[[484,655],[-198,-195]],[[286,460],[-41,-21]],[[307,552],[56,84]],[[423,692],[61,-37]],[[286,460],[1,-8]],[[287,452],[-67,-130]],[[220,322],[-7,0]],[[213,322],[7,103]],[[524,404],[-7,1]],[[402,391],[-60,44]],[[342,435],[-55,17]],[[484,655],[40,-251]],[[126,397],[5,-3]],[[131,394],[25,-80]],[[156,314],[-156,2]],[[0,316],[19,96]],[[156,314],[-1,-6]],[[155,308],[-155,8]],[[213,322],[-55,-39]],[[158,283],[48,137]],[[342,435],[-76,-137]],[[266,298],[-25,1]],[[241,299],[-21,23]],[[437,313],[75,-53],[-31,-260],[-145,52],[-56,172]],[[280,224],[73,63]],[[353,287],[9,39]],[[362,326],[75,-13]],[[524,404],[-87,-91]],[[362,326],[17,20]],[[266,298],[87,-11]],[[280,224],[-39,75]],[[245,541],[0,51]],[[206,420],[-75,-26]],[[158,283],[-3,25]]],"transform":{"scale":[0.00037423081297712114,0.000267556684971047],"translate":[122.98103987800005,10.474484732000064]},"objects":{"bgysubmuns-municity-604520000":{"type":"GeometryCollection","geometries":[{"arcs":[[0,1,2,3,4]],"type":"Polygon","properties":{"adm1_psgc":600000000,"adm2_psgc":604500000,"adm3_psgc":604520000,"adm4_psgc":604520001,"adm4_en":"Abo-abo","geo_level":"Bgy","len_crs":21502,"area_crs":8218227,"len_km":21,"area_km2":8},"id":604520001},{"arcs":[[5,6,7,8,9]],"type":"Polygon","properties":{"adm1_psgc":600000000,"adm2_psgc":604500000,"adm3_psgc":604520000,"adm4_psgc":604520002,"adm4_en":"Alegria","geo_level":"Bgy","len_crs":24767,"area_crs":9030205,"len_km":24,"area_km2":9},"id":604520002},{"arcs":[[10,11,12]],"type":"Polygon","properties":{"adm1_psgc":600000000,"adm2_psgc":604500000,"adm3_psgc":604520000,"adm4_psgc":604520003,"adm4_en":"Amayco","geo_level":"Bgy","len_crs":17902,"area_crs":10266727,"len_km":17,"area_km2":10},"id":604520003},{"arcs":[[13,14,15]],"type":"Polygon","properties":{"adm1_psgc":600000000,"adm2_psgc":604500000,"adm3_psgc":604520000,"adm4_psgc":604520004,"adm4_en":"Zone I","geo_level":"Bgy","len_crs":1844,"area_crs":86060,"len_km":1,"area_km2":0},"id":604520004},{"arcs":[[16,17,18,-15]],"type":"Polygon","properties":{"adm1_psgc":600000000,"adm2_psgc":604500000,"adm3_psgc":604520000,"adm4_psgc":604520005,"adm4_en":"Zone II","geo_level":"Bgy","len_crs":1606,"area_crs":67154,"len_km":1,"area_km2":0},"id":604520005},{"arcs":[[19,20,21,-18]],"type":"Polygon","properties":{"adm1_psgc":600000000,"adm2_psgc":604500000,"adm3_psgc":604520000,"adm4_psgc":604520006,"adm4_en":"Zone III","geo_level":"Bgy","len_crs":1664,"area_crs":67489,"len_km":1,"area_km2":0},"id":604520006},{"arcs":[[22,23,24,-21]],"type":"Polygon","properties":{"adm1_psgc":600000000,"adm2_psgc":604500000,"adm3_psgc":604520000,"adm4_psgc":604520007,"adm4_en":"Zone IV","geo_level":"Bgy","len_crs":1570,"area_crs":58473,"len_km":1,"area_km2":0},"id":604520007},{"arcs":[[25,26,-24]],"type":"Polygon","properties":{"adm1_psgc":600000000,"adm2_psgc":604500000,"adm3_psgc":604520000,"adm4_psgc":604520008,"adm4_en":"Zone V","geo_level":"Bgy","len_crs":1570,"area_crs":54478,"len_km":1,"area_km2":0},"id":604520008},{"arcs":[[-8,27,-16,-19,-22,-25,-27,28,29,30]],"type":"Polygon","properties":{"adm1_psgc":600000000,"adm2_psgc":604500000,"adm3_psgc":604520000,"adm4_psgc":604520009,"adm4_en":"Blumentritt","geo_level":"Bgy","len_crs":29672,"area_crs":26100235,"len_km":29,"area_km2":26},"id":604520009},{"arcs":[[31,32,-1,33,-10,34]],"type":"Polygon","properties":{"adm1_psgc":600000000,"adm2_psgc":604500000,"adm3_psgc":604520000,"adm4_psgc":604520010,"adm4_en":"Buenavista","geo_level":"Bgy","len_crs":30731,"area_crs":20158870,"len_km":30,"area_km2":20},"id":604520010},{"arcs":[[35,36,37,38,-2,-33]],"type":"Polygon","properties":{"adm1_psgc":600000000,"adm2_psgc":604500000,"adm3_psgc":604520000,"adm4_psgc":604520011,"adm4_en":"Caliban","geo_level":"Bgy","len_crs":16904,"area_crs":6297505,"len_km":16,"area_km2":6},"id":604520011},{"arcs":[[39,-13,40,41,-36,-32,42]],"type":"Polygon","properties":{"adm1_psgc":600000000,"adm2_psgc":604500000,"adm3_psgc":604520000,"adm4_psgc":604520012,"adm4_en":"Canlandog","geo_level":"Bgy","len_crs":40816,"area_crs":48724779,"len_km":40,"area_km2":48},"id":604520012},{"arcs":[[43,44,45,46,-30]],"type":"Polygon","properties":{"adm1_psgc":600000000,"adm2_psgc":604500000,"adm3_psgc":604520000,"adm4_psgc":604520013,"adm4_en":"Cansilayan","geo_level":"Bgy","len_crs":20798,"area_crs":12890674,"len_km":20,"area_km2":12},"id":604520013},{"arcs":[[47,48,-46]],"type":"Polygon","properties":{"adm1_psgc":600000000,"adm2_psgc":604500000,"adm3_psgc":604520000,"adm4_psgc":604520014,"adm4_en":"Damsite","geo_level":"Bgy","len_crs":19648,"area_crs":10587851,"len_km":19,"area_km2":10},"id":604520014},{"arcs":[[49,50,-3,-39]],"type":"Polygon","properties":{"adm1_psgc":600000000,"adm2_psgc":604500000,"adm3_psgc":604520000,"adm4_psgc":604520015,"adm4_en":"Iglau-an","geo_level":"Bgy","len_crs":13096,"area_crs":5038183,"len_km":13,"area_km2":5},"id":604520015},{"arcs":[[51,52,53,-37,-42]],"type":"Polygon","properties":{"adm1_psgc":600000000,"adm2_psgc":604500000,"adm3_psgc":604520000,"adm4_psgc":604520018,"adm4_en":"Lopez Jaena","geo_level":"Bgy","len_crs":18060,"area_crs":9178187,"len_km":18,"area_km2":9},"id":604520018},{"arcs":[[54,55,56,57]],"type":"Polygon","properties":{"adm1_psgc":600000000,"adm2_psgc":604500000,"adm3_psgc":604520000,"adm4_psgc":604520019,"adm4_en":"Minoyan","geo_level":"Bgy","len_crs":38852,"area_crs":62253954,"len_km":38,"area_km2":62},"id":604520019},{"arcs":[[58,-58,59,-11,-40]],"type":"Polygon","properties":{"adm1_psgc":600000000,"adm2_psgc":604500000,"adm3_psgc":604520000,"adm4_psgc":604520020,"adm4_en":"Pandanon","geo_level":"Bgy","len_crs":19447,"area_crs":6320228,"len_km":19,"area_km2":6},"id":604520020},{"arcs":[[60,-56,61,-53]],"type":"Polygon","properties":{"adm1_psgc":600000000,"adm2_psgc":604500000,"adm3_psgc":604520000,"adm4_psgc":604520021,"adm4_en":"San Miguel","geo_level":"Bgy","len_crs":14765,"area_crs":7513230,"len_km":14,"area_km2":7},"id":604520021},{"arcs":[[-34,-5,62,-6]],"type":"Polygon","properties":{"adm1_psgc":600000000,"adm2_psgc":604500000,"adm3_psgc":604520000,"adm4_psgc":604520022,"adm4_en":"Santa Cruz","geo_level":"Bgy","len_crs":20340,"area_crs":7997433,"len_km":20,"area_km2":7},"id":604520022},{"arcs":[[-12,-60,-57,-61,-52,-41]],"type":"Polygon","properties":{"adm1_psgc":600000000,"adm2_psgc":604500000,"adm3_psgc":604520000,"adm4_psgc":604520023,"adm4_en":"Santa Rosa","geo_level":"Bgy","len_crs":18882,"area_crs":14245823,"len_km":18,"area_km2":14},"id":604520023},{"arcs":[[-63,-4,63,-44,-29,-26,-23,-20,-17,-14,-28,-7]],"type":"Polygon","properties":{"adm1_psgc":600000000,"adm2_psgc":604500000,"adm3_psgc":604520000,"adm4_psgc":604520024,"adm4_en":"Salvacion","geo_level":"Bgy","len_crs":23067,"area_crs":8160750,"len_km":23,"area_km2":8},"id":604520024},{"arcs":[[-51,64,-48,-45,-64]],"type":"Polygon","properties":{"adm1_psgc":600000000,"adm2_psgc":604500000,"adm3_psgc":604520000,"adm4_psgc":604520025,"adm4_en":"Talotog","geo_level":"Bgy","len_crs":13129,"area_crs":5887498,"len_km":13,"area_km2":5},"id":604520025}]}}}