{"type":"Topology","arcs":[[[493,447],[89,-124]],[[582,323],[-105,-14]],[[477,309],[-32,101]],[[445,410],[-1,35]],[[444,445],[49,2]],[[445,410],[-103,-21]],[[342,389],[-57,19]],[[285,408],[14,76]],[[299,484],[72,21]],[[371,505],[73,-60]],[[320,77],[-8,-38]],[[312,39],[-16,-11]],[[296,28],[-16,-16]],[[280,12],[-36,12]],[[244,24],[26,77]],[[270,101],[50,-24]],[[306,615],[65,-110]],[[299,484],[-151,89]],[[148,573],[73,89]],[[221,662],[85,-47]],[[303,16],[-6,-7]],[[297,9],[-4,1]],[[293,10],[7,9]],[[300,19],[3,-3]],[[393,651],[49,-62]],[[442,589],[-71,-84]],[[306,615],[87,36]],[[563,140],[0,76]],[[563,216],[19,107]],[[582,323],[49,-91],[-68,-92]],[[442,589],[73,-96],[-22,-46]],[[285,408],[-22,-36]],[[263,372],[-165,147]],[[98,519],[50,54]],[[342,389],[45,-100]],[[387,289],[11,-24]],[[398,265],[-159,-26]],[[239,239],[24,133]],[[244,24],[-77,11]],[[167,35],[6,41]],[[173,76],[97,25]],[[381,708],[-75,-93]],[[221,662],[81,100],[79,-54]],[[521,167],[-21,-87]],[[500,80],[-119,-80]],[[381,0],[-53,36]],[[328,36],[9,18]],[[337,54],[148,135]],[[485,189],[36,-22]],[[239,239],[9,-81]],[[248,158],[-79,-15]],[[169,143],[-70,11]],[[99,154],[31,93]],[[130,247],[109,-8]],[[337,54],[-17,23]],[[270,101],[-22,57]],[[398,265],[87,-76]],[[563,216],[-42,-49]],[[387,289],[90,20]],[[167,35],[-61,50]],[[106,85],[67,-9]],[[328,36],[-13,-20]],[[315,16],[-12,0]],[[300,19],[3,4]],[[303,23],[9,16]],[[381,708],[12,-57]],[[169,143],[4,-67]],[[106,85],[-7,69]],[[293,10],[-13,2]],[[296,28],[7,-5]],[[130,247],[-83,78],[-47,105],[98,89]],[[315,16],[-3,-9]],[[312,7],[-15,2]],[[381,0],[-69,7]],[[563,140],[-63,-60]]],"transform":{"scale":[0.0004348623961963638,0.0004519159803149745],"translate":[122.67264201100011,9.355958526000052]},"objects":{"bgysubmuns-municity-704606000":{"type":"GeometryCollection","geometries":[{"arcs":[[0,1,2,3,4]],"type":"Polygon","properties":{"adm1_psgc":700000000,"adm2_psgc":704600000,"adm3_psgc":704606000,"adm4_psgc":704606001,"adm4_en":"Ali-is","geo_level":"Bgy","len_crs":22252,"area_crs":24761475,"len_km":22,"area_km2":24},"id":704606001},{"arcs":[[-4,5,6,7,8,9]],"type":"Polygon","properties":{"adm1_psgc":700000000,"adm2_psgc":704600000,"adm3_psgc":704606000,"adm4_psgc":704606002,"adm4_en":"Banaybanay","geo_level":"Bgy","len_crs":21730,"area_crs":31366085,"len_km":21,"area_km2":31},"id":704606002},{"arcs":[[10,11,12,13,14,15]],"type":"Polygon","properties":{"adm1_psgc":700000000,"adm2_psgc":704600000,"adm3_psgc":704606000,"adm4_psgc":704606003,"adm4_en":"Banga","geo_level":"Bgy","len_crs":15137,"area_crs":9763132,"len_km":15,"area_km2":9},"id":704606003},{"arcs":[[16,-9,17,18,19]],"type":"Polygon","properties":{"adm1_psgc":700000000,"adm2_psgc":704600000,"adm3_psgc":704606000,"adm4_psgc":704606004,"adm4_en":"Villasol","geo_level":"Bgy","len_crs":28670,"area_crs":48540225,"len_km":28,"area_km2":48},"id":704606004},{"arcs":[[20,21,22,23]],"type":"Polygon","properties":{"adm1_psgc":700000000,"adm2_psgc":704600000,"adm3_psgc":704606000,"adm4_psgc":704606005,"adm4_en":"Boyco","geo_level":"Bgy","len_crs":1523,"area_crs":122808,"len_km":1,"area_km2":0},"id":704606005},{"arcs":[[24,25,-17,26]],"type":"Polygon","properties":{"adm1_psgc":700000000,"adm2_psgc":704600000,"adm3_psgc":704606000,"adm4_psgc":704606006,"adm4_en":"Bugay","geo_level":"Bgy","len_crs":25255,"area_crs":26604099,"len_km":25,"area_km2":26},"id":704606006},{"arcs":[[27,28,29]],"type":"Polygon","properties":{"adm1_psgc":700000000,"adm2_psgc":704600000,"adm3_psgc":704606000,"adm4_psgc":704606007,"adm4_en":"Cansumalig","geo_level":"Bgy","len_crs":25546,"area_crs":22859277,"len_km":25,"area_km2":22},"id":704606007},{"arcs":[[-5,-10,-26,30]],"type":"Polygon","properties":{"adm1_psgc":700000000,"adm2_psgc":704600000,"adm3_psgc":704606000,"adm4_psgc":704606008,"adm4_en":"Dawis","geo_level":"Bgy","len_crs":24784,"area_crs":26209541,"len_km":24,"area_km2":26},"id":704606008},{"arcs":[[-8,31,32,33,-18]],"type":"Polygon","properties":{"adm1_psgc":700000000,"adm2_psgc":704600000,"adm3_psgc":704606000,"adm4_psgc":704606009,"adm4_en":"Kalamtukan","geo_level":"Bgy","len_crs":28753,"area_crs":44091277,"len_km":28,"area_km2":44},"id":704606009},{"arcs":[[34,35,36,37,-32,-7]],"type":"Polygon","properties":{"adm1_psgc":700000000,"adm2_psgc":704600000,"adm3_psgc":704606000,"adm4_psgc":704606010,"adm4_en":"Kalumboyan","geo_level":"Bgy","len_crs":26599,"area_crs":42349944,"len_km":26,"area_km2":42},"id":704606010},{"arcs":[[38,39,40,-15]],"type":"Polygon","properties":{"adm1_psgc":700000000,"adm2_psgc":704600000,"adm3_psgc":704606000,"adm4_psgc":704606011,"adm4_en":"Malabugas","geo_level":"Bgy","len_crs":16745,"area_crs":10266265,"len_km":16,"area_km2":10},"id":704606011},{"arcs":[[41,-20,42]],"type":"Polygon","properties":{"adm1_psgc":700000000,"adm2_psgc":704600000,"adm3_psgc":704606000,"adm4_psgc":704606012,"adm4_en":"Mandu-ao","geo_level":"Bgy","len_crs":33176,"area_crs":31937976,"len_km":33,"area_km2":31},"id":704606012},{"arcs":[[43,44,45,46,47,48]],"type":"Polygon","properties":{"adm1_psgc":700000000,"adm2_psgc":704600000,"adm3_psgc":704606000,"adm4_psgc":704606013,"adm4_en":"Maninihon","geo_level":"Bgy","len_crs":29403,"area_crs":38884931,"len_km":29,"area_km2":38},"id":704606013},{"arcs":[[49,50,51,52,53]],"type":"Polygon","properties":{"adm1_psgc":700000000,"adm2_psgc":704600000,"adm3_psgc":704606000,"adm4_psgc":704606014,"adm4_en":"Minaba","geo_level":"Bgy","len_crs":23381,"area_crs":29198916,"len_km":23,"area_km2":29},"id":704606014},{"arcs":[[-48,54,-16,55,-50,-37,56]],"type":"Polygon","properties":{"adm1_psgc":700000000,"adm2_psgc":704600000,"adm3_psgc":704606000,"adm4_psgc":704606015,"adm4_en":"Nangka","geo_level":"Bgy","len_crs":34713,"area_crs":75436855,"len_km":34,"area_km2":75},"id":704606015},{"arcs":[[-29,57,-49,-57,-36,58,-2]],"type":"Polygon","properties":{"adm1_psgc":700000000,"adm2_psgc":704600000,"adm3_psgc":704606000,"adm4_psgc":704606016,"adm4_en":"Narra","geo_level":"Bgy","len_crs":28055,"area_crs":43011618,"len_km":28,"area_km2":43},"id":704606016},{"arcs":[[-40,59,60]],"type":"Polygon","properties":{"adm1_psgc":700000000,"adm2_psgc":704600000,"adm3_psgc":704606000,"adm4_psgc":704606017,"adm4_en":"Pagatban","geo_level":"Bgy","len_crs":11567,"area_crs":6736828,"len_km":11,"area_km2":6},"id":704606017},{"arcs":[[-47,61,62,-24,63,64,-11,-55]],"type":"Polygon","properties":{"adm1_psgc":700000000,"adm2_psgc":704600000,"adm3_psgc":704606000,"adm4_psgc":704606018,"adm4_en":"Poblacion","geo_level":"Bgy","len_crs":9158,"area_crs":2153640,"len_km":9,"area_km2":2},"id":704606018},{"arcs":[[65,-27,-42]],"type":"Polygon","properties":{"adm1_psgc":700000000,"adm2_psgc":704600000,"adm3_psgc":704606000,"adm4_psgc":704606019,"adm4_en":"San Jose","geo_level":"Bgy","len_crs":18323,"area_crs":14086349,"len_km":18,"area_km2":14},"id":704606019},{"arcs":[[66,-61,67,-52]],"type":"Polygon","properties":{"adm1_psgc":700000000,"adm2_psgc":704600000,"adm3_psgc":704606000,"adm4_psgc":704606020,"adm4_en":"San Miguel","geo_level":"Bgy","len_crs":14825,"area_crs":11314440,"len_km":14,"area_km2":11},"id":704606020},{"arcs":[[-41,-67,-51,-56]],"type":"Polygon","properties":{"adm1_psgc":700000000,"adm2_psgc":704600000,"adm3_psgc":704606000,"adm4_psgc":704606021,"adm4_en":"San Roque","geo_level":"Bgy","len_crs":16321,"area_crs":13897927,"len_km":16,"area_km2":13},"id":704606021},{"arcs":[[-64,-23,68,-13,69]],"type":"Polygon","properties":{"adm1_psgc":700000000,"adm2_psgc":704600000,"adm3_psgc":704606000,"adm4_psgc":704606022,"adm4_en":"Suba","geo_level":"Bgy","len_crs":3491,"area_crs":492720,"len_km":3,"area_km2":0},"id":704606022},{"arcs":[[-59,-35,-6,-3]],"type":"Polygon","properties":{"adm1_psgc":700000000,"adm2_psgc":704600000,"adm3_psgc":704606000,"adm4_psgc":704606023,"adm4_en":"Tabuan","geo_level":"Bgy","len_crs":20235,"area_crs":26500386,"len_km":20,"area_km2":26},"id":704606023},{"arcs":[[-38,-54,70,-33]],"type":"Polygon","properties":{"adm1_psgc":700000000,"adm2_psgc":704600000,"adm3_psgc":704606000,