{"type":"Topology","arcs":[[[271,317],[-82,-62]],[[189,255],[-21,-8]],[[168,247],[-20,25]],[[148,272],[27,60]],[[175,332],[77,28]],[[252,360],[19,-43]],[[270,436],[-18,-76]],[[175,332],[1,107]],[[176,439],[94,-3]],[[213,227],[-42,-24]],[[171,203],[-5,5]],[[166,208],[2,39]],[[189,255],[24,-28]],[[166,208],[-15,6]],[[151,214],[-49,56]],[[102,270],[46,2]],[[145,193],[2,-15]],[[147,178],[-43,-44]],[[104,134],[-33,62]],[[71,196],[60,6]],[[131,202],[14,-9]],[[170,169],[-7,-31]],[[163,138],[-59,-4]],[[147,178],[23,-9]],[[234,230],[-61,-40]],[[173,190],[-2,13]],[[213,227],[21,3]],[[173,190],[-28,3]],[[131,202],[20,12]],[[173,190],[-3,-21]],[[325,176],[18,-69]],[[343,107],[-50,6]],[[293,113],[-60,31]],[[233,144],[-47,-10]],[[186,134],[-23,4]],[[234,230],[91,-54]],[[342,215],[146,-12]],[[488,203],[-121,-133]],[[367,70],[-24,37]],[[325,176],[17,39]],[[493,379],[52,-25]],[[545,354],[-26,-152]],[[519,202],[-31,1]],[[342,215],[51,92]],[[393,307],[100,72]],[[271,317],[122,-10]],[[438,854],[-85,-38]],[[353,816],[-128,41]],[[225,857],[17,118],[134,-34],[62,-87]],[[102,270],[-44,-10]],[[58,260],[-58,110],[66,120]],[[66,490],[110,-51]],[[482,461],[-125,23]],[[357,484],[-17,35]],[[340,519],[-12,58]],[[328,577],[29,60]],[[357,637],[37,14]],[[394,651],[83,23]],[[477,674],[5,-213]],[[545,354],[-26,-152]],[[71,196],[-13,64]],[[340,519],[-249,44]],[[91,563],[45,69]],[[136,632],[106,-85],[86,30]],[[233,144],[-19,-28]],[[214,116],[-28,18]],[[367,70],[-2,-27]],[[365,43],[-56,-43]],[[309,0],[-49,63]],[[260,63],[33,50]],[[365,43],[-56,-43]],[[136,632],[27,36]],[[163,668],[194,-31]],[[394,651],[-41,165]],[[438,854],[39,-180]],[[260,63],[-46,53]],[[357,484],[-87,-48]],[[66,490],[25,73]],[[163,668],[62,189]],[[482,461],[11,-82]]],"transform":{"scale":[0.00010893015412861604,0.00010110255794876512],"translate":[121.92312636699998,10.725916012000026]},"objects":{"bgysubmuns-municity-600613000":{"type":"GeometryCollection","geometries":[{"arcs":[[0,1,2,3,4,5]],"type":"Polygon","properties":{"adm1_psgc":600000000,"adm2_psgc":600600000,"adm3_psgc":600613000,"adm4_psgc":600613001,"adm4_en":"Atabay","geo_level":"Bgy","len_crs":4863,"area_crs":934630,"len_km":4,"area_km2":0},"id":600613001},{"arcs":[[6,-5,7,8]],"type":"Polygon","properties":{"adm1_psgc":600000000,"adm2_psgc":600600000,"adm3_psgc":600613000,"adm4_psgc":600613002,"adm4_en":"Badiang","geo_level":"Bgy","len_crs":5786,"area_crs":1834599,"len_km":5,"area_km2":1},"id":600613002},{"arcs":[[9,10,11,-2,12]],"type":"Polygon","properties":{"adm1_psgc":600000000,"adm2_psgc":600600000,"adm3_psgc":600613000,"adm4_psgc":600613003,"adm4_en":"Barangay 1","geo_level":"Bgy","len_crs":2146,"area_crs":242222,"len_km":2,"area_km2":0},"id":600613003},{"arcs":[[-12,13,14,15,-3]],"type":"Polygon","properties":{"adm1_psgc":600000000,"adm2_psgc":600600000,"adm3_psgc":600613000,"adm4_psgc":600613004,"adm4_en":"Barangay 2","geo_level":"Bgy","len_crs":2783,"area_crs":270002,"len_km":2,"area_km2":0},"id":600613004},{"arcs":[[16,17,18,19,20]],"type":"Polygon","properties":{"adm1_psgc":600000000,"adm2_psgc":600600000,"adm3_psgc":600613000,"adm4_psgc":600613005,"adm4_en":"Barangay 3","geo_level":"Bgy","len_crs":2843,"area_crs":453065,"len_km":2,"area_km2":0},"id":600613005},{"arcs":[[21,22,-18,23]],"type":"Polygon","properties":{"adm1_psgc":600000000,"adm2_psgc":600600000,"adm3_psgc":600613000,"adm4_psgc":600613006,"adm4_en":"Barangay 4","geo_level":"Bgy","len_crs":2802,"area_crs":261352,"len_km":2,"area_km2":0},"id":600613006},{"arcs":[[24,25,-10,26]],"type":"Polygon","properties":{"adm1_psgc":600000000,"adm2_psgc":600600000,"adm3_psgc":600613000,"adm4_psgc":600613007,"adm4_en":"Barangay 5","geo_level":"Bgy","len_crs":2345,"area_crs":214438,"len_km":2,"area_km2":0},"id":600613007},{"arcs":[[-14,-11,-26,27,-21,28]],"type":"Polygon","properties":{"adm1_psgc":600000000,"adm2_psgc":600600000,"adm3_psgc":600613000,"adm4_psgc":600613008,"adm4_en":"Barangay 6","geo_level":"Bgy","len_crs":1432,"area_crs":92475,"len_km":1,"area_km2":0},"id":600613008},{"arcs":[[-28,29,-24,-17]],"type":"Polygon","properties":{"adm1_psgc":600000000,"adm2_psgc":600600000,"adm3_psgc":600613000,"adm4_psgc":600613009,"adm4_en":"Barangay 7","geo_level":"Bgy","len_crs":1119,"area_crs":65767,"len_km":1,"area_km2":0},"id":600613009},{"arcs":[[30,31,32,33,34,-22,-30,-25,35]],"type":"Polygon","properties":{"adm1_psgc":600000000,"adm2_psgc":600600000,"adm3_psgc":600613000,"adm4_psgc":600613010,"adm4_en":"Barangay 8","geo_level":"Bgy","len_crs":7325,"area_crs":1445368,"len_km":7,"area_km2":1},"id":600613010},{"arcs":[[36,37,38,-31,39]],"type":"Polygon","properties":{"adm1_psgc":600000000,"adm2_psgc":600600000,"adm3_psgc":600613000,"adm4_psgc":600613011,"adm4_en":"Bariri","geo_level":"Bgy","len_crs":6458,"area_crs":1781489,"len_km":6,"area_km2":1},"id":600613011},{"arcs":[[40,41,42,-37,43,44]],"type":"Polygon","properties":{"adm1_psgc":600000000,"adm2_psgc":600600000,"adm3_psgc":600613000,"adm4_psgc":600613014,"adm4_en":"Bugarot","geo_level":"Bgy","len_crs":8354,"area_crs":2739045,"len_km":8,"area_km2":2},"id":600613014},{"arcs":[[-44,-40,-36,-27,-13,-1,45]],"type":"Polygon","properties":{"adm1_psgc":600000000,"adm2_psgc":600600000,"adm3_psgc":600613000,"adm4_psgc":600613015,"adm4_en":"Cansadan","geo_level":"Bgy","len_crs":7282,"area_crs":2246585,"len_km":7,"area_km2":2},"id":600613015},{"arcs":[[46,47,48]],"type":"Polygon","properties":{"adm1_psgc":600000000,"adm2_psgc":600600000,"adm3_psgc":600613000,"adm4_psgc":600613016,"adm4_en":"Durog","geo_level":"Bgy","len_crs":8101,"area_crs":3161010,"len_km":8,"area_km2":3},"id":600613016},{"arcs":[[-8,-4,-16,49,50,51]],"type":"Polygon","properties":{"adm1_psgc":600000000,"adm2_psgc":600600000,"adm3_psgc":600613000,"adm4_psgc":600613017,"adm4_en":"Funda-Dalipe","geo_level":"Bgy","len_crs":8881,"area_crs":3370271,"len_km":8,"area_km2":3},"id":600613017},{"arcs":[[52,53,54,55,56,57,58]],"type":"Polygon","properties":{"adm1_psgc":600000000,"adm2_psgc":600600000,"adm3_psgc":600613000,"adm4_psgc":600613018,"adm4_en":"Igbonglo","geo_level":"Bgy","len_crs":8629,"area_crs":3553747,"len_km":8,"area_km2":3},"id":600613018},{"arcs":[[-42,59]],"type":"Polygon","properties":{"adm1_psgc":600000000,"adm2_psgc":600600000,"adm3_psgc":600613000,"adm4_psgc":600613019,"adm4_en":"Inabasan","geo_level":"Bgy","len_crs":7093,"area_crs":2430111,"len_km":7,"area_km2":2},"id":600613019},{"arcs":[[-29,-20,60,-50,-15]],"type":"Polygon","properties":{"adm1_psgc":600000000,"adm2_psgc":600600000,"adm3_psgc":600613000,"adm4_psgc":600613020,"adm4_en":"Madrangca","geo_level":"Bgy","len_crs":3522,"area_crs":557555,"len_km":3,"area_km2":0},"id":600613020},{"arcs":[[-55,61,62,63]],"type":"Polygon","properties":{"adm1_psgc":600000000,"adm2_psgc":600600000,"adm3_psgc":600613000,"adm4_psgc":600613021,"adm4_en":"Magcalon","geo_level":"Bgy","len_crs":7659,"area_crs":1692951,"len_km":7,"area_km2":1},"id":600613021},{"arcs":[[64,65,-34]],"type":"Polygon","properties":{"adm1_psgc":600000000,"adm2_psgc":600600000,"adm3_psgc":600613000,"adm4_psgc":600613022,"adm4_en":"Malaiba","geo_level":"Bgy","len_crs":1623,"area_crs":147560,"len_km":1,"area_km2":0},"id":600613022},{"arcs":[[-39,66,67,68,69,-32]],"type":"Polygon","properties":{"adm1_psgc":600000000,"adm2_psgc":600600000,"adm3_psgc":600613000,"adm4_psgc":600613023,"adm4_en":"Maybato Norte","geo_level":"Bgy","len_crs":4426,"area_crs":868737,"len_km":4,"area_km2":0},"id":600613023},{"arcs":[[-68,70]],"type":"Polygon","properties":{"adm1_psgc":600000000,"adm2_psgc":600600000,"adm3_psgc":600613000,"adm4_psgc":600613024,"adm4_en":"Maybato Sur","geo_level":"Bgy","len_crs":3468,"area_crs":433713,"len_km":3,"area_km2":0},"id":600613024},{"arcs":[[-56,-64,71,72]],"type":"Polygon","properties":{"adm1_psgc":600000000,"adm2_psgc":600600000,"adm3_psgc":600613000,"adm4_psgc":600613025,"adm4_en":"Mojon","geo_level":"Bgy","len_crs":6976,"area_crs":2048247,"len_km":6,"area_km2":2},"id":600613025},{"arcs":[[-58,73,-47,74]],"type":"Polygon",