{"type":"Topology","arcs":[[[631,261],[-55,-79]],[[576,182],[-68,-6]],[[508,176],[-42,17]],[[466,193],[-2,105]],[[464,298],[167,-37]],[[148,358],[-10,-106]],[[138,252],[-45,1]],[[93,253],[-62,10]],[[31,263],[37,147]],[[68,410],[80,-52]],[[93,105],[-93,36],[31,122]],[[93,253],[-1,-42]],[[92,211],[1,-106]],[[221,209],[-77,-19]],[[144,190],[-52,21]],[[138,252],[76,4]],[[214,256],[7,-47]],[[792,188],[-58,-73]],[[734,115],[-39,-82]],[[695,33],[-34,56]],[[661,89],[17,54]],[[678,143],[20,99]],[[698,242],[94,-54]],[[794,86],[-20,-49]],[[774,37],[-79,-4]],[[734,115],[60,-29]],[[508,176],[-32,-63]],[[476,113],[-65,27]],[[411,140],[-38,13]],[[373,153],[10,11]],[[383,164],[83,29]],[[165,357],[107,1]],[[272,358],[3,-85]],[[275,273],[-61,-17]],[[148,358],[17,-1]],[[275,273],[-6,-66]],[[269,207],[-43,-22]],[[226,185],[-5,24]],[[678,143],[-88,3]],[[590,146],[-14,36]],[[631,261],[67,-19]],[[661,89],[-121,-35]],[[540,54],[50,92]],[[226,185],[5,-24]],[[231,161],[-77,-48]],[[154,113],[-10,77]],[[476,113],[-18,-44]],[[458,69],[-73,17]],[[385,86],[26,54]],[[385,86],[-19,53]],[[366,139],[7,14]],[[154,113],[-61,-8]],[[383,164],[-114,43]],[[272,358],[44,41]],[[316,399],[148,-101]],[[198,546],[-2,-172],[-31,-17]],[[68,410],[12,180],[118,-44]],[[198,546],[105,-91],[13,-56]],[[992,0],[-140,10]],[[852,10],[8,106]],[[860,116],[14,39]],[[874,155],[89,33]],[[963,188],[29,-188]],[[963,188],[68,21],[26,-112],[-65,-97]],[[852,10],[-78,27]],[[794,86],[66,30]],[[792,188],[82,-33]],[[366,139],[-41,-44],[-94,66]],[[540,54],[-82,15]]],"transform":{"scale":[0.00008748742857138735,0.00009500279661012529],"translate":[123.9774121490001,9.589347981000058]},"objects":{"bgysubmuns-municity-701228000":{"type":"GeometryCollection","geometries":[{"arcs":[[0,1,2,3,4]],"type":"Polygon","properties":{"adm1_psgc":700000000,"adm2_psgc":701200000,"adm3_psgc":701228000,"adm4_psgc":701228001,"adm4_en":"Agape","geo_level":"Bgy","len_crs":4896,"area_crs":1246055,"len_km":4,"area_km2":1},"id":701228001},{"arcs":[[5,6,7,8,9]],"type":"Polygon","properties":{"adm1_psgc":700000000,"adm2_psgc":701200000,"adm3_psgc":701228000,"adm4_psgc":701228002,"adm4_en":"Alegria Norte","geo_level":"Bgy","len_crs":5019,"area_crs":1539223,"len_km":5,"area_km2":1},"id":701228002},{"arcs":[[10,-8,11,12]],"type":"Polygon","properties":{"adm1_psgc":700000000,"adm2_psgc":701200000,"adm3_psgc":701228000,"adm4_psgc":701228003,"adm4_en":"Alegria Sur","geo_level":"Bgy","len_crs":6385,"area_crs":1196086,"len_km":6,"area_km2":1},"id":701228003},{"arcs":[[13,14,-12,-7,15,16]],"type":"Polygon","properties":{"adm1_psgc":700000000,"adm2_psgc":701200000,"adm3_psgc":701228000,"adm4_psgc":701228004,"adm4_en":"Bonbon","geo_level":"Bgy","len_crs":3488,"area_crs":652997,"len_km":3,"area_km2":0},"id":701228004},{"arcs":[[17,18,19,20,21,22]],"type":"Polygon","properties":{"adm1_psgc":700000000,"adm2_psgc":701200000,"adm3_psgc":701228000,"adm4_psgc":701228005,"adm4_en":"Botoc Occidental","geo_level":"Bgy","len_crs":5638,"area_crs":1405463,"len_km":5,"area_km2":1},"id":701228005},{"arcs":[[23,24,-19,25]],"type":"Polygon","properties":{"adm1_psgc":700000000,"adm2_psgc":701200000,"adm3_psgc":701228000,"adm4_psgc":701228006,"adm4_en":"Botoc Oriental","geo_level":"Bgy","len_crs":3368,"area_crs":341458,"len_km":3,"area_km2":0},"id":701228006},{"arcs":[[-3,26,27,28,29,30]],"type":"Polygon","properties":{"adm1_psgc":700000000,"adm2_psgc":701200000,"adm3_psgc":701228000,"adm4_psgc":701228007,"adm4_en":"Calvario","geo_level":"Bgy","len_crs":3475,"area_crs":673975,"len_km":3,"area_km2":0},"id":701228007},{"arcs":[[31,32,33,-16,-6,34]],"type":"Polygon","properties":{"adm1_psgc":700000000,"adm2_psgc":701200000,"adm3_psgc":701228000,"adm4_psgc":701228008,"adm4_en":"Concepcion","geo_level":"Bgy","len_crs":4818,"area_crs":1112765,"len_km":4,"area_km2":1},"id":701228008},{"arcs":[[35,36,37,-17,-34]],"type":"Polygon","properties":{"adm1_psgc":700000000,"adm2_psgc":701200000,"adm3_psgc":701228000,"adm4_psgc":701228010,"adm4_en":"Hinawanan","geo_level":"Bgy","len_crs":2577,"area_crs":402713,"len_km":2,"area_km2":0},"id":701228010},{"arcs":[[-22,38,39,-1,40]],"type":"Polygon","properties":{"adm1_psgc":700000000,"adm2_psgc":701200000,"adm3_psgc":701228000,"adm4_psgc":701228011,"adm4_en":"Las Salinas Norte","geo_level":"Bgy","len_crs":4120,"area_crs":995550,"len_km":4,"area_km2":0},"id":701228011},{"arcs":[[-21,41,42,-39]],"type":"Polygon","properties":{"adm1_psgc":700000000,"adm2_psgc":701200000,"adm3_psgc":701228000,"adm4_psgc":701228012,"adm4_en":"Las Salinas Sur","geo_level":"Bgy","len_crs":4862,"area_crs":803536,"len_km":4,"area_km2":0},"id":701228012},{"arcs":[[43,44,45,-14,-38]],"type":"Polygon","properties":{"adm1_psgc":700000000,"adm2_psgc":701200000,"adm3_psgc":701228000,"adm4_psgc":701228013,"adm4_en":"Palo","geo_level":"Bgy","len_crs":3549,"area_crs":522746,"len_km":3,"area_km2":0},"id":701228013},{"arcs":[[46,47,48,-28]],"type":"Polygon","properties":{"adm1_psgc":700000000,"adm2_psgc":701200000,"adm3_psgc":701228000,"adm4_psgc":701228014,"adm4_en":"Poblacion Ibabao","geo_level":"Bgy","len_crs":3282,"area_crs":394132,"len_km":3,"area_km2":0},"id":701228014},{"arcs":[[-49,49,50,-29]],"type":"Polygon","properties":{"adm1_psgc":700000000,"adm2_psgc":701200000,"adm3_psgc":701228000,"adm4_psgc":701228015,"adm4_en":"Poblacion Ubos","geo_level":"Bgy","len_crs":2377,"area_crs":198765,"len_km":2,"area_km2":0},"id":701228015},{"arcs":[[-46,51,-13,-15]],"type":"Polygon","properties":{"adm1_psgc":700000000,"adm2_psgc":701200000,"adm3_psgc":701228000,"adm4_psgc":701228016,"adm4_en":"Sagnap","geo_level":"Bgy","len_crs":3399,"area_crs":580200,"len_km":3,"area_km2":0},"id":701228016},{"arcs":[[-4,-31,52,-36,-33,53,54]],"type":"Polygon","properties":{"adm1_psgc":700000000,"adm2_psgc":701200000,"adm3_psgc":701228000,"adm4_psgc":701228017,"adm4_en":"Tambangan","geo_level":"Bgy","len_crs":7975,"area_crs":2996350,"len_km":7,"area_km2":2},"id":701228017},{"arcs":[[55,-35,-10,56]],"type":"Polygon","properties":{"adm1_psgc":700000000,"adm2_psgc":701200000,"adm3_psgc":701228000,"adm4_psgc":701228018,"adm4_en":"Tangcasan Norte","geo_level":"Bgy","len_crs":7030,"area_crs":2266085,"len_km":7,"area_km2":2},"id":701228018},{"arcs":[[-54,-32,-56,57]],"type":"Polygon","properties":{"adm1_psgc":700000000,"adm2_psgc":701200000,"adm3_psgc":701228000,"adm4_psgc":701228019,"adm4_en":"Tangcasan Sur","geo_level":"Bgy","len_crs":6199,"area_crs":1823325,"len_km":6,"area_km2":1},"id":701228019},{"arcs":[[58,59,60,61,62]],"type":"Polygon","properties":{"adm1_psgc":700000000,"adm2_psgc":701200000,"adm3_psgc":701228000,"adm4_psgc":701228020,"adm4_en":"Tayong Occidental","geo_level":"Bgy","len_crs":5932,"area_crs":2123062,"len_km":5,"area_km2":2},"id":701228020},{"arcs":[[-63,63]],"type":"Polygon","properties":{"adm1_psgc":700000000,"adm2_psgc":701200000,"adm3_psgc":701228000,"adm4_psgc":701228021,"adm4_en":"Tayong Oriental","geo_level":"Bgy","len_crs":5551,"area_crs":1377803,"len_km":5,"area_km2":1},"id":701228021},{"arcs":[[64,-24,65,-60]],"type":"Polygon","properties":{"adm1_psgc":700000000,"adm2_psgc":701200000,"adm3_psgc":701228000,"adm4_psgc":701228023,"adm4_en":"Tocdog Dacu","geo_level":"Bgy","len_crs":3318,"area_crs":585986,"len_km":3,"area_km2":0},"id":701228023},{"arcs":[[-61,-66,-26,-18,66]],"type":"Polygon","properties":{"adm1_psgc":700000000,"adm2_psgc":701200000,"adm3_psgc":701228000,"adm4_psgc":701228024,"adm4_en":"Tocdog Ilaya","geo_level":"Bgy","len_crs":3933,"area_crs":846617,"len_km":3,"area_km2":0},"id":701228024},{"arcs":[[-30,-51,67,-44,-37,-53]],"type":"Polygon","properties":{"adm1_psgc":700000000,"adm2_psgc":701200000,"adm3_psgc":701228000,"adm4_psgc":701228025,"adm4_en":"Villalimpia","geo_level":"Bgy","len_crs":6405,"area_crs":911610,"len_km":6,"area_km2":0},"id":701228025},{"arcs":[[68,-47,-27,-2,-40,-43]],"type":"Polygon","properties":{"adm1_psgc":700000000,"adm2_psgc":701200000,"adm3_psgc":701228000,"adm4_psgc":701228026,"adm4_en":"Yanangan","geo_level":"Bgy","len_crs":4771,