{"type":"Topology","arcs":[[[151,319],[-37,-53]],[[114,266],[-39,113]],[[75,379],[71,11]],[[146,390],[5,-71]],[[233,117],[-1,-10]],[[232,107],[49,-99]],[[281,8],[-78,97]],[[203,105],[30,12]],[[114,266],[-80,16]],[[34,282],[5,93]],[[39,375],[36,4]],[[114,266],[1,-53]],[[115,213],[-99,41]],[[16,254],[18,28]],[[186,384],[25,-33]],[[211,351],[-13,-39]],[[198,312],[-16,-1]],[[182,311],[-31,8]],[[146,390],[31,34]],[[177,424],[9,-40]],[[409,372],[51,-71]],[[460,301],[-93,14]],[[367,315],[-52,66]],[[315,381],[55,40]],[[370,421],[39,-49]],[[381,158],[-31,-101]],[[350,57],[-118,50]],[[233,117],[4,93]],[[237,210],[144,-52]],[[182,311],[-6,-58]],[[176,253],[-27,-71]],[[149,182],[-34,-1]],[[115,181],[0,32]],[[115,181],[-20,-29]],[[95,152],[-95,82]],[[0,234],[16,20]],[[362,276],[19,-118]],[[237,210],[5,18]],[[242,228],[9,49]],[[251,277],[111,-1]],[[0,234],[39,141]],[[203,229],[-20,-74]],[[183,155],[-34,27]],[[176,253],[27,-24]],[[416,408],[-7,-36]],[[370,421],[-33,59]],[[337,480],[-6,21]],[[331,501],[41,42]],[[372,543],[44,-135]],[[733,123],[-369,-123]],[[364,0],[-14,57]],[[381,158],[352,-35]],[[364,0],[-83,8]],[[253,341],[-2,-64]],[[251,277],[-53,35]],[[211,351],[42,-10]],[[242,228],[-39,1]],[[203,105],[-38,32]],[[165,137],[18,18]],[[165,137],[-70,15]],[[315,381],[-26,25]],[[289,406],[48,74]],[[263,430],[-10,-89]],[[186,384],[33,58]],[[219,442],[44,-12]],[[177,424],[42,18]],[[460,301],[273,-178]],[[362,276],[5,39]],[[263,430],[26,-24]],[[372,543],[44,-135]],[[263,430],[68,71]]],"transform":{"scale":[0.00037747965211458684,0.00024044081952118493],"translate":[121.78628334600013,16.656820237000034]},"objects":{"bgysubmuns-municity-203128000":{"type":"GeometryCollection","geometries":[{"arcs":[[0,1,2,3]],"type":"Polygon","properties":{"adm1_psgc":200000000,"adm2_psgc":203100000,"adm3_psgc":203128000,"adm4_psgc":203128001,"adm4_en":"Anonang","geo_level":"Bgy","len_crs":10254,"area_crs":6025345,"len_km":10,"area_km2":6},"id":203128001},{"arcs":[[4,5,6,7]],"type":"Polygon","properties":{"adm1_psgc":200000000,"adm2_psgc":203100000,"adm3_psgc":203128000,"adm4_psgc":203128002,"adm4_en":"Aringay","geo_level":"Bgy","len_crs":13603,"area_crs":6198161,"len_km":13,"area_km2":6},"id":203128002},{"arcs":[[8,9,10,-2]],"type":"Polygon","properties":{"adm1_psgc":200000000,"adm2_psgc":203100000,"adm3_psgc":203128000,"adm4_psgc":203128004,"adm4_en":"Centro 1","geo_level":"Bgy","len_crs":10751,"area_crs":6522369,"len_km":10,"area_km2":6},"id":203128004},{"arcs":[[11,12,13,-9]],"type":"Polygon","properties":{"adm1_psgc":200000000,"adm2_psgc":203100000,"adm3_psgc":203128000,"adm4_psgc":203128005,"adm4_en":"Centro 2","geo_level":"Bgy","len_crs":9923,"area_crs":3491532,"len_km":9,"area_km2":3},"id":203128005},{"arcs":[[14,15,16,17,-4,18,19]],"type":"Polygon","properties":{"adm1_psgc":200000000,"adm2_psgc":203100000,"adm3_psgc":203128000,"adm4_psgc":203128006,"adm4_en":"Colorado","geo_level":"Bgy","len_crs":9809,"area_crs":5340906,"len_km":9,"area_km2":5},"id":203128006},{"arcs":[[20,21,22,23,24]],"type":"Polygon","properties":{"adm1_psgc":200000000,"adm2_psgc":203100000,"adm3_psgc":203128000,"adm4_psgc":203128007,"adm4_en":"Dietban","geo_level":"Bgy","len_crs":15460,"area_crs":10085312,"len_km":15,"area_km2":10},"id":203128007},{"arcs":[[25,26,-5,27,28]],"type":"Polygon","properties":{"adm1_psgc":200000000,"adm2_psgc":203100000,"adm3_psgc":203128000,"adm4_psgc":203128008,"adm4_en":"Dingading","geo_level":"Bgy","len_crs":16670,"area_crs":15530153,"len_km":16,"area_km2":15},"id":203128008},{"arcs":[[29,30,31,32,-12,-1,-18]],"type":"Polygon","properties":{"adm1_psgc":200000000,"adm2_psgc":203100000,"adm3_psgc":203128000,"adm4_psgc":203128009,"adm4_en":"Dipacamo","geo_level":"Bgy","len_crs":11047,"area_crs":6682501,"len_km":11,"area_km2":6},"id":203128009},{"arcs":[[-33,33,34,35,-13]],"type":"Polygon","properties":{"adm1_psgc":200000000,"adm2_psgc":203100000,"adm3_psgc":203128000,"adm4_psgc":203128010,"adm4_en":"Estrella","geo_level":"Bgy","len_crs":12375,"area_crs":8516744,"len_km":12,"area_km2":8},"id":203128010},{"arcs":[[36,-29,37,38,39]],"type":"Polygon","properties":{"adm1_psgc":200000000,"adm2_psgc":203100000,"adm3_psgc":203128000,"adm4_psgc":203128011,"adm4_en":"Guam","geo_level":"Bgy","len_crs":15603,"area_crs":12498748,"len_km":15,"area_km2":12},"id":203128011},{"arcs":[[-14,-36,40,-10]],"type":"Polygon","properties":{"adm1_psgc":200000000,"adm2_psgc":203100000,"adm3_psgc":203128000,"adm4_psgc":203128013,"adm4_en":"Nakar","geo_level":"Bgy","len_crs":9544,"area_crs":5197862,"len_km":9,"area_km2":5},"id":203128013},{"arcs":[[41,42,-31,43]],"type":"Polygon","properties":{"adm1_psgc":200000000,"adm2_psgc":203100000,"adm3_psgc":203128000,"adm4_psgc":203128014,"adm4_en":"Palawan","geo_level":"Bgy","len_crs":7241,"area_crs":3356390,"len_km":7,"area_km2":3},"id":203128014},{"arcs":[[44,-25,45,46,47,48]],"type":"Polygon","properties":{"adm1_psgc":200000000,"adm2_psgc":203100000,"adm3_psgc":203128000,"adm4_psgc":203128015,"adm4_en":"Progreso","geo_level":"Bgy","len_crs":12149,"area_crs":7960826,"len_km":12,"area_km2":7},"id":203128015},{"arcs":[[49,50,-26,51]],"type":"Polygon","properties":{"adm1_psgc":200000000,"adm2_psgc":203100000,"adm3_psgc":203128000,"adm4_psgc":203128016,"adm4_en":"Rizal","geo_level":"Bgy","len_crs":67253,"area_crs":188750109,"len_km":67,"area_km2":188},"id":203128016},{"arcs":[[-51,52,-6,-27]],"type":"Polygon","properties":{"adm1_psgc":200000000,"adm2_psgc":203100000,"adm3_psgc":203128000,"adm4_psgc":203128017,"adm4_en":"San Francisco Sur","geo_level":"Bgy","len_crs":15952,"area_crs":7229502,"len_km":15,"area_km2":7},"id":203128017},{"arcs":[[53,54,-16,55]],"type":"Polygon","properties":{"adm1_psgc":200000000,"adm2_psgc":203100000,"adm3_psgc":203128000,"adm4_psgc":203128018,"adm4_en":"San Mariano Norte","geo_level":"Bgy","len_crs":7030,"area_crs":3222317,"len_km":7,"area_km2":3},"id":203128018},{"arcs":[[-39,56,-44,-30,-17,-55]],"type":"Polygon","properties":{"adm1_psgc":200000000,"adm2_psgc":203100000,"adm3_psgc":203128000,"adm4_psgc":203128019,"adm4_en":"San Mariano Sur","geo_level":"Bgy","len_crs":8807,"area_crs":4442526,"len_km":8,"area_km2":4},"id":203128019},{"arcs":[[-38,-28,-8,57,58,-42,-57]],"type":"Polygon","properties":{"adm1_psgc":200000000,"adm2_psgc":203100000,"adm3_psgc":203128000,"adm4_psgc":203128020,"adm4_en":"Sinalugan","geo_level":"Bgy","len_crs":10843,"area_crs":5378572,"len_km":10,"area_km2":5},"id":203128020},{"arcs":[[-43,-59,59,-34,-32]],"type":"Polygon","properties":{"adm1_psgc":200000000,"adm2_psgc":203100000,"adm3_psgc":203128000,"adm4_psgc":203128021,"adm4_en":"Villa Remedios","geo_level":"Bgy","len_crs":8221,"area_crs":3056708,"len_km":8,"area_km2":3},"id":203128021},{"arcs":[[-24,60,61,-46]],"type":"Polygon","properties":{"adm1_psgc":200000000,"adm2_psgc":203100000,"adm3_psgc":203128000,"adm4_psgc":203128022,"adm4_en":"Villa Rose","geo_level":"Bgy","len_crs":8839,"area_crs":4536393,"len_km":8,"area_km2":4},"id":203128022},{"arcs":[[62,-56,-15,63,64]],"type":"Polygon","properties":{"adm1_psgc":200000000,"adm2_psgc":203100000,"adm3_psgc":203128000,"adm4_psgc":203128023,"adm4_en":"Villa Sanchez","geo_level":"Bgy","len_crs":9327,"area_crs":5427523,"len_km":9,"area_km2":5},"id":203128023},{"arcs":[[-64,-20,65]],"type":"Polygon","properties":{"adm1_psgc":200000000,"adm2_psgc":203100000,"adm3_psgc":203128000,"adm4_psgc":203128024,"adm4_en":"Villa Teresita","geo_level":"Bgy","len_crs":5738,"area_crs":1877744,"len_km":5,"area_km2":1},"id":203128024},{"arcs":[[66,-52,-37,67,-22]],"type":"Polygon","properties":{"adm1_psgc":200000000,"adm2_psgc":203100000,"adm3_psgc":203128000,"adm4_psgc":203128025,"adm4_en":"Burgos","geo_level":"Bgy","len_crs":39317,"area_crs":45956156,"len_km":39,"area_km2":45},"id":203128025},{"arcs":[[-61,-23,-68,-40,-54,-63,68]],"type":"Polygon","properties":{"adm1_psgc":200000000,"adm2_psgc":203100000,"adm3_psgc":203128000,"adm4_psgc":203128026,"adm4_en":"San Francisco Norte","geo_level":"Bgy","len_crs":15036,