{"type":"Topology","arcs":[[[198,331],[-111,-30]],[[87,301],[1,77]],[[88,378],[51,10]],[[139,388],[59,-57]],[[283,758],[-66,-20]],[[217,738],[-46,44]],[[171,782],[65,21],[47,-45]],[[315,667],[35,-143]],[[350,524],[-79,-2]],[[271,522],[-33,109]],[[238,631],[77,36]],[[162,635],[9,-43]],[[171,592],[-7,-51]],[[164,541],[-73,6]],[[91,547],[-8,83]],[[83,630],[19,21]],[[102,651],[60,-16]],[[217,738],[-66,-27]],[[151,711],[20,71]],[[14,523],[-14,61],[60,57]],[[60,641],[-46,-118]],[[136,443],[3,-55]],[[88,378],[-5,90]],[[83,468],[34,-9]],[[117,459],[19,-16]],[[217,0],[-83,2]],[[134,2],[47,30],[36,-32]],[[169,163],[-53,-72]],[[116,91],[-7,56]],[[109,147],[33,46]],[[142,193],[27,-30]],[[158,251],[-16,-58]],[[109,147],[-20,70]],[[89,217],[69,34]],[[238,631],[1,42]],[[239,673],[-22,65]],[[283,758],[32,-91]],[[382,231],[-48,-83]],[[334,148],[-165,15]],[[158,251],[104,35]],[[262,286],[63,-48],[57,-7]],[[462,382],[-80,-151]],[[262,286],[-64,45]],[[136,443],[40,48]],[[176,491],[41,-48],[106,-20],[120,23],[19,-64]],[[89,217],[-2,84]],[[239,673],[-77,-38]],[[102,651],[49,60]],[[91,547],[26,-88]],[[83,468],[-69,55]],[[60,641],[23,-11]],[[334,148],[-7,-37]],[[327,111],[-130,-22],[-65,-68]],[[132,21],[-16,70]],[[164,541],[12,-50]],[[271,522],[-107,19]],[[171,592],[67,39]],[[327,111],[-110,-111]],[[134,2],[-2,19]],[[350,524],[167,-10],[-55,-132]]],"transform":{"scale":[0.0004773884158606085,0.00032063230136987063],"translate":[122.83485459700012,9.166301561000067]},"objects":{"bgysubmuns-municity-704618000":{"type":"GeometryCollection","geometries":[{"arcs":[[0,1,2,3]],"type":"Polygon","properties":{"adm1_psgc":700000000,"adm2_psgc":704600000,"adm3_psgc":704618000,"adm4_psgc":704618001,"adm4_en":"Alangilan","geo_level":"Bgy","len_crs":15548,"area_crs":10501983,"len_km":15,"area_km2":10},"id":704618001},{"arcs":[[4,5,6]],"type":"Polygon","properties":{"adm1_psgc":700000000,"adm2_psgc":704600000,"adm3_psgc":704618000,"adm4_psgc":704618002,"adm4_en":"Amio","geo_level":"Bgy","len_crs":24601,"area_crs":14075701,"len_km":24,"area_km2":14},"id":704618002},{"arcs":[[7,8,9,10]],"type":"Polygon","properties":{"adm1_psgc":700000000,"adm2_psgc":704600000,"adm3_psgc":704618000,"adm4_psgc":704618003,"adm4_en":"Buenavista","geo_level":"Bgy","len_crs":19317,"area_crs":22019484,"len_km":19,"area_km2":22},"id":704618003},{"arcs":[[11,12,13,14,15,16]],"type":"Polygon","properties":{"adm1_psgc":700000000,"adm2_psgc":704600000,"adm3_psgc":704618000,"adm4_psgc":704618004,"adm4_en":"Kabulacan","geo_level":"Bgy","len_crs":15960,"area_crs":14261582,"len_km":15,"area_km2":14},"id":704618004},{"arcs":[[17,18,-6]],"type":"Polygon","properties":{"adm1_psgc":700000000,"adm2_psgc":704600000,"adm3_psgc":704618000,"adm4_psgc":704618006,"adm4_en":"Caigangan","geo_level":"Bgy","len_crs":10691,"area_crs":5649179,"len_km":10,"area_km2":5},"id":704618006},{"arcs":[[19,20]],"type":"Polygon","properties":{"adm1_psgc":700000000,"adm2_psgc":704600000,"adm3_psgc":704618000,"adm4_psgc":704618008,"adm4_en":"Caranoche","geo_level":"Bgy","len_crs":12079,"area_crs":6663879,"len_km":12,"area_km2":6},"id":704618008},{"arcs":[[21,-3,22,23,24]],"type":"Polygon","properties":{"adm1_psgc":700000000,"adm2_psgc":704600000,"adm3_psgc":704618000,"adm4_psgc":704618009,"adm4_en":"Cawitan","geo_level":"Bgy","len_crs":12988,"area_crs":7885196,"len_km":12,"area_km2":7},"id":704618009},{"arcs":[[25,26]],"type":"Polygon","properties":{"adm1_psgc":700000000,"adm2_psgc":704600000,"adm3_psgc":704618000,"adm4_psgc":704618010,"adm4_en":"Fatima","geo_level":"Bgy","len_crs":10575,"area_crs":3680989,"len_km":10,"area_km2":3},"id":704618010},{"arcs":[[27,28,29,30]],"type":"Polygon","properties":{"adm1_psgc":700000000,"adm2_psgc":704600000,"adm3_psgc":704618000,"adm4_psgc":704618011,"adm4_en":"Mabuhay","geo_level":"Bgy","len_crs":11006,"area_crs":5933478,"len_km":11,"area_km2":5},"id":704618011},{"arcs":[[31,-30,32,33]],"type":"Polygon","properties":{"adm1_psgc":700000000,"adm2_psgc":704600000,"adm3_psgc":704618000,"adm4_psgc":704618012,"adm4_en":"Manalongon","geo_level":"Bgy","len_crs":13315,"area_crs":6846392,"len_km":13,"area_km2":6},"id":704618012},{"arcs":[[-11,34,35,-5,36]],"type":"Polygon","properties":{"adm1_psgc":700000000,"adm2_psgc":704600000,"adm3_psgc":704618000,"adm4_psgc":704618013,"adm4_en":"Mansagomayon","geo_level":"Bgy","len_crs":17224,"area_crs":10867040,"len_km":17,"area_km2":10},"id":704618013},{"arcs":[[37,38,-31,-32,39,40]],"type":"Polygon","properties":{"adm1_psgc":700000000,"adm2_psgc":704600000,"adm3_psgc":704618000,"adm4_psgc":704618014,"adm4_en":"Milagrosa","geo_level":"Bgy","len_crs":30615,"area_crs":39531812,"len_km":30,"area_km2":39},"id":704618014},{"arcs":[[41,-41,42,-4,-22,43,44]],"type":"Polygon","properties":{"adm1_psgc":700000000,"adm2_psgc":704600000,"adm3_psgc":704618000,"adm4_psgc":704618015,"adm4_en":"Nagbinlod","geo_level":"Bgy","len_crs":51257,"area_crs":88507730,"len_km":51,"area_km2":88},"id":704618015},{"arcs":[[-40,-34,45,-1,-43]],"type":"Polygon","properties":{"adm1_psgc":700000000,"adm2_psgc":704600000,"adm3_psgc":704618000,"adm4_psgc":704618016,"adm4_en":"Nagbalaye","geo_level":"Bgy","len_crs":24101,"area_crs":19856856,"len_km":24,"area_km2":19},"id":704618016},{"arcs":[[46,-17,47,-18,-36]],"type":"Polygon","properties":{"adm1_psgc":700000000,"adm2_psgc":704600000,"adm3_psgc":704618000,"adm4_psgc":704618017,"adm4_en":"Obat","geo_level":"Bgy","len_crs":23053,"area_crs":14953761,"len_km":23,"area_km2":14},"id":704618017},{"arcs":[[-15,48,-24,49,-21,50]],"type":"Polygon","properties":{"adm1_psgc":700000000,"adm2_psgc":704600000,"adm3_psgc":704618000,"adm4_psgc":704618019,"adm4_en":"Poblacion","geo_level":"Bgy","len_crs":20721,"area_crs":14290266,"len_km":20,"area_km2":14},"id":704618019},{"arcs":[[51,52,53,-28,-39]],"type":"Polygon","properties":{"adm1_psgc":700000000,"adm2_psgc":704600000,"adm3_psgc":704618000,"adm4_psgc":704618020,"adm4_en":"San Francisco","geo_level":"Bgy","len_crs":28036,"area_crs":23359608,"len_km":28,"area_km2":23},"id":704618020},{"arcs":[[54,-44,-25,-49,-14]],"type":"Polygon","properties":{"adm1_psgc":700000000,"adm2_psgc":704600000,"adm3_psgc":704618000,"adm4_psgc":704618021,"adm4_en":"San Jose","geo_level":"Bgy","len_crs":14582,"area_crs":11146085,"len_km":14,"area_km2":11},"id":704618021},{"arcs":[[55,-13,56,-10]],"type":"Polygon","properties":{"adm1_psgc":700000000,"adm2_psgc":704600000,"adm3_psgc":704618000,"adm4_psgc":704618022,"adm4_en":"San Miguel","geo_level":"Bgy","len_crs":18625,"area_crs":11054009,"len_km":18,"area_km2":11},"id":704618022},{"arcs":[[57,-27,58,-53]],"type":"Polygon","properties":{"adm1_psgc":700000000,"adm2_psgc":704600000,"adm3_psgc":704618000,"adm4_psgc":704618023,"adm4_en":"San Pedro","geo_level":"Bgy","len_crs":26800,"area_crs":21253007,"len_km":26,"area_km2":21},"id":704618023},{"arcs":[[-35,-57,-12,-47]],"type":"Polygon","properties":{"adm1_psgc":700000000,"adm2_psgc":704600000,"adm3_psgc":704618000,"adm4_psgc":704618024,"adm4_en":"Santo Rosario","geo_level":"Bgy","len_crs":13835,"area_crs":5387987,"len_km":13,"area_km2":5},"id":704618024},{"arcs":[[-9,59,-45,-55,-56]],"type":"Polygon","properties":{"adm1_psgc":700000000,"adm2_psgc":704600000,"adm3_psgc":704618000,"adm4_psgc":704618025,"adm4_en":"Talalak","geo_level":"Bgy","len_crs":51791,"area_crs":56324559,"len_km":51,"area_km2":56},"id":704618025}]}}}