{"type":"Topology","arcs":[[[258,653],[-27,-40]],[[231,613],[-48,-65]],[[183,548],[-62,-11]],[[121,537],[12,44]],[[133,581],[74,81]],[[207,662],[51,-9]],[[259,470],[-131,17]],[[128,487],[-7,50]],[[183,548],[82,0]],[[265,548],[-6,-78]],[[302,598],[47,-12]],[[349,586],[-12,-23]],[[337,563],[-72,-15]],[[231,613],[71,-15]],[[337,563],[19,-10]],[[356,553],[-10,-49]],[[346,504],[-8,-107]],[[338,397],[-57,2]],[[281,399],[-22,71]],[[92,806],[-23,-68]],[[69,738],[-40,1]],[[29,739],[4,72],[59,-5]],[[420,270],[-142,-270],[-150,45],[44,146]],[[172,191],[124,122]],[[296,313],[105,57],[33,1]],[[434,371],[-32,-84],[18,-17]],[[434,371],[83,5]],[[517,376],[-97,-106]],[[133,581],[-62,21]],[[71,602],[66,73]],[[137,675],[70,-13]],[[128,487],[14,-121]],[[142,366],[-137,7],[-5,54],[16,177]],[[16,604],[55,-2]],[[281,399],[15,-86]],[[172,191],[-30,175]],[[338,397],[117,82]],[[455,479],[62,-103]],[[346,504],[94,18]],[[440,522],[15,-43]],[[215,716],[-55,-13]],[[160,703],[-58,24]],[[102,727],[37,49]],[[139,776],[76,-60]],[[69,738],[33,-11]],[[160,703],[-23,-28]],[[16,604],[13,135]],[[439,592],[-48,-23]],[[391,569],[-35,-16]],[[349,586],[3,38]],[[352,624],[87,-32]],[[530,535],[-90,-13]],[[440,522],[52,39]],[[492,561],[38,-26]],[[574,499],[-41,34]],[[533,533],[41,-34]],[[92,806],[47,-30]],[[530,535],[3,-2]],[[574,499],[-57,-123]],[[302,598],[35,52]],[[337,650],[15,-26]],[[440,522],[-49,47]],[[439,592],[53,-31]],[[258,653],[12,25]],[[270,678],[67,-28]],[[215,716],[55,-38]]],"transform":{"scale":[0.00020738089024387797,0.00024720138594329187],"translate":[123.42673198400007,12.316721196000058]},"objects":{"bgysubmuns-municity-504102000":{"type":"GeometryCollection","geometries":[{"arcs":[[0,1,2,3,4,5]],"type":"Polygon","properties":{"adm1_psgc":500000000,"adm2_psgc":504100000,"adm3_psgc":504102000,"adm4_psgc":504102001,"adm4_en":"Baao","geo_level":"Bgy","len_crs":9945,"area_crs":4675563,"len_km":9,"area_km2":4},"id":504102001},{"arcs":[[6,7,-3,8,9]],"type":"Polygon","properties":{"adm1_psgc":500000000,"adm2_psgc":504100000,"adm3_psgc":504102000,"adm4_psgc":504102002,"adm4_en":"Banase","geo_level":"Bgy","len_crs":9819,"area_crs":5669950,"len_km":9,"area_km2":5},"id":504102002},{"arcs":[[10,11,12,-9,-2,13]],"type":"Polygon","properties":{"adm1_psgc":500000000,"adm2_psgc":504100000,"adm3_psgc":504102000,"adm4_psgc":504102003,"adm4_en":"Batuila","geo_level":"Bgy","len_crs":10074,"area_crs":3911035,"len_km":10,"area_km2":3},"id":504102003},{"arcs":[[14,15,16,17,18,-10,-13]],"type":"Polygon","properties":{"adm1_psgc":500000000,"adm2_psgc":504100000,"adm3_psgc":504102000,"adm4_psgc":504102004,"adm4_en":"Cagara","geo_level":"Bgy","len_crs":14086,"area_crs":7654336,"len_km":14,"area_km2":7},"id":504102004},{"arcs":[[19,20,21]],"type":"Polygon","properties":{"adm1_psgc":500000000,"adm2_psgc":504100000,"adm3_psgc":504102000,"adm4_psgc":504102005,"adm4_en":"Cagpandan","geo_level":"Bgy","len_crs":6575,"area_crs":2189671,"len_km":6,"area_km2":2},"id":504102005},{"arcs":[[22,23,24,25]],"type":"Polygon","properties":{"adm1_psgc":500000000,"adm2_psgc":504100000,"adm3_psgc":504102000,"adm4_psgc":504102006,"adm4_en":"Cancahorao","geo_level":"Bgy","len_crs":28033,"area_crs":34886540,"len_km":28,"area_km2":34},"id":504102006},{"arcs":[[-26,26,27]],"type":"Polygon","properties":{"adm1_psgc":500000000,"adm2_psgc":504100000,"adm3_psgc":504102000,"adm4_psgc":504102007,"adm4_en":"Canjunday","geo_level":"Bgy","len_crs":9025,"area_crs":2948350,"len_km":9,"area_km2":2},"id":504102007},{"arcs":[[-5,28,29,30]],"type":"Polygon","properties":{"adm1_psgc":500000000,"adm2_psgc":504100000,"adm3_psgc":504102000,"adm4_psgc":504102008,"adm4_en":"Docol","geo_level":"Bgy","len_crs":8575,"area_crs":4371526,"len_km":8,"area_km2":4},"id":504102008},{"arcs":[[-29,-4,-8,31,32,33]],"type":"Polygon","properties":{"adm1_psgc":500000000,"adm2_psgc":504100000,"adm3_psgc":504102000,"adm4_psgc":504102009,"adm4_en":"Eastern Capsay","geo_level":"Bgy","len_crs":18128,"area_crs":17524548,"len_km":18,"area_km2":17},"id":504102009},{"arcs":[[-19,34,-24,35,-32,-7]],"type":"Polygon","properties":{"adm1_psgc":500000000,"adm2_psgc":504100000,"adm3_psgc":504102000,"adm4_psgc":504102010,"adm4_en":"Gabi","geo_level":"Bgy","len_crs":19885,"area_crs":19871627,"len_km":19,"area_km2":19},"id":504102010},{"arcs":[[-27,-25,-35,-18,36,37]],"type":"Polygon","properties":{"adm1_psgc":500000000,"adm2_psgc":504100000,"adm3_psgc":504102000,"adm4_psgc":504102011,"adm4_en":"Gangao","geo_level":"Bgy","len_crs":17741,"area_crs":9333377,"len_km":17,"area_km2":9},"id":504102011},{"arcs":[[-37,-17,38,39]],"type":"Polygon","properties":{"adm1_psgc":500000000,"adm2_psgc":504100000,"adm3_psgc":504102000,"adm4_psgc":504102012,"adm4_en":"Lagta","geo_level":"Bgy","len_crs":11065,"area_crs":5421209,"len_km":11,"area_km2":5},"id":504102012},{"arcs":[[40,41,42,43]],"type":"Polygon","properties":{"adm1_psgc":500000000,"adm2_psgc":504100000,"adm3_psgc":504102000,"adm4_psgc":504102013,"adm4_en":"Lahong Proper","geo_level":"Bgy","len_crs":6953,"area_crs":2690884,"len_km":6,"area_km2":2},"id":504102013},{"arcs":[[44,-42,45,-30,-34,46,-21]],"type":"Polygon","properties":{"adm1_psgc":500000000,"adm2_psgc":504100000,"adm3_psgc":504102000,"adm4_psgc":504102014,"adm4_en":"Lahong Interior","geo_level":"Bgy","len_crs":11774,"area_crs":7440232,"len_km":11,"area_km2":7},"id":504102014},{"arcs":[[47,48,-15,-12,49,50]],"type":"Polygon","properties":{"adm1_psgc":500000000,"adm2_psgc":504100000,"adm3_psgc":504102000,"adm4_psgc":504102015,"adm4_en":"Lipata","geo_level":"Bgy","len_crs":9159,"area_crs":2836394,"len_km":9,"area_km2":2},"id":504102015},{"arcs":[[51,52,53]],"type":"Polygon","properties":{"adm1_psgc":500000000,"adm2_psgc":504100000,"adm3_psgc":504102000,"adm4_psgc":504102016,"adm4_en":"Madangcalan","geo_level":"Bgy","len_crs":6615,"area_crs":1424756,"len_km":6,"area_km2":1},"id":504102016},{"arcs":[[54,55]],"type":"Polygon","properties":{"adm1_psgc":500000000,"adm2_psgc":504100000,"adm3_psgc":504102000,"adm4_psgc":504102017,"adm4_en":"Magdalena","geo_level":"Bgy","len_crs":7579,"area_crs":2260655,"len_km":7,"area_km2":2},"id":504102017},{"arcs":[[-43,-45,-20,56]],"type":"Polygon","properties":{"adm1_psgc":500000000,"adm2_psgc":504100000,"adm3_psgc":504102000,"adm4_psgc":504102018,"adm4_en":"Manoboc","geo_level":"Bgy","len_crs":5840,"area_crs":1875358,"len_km":5,"area_km2":1},"id":504102018},{"arcs":[[57,-55,58,-38,-40,-52]],"type":"Polygon","properties":{"adm1_psgc":500000000,"adm2_psgc":504100000,"adm3_psgc":504102000,"adm4_psgc":504102019,"adm4_en":"Obongon Diot","geo_level":"Bgy","len_crs":11513,"area_crs":6843651,"len_km":11,"area_km2":6},"id":504102019},{"arcs":[[-50,-11,59,60]],"type":"Polygon","properties":{"adm1_psgc":500000000,"adm2_psgc":504100000,"adm3_psgc":504102000,"adm4_psgc":504102020,"adm4_en":"Poblacion","geo_level":"Bgy","len_crs":5838,"area_crs":952138,"len_km":5,"area_km2":0},"id":504102020},{"arcs":[[-53,61,-48,62]],"type":"Polygon","properties":{"adm1_psgc":500000000,"adm2_psgc":504100000,"adm3_psgc":504102000,"adm4_psgc":504102021,"adm4_en":"Polot","geo_level":"Bgy","len_crs":6508,"area_crs":1943599,"len_km":6,"area_km2":1},"id":504102021},{"arcs":[[-60,-14,-1,63,64]],"type":"Polygon","properties":{"adm1_psgc":500000000,"adm2_psgc":504100000,"adm3_psgc":504102000,"adm4_psgc":504102022,"adm4_en":"Potoson","geo_level":"Bgy","len_crs":7628,"area_crs":2972807,"len_km":7,"area_km2":2},"id":504102022},{"arcs":[[-39,-16,-49,-62]],"type":"Polygon","properties":{"adm1_psgc":500000000,"adm2_psgc":504100000,"adm3_psgc":504102000,"adm4_psgc":504102023,"adm4_en":"Sog-Ong","geo_level":"Bgy","len_crs":6572,"area_crs":2421361,"len_km":6,"area_km2":2},"id":504102023},{"arcs":[[-64,-6,-31,-46,-41,65]],"type":"Polygon","properties":{"adm1_psgc":500000000,"adm2_psgc":504100000,"adm3_psgc":504102000,"adm4_psgc":504102024,"adm4_en":"Tinapian","geo_level":"Bgy","len_crs":7682,"area_crs":2901940,"len_km":7,"area_km2":2},"id":504102024}]}}}