{"type":"Topology","arcs":[[[422,311],[11,-102]],[[433,209],[-62,16]],[[371,225],[-13,88]],[[358,313],[64,-2]],[[431,430],[-8,-85]],[[423,345],[-1,-34]],[[358,313],[-28,15]],[[330,328],[101,102]],[[768,262],[-82,-57]],[[686,205],[-2,12]],[[684,217],[-12,69]],[[672,286],[75,24]],[[747,310],[21,-48]],[[876,525],[-2,-109]],[[874,416],[-23,-19]],[[851,397],[-70,100]],[[781,497],[-36,42]],[[745,539],[131,-14]],[[517,362],[46,-59]],[[563,303],[-19,-92]],[[544,211],[-26,-5]],[[518,206],[-85,3]],[[423,345],[94,17]],[[313,205],[-10,-90]],[[303,115],[-49,-115]],[[254,0],[-31,7]],[[223,7],[21,248]],[[244,255],[63,6]],[[307,261],[6,-56]],[[842,319],[-74,-57]],[[747,310],[-14,14]],[[733,324],[83,62]],[[816,386],[26,-67]],[[672,286],[-10,21]],[[662,307],[-19,45]],[[643,352],[-9,21]],[[634,373],[70,27]],[[704,400],[29,-76]],[[135,216],[6,-203]],[[141,13],[-141,107],[82,183]],[[82,303],[53,-87]],[[684,217],[-21,-9]],[[663,208],[-54,28]],[[609,236],[-1,63]],[[608,299],[54,8]],[[663,208],[-73,-41]],[[590,167],[-22,29]],[[568,196],[41,40]],[[518,206],[43,-95]],[[561,111],[-79,22]],[[482,133],[-49,76]],[[568,196],[-24,15]],[[563,303],[40,7]],[[603,310],[5,-11]],[[851,397],[-35,-11]],[[704,400],[-33,72]],[[671,472],[110,25]],[[590,167],[-29,-56]],[[686,205],[-96,-38]],[[634,373],[-79,59]],[[555,432],[68,70]],[[623,502],[48,-30]],[[936,371],[-62,45]],[[876,525],[60,-154]],[[623,502],[122,37]],[[643,352],[-40,-42]],[[517,362],[-21,55]],[[496,417],[59,15]],[[223,7],[-82,6]],[[135,216],[63,35]],[[198,251],[46,4]],[[482,133],[-73,-66]],[[409,67],[-106,48]],[[313,205],[58,20]],[[198,251],[21,56]],[[219,307],[106,7]],[[325,314],[-18,-53]],[[936,371],[-94,-52]],[[325,314],[5,14]],[[82,303],[137,4]],[[431,430],[65,-13]],[[409,67],[-155,-67]]],"transform":{"scale":[0.00031076243055559787,0.00027785550649352174],"translate":[122.37457622500004,7.771348969000031]},"objects":{"bgysubmuns-municity-908315000":{"type":"GeometryCollection","geometries":[{"arcs":[[0,1,2,3]],"type":"Polygon","properties":{"adm1_psgc":900000000,"adm2_psgc":908300000,"adm3_psgc":908315000,"adm4_psgc":908315001,"adm4_en":"Achasol","geo_level":"Bgy","len_crs":11966,"area_crs":9046926,"len_km":11,"area_km2":9},"id":908315001},{"arcs":[[4,5,-4,6,7]],"type":"Polygon","properties":{"adm1_psgc":900000000,"adm2_psgc":908300000,"adm3_psgc":908315000,"adm4_psgc":908315002,"adm4_en":"Bangco","geo_level":"Bgy","len_crs":12809,"area_crs":9378876,"len_km":12,"area_km2":9},"id":908315002},{"arcs":[[8,9,10,11,12]],"type":"Polygon","properties":{"adm1_psgc":900000000,"adm2_psgc":908300000,"adm3_psgc":908315000,"adm4_psgc":908315003,"adm4_en":"Camanga","geo_level":"Bgy","len_crs":11997,"area_crs":6333749,"len_km":11,"area_km2":6},"id":908315003},{"arcs":[[13,14,15,16,17]],"type":"Polygon","properties":{"adm1_psgc":900000000,"adm2_psgc":908300000,"adm3_psgc":908315000,"adm4_psgc":908315004,"adm4_en":"Culasian","geo_level":"Bgy","len_crs":18105,"area_crs":14832625,"len_km":18,"area_km2":14},"id":908315004},{"arcs":[[18,19,20,21,-1,-6,22]],"type":"Polygon","properties":{"adm1_psgc":900000000,"adm2_psgc":908300000,"adm3_psgc":908315000,"adm4_psgc":908315005,"adm4_en":"Dalangin","geo_level":"Bgy","len_crs":25417,"area_crs":14479665,"len_km":25,"area_km2":14},"id":908315005},{"arcs":[[23,24,25,26,27,28]],"type":"Polygon","properties":{"adm1_psgc":900000000,"adm2_psgc":908300000,"adm3_psgc":908315000,"adm4_psgc":908315007,"adm4_en":"Dalisay","geo_level":"Bgy","len_crs":19693,"area_crs":16582598,"len_km":19,"area_km2":16},"id":908315007},{"arcs":[[29,-13,30,31,32]],"type":"Polygon","properties":{"adm1_psgc":900000000,"adm2_psgc":908300000,"adm3_psgc":908315000,"adm4_psgc":908315008,"adm4_en":"Gomotoc","geo_level":"Bgy","len_crs":11817,"area_crs":6750327,"len_km":11,"area_km2":6},"id":908315008},{"arcs":[[-31,-12,33,34,35,36,37]],"type":"Polygon","properties":{"adm1_psgc":900000000,"adm2_psgc":908300000,"adm3_psgc":908315000,"adm4_psgc":908315009,"adm4_en":"Imelda","geo_level":"Bgy","len_crs":11767,"area_crs":7236661,"len_km":11,"area_km2":7},"id":908315009},{"arcs":[[38,39,40]],"type":"Polygon","properties":{"adm1_psgc":900000000,"adm2_psgc":908300000,"adm3_psgc":908315000,"adm4_psgc":908315010,"adm4_en":"Kipit","geo_level":"Bgy","len_crs":24310,"area_crs":30177567,"len_km":24,"area_km2":30},"id":908315010},{"arcs":[[-34,-11,41,42,43,44]],"type":"Polygon","properties":{"adm1_psgc":900000000,"adm2_psgc":908300000,"adm3_psgc":908315000,"adm4_psgc":908315011,"adm4_en":"Kitabog","geo_level":"Bgy","len_crs":14093,"area_crs":5587373,"len_km":14,"area_km2":5},"id":908315011},{"arcs":[[45,46,47,-43]],"type":"Polygon","properties":{"adm1_psgc":900000000,"adm2_psgc":908300000,"adm3_psgc":908315000,"adm4_psgc":908315012,"adm4_en":"La Libertad","geo_level":"Bgy","len_crs":10542,"area_crs":4352295,"len_km":10,"area_km2":4},"id":908315012},{"arcs":[[48,49,50,-22]],"type":"Polygon","properties":{"adm1_psgc":900000000,"adm2_psgc":908300000,"adm3_psgc":908315000,"adm4_psgc":908315013,"adm4_en":"Longilog","geo_level":"Bgy","len_crs":12674,"area_crs":6697880,"len_km":12,"area_km2":6},"id":908315013},{"arcs":[[-44,-48,51,-20,52,53]],"type":"Polygon","properties":{"adm1_psgc":900000000,"adm2_psgc":908300000,"adm3_psgc":908315000,"adm4_psgc":908315014,"adm4_en":"Mabini","geo_level":"Bgy","len_crs":9983,"area_crs":5091099,"len_km":9,"area_km2":5},"id":908315014},{"arcs":[[54,-32,-38,55,56,-16]],"type":"Polygon","properties":{"adm1_psgc":900000000,"adm2_psgc":908300000,"adm3_psgc":908315000,"adm4_psgc":908315015,"adm4_en":"Malagandis","geo_level":"Bgy","len_crs":17682,"area_crs":16494355,"len_km":17,"area_km2":16},"id":908315015},{"arcs":[[-52,-47,57,-49,-21]],"type":"Polygon","properties":{"adm1_psgc":900000000,"adm2_psgc":908300000,"adm3_psgc":908315000,"adm4_psgc":908315016,"adm4_en":"Mate","geo_level":"Bgy","len_crs":9558,"area_crs":5289021,"len_km":9,"area_km2":5},"id":908315016},{"arcs":[[58,-46,-42,-10]],"type":"Polygon","properties":{"adm1_psgc":900000000,"adm2_psgc":908300000,"adm3_psgc":908315000,"adm4_psgc":908315017,"adm4_en":"Moalboal","geo_level":"Bgy","len_crs":8115,"area_crs":1343413,"len_km":8,"area_km2":1},"id":908315017},{"arcs":[[-56,-37,59,60,61]],"type":"Polygon","properties":{"adm1_psgc":900000000,"adm2_psgc":908300000,"adm3_psgc":908315000,"adm4_psgc":908315018,"adm4_en":"Namnama","geo_level":"Bgy","len_crs":14893,"area_crs":11715296,"len_km":14,"area_km2":11},"id":908315018},{"arcs":[[62,-14,63]],"type":"Polygon","properties":{"adm1_psgc":900000000,"adm2_psgc":908300000,"adm3_psgc":908315000,"adm4_psgc":908315019,"adm4_en":"New Canaan","geo_level":"Bgy","len_crs":17006,"area_crs":6146777,"len_km":17,"area_km2":6},"id":908315019},{"arcs":[[-17,-57,-62,64]],"type":"Polygon","properties":{"adm1_psgc":900000000,"adm2_psgc":908300000,"adm3_psgc":908315000,"adm4_psgc":908315020,"adm4_en":"Palomoc","geo_level":"Bgy","len_crs":13184,"area_crs":9498003,"len_km":13,"area_km2":9},"id":908315020},{"arcs":[[-36,65,-53,-19,66,67,-60]],"type":"Polygon","properties":{"adm1_psgc":900000000,"adm2_psgc":908300000,"adm3_psgc":908315000,"adm4_psgc":908315021,"adm4_en":"Poblacion","geo_level":"Bgy","len_crs":14928,"area_crs":9468855,"len_km":14,"area_km2":9},"id":908315021},{"arcs":[[68,-39,69,70,-27]],"type":"Polygon","properties":{"adm1_psgc":900000000,"adm2_psgc":908300000,"adm3_psgc":908315000,"adm4_psgc":908315023,"adm4_en":"Pulidan","geo_level":"Bgy","len_crs":22210,"area_crs":21422531,"len_km":22,"area_km2":21},"id":908315023},{"arcs":[[-51,71,72,-24,73,-2]],"type":"Polygon","properties":{"adm1_psgc":900000000,"adm2_psgc":908300000,"adm3_psgc":908315000,"adm4_psgc":908315024,"adm4_en":"San Antonio","geo_level":"Bgy","len_crs":18232,"area_crs":17604778,"len_km":18,"area_km2":17},"id":908315024},{"arcs":[[-28,-71,74,75,76]],"type":"Polygon","properties":{"adm1_psgc":900000000,"adm2_psgc":908300000,"adm3_psgc":908315000,"adm4_psgc":908315025,"adm4_en":"Santa Fe","geo_level":"Bgy","len_crs":13432,"area_crs":6010180,"len_km":13,"area_km2":6},