{"type":"Topology","arcs":[[[287,174],[58,-72]],[[345,102],[-113,-60],[-113,0],[-119,138],[49,46]],[[49,226],[114,-82],[124,30]],[[885,219],[-66,-5]],[[819,214],[-21,52]],[[798,266],[14,11]],[[812,277],[58,3]],[[870,280],[15,-61]],[[812,277],[0,66]],[[812,343],[58,-63]],[[650,436],[-32,-6]],[[618,430],[-43,-2]],[[575,428],[-45,3]],[[530,431],[0,69]],[[530,500],[0,1]],[[530,501],[25,12]],[[555,513],[95,-77]],[[885,219],[15,-100]],[[900,119],[-81,-30]],[[819,89],[0,125]],[[575,428],[10,-90]],[[585,338],[-79,74]],[[506,412],[24,19]],[[435,309],[-14,-105]],[[421,204],[-57,16]],[[364,220],[15,100]],[[379,320],[56,-11]],[[421,204],[-4,-100]],[[417,104],[-72,-2]],[[287,174],[77,46]],[[706,282],[-30,-161]],[[676,121],[-127,96]],[[549,217],[31,48]],[[580,265],[94,25]],[[674,290],[32,-8]],[[585,338],[27,2]],[[612,340],[-32,-75]],[[549,217],[-56,-14]],[[493,203],[-9,120]],[[484,323],[12,65]],[[496,388],[10,24]],[[676,121],[-9,-85]],[[667,36],[-162,39]],[[505,75],[-12,128]],[[496,388],[-62,46]],[[434,434],[32,54]],[[466,488],[64,12]],[[755,375],[-40,-33]],[[715,342],[-26,72]],[[689,414],[66,-39]],[[715,342],[-41,-52]],[[612,340],[6,90]],[[650,436],[39,-22]],[[466,488],[-25,28]],[[441,516],[60,73]],[[501,589],[29,-88]],[[49,226],[150,14],[138,88]],[[337,328],[42,-8]],[[505,75],[-88,29]],[[435,309],[49,14]],[[434,434],[-61,19]],[[373,453],[68,63]],[[337,328],[36,125]],[[755,375],[57,-32]],[[798,266],[-92,16]],[[501,589],[54,-76]],[[825,2],[-6,87]],[[900,119],[13,-119],[-88,2]],[[825,2],[-158,34]]],"transform":{"scale":[0.00012316470719836114,0.00010310374872661793],"translate":[123.0350895590001,11.376598645000058]},"objects":{"bgysubmuns-municity-603009000":{"type":"GeometryCollection","geometries":[{"arcs":[[0,1,2]],"type":"Polygon","properties":{"adm1_psgc":600000000,"adm2_psgc":603000000,"adm3_psgc":603009000,"adm4_psgc":603009001,"adm4_en":"Alapasco","geo_level":"Bgy","len_crs":10959,"area_crs":4771038,"len_km":10,"area_km2":4},"id":603009001},{"arcs":[[3,4,5,6,7]],"type":"Polygon","properties":{"adm1_psgc":600000000,"adm2_psgc":603000000,"adm3_psgc":603009000,"adm4_psgc":603009002,"adm4_en":"Alinsolong","geo_level":"Bgy","len_crs":4190,"area_crs":684212,"len_km":4,"area_km2":0},"id":603009002},{"arcs":[[-7,8,9]],"type":"Polygon","properties":{"adm1_psgc":600000000,"adm2_psgc":603000000,"adm3_psgc":603009000,"adm4_psgc":603009003,"adm4_en":"Banban","geo_level":"Bgy","len_crs":4330,"area_crs":498979,"len_km":4,"area_km2":0},"id":603009003},{"arcs":[[10,11,12,13,14,15,16]],"type":"Polygon","properties":{"adm1_psgc":600000000,"adm2_psgc":603000000,"adm3_psgc":603009000,"adm4_psgc":603009004,"adm4_en":"Batad Viejo","geo_level":"Bgy","len_crs":4770,"area_crs":1421705,"len_km":4,"area_km2":1},"id":603009004},{"arcs":[[17,18,19,-4]],"type":"Polygon","properties":{"adm1_psgc":600000000,"adm2_psgc":603000000,"adm3_psgc":603009000,"adm4_psgc":603009005,"adm4_en":"Binon-an","geo_level":"Bgy","len_crs":7680,"area_crs":1236890,"len_km":7,"area_km2":1},"id":603009005},{"arcs":[[20,21,22,-13]],"type":"Polygon","properties":{"adm1_psgc":600000000,"adm2_psgc":603000000,"adm3_psgc":603009000,"adm4_psgc":603009006,"adm4_en":"Bolhog","geo_level":"Bgy","len_crs":3765,"area_crs":864555,"len_km":3,"area_km2":0},"id":603009006},{"arcs":[[23,24,25,26]],"type":"Polygon","properties":{"adm1_psgc":600000000,"adm2_psgc":603000000,"adm3_psgc":603009000,"adm4_psgc":603009007,"adm4_en":"Bulak Norte","geo_level":"Bgy","len_crs":3971,"area_crs":853351,"len_km":3,"area_km2":0},"id":603009007},{"arcs":[[27,28,-1,29,-25]],"type":"Polygon","properties":{"adm1_psgc":600000000,"adm2_psgc":603000000,"adm3_psgc":603009000,"adm4_psgc":603009008,"adm4_en":"Bulak Sur","geo_level":"Bgy","len_crs":5572,"area_crs":2047636,"len_km":5,"area_km2":2},"id":603009008},{"arcs":[[30,31,32,33,34]],"type":"Polygon","properties":{"adm1_psgc":600000000,"adm2_psgc":603000000,"adm3_psgc":603009000,"adm4_psgc":603009009,"adm4_en":"Cabagohan","geo_level":"Bgy","len_crs":6559,"area_crs":2258911,"len_km":6,"area_km2":2},"id":603009009},{"arcs":[[35,36,-33,37,38,39,40,-22]],"type":"Polygon","properties":{"adm1_psgc":600000000,"adm2_psgc":603000000,"adm3_psgc":603009000,"adm4_psgc":603009011,"adm4_en":"Calangag","geo_level":"Bgy","len_crs":7289,"area_crs":2304973,"len_km":7,"area_km2":2},"id":603009011},{"arcs":[[41,42,43,-38,-32]],"type":"Polygon","properties":{"adm1_psgc":600000000,"adm2_psgc":603000000,"adm3_psgc":603009000,"adm4_psgc":603009012,"adm4_en":"Caw-i","geo_level":"Bgy","len_crs":7811,"area_crs":3056610,"len_km":7,"area_km2":3},"id":603009012},{"arcs":[[-14,-23,-41,44,45,46]],"type":"Polygon","properties":{"adm1_psgc":600000000,"adm2_psgc":603000000,"adm3_psgc":603009000,"adm4_psgc":603009013,"adm4_en":"Drancalan","geo_level":"Bgy","len_crs":4521,"area_crs":1098864,"len_km":4,"area_km2":1},"id":603009013},{"arcs":[[47,48,49]],"type":"Polygon","properties":{"adm1_psgc":600000000,"adm2_psgc":603000000,"adm3_psgc":603009000,"adm4_psgc":603009014,"adm4_en":"Embarcadero","geo_level":"Bgy","len_crs":5374,"area_crs":1427673,"len_km":5,"area_km2":1},"id":603009014},{"arcs":[[-49,50,-34,-37,51,-11,52]],"type":"Polygon","properties":{"adm1_psgc":600000000,"adm2_psgc":603000000,"adm3_psgc":603009000,"adm4_psgc":603009015,"adm4_en":"Hamod","geo_level":"Bgy","len_crs":6898,"area_crs":1829250,"len_km":6,"area_km2":1},"id":603009015},{"arcs":[[-15,-47,53,54,55]],"type":"Polygon","properties":{"adm1_psgc":600000000,"adm2_psgc":603000000,"adm3_psgc":603009000,"adm4_psgc":603009016,"adm4_en":"Malico","geo_level":"Bgy","len_crs":3579,"area_crs":752703,"len_km":3,"area_km2":0},"id":603009016},{"arcs":[[-26,-30,-3,56,57]],"type":"Polygon","properties":{"adm1_psgc":600000000,"adm2_psgc":603000000,"adm3_psgc":603009000,"adm4_psgc":603009017,"adm4_en":"Nangka","geo_level":"Bgy","len_crs":11078,"area_crs":4397496,"len_km":11,"area_km2":4},"id":603009017},{"arcs":[[-44,58,-28,-24,59,-39]],"type":"Polygon","properties":{"adm1_psgc":600000000,"adm2_psgc":603000000,"adm3_psgc":603009000,"adm4_psgc":603009018,"adm4_en":"Pasayan","geo_level":"Bgy","len_crs":7323,"area_crs":2419477,"len_km":7,"area_km2":2},"id":603009018},{"arcs":[[-52,-36,-21,-12]],"type":"Polygon","properties":{"adm1_psgc":600000000,"adm2_psgc":603000000,"adm3_psgc":603009000,"adm4_psgc":603009019,"adm4_en":"Poblacion","geo_level":"Bgy","len_crs":3434,"area_crs":758634,"len_km":3,"area_km2":0},"id":603009019},{"arcs":[[-46,60,61,-54]],"type":"Polygon","properties":{"adm1_psgc":600000000,"adm2_psgc":603000000,"adm3_psgc":603009000,"adm4_psgc":603009020,"adm4_en":"Quiazan Florete","geo_level":"Bgy","len_crs":3611,"area_crs":792186,"len_km":3,"area_km2":0},"id":603009020},{"arcs":[[-45,-40,-60,-27,-58,62,-61]],"type":"Polygon","properties":{"adm1_psgc":600000000,"adm2_psgc":603000000,"adm3_psgc":603009000,"adm4_psgc":603009021,"adm4_en":"Quiazan Lopez","geo_level":"Bgy","len_crs":6422,"area_crs":2203144,"len_km":6,"area_km2":2},"id":603009021},{"arcs":[[63,-9,-6,64,-35,-51,-48]],"type":"Polygon","properties":{"adm1_psgc":600000000,"adm2_psgc":603000000,"adm3_psgc":603009000,"adm4_psgc":603009022,"adm4_en":"Salong","geo_level":"Bgy","len_crs":5972,"area_crs":1326106,"len_km":5,"area_km2":1},"id":603009022},{"arcs":[[-16,-56,65]],"type":"Polygon","properties":{"adm1_psgc":600000000,"adm2_psgc":603000000,"adm3_psgc":603009000,"adm4_psgc":603009023,"adm4_en":"Santa Ana","geo_level":"Bgy","len_crs":4031,"area_crs":895911,"len_km":4,"area_km2":0},"id":603009023},{"arcs":[[66,-19,67]],"type":"Polygon","properties":{"adm1_psgc":600000000,"adm2_psgc":603000000,"adm3_psgc":603009000,"adm4_psgc":603009024,"adm4_en":"Tanao","geo_level":"Bgy","len_crs":10202,"area_crs":1905082,"len_km":10,"area_km2":1},"id":603009024},{"arcs":[[-5,-20,-67,68,-42,-31,-65]],"type":"Polygon","properties":{"adm1_psgc":600000000,"adm2_psgc":603000000,"adm3_psgc":603009000,"adm4_psgc":603009025,"adm4_en":"Tapi-an","geo_level":"Bgy","len_crs":9677,"area_crs":5129722,"len_km":9,"area_km2":5},"id":603009025}]}}}