{"type":"Topology","arcs":[[[621,302],[-62,-89],[-65,-19]],[[494,194],[-44,106],[34,82]],[[484,382],[9,6]],[[493,388],[128,-86]],[[1041,710],[-54,29],[-163,-33],[-75,-117]],[[749,589],[-25,52]],[[724,641],[-27,66],[28,150]],[[725,857],[140,60],[54,76],[84,0],[30,-70],[93,-97],[16,-135],[-101,19]],[[683,389],[-62,-87]],[[493,388],[62,95]],[[555,483],[128,-94]],[[711,1117],[-6,-29],[-159,-74]],[[546,1014],[-8,7]],[[538,1021],[-43,143]],[[495,1164],[52,75]],[[547,1239],[126,-14],[49,-48],[-11,-60]],[[105,1061],[11,-81],[47,-52]],[[163,928],[-21,-71],[-69,-64]],[[73,793],[-73,30],[14,168],[91,70]],[[1018,104],[91,-5],[60,-90],[-101,-9],[-145,74],[95,30]],[[538,1021],[-81,8],[-101,80]],[[356,1109],[30,62]],[[386,1171],[109,-7]],[[778,569],[-76,-106],[-19,-74]],[[555,483],[-36,97]],[[519,580],[147,23],[58,38]],[[749,589],[29,-20]],[[234,252],[4,2]],[[238,254],[-4,-2]],[[241,255],[11,5]],[[252,260],[-11,-5]],[[252,260],[1,0]],[[253,260],[-1,0]],[[253,260],[3,2]],[[256,262],[-3,-2]],[[494,194],[-66,15],[-60,-46],[-73,88],[19,61]],[[314,312],[45,119]],[[359,431],[125,-49]],[[519,580],[23,108],[-59,28]],[[483,716],[-21,58]],[[462,774],[70,55],[34,152]],[[566,981],[67,16]],[[633,997],[92,-140]],[[391,863],[71,-89]],[[483,716],[-69,1],[-65,-79]],[[349,638],[-98,-1]],[[251,637],[-34,101]],[[217,738],[10,100]],[[227,838],[164,25]],[[314,1090],[45,-128]],[[359,962],[-132,4]],[[227,966],[-3,107]],[[224,1073],[90,17]],[[359,962],[32,-99]],[[227,838],[-6,128]],[[221,966],[6,0]],[[566,981],[-20,33]],[[711,1117],[65,-35],[-143,-85]],[[221,966],[-58,-38]],[[105,1061],[119,12]],[[698,253],[30,-62],[114,22],[49,-78],[-99,1],[-129,53],[35,64]],[[386,1171],[-91,142],[110,-13],[36,41],[130,18],[-24,-120]],[[359,431],[-10,207]],[[1041,710],[68,-100],[-70,-59],[4,-77],[-99,-82],[-88,-6],[-10,118],[89,11],[-41,87],[-116,-33]],[[241,255],[6,21],[9,-14]],[[234,252],[4,2]],[[314,312],[-44,35],[-35,140],[16,150]],[[314,1090],[42,19]],[[217,738],[-30,-33],[-114,88]]],"transform":{"scale":[0.00012691513088103205,0.00011227930757915095],"translate":[122.47508621200008,10.38686]},"objects":{"bgysubmuns-municity-607903000":{"type":"GeometryCollection","geometries":[{"arcs":[[0,1,2,3]],"type":"Polygon","properties":{"adm1_psgc":600000000,"adm2_psgc":607900000,"adm3_psgc":607903000,"adm4_psgc":607903001,"adm4_en":"Cabalagnan","geo_level":"Bgy","len_crs":9023,"area_crs":3411132,"len_km":9,"area_km2":3},"id":607903001},{"arcs":[[4,5,6,7]],"type":"Polygon","properties":{"adm1_psgc":600000000,"adm2_psgc":607900000,"adm3_psgc":607903000,"adm4_psgc":607903002,"adm4_en":"Calaya","geo_level":"Bgy","len_crs":21786,"area_crs":16408104,"len_km":21,"area_km2":16},"id":607903002},{"arcs":[[8,-4,9,10]],"type":"Polygon","properties":{"adm1_psgc":600000000,"adm2_psgc":607900000,"adm3_psgc":607903000,"adm4_psgc":607903003,"adm4_en":"Canhawan","geo_level":"Bgy","len_crs":8007,"area_crs":2704170,"len_km":8,"area_km2":2},"id":607903003},{"arcs":[[11,12,13,14,15]],"type":"Polygon","properties":{"adm1_psgc":600000000,"adm2_psgc":607900000,"adm3_psgc":607903000,"adm4_psgc":607903004,"adm4_en":"Concordia Sur","geo_level":"Bgy","len_crs":11499,"area_crs":5682001,"len_km":11,"area_km2":5},"id":607903004},{"arcs":[[16,17,18]],"type":"Polygon","properties":{"adm1_psgc":600000000,"adm2_psgc":607900000,"adm3_psgc":607903000,"adm4_psgc":607903005,"adm4_en":"Dolores","geo_level":"Bgy","len_crs":16928,"area_crs":4783714,"len_km":16,"area_km2":4},"id":607903005},{"arcs":[[19]],"type":"Polygon","properties":{"adm1_psgc":600000000,"adm2_psgc":607900000,"adm3_psgc":607903000,"adm4_psgc":607903006,"adm4_en":"Guiwanon","geo_level":"Bgy","len_crs":8805,"area_crs":2853243,"len_km":8,"area_km2":2},"id":607903006},{"arcs":[[-14,20,21,22]],"type":"Polygon","properties":{"adm1_psgc":600000000,"adm2_psgc":607900000,"adm3_psgc":607903000,"adm4_psgc":607903007,"adm4_en":"Igang","geo_level":"Bgy","len_crs":8868,"area_crs":3149116,"len_km":8,"area_km2":3},"id":607903007},{"arcs":[[23,-11,24,25,-6,26]],"type":"Polygon","properties":{"adm1_psgc":600000000,"adm2_psgc":607900000,"adm3_psgc":607903000,"adm4_psgc":607903008,"adm4_en":"Igdarapdap","geo_level":"Bgy","len_crs":11713,"area_crs":5433093,"len_km":11,"area_km2":5},"id":607903008},{"arcs":[[35,36,37,-2]],"type":"Polygon","properties":{"adm1_psgc":600000000,"adm2_psgc":607900000,"adm3_psgc":607903000,"adm4_psgc":607903009,"adm4_en":"La Paz","geo_level":"Bgy","len_crs":23538,"area_crs":6283349,"len_km":23,"area_km2":6},"id":607903009},{"arcs":[[-7,-26,38,39,40,41,42]],"type":"Polygon","properties":{"adm1_psgc":600000000,"adm2_psgc":607900000,"adm3_psgc":607903000,"adm4_psgc":607903010,"adm4_en":"Lanipe","geo_level":"Bgy","len_crs":16125,"area_crs":11945911,"len_km":16,"area_km2":11},"id":607903010},{"arcs":[[43,-40,44,45,46,47,48]],"type":"Polygon","properties":{"adm1_psgc":600000000,"adm2_psgc":607900000,"adm3_psgc":607903000,"adm4_psgc":607903011,"adm4_en":"Lucmayan","geo_level":"Bgy","len_crs":19897,"area_crs":7195668,"len_km":19,"area_km2":7},"id":607903011},{"arcs":[[49,50,51,52]],"type":"Polygon","properties":{"adm1_psgc":600000000,"adm2_psgc":607900000,"adm3_psgc":607903000,"adm4_psgc":607903012,"adm4_en":"Magamay","geo_level":"Bgy","len_crs":10260,"area_crs":2290185,"len_km":10,"area_km2":2},"id":607903012},{"arcs":[[53,-49,54,55,-51]],"type":"Polygon","properties":{"adm1_psgc":600000000,"adm2_psgc":607900000,"adm3_psgc":607903000,"adm4_psgc":607903013,"adm4_en":"Napandong","geo_level":"Bgy","len_crs":7864,"area_crs":3407580,"len_km":7,"area_km2":3},"id":607903013},{"arcs":[[-42,56,-12,57]],"type":"Polygon","properties":{"adm1_psgc":600000000,"adm2_psgc":607900000,"adm3_psgc":607903000,"adm4_psgc":607903014,"adm4_en":"Oracon Sur","geo_level":"Bgy","len_crs":8331,"area_crs":2220049,"len_km":8,"area_km2":2},"id":607903014},{"arcs":[[-52,-56,58,-17,59]],"type":"Polygon","properties":{"adm1_psgc":600000000,"adm2_psgc":607900000,"adm3_psgc":607903000,"adm4_psgc":607903015,"adm4_en":"Pandaraonan","geo_level":"Bgy","len_crs":12908,"area_crs":2215501,"len_km":12,"area_km2":2},"id":607903015},{"arcs":[[60]],"type":"Polygon","properties":{"adm1_psgc":600000000,"adm2_psgc":607900000,"adm3_psgc":607903000,"adm4_psgc":607903016,"adm4_en":"Panobolon","geo_level":"Bgy","len_crs":18572,"area_crs":3892934,"len_km":18,"area_km2":3},"id":607903016},{"arcs":[[-15,-23,61]],"type":"Polygon","properties":{"adm1_psgc":600000000,"adm2_psgc":607900000,"adm3_psgc":607903000,"adm4_psgc":607903017,"adm4_en":"Poblacion","geo_level":"Bgy","len_crs":18961,"area_crs":6278656,"len_km":18,"area_km2":6},"id":607903017},{"arcs":[[-39,-25,-10,-3,-38,62,-45]],"type":"Polygon","properties":{"adm1_psgc":600000000,"adm2_psgc":607900000,"adm3_psgc":607903000,"adm4_psgc":607903018,"adm4_en":"Salvacion","geo_level":"Bgy","len_crs":12838,"area_crs":9202973,"len_km":12,"area_km2":9},"id":607903018},{"arcs":[[63,-27,-5]],"type":"Polygon","properties":{"adm1_psgc":600000000,"adm2_psgc":607900000,"adm3_psgc":607903000,"adm4_psgc":607903019,"adm4_en":"San Antonio","geo_level":"Bgy","len_crs":24950,"area_crs":11589395,"len_km":24,"area_km2":11},"id":607903019},{"arcs":[[[-34,-32,-30,64]],[[-63,-37,66,-46]]],"type":"MultiPolygon","properties":{"adm1_psgc":600000000,"adm2_psgc":607900000,"adm3_psgc":607903000,"adm4_psgc":607903020,"adm4_en":"San Roque","geo_level":"Bgy","len_crs":44651,"area_crs":6152085,"len_km":44,"area_km2":6},"id":607903020},{"arcs":[[-21,-13,-57,-41,-44,-54,-50,67]],"type":"Polygon","properties":{"adm1_psgc":600000000,"adm2_psgc":607900000,"adm3_psgc":607903000,"adm4_psgc":607903021,"adm4_en":"Santo Domingo","geo_level":"Bgy","len_crs":13493,"area_crs":7506755,"len_km":13,"area_km2":7},"id":607903021},{"arcs":[[68,-18,-59,-55,-48]],"type":"Polygon","properties":{"adm1_psgc":600000000,"adm2_psgc":607900000,"adm3_psgc":607903000,"adm4_psgc":607903022,"adm4_en":"Tando","geo_level":"Bgy","len_crs":15879,"area_crs":3865605,"len_km":15,"area_km2":3},"id":607903022}]}}}