{"type":"Topology","arcs":[[[255,740],[-27,-72]],[[228,668],[-48,-22]],[[180,646],[-8,4]],[[172,650],[55,98]],[[227,748],[28,-8]],[[306,717],[-33,-69]],[[273,648],[-45,20]],[[255,740],[51,-23]],[[273,648],[45,-50]],[[318,598],[-11,-29]],[[307,569],[-129,61]],[[178,630],[0,6]],[[178,636],[2,10]],[[388,352],[-4,-46]],[[384,306],[-14,7]],[[370,313],[-82,44]],[[288,357],[24,63]],[[312,420],[76,-68]],[[166,618],[0,-13]],[[166,605],[-8,-167]],[[158,438],[-29,-16]],[[129,422],[-33,-10]],[[96,412],[-1,15]],[[95,427],[42,158]],[[137,585],[20,33]],[[157,618],[9,0]],[[267,500],[-16,-18]],[[251,482],[-65,-21]],[[186,461],[27,67]],[[213,528],[54,-28]],[[186,461],[-28,-23]],[[166,605],[47,-77]],[[367,140],[-62,3]],[[305,143],[-16,97]],[[289,240],[79,10]],[[368,250],[-1,-110]],[[639,181],[-67,-107]],[[572,74],[-143,52]],[[429,126],[50,136]],[[479,262],[160,-81]],[[180,770],[-17,-119]],[[163,651],[-7,0]],[[156,651],[-61,-27]],[[95,624],[-45,-14]],[[50,610],[-50,89],[180,71]],[[172,650],[-9,1]],[[180,770],[47,-22]],[[156,651],[1,-15]],[[157,636],[0,-18]],[[137,585],[-42,39]],[[464,276],[15,-14]],[[429,126],[0,-23]],[[429,103],[-64,10]],[[365,113],[2,27]],[[368,250],[2,63]],[[384,306],[80,-30]],[[437,429],[-7,-18]],[[430,411],[-110,25]],[[320,436],[-69,46]],[[267,500],[170,-71]],[[331,652],[-13,-54]],[[306,717],[25,-65]],[[655,419],[-176,51]],[[479,470],[-107,53]],[[372,523],[68,44]],[[440,567],[215,-148]],[[95,427],[-45,183]],[[320,436],[-8,-16]],[[288,357],[-33,-21]],[[255,336],[-8,5]],[[247,341],[-118,81]],[[655,419],[-16,-238]],[[464,276],[10,66]],[[474,342],[-44,69]],[[437,429],[42,41]],[[550,0],[-218,15]],[[332,15],[102,3]],[[434,18],[116,-18]],[[307,569],[-15,-26]],[[292,543],[-25,-43]],[[166,618],[12,12]],[[388,352],[86,-10]],[[372,523],[-80,20]],[[331,652],[109,-85]],[[572,74],[-22,-74]],[[434,18],[-5,85]],[[247,341],[-151,71]],[[365,113],[-33,-98]],[[332,15],[-27,128]],[[178,636],[-21,0]],[[289,240],[-34,96]]],"transform":{"scale":[0.0002371548167938062,0.00022199950129870368],"translate":[121.41650268500007,17.59413874000006]},"objects":{"bgysubmuns-municity-201528000":{"type":"GeometryCollection","geometries":[{"arcs":[[0,1,2,3,4]],"type":"Polygon","properties":{"adm1_psgc":200000000,"adm2_psgc":201500000,"adm3_psgc":201528000,"adm4_psgc":201528001,"adm4_en":"Accusilian","geo_level":"Bgy","len_crs":7273,"area_crs":2124853,"len_km":7,"area_km2":2},"id":201528001},{"arcs":[[5,6,-1,7]],"type":"Polygon","properties":{"adm1_psgc":200000000,"adm2_psgc":201500000,"adm3_psgc":201528000,"adm4_psgc":201528002,"adm4_en":"Alabiao","geo_level":"Bgy","len_crs":6799,"area_crs":2658664,"len_km":6,"area_km2":2},"id":201528002},{"arcs":[[8,9,10,11,12,-2,-7]],"type":"Polygon","properties":{"adm1_psgc":200000000,"adm2_psgc":201500000,"adm3_psgc":201528000,"adm4_psgc":201528003,"adm4_en":"Alabug","geo_level":"Bgy","len_crs":9183,"area_crs":3727058,"len_km":9,"area_km2":3},"id":201528003},{"arcs":[[13,14,15,16,17]],"type":"Polygon","properties":{"adm1_psgc":200000000,"adm2_psgc":201500000,"adm3_psgc":201528000,"adm4_psgc":201528004,"adm4_en":"Angang","geo_level":"Bgy","len_crs":10945,"area_crs":3500485,"len_km":10,"area_km2":3},"id":201528004},{"arcs":[[18,19,20,21,22,23,24,25]],"type":"Polygon","properties":{"adm1_psgc":200000000,"adm2_psgc":201500000,"adm3_psgc":201528000,"adm4_psgc":201528005,"adm4_en":"Bagumbayan","geo_level":"Bgy","len_crs":12792,"area_crs":4285127,"len_km":12,"area_km2":4},"id":201528005},{"arcs":[[26,27,28,29]],"type":"Polygon","properties":{"adm1_psgc":200000000,"adm2_psgc":201500000,"adm3_psgc":201528000,"adm4_psgc":201528006,"adm4_en":"Barancuag","geo_level":"Bgy","len_crs":5880,"area_crs":1828700,"len_km":5,"area_km2":1},"id":201528006},{"arcs":[[-29,30,-20,31]],"type":"Polygon","properties":{"adm1_psgc":200000000,"adm2_psgc":201500000,"adm3_psgc":201528000,"adm4_psgc":201528007,"adm4_en":"Battung","geo_level":"Bgy","len_crs":10249,"area_crs":3920969,"len_km":10,"area_km2":3},"id":201528007},{"arcs":[[32,33,34,35]],"type":"Polygon","properties":{"adm1_psgc":200000000,"adm2_psgc":201500000,"adm3_psgc":201528000,"adm4_psgc":201528008,"adm4_en":"Bicok","geo_level":"Bgy","len_crs":9879,"area_crs":5374812,"len_km":9,"area_km2":5},"id":201528008},{"arcs":[[36,37,38,39]],"type":"Polygon","properties":{"adm1_psgc":200000000,"adm2_psgc":201500000,"adm3_psgc":201528000,"adm4_psgc":201528009,"adm4_en":"Bugnay","geo_level":"Bgy","len_crs":15478,"area_crs":12921579,"len_km":15,"area_km2":12},"id":201528009},{"arcs":[[40,41,42,43,44]],"type":"Polygon","properties":{"adm1_psgc":200000000,"adm2_psgc":201500000,"adm3_psgc":201528000,"adm4_psgc":201528010,"adm4_en":"Bulagao","geo_level":"Bgy","len_crs":15884,"area_crs":13074227,"len_km":15,"area_km2":13},"id":201528010},{"arcs":[[-4,45,-41,46]],"type":"Polygon","properties":{"adm1_psgc":200000000,"adm2_psgc":201500000,"adm3_psgc":201528000,"adm4_psgc":201528011,"adm4_en":"Cagumitan","geo_level":"Bgy","len_crs":8182,"area_crs":2424733,"len_km":8,"area_km2":2},"id":201528011},{"arcs":[[47,48,-25,49,-43]],"type":"Polygon","properties":{"adm1_psgc":200000000,"adm2_psgc":201500000,"adm3_psgc":201528000,"adm4_psgc":201528012,"adm4_en":"Cato","geo_level":"Bgy","len_crs":5661,"area_crs":2168833,"len_km":5,"area_km2":2},"id":201528012},{"arcs":[[50,-39,51,52,53,-36,54,-15,55]],"type":"Polygon","properties":{"adm1_psgc":200000000,"adm2_psgc":201500000,"adm3_psgc":201528000,"adm4_psgc":201528013,"adm4_en":"Culung","geo_level":"Bgy","len_crs":15416,"area_crs":10586571,"len_km":15,"area_km2":10},"id":201528013},{"arcs":[[56,57,58,-27,59]],"type":"Polygon","properties":{"adm1_psgc":200000000,"adm2_psgc":201500000,"adm3_psgc":201528000,"adm4_psgc":201528014,"adm4_en":"Dagupan","geo_level":"Bgy","len_crs":10663,"area_crs":4136194,"len_km":10,"area_km2":4},"id":201528014},{"arcs":[[60,-9,-6,61]],"type":"Polygon","properties":{"adm1_psgc":200000000,"adm2_psgc":201500000,"adm3_psgc":201528000,"adm4_psgc":201528015,"adm4_en":"Fugu","geo_level":"Bgy","len_crs":7093,"area_crs":2332182,"len_km":7,"area_km2":2},"id":201528015},{"arcs":[[62,63,64,65]],"type":"Polygon","properties":{"adm1_psgc":200000000,"adm2_psgc":201500000,"adm3_psgc":201528000,"adm4_psgc":201528016,"adm4_en":"Lakambini","geo_level":"Bgy","len_crs":17544,"area_crs":10346932,"len_km":17,"area_km2":10},"id":201528016},{"arcs":[[-24,66,-44,-50]],"type":"Polygon","properties":{"adm1_psgc":200000000,"adm2_psgc":201500000,"adm3_psgc":201528000,"adm4_psgc":201528017,"adm4_en":"Lallayug","geo_level":"Bgy","len_crs":12870,"area_crs":5153887,"len_km":12,"area_km2":5},"id":201528017},{"arcs":[[67,-17,68,69,70,-21,-31,-28,-59]],"type":"Polygon","properties":{"adm1_psgc":200000000,"adm2_psgc":201500000,"adm3_psgc":201528000,"adm4_psgc":201528019,"adm4_en":"Malummin","geo_level":"Bgy","len_crs":15215,"area_crs":8471660,"len_km":15,"area_km2":8},"id":201528019},{"arcs":[[71,-40,-51,72,73,-57,74,-63]],"type":"Polygon","properties":{"adm1_psgc":200000000,"adm2_psgc":201500000,"adm3_psgc":201528000,"adm4_psgc":201528020,"adm4_en":"Mambacag","geo_level":"Bgy","len_crs":22399,"area_crs":26611374,"len_km":22,"area_km2":26},"id":201528020},{"arcs":[[75,76,77]],"type":"Polygon","properties":{"adm1_psgc":200000000,"adm2_psgc":201500000,"adm3_psgc":201528000,"adm4_psgc":201528021,"adm4_en":"San Vicente","geo_level":"Bgy","len_crs":13332,"area_crs":6111283,"len_km":13,"area_km2":6},"id":201528021},{"arcs":[[78,79,-30,-32,-19,80,-11]],"type":"Polygon","properties":{"adm1_psgc":200000000,"adm2_psgc":201500000,"adm3_psgc":201528000,"adm4_psgc":201528022,"adm4_en":"Mungo","geo_level":"Bgy","len_crs":10396,"area_crs":5838451,"len_km":10,"area_km2":5},"id":201528022},{"arcs":[[-73,-56,-14,81]],"type":"Polygon","properties":{"adm1_psgc":200000000,"adm2_psgc":201500000,"adm3_psgc":201528000,"adm4_psgc":201528023,"adm4_en":"Naruangan","geo_level":"Bgy","len_crs":8507,"area_crs":2807735,"len_km":8,"area_km2":2},"id":201528023},{"arcs":[[-74,-82,-18,-68,-58]],"type":"Polygon",