{"type":"Topology","arcs":[[[660,337],[-40,-22]],[[620,315],[-27,60]],[[593,375],[35,15]],[[628,390],[32,-53]],[[304,474],[-31,-19]],[[273,455],[-58,-10]],[[215,445],[-4,100]],[[211,545],[93,-71]],[[617,178],[-35,-29]],[[582,149],[-78,52]],[[504,201],[44,61]],[[548,262],[14,14]],[[562,276],[55,-98]],[[246,85],[54,147]],[[300,232],[24,2]],[[324,234],[-78,-149]],[[525,483],[1,-17]],[[526,466],[-36,-41]],[[490,425],[-156,-19]],[[334,406],[-61,49]],[[304,474],[221,9]],[[860,416],[-61,-42]],[[799,374],[-14,-5]],[[785,369],[-50,68]],[[735,437],[71,36]],[[806,473],[54,-57]],[[620,315],[-54,-36]],[[566,279],[-21,74]],[[545,353],[48,22]],[[701,324],[-81,-9]],[[660,337],[25,14]],[[685,351],[16,-27]],[[717,555],[-84,-8]],[[633,547],[-39,31]],[[594,578],[123,-23]],[[628,390],[5,2]],[[633,392],[22,10]],[[655,402],[30,-51]],[[582,149],[-219,-128]],[[363,21],[-46,19]],[[317,40],[67,53]],[[384,93],[50,44]],[[434,137],[70,64]],[[490,270],[-24,-15]],[[466,255],[-24,68]],[[442,323],[64,4]],[[506,327],[14,17]],[[520,344],[-30,-74]],[[785,369],[-36,-32]],[[749,337],[-56,81]],[[693,418],[42,19]],[[144,351],[-17,-351]],[[127,0],[-127,61]],[[0,61],[34,205]],[[34,266],[20,106]],[[54,372],[90,-21]],[[0,61],[34,205]],[[728,276],[-61,-57]],[[667,219],[40,93]],[[707,312],[21,-36]],[[701,324],[6,-12]],[[667,219],[-50,-41]],[[562,276],[4,3]],[[643,450],[1,-12]],[[644,438],[-20,-15]],[[624,423],[-132,-17]],[[492,406],[-2,19]],[[526,466],[117,-16]],[[388,321],[27,-83]],[[415,238],[-51,-2]],[[364,236],[-40,-2]],[[300,232],[-15,123]],[[285,355],[29,1]],[[314,356],[74,-35]],[[334,406],[-20,-50]],[[285,355],[-141,-4]],[[144,351],[71,94]],[[545,353],[-25,-9]],[[506,327],[-14,79]],[[624,423],[9,-31]],[[832,342],[-104,-66]],[[701,324],[48,13]],[[799,374],[33,-32]],[[384,93],[-20,143]],[[415,238],[18,4]],[[433,242],[1,-105]],[[442,323],[-22,-1]],[[420,322],[-32,-1]],[[633,547],[10,-97]],[[525,483],[69,95]],[[765,511],[-121,-73]],[[717,555],[48,-44]],[[466,255],[-20,-9]],[[446,246],[-26,76]],[[446,246],[-13,-4]],[[693,418],[-38,-16]],[[765,511],[41,-38]],[[54,372],[35,155]],[[89,527],[122,18]],[[490,270],[58,-8]],[[317,40],[-71,45]],[[54,372],[35,155]],[[363,21],[-236,-21]],[[860,416],[-28,-74]]],"transform":{"scale":[0.00016034965348840055,0.00016475357266439378],"translate":[124.10884430700003,7.941980840000042]},"objects":{"bgysubmuns-municity-1903621000":{"type":"GeometryCollection","geometries":[{"arcs":[[0,1,2,3]],"type":"Polygon","properties":{"adm1_psgc":1900000000,"adm2_psgc":1903600000,"adm3_psgc":1903621000,"adm4_psgc":1903621001,"adm4_en":"Aposong","geo_level":"Bgy","len_crs":3814,"area_crs":859928,"len_km":3,"area_km2":0},"id":1903621001},{"arcs":[[4,5,6,7]],"type":"Polygon","properties":{"adm1_psgc":1900000000,"adm2_psgc":1903600000,"adm3_psgc":1903621000,"adm4_psgc":1903621002,"adm4_en":"Bagoaingud","geo_level":"Bgy","len_crs":6980,"area_crs":2905271,"len_km":6,"area_km2":2},"id":1903621002},{"arcs":[[8,9,10,11,12]],"type":"Polygon","properties":{"adm1_psgc":1900000000,"adm2_psgc":1903600000,"adm3_psgc":1903621000,"adm4_psgc":1903621003,"adm4_en":"Bangco","geo_level":"Bgy","len_crs":6734,"area_crs":2292539,"len_km":6,"area_km2":2},"id":1903621003},{"arcs":[[13,14,15]],"type":"Polygon","properties":{"adm1_psgc":1900000000,"adm2_psgc":1903600000,"adm3_psgc":1903621000,"adm4_psgc":1903621004,"adm4_en":"Bansayan","geo_level":"Bgy","len_crs":8026,"area_crs":3253158,"len_km":8,"area_km2":3},"id":1903621004},{"arcs":[[16,17,18,19,-5,20]],"type":"Polygon","properties":{"adm1_psgc":1900000000,"adm2_psgc":1903600000,"adm3_psgc":1903621000,"adm4_psgc":1903621005,"adm4_en":"Basak","geo_level":"Bgy","len_crs":11359,"area_crs":5333944,"len_km":11,"area_km2":5},"id":1903621005},{"arcs":[[21,22,23,24,25]],"type":"Polygon","properties":{"adm1_psgc":1900000000,"adm2_psgc":1903600000,"adm3_psgc":1903621000,"adm4_psgc":1903621006,"adm4_en":"Bobo","geo_level":"Bgy","len_crs":6151,"area_crs":2234124,"len_km":6,"area_km2":2},"id":1903621006},{"arcs":[[26,27,28,-2]],"type":"Polygon","properties":{"adm1_psgc":1900000000,"adm2_psgc":1903600000,"adm3_psgc":1903621000,"adm4_psgc":1903621007,"adm4_en":"Bubong Tawa-an","geo_level":"Bgy","len_crs":4707,"area_crs":1340289,"len_km":4,"area_km2":1},"id":1903621007},{"arcs":[[29,-1,30,31]],"type":"Polygon","properties":{"adm1_psgc":1900000000,"adm2_psgc":1903600000,"adm3_psgc":1903621000,"adm4_psgc":1903621008,"adm4_en":"Bubonga Mamaanun","geo_level":"Bgy","len_crs":4234,"area_crs":790048,"len_km":4,"area_km2":0},"id":1903621008},{"arcs":[[32,33,34]],"type":"Polygon","properties":{"adm1_psgc":1900000000,"adm2_psgc":1903600000,"adm3_psgc":1903621000,"adm4_psgc":1903621009,"adm4_en":"Bualan","geo_level":"Bgy","len_crs":8789,"area_crs":3537668,"len_km":8,"area_km2":3},"id":1903621009},{"arcs":[[-31,-4,35,36,37]],"type":"Polygon","properties":{"adm1_psgc":1900000000,"adm2_psgc":1903600000,"adm3_psgc":1903621000,"adm4_psgc":1903621010,"adm4_en":"Bubong Ilian","geo_level":"Bgy","len_crs":3209,"area_crs":560560,"len_km":3,"area_km2":0},"id":1903621010},{"arcs":[[38,39,40,41,42,-10]],"type":"Polygon","properties":{"adm1_psgc":1900000000,"adm2_psgc":1903600000,"adm3_psgc":1903621000,"adm4_psgc":1903621011,"adm4_en":"Gacap","geo_level":"Bgy","len_crs":11596,"area_crs":6108366,"len_km":11,"area_km2":6},"id":1903621011},{"arcs":[[43,44,45,46,47]],"type":"Polygon","properties":{"adm1_psgc":1900000000,"adm2_psgc":1903600000,"adm3_psgc":1903621000,"adm4_psgc":1903621012,"adm4_en":"Katumbacan","geo_level":"Bgy","len_crs":4851,"area_crs":1164961,"len_km":4,"area_km2":1},"id":1903621012},{"arcs":[[48,49,50,-24]],"type":"Polygon","properties":{"adm1_psgc":1900000000,"adm2_psgc":1903600000,"adm3_psgc":1903621000,"adm4_psgc":1903621013,"adm4_en":"Ilian Poblacion","geo_level":"Bgy","len_crs":5185,"area_crs":1440681,"len_km":5,"area_km2":1},"id":1903621013},{"arcs":[[51,52,53,54,55]],"type":"Polygon","properties":{"adm1_psgc":1900000000,"adm2_psgc":1903600000,"adm3_psgc":1903621000,"adm4_psgc":1903621014,"adm4_en":"Kalanganan","geo_level":"Bgy","len_crs":16417,"area_crs":12565433,"len_km":16,"area_km2":12},"id":1903621014},{"arcs":[[-54,56]],"type":"Polygon","properties":{"adm1_psgc":1900000000,"adm2_psgc":1903600000,"adm3_psgc":1903621000,"adm4_psgc":1903621015,"adm4_en":"Lininding","geo_level":"Bgy","len_crs":10808,"area_crs":4433046,"len_km":10,"area_km2":4},"id":1903621015},{"arcs":[[57,58,59]],"type":"Polygon","properties":{"adm1_psgc":1900000000,"adm2_psgc":1903600000,"adm3_psgc":1903621000,"adm4_psgc":1903621017,"adm4_en":"Lumbaca Mamaan","geo_level":"Bgy","len_crs":5334,"area_crs":1600401,"len_km":5,"area_km2":1},"id":1903621017},{"arcs":[[60,-59,61,-13,62,-27,-30]],"type":"Polygon","properties":{"adm1_psgc":1900000000,"adm2_psgc":1903600000,"adm3_psgc":1903621000,"adm4_psgc":1903621018,"adm4_en":"Mamaanun","geo_level":"Bgy","len_crs":10613,"area_crs":2366279,"len_km":10,"area_km2":2},"id":1903621018},{"arcs":[[63,64,65,66,-18,67]],"type":"Polygon","properties":{"adm1_psgc":1900000000,"adm2_psgc":1903600000,"adm3_psgc":1903621000,"adm4_psgc":1903621020,"adm4_en":"Mentring","geo_level":"Bgy","len_crs":6592,"area_crs":1895570,"len_km":6,"area_km2":1},"id":1903621020},{"arcs":[[68,69,70,-15,71,72,73]],"type":"Polygon","properties":{"adm1_psgc":1900000000,"adm2_psgc":1903600000,"adm3_psgc":1903621000,"adm4_psgc":1903621021,"adm4_en":"Olango","geo_level":"Bgy","len_crs":8778,"area_crs":3312793,"len_km":8,"area_km2":3},"id":1903621021},{"arcs":[[74,-73,75,76,-6,-20]],"type":"Polygon","properties":{"adm1_psgc":1900000000,"adm2_psgc":1903600000,"adm3_psgc":1903621000,"adm4_psgc":1903621022,"adm4_en":"Palacat","geo_level":"Bgy","len_crs":9881,"area_crs":4459192,"len_km":9,"area_km2":4},"id":1903621022},{"arcs":[[-36,-3,-29,77,-47,78,-66,79]],"type":"Polygon","properties":{"adm1_psgc":1900000000,"adm2_psgc":1903600000,"adm3_psgc":1903621000,"adm4_psgc":1903621023,"adm4_en":"Palao","geo_level":"Bgy","len_crs":6969,"area_crs":2261187,"len_km":6,"area_km2":2},