{"type":"Topology","arcs":[[[682,610],[-36,-139]],[[646,471],[-126,-13]],[[520,458],[-105,70]],[[415,528],[1,81]],[[416,609],[91,31]],[[507,640],[30,34]],[[537,674],[145,-64]],[[458,261],[-17,-67]],[[441,194],[-59,-4]],[[382,190],[-42,7]],[[340,197],[117,79]],[[457,276],[1,-15]],[[301,159],[-1,-5]],[[300,154],[-65,-44]],[[235,110],[-38,29]],[[197,139],[104,20]],[[382,190],[18,-84]],[[400,106],[-84,3]],[[316,109],[-16,45]],[[301,159],[39,38]],[[465,689],[-44,-40]],[[421,649],[3,-19]],[[424,630],[-44,-1]],[[380,629],[-7,19]],[[373,648],[92,41]],[[478,161],[-9,-6]],[[469,155],[-12,-89]],[[457,66],[-58,8]],[[399,74],[1,32]],[[441,194],[37,-33]],[[457,66],[4,-57]],[[461,9],[-132,-9]],[[329,0],[70,74]],[[714,427],[-78,5]],[[636,432],[10,39]],[[682,610],[27,79]],[[709,689],[33,76]],[[742,765],[51,-355],[-79,17]],[[540,234],[-62,-73]],[[458,261],[82,-27]],[[520,458],[-32,-6]],[[488,452],[-83,-41]],[[405,411],[-45,-35]],[[360,376],[-20,17]],[[340,393],[-9,16]],[[331,409],[47,79]],[[378,488],[37,40]],[[570,328],[-21,-49]],[[549,279],[-9,-45]],[[457,276],[15,34]],[[472,310],[21,26]],[[493,336],[8,20]],[[501,356],[69,-28]],[[682,198],[-153,-95]],[[529,103],[-60,52]],[[549,279],[133,-81]],[[529,103],[-68,-94]],[[424,364],[48,-54]],[[340,197],[-32,36]],[[308,233],[-11,45]],[[297,278],[63,98]],[[405,411],[19,-47]],[[714,427],[-32,-229]],[[570,328],[66,104]],[[329,0],[-26,58]],[[303,58],[13,51]],[[80,515],[83,-14]],[[163,501],[69,-48]],[[232,453],[-32,-42]],[[200,411],[-107,20]],[[93,431],[-69,8]],[[24,439],[-7,77]],[[17,516],[63,-1]],[[507,640],[-86,9]],[[465,689],[72,-15]],[[277,575],[-3,-25]],[[274,550],[-10,-48]],[[264,502],[7,-47]],[[271,455],[-39,-2]],[[163,501],[58,76]],[[221,577],[56,-2]],[[303,58],[-68,52]],[[269,416],[-43,-21]],[[226,395],[-26,16]],[[271,455],[-2,-39]],[[493,336],[-69,28]],[[488,452],[13,-96]],[[202,644],[19,-67]],[[80,515],[-25,248]],[[55,763],[129,1]],[[184,764],[18,-120]],[[17,516],[-17,160],[55,87]],[[380,629],[-101,-28]],[[279,601],[2,36]],[[281,637],[28,25]],[[309,662],[64,-14]],[[709,689],[33,76]],[[308,233],[-113,-50]],[[195,183],[-28,114]],[[167,297],[130,-19]],[[167,297],[-56,29]],[[111,326],[125,16]],[[236,342],[104,51]],[[226,395],[10,-53]],[[111,326],[-1,0]],[[110,326],[-17,105]],[[277,575],[2,26]],[[380,629],[-106,-79]],[[197,139],[-2,44]],[[202,644],[79,-7]],[[331,409],[-62,7]],[[264,502],[114,-14]],[[110,326],[-86,113]],[[184,764],[125,-102]],[[424,630],[-8,-21]]],"transform":{"scale":[0.0003630799205548025,0.0003842531267974134],"translate":[125.65827984300007,7.704864946000042]},"objects":{"bgysubmuns-municity-1108202000":{"type":"GeometryCollection","geometries":[{"arcs":[[0,1,2,3,4,5,6]],"type":"Polygon","properties":{"adm1_psgc":1100000000,"adm2_psgc":1108200000,"adm3_psgc":1108202000,"adm4_psgc":1108202001,"adm4_en":"Aguinaldo","geo_level":"Bgy","len_crs":38062,"area_crs":53814687,"len_km":38,"area_km2":53},"id":1108202001},{"arcs":[[7,8,9,10,11]],"type":"Polygon","properties":{"adm1_psgc":1100000000,"adm2_psgc":1108200000,"adm3_psgc":1108202000,"adm4_psgc":1108202002,"adm4_en":"Banbanon","geo_level":"Bgy","len_crs":15701,"area_crs":12279746,"len_km":15,"area_km2":12},"id":1108202002},{"arcs":[[12,13,14,15]],"type":"Polygon","properties":{"adm1_psgc":1100000000,"adm2_psgc":1108200000,"adm3_psgc":1108202000,"adm4_psgc":1108202003,"adm4_en":"Binasbas","geo_level":"Bgy","len_crs":11475,"area_crs":4772546,"len_km":11,"area_km2":4},"id":1108202003},{"arcs":[[16,17,18,-13,19,-10]],"type":"Polygon","properties":{"adm1_psgc":1100000000,"adm2_psgc":1108200000,"adm3_psgc":1108202000,"adm4_psgc":1108202004,"adm4_en":"Cebulida","geo_level":"Bgy","len_crs":16503,"area_crs":11027383,"len_km":16,"area_km2":11},"id":1108202004},{"arcs":[[20,21,22,23,24]],"type":"Polygon","properties":{"adm1_psgc":1100000000,"adm2_psgc":1108200000,"adm3_psgc":1108202000,"adm4_psgc":1108202005,"adm4_en":"Il Papa","geo_level":"Bgy","len_crs":11067,"area_crs":4726452,"len_km":11,"area_km2":4},"id":1108202005},{"arcs":[[25,26,27,28,-17,-9,29]],"type":"Polygon","properties":{"adm1_psgc":1100000000,"adm2_psgc":1108200000,"adm3_psgc":1108202000,"adm4_psgc":1108202006,"adm4_en":"Kaligutan","geo_level":"Bgy","len_crs":16736,"area_crs":12922820,"len_km":16,"area_km2":12},"id":1108202006},{"arcs":[[30,31,32,-28]],"type":"Polygon","properties":{"adm1_psgc":1100000000,"adm2_psgc":1108200000,"adm3_psgc":1108202000,"adm4_psgc":1108202007,"adm4_en":"Kapatagan","geo_level":"Bgy","len_crs":21026,"area_crs":21450487,"len_km":21,"area_km2":21},"id":1108202007},{"arcs":[[33,34,-1,35,36,37]],"type":"Polygon","properties":{"adm1_psgc":1100000000,"adm2_psgc":1108200000,"adm3_psgc":1108202000,"adm4_psgc":1108202008,"adm4_en":"Kidawa","geo_level":"Bgy","len_crs":38286,"area_crs":54713897,"len_km":38,"area_km2":54},"id":1108202008},{"arcs":[[38,-30,-8,39]],"type":"Polygon","properties":{"adm1_psgc":1100000000,"adm2_psgc":1108200000,"adm3_psgc":1108202000,"adm4_psgc":1108202009,"adm4_en":"Kilagding","geo_level":"Bgy","len_crs":12534,"area_crs":10122197,"len_km":12,"area_km2":10},"id":1108202009},{"arcs":[[40,41,42,43,44,45,46,-3]],"type":"Polygon","properties":{"adm1_psgc":1100000000,"adm2_psgc":1108200000,"adm3_psgc":1108202000,"adm4_psgc":1108202010,"adm4_en":"Kiokmay","geo_level":"Bgy","len_crs":27884,"area_crs":28336644,"len_km":27,"area_km2":28},"id":1108202010},{"arcs":[[47,48,-40,-12,49,50,51,52]],"type":"Polygon","properties":{"adm1_psgc":1100000000,"adm2_psgc":1108200000,"adm3_psgc":1108202000,"adm4_psgc":1108202011,"adm4_en":"Langtud","geo_level":"Bgy","len_crs":15195,"area_crs":13949952,"len_km":15,"area_km2":13},"id":1108202011},{"arcs":[[53,54,-26,-39,-49,55]],"type":"Polygon","properties":{"adm1_psgc":1100000000,"adm2_psgc":1108200000,"adm3_psgc":1108202000,"adm4_psgc":1108202012,"adm4_en":"Longanapan","geo_level":"Bgy","len_crs":25054,"area_crs":34877910,"len_km":25,"area_km2":34},"id":1108202012},{"arcs":[[56,-31,-27,-55]],"type":"Polygon","properties":{"adm1_psgc":1100000000,"adm2_psgc":1108200000,"adm3_psgc":1108202000,"adm4_psgc":1108202013,"adm4_en":"Naga","geo_level":"Bgy","len_crs":14396,"area_crs":8503228,"len_km":14,"area_km2":8},"id":1108202013},{"arcs":[[57,-50,-11,58,59,60,-43,61]],"type":"Polygon","properties":{"adm1_psgc":1100000000,"adm2_psgc":1108200000,"adm3_psgc":1108202000,"adm4_psgc":1108202014,"adm4_en":"Laac","geo_level":"Bgy","len_crs":28945,"area_crs":27603249,"len_km":28,"area_km2":27},"id":1108202014},{"arcs":[[62,-56,-48,63,-34]],"type":"Polygon","properties":{"adm1_psgc":1100000000,"adm2_psgc":1108200000,"adm3_psgc":1108202000,"adm4_psgc":1108202015,"adm4_en":"San Antonio","geo_level":"Bgy","len_crs":28162,"area_crs":44526668,"len_km":28,"area_km2":44},"id":1108202015},{"arcs":[[-29,-33,64,65,-18]],"type":"Polygon","properties":{"adm1_psgc":1100000000,"adm2_psgc":1108200000,"adm3_psgc":1108202000,"adm4_psgc":1108202016,"adm4_en":"Amor Cruz","geo_level":"Bgy","len_crs":16454,"area_crs":13583041,"len_km":16,"area_km2":13},"id":1108202016},{"arcs":[[66,67,68,69,70,71,72]],"type":"Polygon","properties":{"adm1_psgc":1100000000,"adm2_psgc":1108200000,"adm3_psgc":1108202000,"adm4_psgc":1108202017,"adm4_en":"Ampawid","geo_level":"Bgy","len_crs":22585,"area_crs":25787337,"len_km":22,"area_km2":25},"id":1108202017},{"arcs":[[-6,73,-21,74]],"type":"Polygon","properties":{"adm1_psgc":1100000000,"adm2_psgc":1108200000,"adm3_psgc":1108202000,"adm4_psgc":1108202018,"adm4_en":"Andap","geo_level":"Bgy","len_crs":11257,"area_crs":6367245,"len_km":11,"area_km2":6},"id":1108202018},{"arcs":[[75,76,77,78,-68,79,80]],"type":"Polygon","properties":{"adm1_psgc":1100000000,"adm2_psgc":1108200000,"adm3_psgc":1108202000,"adm4_psgc":1108202019,"adm4_en":"Anitap","geo_level":"Bgy","len_crs":17326,"area_crs":14830751,"len_km":17,"area_km2":14},"id":1108202019},{"arcs":[[-19,-66,81,-14]],"type":"Polygon","properties":{"adm1_psgc":1100000000,"adm2_psgc":1108200000,"adm3_psgc":1108202000,"adm4_psgc":1108202020,"adm4_en":"Bagong Silang","geo_level":"Bgy",