{"type":"Topology","arcs":[[[257,503],[-8,-34]],[[249,469],[-35,-18]],[[214,451],[-24,60]],[[190,511],[67,-8]],[[363,212],[-166,4]],[[197,216],[9,72]],[[206,288],[-11,34]],[[195,322],[43,44]],[[238,366],[125,-154]],[[66,212],[9,-64]],[[75,148],[-26,14]],[[49,162],[-30,87]],[[19,249],[55,37]],[[74,286],[-8,-74]],[[169,508],[-15,-40]],[[154,468],[15,40]],[[363,212],[100,2]],[[463,214],[19,-95]],[[482,119],[-348,32]],[[134,151],[8,40]],[[142,191],[55,25]],[[206,288],[-63,-7]],[[143,281],[5,69]],[[148,350],[13,26]],[[161,376],[13,23]],[[174,399],[21,-77]],[[174,399],[8,28]],[[182,427],[56,-61]],[[182,427],[32,24]],[[249,469],[-11,-103]],[[133,462],[-26,-45]],[[107,417],[-50,98]],[[57,515],[76,-53]],[[504,16],[-336,-16]],[[168,0],[30,73]],[[198,73],[306,-57]],[[142,191],[-6,2]],[[136,193],[7,88]],[[134,151],[-27,-2]],[[107,149],[-10,57]],[[97,206],[39,-13]],[[133,462],[20,-12]],[[153,450],[8,-74]],[[148,350],[-31,-23]],[[117,327],[-41,18]],[[76,345],[31,72]],[[153,450],[1,18]],[[169,508],[21,3]],[[76,345],[-53,21]],[[23,366],[34,149]],[[482,119],[22,-103]],[[198,73],[-34,21]],[[164,94],[-30,57]],[[0,318],[74,-32]],[[19,249],[-19,69]],[[66,212],[31,-6]],[[107,149],[-32,-1]],[[257,503],[206,-289]],[[168,0],[-63,72]],[[105,72],[59,22]],[[74,286],[29,27]],[[103,313],[-6,-107]],[[117,327],[-14,-14]],[[0,318],[23,48]],[[105,72],[-56,90]]],"transform":{"scale":[0.00035815179365088277,0.00023431137864080793],"translate":[124.09211476400002,7.574872331000053]},"objects":{"bgysubmuns-municity-1903631000":{"type":"GeometryCollection","geometries":[{"arcs":[[0,1,2,3]],"type":"Polygon","properties":{"adm1_psgc":1900000000,"adm2_psgc":1903600000,"adm3_psgc":1903631000,"adm4_psgc":1903631001,"adm4_en":"Balut","geo_level":"Bgy","len_crs":9686,"area_crs":3593915,"len_km":9,"area_km2":3},"id":1903631001},{"arcs":[[4,5,6,7,8]],"type":"Polygon","properties":{"adm1_psgc":1900000000,"adm2_psgc":1903600000,"adm3_psgc":1903631000,"adm4_psgc":1903631002,"adm4_en":"Bagumbayan","geo_level":"Bgy","len_crs":18007,"area_crs":14256857,"len_km":18,"area_km2":14},"id":1903631002},{"arcs":[[9,10,11,12,13]],"type":"Polygon","properties":{"adm1_psgc":1900000000,"adm2_psgc":1903600000,"adm3_psgc":1903631000,"adm4_psgc":1903631004,"adm4_en":"Bitayan","geo_level":"Bgy","len_crs":10278,"area_crs":4132401,"len_km":10,"area_km2":4},"id":1903631004},{"arcs":[[14,15]],"type":"Polygon","properties":{"adm1_psgc":1900000000,"adm2_psgc":1903600000,"adm3_psgc":1903631000,"adm4_psgc":1903631005,"adm4_en":"Bolawan","geo_level":"Bgy","len_crs":11969,"area_crs":4342482,"len_km":11,"area_km2":4},"id":1903631005},{"arcs":[[16,17,18,19,20,-5]],"type":"Polygon","properties":{"adm1_psgc":1900000000,"adm2_psgc":1903600000,"adm3_psgc":1903631000,"adm4_psgc":1903631006,"adm4_en":"Bonga","geo_level":"Bgy","len_crs":30410,"area_crs":22187949,"len_km":30,"area_km2":22},"id":1903631006},{"arcs":[[-7,21,22,23,24,25]],"type":"Polygon","properties":{"adm1_psgc":1900000000,"adm2_psgc":1903600000,"adm3_psgc":1903631000,"adm4_psgc":1903631008,"adm4_en":"Cabasaran","geo_level":"Bgy","len_crs":9082,"area_crs":4327926,"len_km":9,"area_km2":4},"id":1903631008},{"arcs":[[-8,-26,26,27]],"type":"Polygon","properties":{"adm1_psgc":1900000000,"adm2_psgc":1903600000,"adm3_psgc":1903631000,"adm4_psgc":1903631009,"adm4_en":"Cahera","geo_level":"Bgy","len_crs":7772,"area_crs":3451643,"len_km":7,"area_km2":3},"id":1903631009},{"arcs":[[-28,28,-2,29]],"type":"Polygon","properties":{"adm1_psgc":1900000000,"adm2_psgc":1903600000,"adm3_psgc":1903631000,"adm4_psgc":1903631010,"adm4_en":"Cairantang","geo_level":"Bgy","len_crs":8353,"area_crs":3456651,"len_km":8,"area_km2":3},"id":1903631010},{"arcs":[[30,31,32]],"type":"Polygon","properties":{"adm1_psgc":1900000000,"adm2_psgc":1903600000,"adm3_psgc":1903631000,"adm4_psgc":1903631011,"adm4_en":"Canibongan","geo_level":"Bgy","len_crs":11238,"area_crs":4891044,"len_km":11,"area_km2":4},"id":1903631011},{"arcs":[[33,34,35]],"type":"Polygon","properties":{"adm1_psgc":1900000000,"adm2_psgc":1903600000,"adm3_psgc":1903631000,"adm4_psgc":1903631012,"adm4_en":"Diragun","geo_level":"Bgy","len_crs":32322,"area_crs":31516648,"len_km":32,"area_km2":31},"id":1903631012},{"arcs":[[-21,36,37,-22,-6]],"type":"Polygon","properties":{"adm1_psgc":1900000000,"adm2_psgc":1903600000,"adm3_psgc":1903631000,"adm4_psgc":1903631015,"adm4_en":"Mantailoco","geo_level":"Bgy","len_crs":9344,"area_crs":5338657,"len_km":9,"area_km2":5},"id":1903631015},{"arcs":[[-37,-20,38,39,40]],"type":"Polygon","properties":{"adm1_psgc":1900000000,"adm2_psgc":1903600000,"adm3_psgc":1903631000,"adm4_psgc":1903631016,"adm4_en":"Mapantao","geo_level":"Bgy","len_crs":5480,"area_crs":1723033,"len_km":5,"area_km2":1},"id":1903631016},{"arcs":[[41,42,-24,43,44,45,-31]],"type":"Polygon","properties":{"adm1_psgc":1900000000,"adm2_psgc":1903600000,"adm3_psgc":1903631000,"adm4_psgc":1903631017,"adm4_en":"Marogong East","geo_level":"Bgy","len_crs":11780,"area_crs":6999351,"len_km":11,"area_km2":6},"id":1903631017},{"arcs":[[-29,-27,-25,-43,46,-15,47,-3]],"type":"Polygon","properties":{"adm1_psgc":1900000000,"adm2_psgc":1903600000,"adm3_psgc":1903631000,"adm4_psgc":1903631018,"adm4_en":"Marogong Proper","geo_level":"Bgy","len_crs":11718,"area_crs":3137993,"len_km":11,"area_km2":3},"id":1903631018},{"arcs":[[-46,48,49,-32]],"type":"Polygon","properties":{"adm1_psgc":1900000000,"adm2_psgc":1903600000,"adm3_psgc":1903631000,"adm4_psgc":1903631020,"adm4_en":"Mayaman","geo_level":"Bgy","len_crs":11783,"area_crs":8753918,"len_km":11,"area_km2":8},"id":1903631020},{"arcs":[[50,-36,51,52,-19]],"type":"Polygon","properties":{"adm1_psgc":1900000000,"adm2_psgc":1903600000,"adm3_psgc":1903631000,"adm4_psgc":1903631021,"adm4_en":"Pabrica","geo_level":"Bgy","len_crs":32246,"area_crs":33133523,"len_km":32,"area_km2":33},"id":1903631021},{"arcs":[[53,-13,54]],"type":"Polygon","properties":{"adm1_psgc":1900000000,"adm2_psgc":1903600000,"adm3_psgc":1903631000,"adm4_psgc":1903631023,"adm4_en":"Paigoay Coda","geo_level":"Bgy","len_crs":9409,"area_crs":3740342,"len_km":9,"area_km2":3},"id":1903631023},{"arcs":[[55,-40,56,-10]],"type":"Polygon","properties":{"adm1_psgc":1900000000,"adm2_psgc":1903600000,"adm3_psgc":1903631000,"adm4_psgc":1903631024,"adm4_en":"Pasayanan","geo_level":"Bgy","len_crs":6186,"area_crs":2169048,"len_km":6,"area_km2":2},"id":1903631024},{"arcs":[[-17,-9,-30,-1,57]],"type":"Polygon","properties":{"adm1_psgc":1900000000,"adm2_psgc":1903600000,"adm3_psgc":1903631000,"adm4_psgc":1903631026,"adm4_en":"Piangologan","geo_level":"Bgy","len_crs":28979,"area_crs":47658525,"len_km":28,"area_km2":47},"id":1903631026},{"arcs":[[-35,58,59,-52]],"type":"Polygon","properties":{"adm1_psgc":1900000000,"adm2_psgc":1903600000,"adm3_psgc":1903631000,"adm4_psgc":1903631027,"adm4_en":"Puracan","geo_level":"Bgy","len_crs":9253,"area_crs":4801195,"len_km":9,"area_km2":4},"id":1903631027},{"arcs":[[-56,-14,60,61]],"type":"Polygon","properties":{"adm1_psgc":1900000000,"adm2_psgc":1903600000,"adm3_psgc":1903631000,"adm4_psgc":1903631028,"adm4_en":"Romagondong","geo_level":"Bgy","len_crs":7300,"area_crs":2698432,"len_km":7,"area_km2":2},"id":1903631028},{"arcs":[[-45,62,-61,-54,63,-49]],"type":"Polygon","properties":{"adm1_psgc":1900000000,"adm2_psgc":1903600000,"adm3_psgc":1903631000,"adm4_psgc":1903631029,"adm4_en":"Sarang","geo_level":"Bgy","len_crs":10545,"area_crs":5000382,"len_km":10,"area_km2":5},"id":1903631029},{"arcs":[[-38,-41,-62,-63,-44,-23]],"type":"Polygon","properties":{"adm1_psgc":1900000000,"adm2_psgc":1903600000,"adm3_psgc":1903631000,"adm4_psgc":1903631031,"adm4_en":"Cadayonan","geo_level":"Bgy","len_crs":10656,"area_crs":5583852,"len_km":10,"area_km2":5},"id":1903631031},{"arcs":[[-57,-39,-53,-60,64,-11]],"type":"Polygon","properties":{"adm1_psgc":1900000000,"adm2_psgc":1903600000,"adm3_psgc":1903631000,"adm4_psgc":1903631032,"adm4_en":"Calumbog","geo_level":"Bgy","len_crs":10988,"area_crs":5073333,"len_km":10,"area_km2":5},"id":1903631032}]}}}