{"type":"Topology","arcs":[[[473,551],[-41,-39]],[[432,512],[-23,50]],[[409,562],[64,-11]],[[356,429],[-61,8]],[[295,437],[-19,10]],[[276,447],[-4,26]],[[272,473],[27,39]],[[299,512],[44,27]],[[343,539],[13,-110]],[[487,224],[42,100]],[[529,324],[49,44]],[[578,368],[-91,-144]],[[195,192],[-17,-103]],[[178,89],[-74,-4]],[[104,85],[12,68]],[[116,153],[79,39]],[[492,565],[-19,-14]],[[409,562],[-66,-23]],[[343,539],[-31,36]],[[312,575],[7,35]],[[319,610],[173,-45]],[[210,485],[27,-3]],[[237,482],[35,-9]],[[276,447],[-90,-58]],[[186,389],[-169,107]],[[17,496],[193,-11]],[[295,437],[-38,-105]],[[257,332],[-37,-1]],[[220,331],[-34,58]],[[165,12],[-71,-12]],[[94,0],[10,85]],[[178,89],[-13,-77]],[[165,12],[-71,-12]],[[259,299],[9,-93]],[[268,206],[-79,24]],[[189,230],[-22,39]],[[167,269],[-3,47]],[[164,316],[56,15]],[[257,332],[2,-33]],[[167,269],[-88,-75]],[[79,194],[-43,116]],[[36,310],[128,6]],[[36,310],[-36,188]],[[0,498],[17,-2]],[[529,324],[-52,7]],[[477,331],[-30,119]],[[447,450],[-15,62]],[[492,565],[86,-197]],[[447,450],[-91,-22]],[[356,428],[0,1]],[[487,224],[-53,19]],[[434,243],[-16,49]],[[418,292],[59,39]],[[272,554],[-31,-27]],[[241,527],[-12,30]],[[229,557],[-98,69]],[[131,626],[106,67]],[[237,693],[35,-139]],[[189,230],[6,-38]],[[116,153],[-37,41]],[[272,554],[8,-4]],[[280,550],[-30,-39]],[[250,511],[-9,16]],[[250,511],[-13,-29]],[[210,485],[19,72]],[[356,428],[0,-125]],[[356,303],[-97,-4]],[[312,575],[-32,-25]],[[237,693],[82,-83]],[[299,512],[-49,-1]],[[0,498],[131,128]],[[418,292],[-62,11]],[[434,243],[-166,-37]]],"transform":{"scale":[0.0001676390951557538,0.00017242788455989992],"translate":[122.72832691500003,11.375285352000047]},"objects":{"bgysubmuns-municity-601910000":{"type":"GeometryCollection","geometries":[{"arcs":[[0,1,2]],"type":"Polygon","properties":{"adm1_psgc":600000000,"adm2_psgc":601900000,"adm3_psgc":601910000,"adm4_psgc":601910001,"adm4_en":"Agbabadiang","geo_level":"Bgy","len_crs":3534,"area_crs":728525,"len_km":3,"area_km2":0},"id":601910001},{"arcs":[[3,4,5,6,7,8]],"type":"Polygon","properties":{"adm1_psgc":600000000,"adm2_psgc":601900000,"adm3_psgc":601910000,"adm4_psgc":601910002,"adm4_en":"Agkilo","geo_level":"Bgy","len_crs":6220,"area_crs":2212792,"len_km":6,"area_km2":2},"id":601910002},{"arcs":[[9,10,11]],"type":"Polygon","properties":{"adm1_psgc":600000000,"adm2_psgc":601900000,"adm3_psgc":601910000,"adm4_psgc":601910003,"adm4_en":"Agloway","geo_level":"Bgy","len_crs":7449,"area_crs":2545937,"len_km":7,"area_km2":2},"id":601910003},{"arcs":[[12,13,14,15]],"type":"Polygon","properties":{"adm1_psgc":600000000,"adm2_psgc":601900000,"adm3_psgc":601910000,"adm4_psgc":601910004,"adm4_en":"Ambilay","geo_level":"Bgy","len_crs":10252,"area_crs":3432849,"len_km":10,"area_km2":3},"id":601910004},{"arcs":[[16,-3,17,18,19,20]],"type":"Polygon","properties":{"adm1_psgc":600000000,"adm2_psgc":601900000,"adm3_psgc":601910000,"adm4_psgc":601910005,"adm4_en":"Bahit","geo_level":"Bgy","len_crs":8024,"area_crs":2876686,"len_km":8,"area_km2":2},"id":601910005},{"arcs":[[21,22,-6,23,24,25]],"type":"Polygon","properties":{"adm1_psgc":600000000,"adm2_psgc":601900000,"adm3_psgc":601910000,"adm4_psgc":601910006,"adm4_en":"Balatucan","geo_level":"Bgy","len_crs":13019,"area_crs":6041599,"len_km":13,"area_km2":6},"id":601910006},{"arcs":[[-5,26,27,28,-24]],"type":"Polygon","properties":{"adm1_psgc":600000000,"adm2_psgc":601900000,"adm3_psgc":601910000,"adm4_psgc":601910007,"adm4_en":"Banga-an","geo_level":"Bgy","len_crs":7060,"area_crs":2704676,"len_km":7,"area_km2":2},"id":601910007},{"arcs":[[29,30,-14,31]],"type":"Polygon","properties":{"adm1_psgc":600000000,"adm2_psgc":601900000,"adm3_psgc":601910000,"adm4_psgc":601910008,"adm4_en":"Cabugao","geo_level":"Bgy","len_crs":7246,"area_crs":2441310,"len_km":7,"area_km2":2},"id":601910008},{"arcs":[[-30,32]],"type":"Polygon","properties":{"adm1_psgc":600000000,"adm2_psgc":601900000,"adm3_psgc":601910000,"adm4_psgc":601910009,"adm4_en":"Cabangahan","geo_level":"Bgy","len_crs":6380,"area_crs":2577975,"len_km":6,"area_km2":2},"id":601910009},{"arcs":[[33,34,35,36,37,-28,38]],"type":"Polygon","properties":{"adm1_psgc":600000000,"adm2_psgc":601900000,"adm3_psgc":601910000,"adm4_psgc":601910010,"adm4_en":"Cadio","geo_level":"Bgy","len_crs":8106,"area_crs":3207821,"len_km":8,"area_km2":3},"id":601910010},{"arcs":[[-37,39,40,41]],"type":"Polygon","properties":{"adm1_psgc":600000000,"adm2_psgc":601900000,"adm3_psgc":601910000,"adm4_psgc":601910011,"adm4_en":"Cala-an","geo_level":"Bgy","len_crs":8296,"area_crs":3226362,"len_km":8,"area_km2":3},"id":601910011},{"arcs":[[-25,-29,-38,-42,42,43]],"type":"Polygon","properties":{"adm1_psgc":600000000,"adm2_psgc":601900000,"adm3_psgc":601910000,"adm4_psgc":601910012,"adm4_en":"Capagao","geo_level":"Bgy","len_crs":14240,"area_crs":8824555,"len_km":14,"area_km2":8},"id":601910012},{"arcs":[[-11,44,45,46,-1,-17,47]],"type":"Polygon","properties":{"adm1_psgc":600000000,"adm2_psgc":601900000,"adm3_psgc":601910000,"adm4_psgc":601910013,"adm4_en":"Cogon","geo_level":"Bgy","len_crs":11775,"area_crs":8107734,"len_km":11,"area_km2":8},"id":601910013},{"arcs":[[-47,48,49,-9,-18,-2]],"type":"Polygon","properties":{"adm1_psgc":600000000,"adm2_psgc":601900000,"adm3_psgc":601910000,"adm4_psgc":601910014,"adm4_en":"Conciencia","geo_level":"Bgy","len_crs":7398,"area_crs":3206155,"len_km":7,"area_km2":3},"id":601910014},{"arcs":[[-10,50,51,52,-45]],"type":"Polygon","properties":{"adm1_psgc":600000000,"adm2_psgc":601900000,"adm3_psgc":601910000,"adm4_psgc":601910015,"adm4_en":"Ensenagan","geo_level":"Bgy","len_crs":6339,"area_crs":2466283,"len_km":6,"area_km2":2},"id":601910015},{"arcs":[[53,54,55,56,57]],"type":"Polygon","properties":{"adm1_psgc":600000000,"adm2_psgc":601900000,"adm3_psgc":601910000,"adm4_psgc":601910016,"adm4_en":"Intampilan","geo_level":"Bgy","len_crs":10483,"area_crs":3941386,"len_km":10,"area_km2":3},"id":601910016},{"arcs":[[-36,58,-16,59,-40]],"type":"Polygon","properties":{"adm1_psgc":600000000,"adm2_psgc":601900000,"adm3_psgc":601910000,"adm4_psgc":601910017,"adm4_en":"Pasugue","geo_level":"Bgy","len_crs":9021,"area_crs":2643690,"len_km":9,"area_km2":2},"id":601910017},{"arcs":[[60,61,62,-54]],"type":"Polygon","properties":{"adm1_psgc":600000000,"adm2_psgc":601900000,"adm3_psgc":601910000,"adm4_psgc":601910018,"adm4_en":"Poblacion Ilawod","geo_level":"Bgy","len_crs":3294,"area_crs":343511,"len_km":3,"area_km2":0},"id":601910018},{"arcs":[[-63,63,-22,64,-55]],"type":"Polygon","properties":{"adm1_psgc":600000000,"adm2_psgc":601900000,"adm3_psgc":601910000,"adm4_psgc":601910019,"adm4_en":"Poblacion Ilaya","geo_level":"Bgy","len_crs":3605,"area_crs":620584,"len_km":3,"area_km2":0},"id":601910019},{"arcs":[[-50,65,66,-39,-27,-4]],"type":"Polygon","properties":{"adm1_psgc":600000000,"adm2_psgc":601900000,"adm3_psgc":601910000,"adm4_psgc":601910020,"adm4_en":"Quios","geo_level":"Bgy","len_crs":8244,"area_crs":4557334,"len_km":8,"area_km2":4},"id":601910020},{"arcs":[[-20,67,-61,-58,68]],"type":"Polygon","properties":{"adm1_psgc":600000000,"adm2_psgc":601900000,"adm3_psgc":601910000,"adm4_psgc":601910021,"adm4_en":"Salocon","geo_level":"Bgy","len_crs":9384,"area_crs":2340473,"len_km":9,"area_km2":2},"id":601910021},{"arcs":[[-8,69,-62,-68,-19]],"type":"Polygon","properties":{"adm1_psgc":600000000,"adm2_psgc":601900000,"adm3_psgc":601910000,"adm4_psgc":601910022,"adm4_en":"Tabuc Norte","geo_level":"Bgy","len_crs":4428,"area_crs":1079427,"len_km":4,"area_km2":1},"id":601910022},{"arcs":[[-23,-64,-70,-7]],"type":"Polygon","properties":{"adm1_psgc":600000000,"adm2_psgc":601900000,"adm3_psgc":601910000,"adm4_psgc":601910023,"adm4_en":"Tabuc Sur","geo_level":"Bgy","len_crs":4141,"area_crs":770055,"len_km":4,"area_km2":0},"id":601910023},{"arcs":[[-65,-26,-44,70,-56]],"type":"Polygon","properties":{"adm1_psgc":600000000,"adm2_psgc":601900000,"adm3_psgc":601910000,"adm4_psgc":601910024,"adm4_en":"Timpas","geo_level":"Bgy","len_crs":12873,"area_crs":9116178,