{"type":"Topology","arcs":[[[606,457],[-66,-148],[1,-35]],[[541,274],[-49,-40],[-52,38],[-7,108],[20,78]],[[453,458],[153,-1]],[[682,483],[11,-131]],[[693,352],[-104,-78]],[[589,274],[-48,0]],[[606,457],[9,29]],[[615,486],[67,-3]],[[773,554],[-29,-69]],[[744,485],[-62,-2]],[[615,486],[-39,14],[24,88]],[[600,588],[173,-34]],[[453,458],[1,108],[77,78],[69,-56]],[[250,329],[26,-47]],[[276,282],[-79,-51],[-66,-14]],[[131,217],[-2,126]],[[129,343],[121,-14]],[[980,311],[-123,-82]],[[857,229],[-57,3]],[[800,232],[13,153]],[[813,385],[37,10],[46,-53],[84,-31]],[[32,471],[81,-32]],[[113,439],[-4,-68]],[[109,371],[-98,27],[21,73]],[[251,453],[-1,-124]],[[129,343],[-20,28]],[[113,439],[4,27]],[[117,466],[134,-13]],[[712,207],[-2,-57],[63,-31]],[[773,119],[-48,-61]],[[725,58],[-68,-21],[-64,118],[-8,58]],[[585,213],[64,22],[63,-28]],[[117,466],[-29,116]],[[88,582],[75,-29],[88,-100]],[[806,388],[-64,26],[2,71]],[[773,554],[117,-110],[-84,-56]],[[729,218],[-17,-11]],[[585,213],[4,61]],[[693,352],[41,-16],[-5,-118]],[[32,471],[-32,97],[30,58],[58,-44]],[[354,176],[-21,-87]],[[333,89],[-145,54],[-57,74]],[[276,282],[78,-106]],[[806,388],[7,-3]],[[800,232],[-71,-14]],[[773,119],[55,-32],[110,-13],[-4,-47],[-62,-27],[-66,1],[-22,40],[-59,17]],[[354,176],[59,62],[53,-55],[-13,-72],[-105,-42],[-15,20]],[[980,311],[88,-98],[-33,-50],[-51,34],[-127,32]]],"transform":{"scale":[0.00013465190355812031,0.00015945355590064184],"translate":[122.82653690400004,7.337306066000055]},"objects":{"bgysubmuns-municity-908307000":{"type":"GeometryCollection","geometries":[{"arcs":[[0,1,2]],"type":"Polygon","properties":{"adm1_psgc":900000000,"adm2_psgc":908300000,"adm3_psgc":908307000,"adm4_psgc":908307001,"adm4_en":"Abunda","geo_level":"Bgy","len_crs":12916,"area_crs":6470138,"len_km":12,"area_km2":6},"id":908307001},{"arcs":[[3,4,5,-1,6,7]],"type":"Polygon","properties":{"adm1_psgc":900000000,"adm2_psgc":908300000,"adm3_psgc":908307000,"adm4_psgc":908307002,"adm4_en":"Bagong Silang","geo_level":"Bgy","len_crs":11127,"area_crs":5628388,"len_km":11,"area_km2":5},"id":908307002},{"arcs":[[8,9,-8,10,11]],"type":"Polygon","properties":{"adm1_psgc":900000000,"adm2_psgc":908300000,"adm3_psgc":908307000,"adm4_psgc":908307003,"adm4_en":"Bangkaw-bangkaw","geo_level":"Bgy","len_crs":12508,"area_crs":3966430,"len_km":12,"area_km2":3},"id":908307003},{"arcs":[[-11,-7,-3,12]],"type":"Polygon","properties":{"adm1_psgc":900000000,"adm2_psgc":908300000,"adm3_psgc":908307000,"adm4_psgc":908307007,"adm4_en":"Caliran","geo_level":"Bgy","len_crs":13249,"area_crs":6054399,"len_km":13,"area_km2":6},"id":908307007},{"arcs":[[13,14,15,16]],"type":"Polygon","properties":{"adm1_psgc":900000000,"adm2_psgc":908300000,"adm3_psgc":908307000,"adm4_psgc":908307008,"adm4_en":"Catipan","geo_level":"Bgy","len_crs":7750,"area_crs":3479650,"len_km":7,"area_km2":3},"id":908307008},{"arcs":[[17,18,19,20]],"type":"Polygon","properties":{"adm1_psgc":900000000,"adm2_psgc":908300000,"adm3_psgc":908307000,"adm4_psgc":908307010,"adm4_en":"Tandu-Comot","geo_level":"Bgy","len_crs":13607,"area_crs":4651499,"len_km":13,"area_km2":4},"id":908307010},{"arcs":[[21,22,23]],"type":"Polygon","properties":{"adm1_psgc":900000000,"adm2_psgc":908300000,"adm3_psgc":908307000,"adm4_psgc":908307011,"adm4_en":"Kauswagan","geo_level":"Bgy","len_crs":6602,"area_crs":1942843,"len_km":6,"area_km2":1},"id":908307011},{"arcs":[[24,-17,25,-23,26,27]],"type":"Polygon","properties":{"adm1_psgc":900000000,"adm2_psgc":908300000,"adm3_psgc":908307000,"adm4_psgc":908307013,"adm4_en":"Ligaya","geo_level":"Bgy","len_crs":8899,"area_crs":4185536,"len_km":8,"area_km2":4},"id":908307013},{"arcs":[[28,29,30,31]],"type":"Polygon","properties":{"adm1_psgc":900000000,"adm2_psgc":908300000,"adm3_psgc":908307000,"adm4_psgc":908307014,"adm4_en":"Looc-Barlak","geo_level":"Bgy","len_crs":15362,"area_crs":5353064,"len_km":15,"area_km2":5},"id":908307014},{"arcs":[[-28,32,33]],"type":"Polygon","properties":{"adm1_psgc":900000000,"adm2_psgc":908300000,"adm3_psgc":908307000,"adm4_psgc":908307015,"adm4_en":"Malinao","geo_level":"Bgy","len_crs":12480,"area_crs":3139505,"len_km":12,"area_km2":3},"id":908307015},{"arcs":[[34,-9,35]],"type":"Polygon","properties":{"adm1_psgc":900000000,"adm2_psgc":908300000,"adm3_psgc":908307000,"adm4_psgc":908307017,"adm4_en":"Pamansaan","geo_level":"Bgy","len_crs":12557,"area_crs":3602961,"len_km":12,"area_km2":3},"id":908307017},{"arcs":[[36,-32,37,-5,38]],"type":"Polygon","properties":{"adm1_psgc":900000000,"adm2_psgc":908300000,"adm3_psgc":908307000,"adm4_psgc":908307018,"adm4_en":"Pinalim","geo_level":"Bgy","len_crs":9733,"area_crs":3659067,"len_km":9,"area_km2":3},"id":908307018},{"arcs":[[-33,-27,-22,39]],"type":"Polygon","properties":{"adm1_psgc":900000000,"adm2_psgc":908300000,"adm3_psgc":908307000,"adm4_psgc":908307019,"adm4_en":"Poblacion","geo_level":"Bgy","len_crs":9174,"area_crs":3546977,"len_km":9,"area_km2":3},"id":908307019},{"arcs":[[40,41,-15,42]],"type":"Polygon","properties":{"adm1_psgc":900000000,"adm2_psgc":908300000,"adm3_psgc":908307000,"adm4_psgc":908307020,"adm4_en":"Punawan","geo_level":"Bgy","len_crs":14039,"area_crs":6807380,"len_km":14,"area_km2":6},"id":908307020},{"arcs":[[43,-20,44,-39,-4,-10,-35]],"type":"Polygon","properties":{"adm1_psgc":900000000,"adm2_psgc":908300000,"adm3_psgc":908307000,"adm4_psgc":908307023,"adm4_en":"Santo Niño","geo_level":"Bgy","len_crs":14768,"area_crs":5228244,"len_km":14,"area_km2":5},"id":908307023},{"arcs":[[-30,45]],"type":"Polygon","properties":{"adm1_psgc":900000000,"adm2_psgc":908300000,"adm3_psgc":908307000,"adm4_psgc":908307024,"adm4_en":"Sawa","geo_level":"Bgy","len_crs":19607,"area_crs":4119731,"len_km":19,"area_km2":4},"id":908307024},{"arcs":[[-41,46]],"type":"Polygon","properties":{"adm1_psgc":900000000,"adm2_psgc":908300000,"adm3_psgc":908307000,"adm4_psgc":908307025,"adm4_en":"Sioton","geo_level":"Bgy","len_crs":10012,"area_crs":3663877,"len_km":10,"area_km2":3},"id":908307025},{"arcs":[[-18,47]],"type":"Polygon","properties":{"adm1_psgc":900000000,"adm2_psgc":908300000,"adm3_psgc":908307000,"adm4_psgc":908307026,"adm4_en":"Taguisian","geo_level":"Bgy","len_crs":17658,"area_crs":4344521,"len_km":17,"area_km2":4},"id":908307026}]}}}