{"type":"Topology","arcs":[[[706,799],[-66,-35],[-23,-40]],[[617,724],[-120,16]],[[497,740],[-158,34]],[[339,774],[-12,32],[41,97]],[[368,903],[338,-104]],[[499,462],[-13,-48]],[[486,414],[-79,32]],[[407,446],[-39,17]],[[368,463],[11,38]],[[379,501],[120,-39]],[[368,903],[42,35],[49,-6],[174,-59],[95,-49],[-22,-25]],[[471,628],[71,-25]],[[542,603],[-14,-85],[-29,-56]],[[379,501],[-64,25]],[[315,526],[27,92]],[[342,618],[29,44]],[[371,662],[100,-34]],[[391,398],[-16,-31]],[[375,367],[-24,20]],[[351,387],[15,22]],[[366,409],[25,-11]],[[517,208],[-37,-39]],[[480,169],[-81,105],[18,48]],[[417,322],[100,-114]],[[315,526],[-33,9]],[[282,535],[-11,39],[32,56]],[[303,630],[39,-12]],[[75,26],[-62,-26],[-13,81]],[[0,81],[75,-55]],[[134,25],[-59,1]],[[0,81],[7,15]],[[7,96],[127,-71]],[[122,264],[71,-114]],[[193,150],[113,23]],[[306,173],[37,-148]],[[343,25],[-85,4]],[[258,29],[-86,91],[-108,73]],[[64,193],[58,71]],[[617,724],[-43,-129]],[[574,595],[-32,8]],[[471,628],[26,112]],[[574,595],[-2,-55],[49,-167],[-16,-39],[-75,-30]],[[530,304],[-44,110]],[[258,29],[-84,-3]],[[174,26],[-148,112]],[[26,138],[38,55]],[[371,662],[-41,17]],[[330,679],[9,95]],[[303,630],[27,49]],[[293,265],[-16,-50]],[[277,215],[-100,95]],[[177,310],[44,16]],[[221,326],[72,-61]],[[277,215],[-84,-65]],[[122,264],[55,46]],[[351,387],[-7,-1]],[[344,386],[-1,11]],[[343,397],[10,44]],[[353,441],[1,-1]],[[354,440],[12,-31]],[[407,446],[-16,-48]],[[354,440],[14,23]],[[375,367],[-15,-103]],[[360,264],[-15,-74],[-39,-17]],[[293,265],[5,14]],[[298,279],[18,88]],[[316,367],[28,19]],[[174,26],[-40,-1]],[[7,96],[19,42]],[[480,169],[-24,-27]],[[456,142],[-96,122]],[[391,398],[26,-76]],[[530,304],[-13,-96]],[[221,326],[10,14]],[[231,340],[67,-61]],[[353,441],[-69,52],[-2,42]],[[311,378],[5,-11]],[[231,340],[80,38]],[[311,378],[32,19]],[[456,142],[-36,-78],[-77,-39]]],"transform":{"scale":[0.00042749099862633466,0.00037961482515992125],"translate":[121.91520828400009,7.140383569000051]},"objects":{"bgysubmuns-municity-907216000":{"type":"GeometryCollection","geometries":[{"arcs":[[0,1,2,3,4]],"type":"Polygon","properties":{"adm1_psgc":900000000,"adm2_psgc":907200000,"adm3_psgc":907216000,"adm4_psgc":907216001,"adm4_en":"Anongan","geo_level":"Bgy","len_crs":43249,"area_crs":72945170,"len_km":43,"area_km2":72},"id":907216001},{"arcs":[[5,6,7,8,9]],"type":"Polygon","properties":{"adm1_psgc":900000000,"adm2_psgc":907200000,"adm3_psgc":907216000,"adm4_psgc":907216002,"adm4_en":"Basak","geo_level":"Bgy","len_crs":16336,"area_crs":11521099,"len_km":16,"area_km2":11},"id":907216002},{"arcs":[[-5,10]],"type":"Polygon","properties":{"adm1_psgc":900000000,"adm2_psgc":907200000,"adm3_psgc":907216000,"adm4_psgc":907216003,"adm4_en":"Cawit-cawit","geo_level":"Bgy","len_crs":43094,"area_crs":34177536,"len_km":43,"area_km2":34},"id":907216003},{"arcs":[[11,12,-10,13,14,15,16]],"type":"Polygon","properties":{"adm1_psgc":900000000,"adm2_psgc":907200000,"adm3_psgc":907216000,"adm4_psgc":907216004,"adm4_en":"Dinulan","geo_level":"Bgy","len_crs":31081,"area_crs":59074543,"len_km":31,"area_km2":59},"id":907216004},{"arcs":[[17,18,19,20]],"type":"Polygon","properties":{"adm1_psgc":900000000,"adm2_psgc":907200000,"adm3_psgc":907216000,"adm4_psgc":907216005,"adm4_en":"Jatian","geo_level":"Bgy","len_crs":5436,"area_crs":1791820,"len_km":5,"area_km2":1},"id":907216005},{"arcs":[[21,22,23]],"type":"Polygon","properties":{"adm1_psgc":900000000,"adm2_psgc":907200000,"adm3_psgc":907216000,"adm4_psgc":907216006,"adm4_en":"Lakiki","geo_level":"Bgy","len_crs":17386,"area_crs":14922257,"len_km":17,"area_km2":14},"id":907216006},{"arcs":[[-15,24,25,26]],"type":"Polygon","properties":{"adm1_psgc":900000000,"adm2_psgc":907200000,"adm3_psgc":907216000,"adm4_psgc":907216007,"adm4_en":"Lambagoan","geo_level":"Bgy","len_crs":15728,"area_crs":7549979,"len_km":15,"area_km2":7},"id":907216007},{"arcs":[[27,28]],"type":"Polygon","properties":{"adm1_psgc":900000000,"adm2_psgc":907200000,"adm3_psgc":907216000,"adm4_psgc":907216008,"adm4_en":"Limpapa","geo_level":"Bgy","len_crs":12562,"area_crs":7503853,"len_km":12,"area_km2":7},"id":907216008},{"arcs":[[29,-29,30,31]],"type":"Polygon","properties":{"adm1_psgc":900000000,"adm2_psgc":907200000,"adm3_psgc":907216000,"adm4_psgc":907216009,"adm4_en":"Lingayon","geo_level":"Bgy","len_crs":14881,"area_crs":5986016,"len_km":14,"area_km2":5},"id":907216009},{"arcs":[[32,33,34,35,36,37]],"type":"Polygon","properties":{"adm1_psgc":900000000,"adm2_psgc":907200000,"adm3_psgc":907216000,"adm4_psgc":907216010,"adm4_en":"Lintangan","geo_level":"Bgy","len_crs":38524,"area_crs":47447670,"len_km":38,"area_km2":47},"id":907216010},{"arcs":[[38,39,-12,40,-2]],"type":"Polygon","properties":{"adm1_psgc":900000000,"adm2_psgc":907200000,"adm3_psgc":907216000,"adm4_psgc":907216011,"adm4_en":"Litawan","geo_level":"Bgy","len_crs":21473,"area_crs":29787069,"len_km":21,"area_km2":29},"id":907216011},{"arcs":[[41,42,-6,-13,-40]],"type":"Polygon","properties":{"adm1_psgc":900000000,"adm2_psgc":907200000,"adm3_psgc":907216000,"adm4_psgc":907216012,"adm4_en":"Lunday","geo_level":"Bgy","len_crs":31507,"area_crs":42594003,"len_km":31,"area_km2":42},"id":907216012},{"arcs":[[43,44,45,-37]],"type":"Polygon","properties":{"adm1_psgc":900000000,"adm2_psgc":907200000,"adm3_psgc":907216000,"adm4_psgc":907216013,"adm4_en":"Malayal","geo_level":"Bgy","len_crs":27324,"area_crs":28979684,"len_km":27,"area_km2":28},"id":907216013},{"arcs":[[-3,-41,-17,46,47]],"type":"Polygon","properties":{"adm1_psgc":900000000,"adm2_psgc":907200000,"adm3_psgc":907216000,"adm4_psgc":907216014,"adm4_en":"Mantivo","geo_level":"Bgy","len_crs":24953,"area_crs":32307661,"len_km":24,"area_km2":32},"id":907216014},{"arcs":[[-16,-27,48,-47]],"type":"Polygon","properties":{"adm1_psgc":900000000,"adm2_psgc":907200000,"adm3_psgc":907216000,"adm4_psgc":907216015,"adm4_en":"Panganuran","geo_level":"Bgy","len_crs":11062,"area_crs":4567747,"len_km":11,"area_km2":4},"id":907216015},{"arcs":[[49,50,51,52]],"type":"Polygon","properties":{"adm1_psgc":900000000,"adm2_psgc":907200000,"adm3_psgc":907216000,"adm4_psgc":907216016,"adm4_en":"Pangian","geo_level":"Bgy","len_crs":16484,"area_crs":10043460,"len_km":16,"area_km2":10},"id":907216016},{"arcs":[[53,-33,54,-51]],"type":"Polygon","properties":{"adm1_psgc":900000000,"adm2_psgc":907200000,"adm3_psgc":907216000,"adm4_psgc":907216017,"adm4_en":"Paniran","geo_level":"Bgy","len_crs":20795,"area_crs":24175048,"len_km":20,"area_km2":24},"id":907216017},{"arcs":[[-20,55,56,57,58,59]],"type":"Polygon","properties":{"adm1_psgc":900000000,"adm2_psgc":907200000,"adm3_psgc":907216000,"adm4_psgc":907216018,"adm4_en":"Poblacion","geo_level":"Bgy","len_crs":6488,"area_crs":1321863,"len_km":6,"area_km2":1},"id":907216018},{"arcs":[[60,-21,-60,61,-8]],"type":"Polygon","properties":{"adm1_psgc":900000000,"adm2_psgc":907200000,"adm3_psgc":907216000,"adm4_psgc":907216019,"adm4_en":"Puliran","geo_level":"Bgy","len_crs":8846,"area_crs":4036050,"len_km":8,"area_km2":4},"id":907216019},{"arcs":[[62,63,-34,-54,-50,64,65,66,-56,-19]],"type":"Polygon","properties":{"adm1_psgc":900000000,"adm2_psgc":907200000,"adm3_psgc":907216000,"adm4_psgc":907216020,"adm4_en":"Santo Niño","geo_level":"Bgy","len_crs":30699,"area_crs":29201042,"len_km":30,"area_km2":29},"id":907216020},{"arcs":[[67,-32,68,-45]],"type":"Polygon","properties":{"adm1_psgc":900000000,"adm2_psgc":907200000,"adm3_psgc":907216000,"adm4_psgc":907216021,"adm4_en":"Bongalao","geo_level":"Bgy","len_crs":19472,"area_crs":11057814,"len_km":19,"area_km2":11},"id":907216021},{"arcs":[[-23,69,70,-63,-18,71]],"type":"Polygon","properties":{"adm1_psgc":900000000,"adm2_psgc":907200000,"adm3_psgc":907216000,"adm4_psgc":907216022,"adm4_en":"Cabbunan","geo_level":"Bgy","len_crs":26873,"area_crs":20391377,"len_km":26,"area_km2":20},"id":907216022},{"arcs":[[-43,72,-24,-72,-61,-7]],"type":"Polygon","properties":{"adm1_psgc":900000000,"adm2_psgc":907200000,"adm3_psgc":907216000,"adm4_psgc":907216023,