{"type":"Topology","arcs":[[[162,368],[-98,-51]],[[64,317],[66,145]],[[130,462],[97,23]],[[227,485],[-65,-117]],[[100,36],[4,4]],[[104,40],[-4,-4]],[[126,47],[27,-47]],[[153,0],[-48,41]],[[105,41],[21,6]],[[154,166],[1,-58]],[[155,108],[-68,-3]],[[87,105],[-3,12]],[[84,117],[13,42]],[[97,159],[57,7]],[[87,105],[-10,-11]],[[77,94],[-61,44]],[[16,138],[68,-21]],[[492,525],[7,-19]],[[499,506],[-84,-27]],[[415,479],[-30,10]],[[385,489],[-9,52]],[[376,541],[116,-16]],[[168,307],[4,-96]],[[172,211],[-74,5]],[[98,216],[-31,27]],[[67,243],[101,64]],[[162,368],[6,-61]],[[67,243],[-31,10]],[[36,253],[25,61]],[[61,314],[3,3]],[[598,264],[59,-6]],[[657,258],[-4,-77]],[[653,181],[-93,-13]],[[560,168],[-84,-15]],[[476,153],[23,147]],[[499,300],[99,-36]],[[61,314],[-61,90],[6,62]],[[6,466],[111,16]],[[117,482],[13,-20]],[[775,450],[-118,-192]],[[598,264],[-18,55],[53,69],[12,93]],[[645,481],[130,-31]],[[98,216],[-1,-57]],[[16,138],[20,115]],[[645,481],[-95,-8]],[[550,473],[-51,33]],[[492,525],[55,27],[98,-71]],[[162,83],[22,-37]],[[184,46],[17,-44]],[[201,2],[-48,-2]],[[126,47],[-14,10]],[[112,57],[-3,16]],[[109,73],[53,10]],[[237,528],[-10,-43]],[[117,482],[-4,42]],[[113,524],[22,33]],[[135,557],[102,-29]],[[308,438],[-59,-231]],[[249,207],[-1,-17]],[[248,190],[-78,-3]],[[170,187],[2,24]],[[227,485],[81,-47]],[[550,473],[-8,-75]],[[542,398],[-141,0]],[[401,398],[14,81]],[[170,187],[-16,-21]],[[113,524],[-56,24]],[[57,548],[75,81]],[[132,629],[3,-72]],[[609,12],[-175,-3]],[[434,9],[42,144]],[[560,168],[49,-156]],[[376,167],[-15,-156]],[[361,11],[-160,-9]],[[184,46],[74,35],[-10,109]],[[249,207],[127,-40]],[[162,83],[-7,25]],[[772,176],[-29,50]],[[743,226],[59,22]],[[802,248],[-30,-72]],[[239,588],[-2,-60]],[[132,629],[107,-41]],[[499,300],[43,98]],[[954,331],[-150,-5]],[[804,326],[-49,9]],[[755,335],[20,115]],[[775,450],[186,-38],[-7,-81]],[[109,73],[-18,1]],[[91,74],[-14,20]],[[112,57],[-13,-2]],[[99,55],[-8,19]],[[105,41],[-1,-1]],[[100,36],[-1,19]],[[401,398],[-25,-231]],[[308,438],[77,51]],[[6,466],[51,82]],[[804,326],[-2,-78]],[[743,226],[12,109]],[[745,53],[-136,-41]],[[653,181],[33,12]],[[686,193],[59,-140]],[[954,331],[-15,-167]],[[939,164],[-167,12]],[[239,588],[137,-47]],[[434,9],[-73,2]],[[743,226],[-57,-33]],[[939,164],[-194,-111]]],"transform":{"scale":[0.0002593928397502069,0.000223982589825151],"translate":[125.82785462400011,7.340228645000025]},"objects":{"bgysubmuns-municity-1108204000":{"type":"GeometryCollection","geometries":[{"arcs":[[0,1,2,3]],"type":"Polygon","properties":{"adm1_psgc":1100000000,"adm2_psgc":1108200000,"adm3_psgc":1108204000,"adm4_psgc":1108204001,"adm4_en":"Anibongan","geo_level":"Bgy","len_crs":17285,"area_crs":8498555,"len_km":17,"area_km2":8},"id":1108204001},{"arcs":[[6,7,8]],"type":"Polygon","properties":{"adm1_psgc":1100000000,"adm2_psgc":1108200000,"adm3_psgc":1108204000,"adm4_psgc":1108204002,"adm4_en":"Anislagan","geo_level":"Bgy","len_crs":6580,"area_crs":1106316,"len_km":6,"area_km2":1},"id":1108204002},{"arcs":[[9,10,11,12,13]],"type":"Polygon","properties":{"adm1_psgc":1100000000,"adm2_psgc":1108200000,"adm3_psgc":1108204000,"adm4_psgc":1108204003,"adm4_en":"Binuangan","geo_level":"Bgy","len_crs":7295,"area_crs":2739652,"len_km":7,"area_km2":2},"id":1108204003},{"arcs":[[-12,14,15,16]],"type":"Polygon","properties":{"adm1_psgc":1100000000,"adm2_psgc":1108200000,"adm3_psgc":1108204000,"adm4_psgc":1108204004,"adm4_en":"Bucana","geo_level":"Bgy","len_crs":8670,"area_crs":1190107,"len_km":8,"area_km2":1},"id":1108204004},{"arcs":[[17,18,19,20,21]],"type":"Polygon","properties":{"adm1_psgc":1100000000,"adm2_psgc":1108200000,"adm3_psgc":1108204000,"adm4_psgc":1108204005,"adm4_en":"Calabcab","geo_level":"Bgy","len_crs":9047,"area_crs":2780581,"len_km":9,"area_km2":2},"id":1108204005},{"arcs":[[22,23,24,25]],"type":"Polygon","properties":{"adm1_psgc":1100000000,"adm2_psgc":1108200000,"adm3_psgc":1108204000,"adm4_psgc":1108204006,"adm4_en":"Concepcion","geo_level":"Bgy","len_crs":10043,"area_crs":5494666,"len_km":10,"area_km2":5},"id":1108204006},{"arcs":[[26,-26,27,28,29,-1]],"type":"Polygon","properties":{"adm1_psgc":1100000000,"adm2_psgc":1108200000,"adm3_psgc":1108204000,"adm4_psgc":1108204007,"adm4_en":"Dumlan","geo_level":"Bgy","len_crs":13501,"area_crs":3871167,"len_km":13,"area_km2":3},"id":1108204007},{"arcs":[[30,31,32,33,34,35]],"type":"Polygon","properties":{"adm1_psgc":1100000000,"adm2_psgc":1108200000,"adm3_psgc":1108204000,"adm4_psgc":1108204008,"adm4_en":"Elizalde","geo_level":"Bgy","len_crs":15465,"area_crs":12471213,"len_km":15,"area_km2":12},"id":1108204008},{"arcs":[[-2,-30,36,37,38]],"type":"Polygon","properties":{"adm1_psgc":1100000000,"adm2_psgc":1108200000,"adm3_psgc":1108204000,"adm4_psgc":1108204009,"adm4_en":"Pangi","geo_level":"Bgy","len_crs":16329,"area_crs":6940505,"len_km":16,"area_km2":6},"id":1108204009},{"arcs":[[39,-31,40,41]],"type":"Polygon","properties":{"adm1_psgc":1100000000,"adm2_psgc":1108200000,"adm3_psgc":1108204000,"adm4_psgc":1108204010,"adm4_en":"Gubatan","geo_level":"Bgy","len_crs":17819,"area_crs":16740657,"len_km":17,"area_km2":16},"id":1108204010},{"arcs":[[-25,42,-13,-17,43,-28]],"type":"Polygon","properties":{"adm1_psgc":1100000000,"adm2_psgc":1108200000,"adm3_psgc":1108204000,"adm4_psgc":1108204011,"adm4_en":"Hijo","geo_level":"Bgy","len_crs":12938,"area_crs":5820945,"len_km":12,"area_km2":5},"id":1108204011},{"arcs":[[44,45,-18,46]],"type":"Polygon","properties":{"adm1_psgc":1100000000,"adm2_psgc":1108200000,"adm3_psgc":1108204000,"adm4_psgc":1108204012,"adm4_en":"Kinuban","geo_level":"Bgy","len_crs":10680,"area_crs":5692876,"len_km":10,"area_km2":5},"id":1108204012},{"arcs":[[47,48,49,-7,50,51,52]],"type":"Polygon","properties":{"adm1_psgc":1100000000,"adm2_psgc":1108200000,"adm3_psgc":1108204000,"adm4_psgc":1108204013,"adm4_en":"Langgam","geo_level":"Bgy","len_crs":8428,"area_crs":3042576,"len_km":8,"area_km2":3},"id":1108204013},{"arcs":[[53,-3,-39,54,55,56]],"type":"Polygon","properties":{"adm1_psgc":1100000000,"adm2_psgc":1108200000,"adm3_psgc":1108204000,"adm4_psgc":1108204014,"adm4_en":"Lapu-lapu","geo_level":"Bgy","len_crs":9934,"area_crs":5896228,"len_km":9,"area_km2":5},"id":1108204014},{"arcs":[[57,58,59,60,-23,-27,-4,61]],"type":"Polygon","properties":{"adm1_psgc":1100000000,"adm2_psgc":1108200000,"adm3_psgc":1108204000,"adm4_psgc":1108204015,"adm4_en":"Libay-libay","geo_level":"Bgy","len_crs":21182,"area_crs":20933182,"len_km":21,"area_km2":20},"id":1108204015},{"arcs":[[62,63,64,-19,-46]],"type":"Polygon","properties":{"adm1_psgc":1100000000,"adm2_psgc":1108200000,"adm3_psgc":1108204000,"adm4_psgc":1108204016,"adm4_en":"Limbo","geo_level":"Bgy","len_crs":13009,"area_crs":8652252,"len_km":13,"area_km2":8},"id":1108204016},{"arcs":[[-24,-61,65,-14,-43]],"type":"Polygon","properties":{"adm1_psgc":1100000000,"adm2_psgc":1108200000,"adm3_psgc":1108204000,"adm4_psgc":1108204017,"adm4_en":"Lumatab","geo_level":"Bgy","len_crs":7627,"area_crs":2296466,"len_km":7,"area_km2":2},"id":1108204017},{"arcs":[[-56,66,67,68]],"type":"Polygon","properties":{"adm1_psgc":1100000000,"adm2_psgc":1108200000,"adm3_psgc":1108204000,"adm4_psgc":1108204018,"adm4_en":"Magangit","geo_level":"Bgy","len_crs":8881,"area_crs":3921252,"len_km":8,"area_km2":3},"id":1108204018},{"arcs":[[69,70,-34,71]],"type":"Polygon","properties":{"adm1_psgc":1100000000,"adm2_psgc":1108200000,"adm3_psgc":1108204000,"adm4_psgc":1108204019,"adm4_en":"Malamodao","geo_level":"Bgy","len_crs":15585,"area_crs":15220051,"len_km":15,"area_km2":15},"id":1108204019},{"arcs":[[72,73,-49,74,-59,75]],"type":"Polygon","properties":{"adm1_psgc":1100000000,"adm2_psgc":1108200000,"adm3_psgc":1108204000,"adm4_psgc":1108204020,"adm4_en":"Manipongol","geo_level":"Bgy","len_crs":19028,"area_crs":16711956,"len_km":19,"area_km2":16},"id":1108204020},{"arcs":[[-48,76,-10,-66,-60,-75]],"type":"Polygon","properties":{"adm1_psgc":1100000000,"adm2_psgc":1108200000,"adm3_psgc":1108204000,"adm4_psgc":1108204021,"adm4_en":"Mapaang",