{"type":"Topology","arcs":[[[75,174],[-19,-35]],[[56,139],[-51,-5]],[[5,134],[17,47]],[[22,181],[53,-7]],[[205,421],[-53,-173]],[[152,248],[-21,27]],[[131,275],[76,165]],[[207,440],[-2,-19]],[[250,519],[-1,-32]],[[249,487],[-30,-18]],[[219,469],[-67,-11]],[[152,458],[20,61]],[[172,519],[78,0]],[[114,64],[54,-22]],[[168,42],[15,-39]],[[183,3],[-81,13]],[[102,16],[7,48]],[[109,64],[5,0]],[[687,614],[-231,-92],[-157,83]],[[299,605],[270,147]],[[569,752],[118,-138]],[[480,837],[-181,-232]],[[299,605],[-28,-14]],[[271,591],[-75,-2]],[[196,589],[-23,200],[307,48]],[[107,220],[-9,-25]],[[98,195],[-52,10]],[[46,205],[12,17]],[[58,222],[49,-2]],[[668,365],[-239,-186]],[[429,179],[-104,96]],[[325,275],[-19,166]],[[306,441],[-9,33]],[[297,474],[371,-109]],[[98,195],[-2,-20]],[[96,175],[-21,-1]],[[22,181],[24,24]],[[297,474],[-48,13]],[[250,519],[21,72]],[[687,614],[-19,-249]],[[96,117],[-4,-3]],[[92,114],[-36,25]],[[96,175],[0,-58]],[[325,275],[-173,-27]],[[205,421],[120,-146]],[[306,441],[-87,28]],[[196,122],[9,-60]],[[205,62],[-37,-20]],[[114,64],[43,77]],[[157,141],[39,-19]],[[480,837],[89,-85]],[[102,16],[-24,17]],[[78,33],[-16,32]],[[62,65],[4,23]],[[66,88],[43,-24]],[[282,45],[-84,-45]],[[198,0],[7,62]],[[196,122],[86,-77]],[[26,81],[6,-7]],[[32,74],[2,-1]],[[34,73],[11,-41]],[[45,32],[-38,6]],[[7,38],[18,46]],[[25,84],[1,-3]],[[131,275],[-14,-10]],[[117,265],[-30,32]],[[87,297],[65,161]],[[219,469],[-12,-29]],[[40,71],[22,-6]],[[78,33],[-33,-1]],[[34,73],[6,-2]],[[198,0],[-15,3]],[[117,265],[-10,-45]],[[58,222],[29,75]],[[66,88],[4,13]],[[70,101],[22,13]],[[96,117],[20,44]],[[116,161],[41,-20]],[[0,129],[25,-45]],[[7,38],[-7,91]],[[152,248],[-36,-87]],[[172,519],[24,70]],[[46,104],[-6,-33]],[[32,74],[9,35]],[[41,109],[5,-5]],[[26,81],[12,30]],[[38,111],[3,-2]],[[70,101],[-24,3]],[[38,111],[-13,-27]],[[0,129],[5,5]],[[429,179],[-147,-134]]],"transform":{"scale":[0.00041079598835521477,0.00028371560573474424],"translate":[120.63262333300005,18.20270887200007]},"objects":{"bgysubmuns-municity-102823000":{"type":"GeometryCollection","geometries":[{"arcs":[[0,1,2,3]],"type":"Polygon","properties":{"adm1_psgc":100000000,"adm2_psgc":102800000,"adm3_psgc":102823000,"adm4_psgc":102823001,"adm4_en":"Abkir","geo_level":"Bgy","len_crs":7718,"area_crs":2696597,"len_km":7,"area_km2":2},"id":102823001},{"arcs":[[4,5,6,7]],"type":"Polygon","properties":{"adm1_psgc":100000000,"adm2_psgc":102800000,"adm3_psgc":102823000,"adm4_psgc":102823003,"adm4_en":"Alsem","geo_level":"Bgy","len_crs":14401,"area_crs":7325643,"len_km":14,"area_km2":7},"id":102823003},{"arcs":[[8,9,10,11,12]],"type":"Polygon","properties":{"adm1_psgc":100000000,"adm2_psgc":102800000,"adm3_psgc":102823000,"adm4_psgc":102823005,"adm4_en":"Bago","geo_level":"Bgy","len_crs":12564,"area_crs":5733899,"len_km":12,"area_km2":5},"id":102823005},{"arcs":[[13,14,15,16,17]],"type":"Polygon","properties":{"adm1_psgc":100000000,"adm2_psgc":102800000,"adm3_psgc":102823000,"adm4_psgc":102823010,"adm4_en":"Bulbulala","geo_level":"Bgy","len_crs":9935,"area_crs":5168157,"len_km":9,"area_km2":5},"id":102823010},{"arcs":[[18,19,20]],"type":"Polygon","properties":{"adm1_psgc":100000000,"adm2_psgc":102800000,"adm3_psgc":102823000,"adm4_psgc":102823011,"adm4_en":"Cabangaran","geo_level":"Bgy","len_crs":43625,"area_crs":66095613,"len_km":43,"area_km2":66},"id":102823011},{"arcs":[[21,22,23,24]],"type":"Polygon","properties":{"adm1_psgc":100000000,"adm2_psgc":102800000,"adm3_psgc":102823000,"adm4_psgc":102823012,"adm4_en":"Cabayo","geo_level":"Bgy","len_crs":37861,"area_crs":61796905,"len_km":37,"area_km2":61},"id":102823012},{"arcs":[[25,26,27,28]],"type":"Polygon","properties":{"adm1_psgc":100000000,"adm2_psgc":102800000,"adm3_psgc":102823000,"adm4_psgc":102823013,"adm4_en":"Cabisocolan","geo_level":"Bgy","len_crs":6910,"area_crs":2064009,"len_km":6,"area_km2":2},"id":102823013},{"arcs":[[29,30,31,32,33]],"type":"Polygon","properties":{"adm1_psgc":100000000,"adm2_psgc":102800000,"adm3_psgc":102823000,"adm4_psgc":102823014,"adm4_en":"Canaam","geo_level":"Bgy","len_crs":43547,"area_crs":62337603,"len_km":43,"area_km2":62},"id":102823014},{"arcs":[[-27,34,35,-4,36]],"type":"Polygon","properties":{"adm1_psgc":100000000,"adm2_psgc":102800000,"adm3_psgc":102823000,"adm4_psgc":102823015,"adm4_en":"Columbia","geo_level":"Bgy","len_crs":7955,"area_crs":1974516,"len_km":7,"area_km2":1},"id":102823015},{"arcs":[[-34,37,-9,38,-23,-19,39]],"type":"Polygon","properties":{"adm1_psgc":100000000,"adm2_psgc":102800000,"adm3_psgc":102823000,"adm4_psgc":102823016,"adm4_en":"Dagupan","geo_level":"Bgy","len_crs":59953,"area_crs":103516547,"len_km":59,"area_km2":103},"id":102823016},{"arcs":[[40,41,-1,-36,42]],"type":"Polygon","properties":{"adm1_psgc":100000000,"adm2_psgc":102800000,"adm3_psgc":102823000,"adm4_psgc":102823017,"adm4_en":"Pedro F. Alviar","geo_level":"Bgy","len_crs":6221,"area_crs":2275818,"len_km":6,"area_km2":2},"id":102823017},{"arcs":[[43,-5,44]],"type":"Polygon","properties":{"adm1_psgc":100000000,"adm2_psgc":102800000,"adm3_psgc":102823000,"adm4_psgc":102823019,"adm4_en":"Dipilat","geo_level":"Bgy","len_crs":23500,"area_crs":26439082,"len_km":23,"area_km2":26},"id":102823019},{"arcs":[[-38,-33,45,-10]],"type":"Polygon","properties":{"adm1_psgc":100000000,"adm2_psgc":102800000,"adm3_psgc":102823000,"adm4_psgc":102823022,"adm4_en":"Esperanza","geo_level":"Bgy","len_crs":9651,"area_crs":2952206,"len_km":9,"area_km2":2},"id":102823022},{"arcs":[[46,47,-14,48,49]],"type":"Polygon","properties":{"adm1_psgc":100000000,"adm2_psgc":102800000,"adm3_psgc":102823000,"adm4_psgc":102823023,"adm4_en":"Ester","geo_level":"Bgy","len_crs":12532,"area_crs":7612762,"len_km":12,"area_km2":7},"id":102823023},{"arcs":[[-20,-22,50]],"type":"Polygon","properties":{"adm1_psgc":100000000,"adm2_psgc":102800000,"adm3_psgc":102823000,"adm4_psgc":102823024,"adm4_en":"Isic Isic","geo_level":"Bgy","len_crs":31161,"area_crs":44746697,"len_km":31,"area_km2":44},"id":102823024},{"arcs":[[-17,51,52,53,54]],"type":"Polygon","properties":{"adm1_psgc":100000000,"adm2_psgc":102800000,"adm3_psgc":102823000,"adm4_psgc":102823027,"adm4_en":"Lubnac","geo_level":"Bgy","len_crs":7579,"area_crs":2775748,"len_km":7,"area_km2":2},"id":102823027},{"arcs":[[55,56,-47,57]],"type":"Polygon","properties":{"adm1_psgc":100000000,"adm2_psgc":102800000,"adm3_psgc":102823000,"adm4_psgc":102823028,"adm4_en":"Mabanbanag","geo_level":"Bgy","len_crs":17662,"area_crs":14201951,"len_km":17,"area_km2":14},"id":102823028},{"arcs":[[58,59,60,61,62,63]],"type":"Polygon","properties":{"adm1_psgc":100000000,"adm2_psgc":102800000,"adm3_psgc":102823000,"adm4_psgc":102823030,"adm4_en":"Alejo Malasig","geo_level":"Bgy","len_crs":6443,"area_crs":1956912,"len_km":6,"area_km2":1},"id":102823030},{"arcs":[[-7,64,65,66,-11,67]],"type":"Polygon","properties":{"adm1_psgc":100000000,"adm2_psgc":102800000,"adm3_psgc":102823000,"adm4_psgc":102823031,"adm4_en":"Manarang","geo_level":"Bgy","len_crs":18654,"area_crs":11257839,"len_km":18,"area_km2":11},"id":102823031},{"arcs":[[68,-53,69,-61,70]],"type":"Polygon","properties":{"adm1_psgc":100000000,"adm2_psgc":102800000,"adm3_psgc":102823000,"adm4_psgc":102823033,"adm4_en":"Margaay","geo_level":"Bgy","len_crs":6300,"area_crs":1912670,"len_km":6,"area_km2":1},"id":102823033},{"arcs":[[-57,71,-15,-48]],"type":"Polygon","properties":{"adm1_psgc":100000000,"adm2_psgc":102800000,"adm3_psgc":102823000,"adm4_psgc":102823035,"adm4_en":"Namoroc","geo_level":"Bgy","len_crs":7350,"area_crs":2407098,"len_km":7,"area_km2":2},"id":102823035},{"arcs":[[72,-29,73,-66]],"type":"Polygon","properties":{"adm1_psgc":100000000,"adm2_psgc":102800000,"adm3_psgc":102823000,"adm4_psgc":102823038,"adm4_en":"Malampa","geo_level":"Bgy","len_crs":9020,"area_crs":4142891,"len_km":9,"area_km2":4},"id":102823038},{"arcs":[[-49,-18,-55,74,75,-41,76,77]],"type":"Polygon","properties":{"adm1_psgc":100000000,"adm2_psgc":102800000,"adm3_psgc":102823000,"adm4_psgc":102823039,"adm4_en":"Parparoroc",