{"type":"Topology","arcs":[[[381,277],[-11,-26]],[[370,251],[-16,-34]],[[354,217],[-171,-5]],[[183,212],[10,36]],[[193,248],[160,50]],[[353,298],[28,-21]],[[368,443],[3,-17]],[[371,426],[-18,-38]],[[353,388],[-3,48]],[[350,436],[3,8]],[[353,444],[15,-1]],[[390,211],[-5,-66]],[[385,145],[-24,-28]],[[361,117],[-195,0]],[[166,117],[5,50]],[[171,167],[183,50]],[[370,251],[20,-40]],[[335,406],[-16,-13]],[[319,393],[-122,-15]],[[197,378],[18,42]],[[215,420],[28,50]],[[243,470],[92,-64]],[[197,378],[-6,-73]],[[191,305],[2,-57]],[[183,212],[-12,-45]],[[166,117],[-34,-117]],[[132,0],[-129,281]],[[3,281],[114,154]],[[117,435],[98,-15]],[[353,388],[-7,-8]],[[346,380],[-27,13]],[[335,406],[15,30]],[[472,366],[-69,17]],[[403,383],[-17,33]],[[386,416],[18,38]],[[404,454],[68,-88]],[[361,117],[-229,-117]],[[463,266],[5,-107]],[[468,159],[-41,53]],[[427,212],[-37,-1]],[[381,277],[82,-11]],[[386,416],[-15,10]],[[368,443],[14,28]],[[382,471],[22,-17]],[[468,159],[-55,-36]],[[413,123],[14,89]],[[361,351],[107,-35]],[[468,316],[-5,-50]],[[353,298],[-2,13]],[[351,311],[4,41]],[[355,352],[6,-1]],[[472,366],[-4,-50]],[[361,351],[42,32]],[[326,517],[27,-73]],[[243,470],[33,90]],[[276,560],[50,-43]],[[3,281],[-3,222]],[[0,503],[117,-68]],[[0,503],[132,151],[144,-94]],[[413,123],[-28,22]],[[326,517],[56,-46]],[[191,305],[160,6]],[[355,352],[-9,28]]],"transform":{"scale":[0.0004274834512712987,0.0002828117492354364],"translate":[121.21406221000007,18.220123617000066]},"objects":{"bgysubmuns-municity-1408105000":{"type":"GeometryCollection","geometries":[{"arcs":[[0,1,2,3,4,5]],"type":"Polygon","properties":{"adm1_psgc":1400000000,"adm2_psgc":1408100000,"adm3_psgc":1408105000,"adm4_psgc":1408105001,"adm4_en":"Bacsay","geo_level":"Bgy","len_crs":20763,"area_crs":11189815,"len_km":20,"area_km2":11},"id":1408105001},{"arcs":[[6,7,8,9,10]],"type":"Polygon","properties":{"adm1_psgc":1400000000,"adm2_psgc":1408100000,"adm3_psgc":1408105000,"adm4_psgc":1408105002,"adm4_en":"Capagaypayan","geo_level":"Bgy","len_crs":6100,"area_crs":1179743,"len_km":6,"area_km2":1},"id":1408105002},{"arcs":[[11,12,13,14,15,-2,16]],"type":"Polygon","properties":{"adm1_psgc":1400000000,"adm2_psgc":1408100000,"adm3_psgc":1408105000,"adm4_psgc":1408105003,"adm4_en":"Dagupan","geo_level":"Bgy","len_crs":30540,"area_crs":13853504,"len_km":30,"area_km2":13},"id":1408105003},{"arcs":[[17,18,19,20,21]],"type":"Polygon","properties":{"adm1_psgc":1400000000,"adm2_psgc":1408100000,"adm3_psgc":1408105000,"adm4_psgc":1408105004,"adm4_en":"Lappa","geo_level":"Bgy","len_crs":14649,"area_crs":9129261,"len_km":14,"area_km2":9},"id":1408105004},{"arcs":[[-20,22,23,-4,24,-15,25,26,27,28]],"type":"Polygon","properties":{"adm1_psgc":1400000000,"adm2_psgc":1408100000,"adm3_psgc":1408105000,"adm4_psgc":1408105006,"adm4_en":"Marag","geo_level":"Bgy","len_crs":42231,"area_crs":95641073,"len_km":42,"area_km2":95},"id":1408105006},{"arcs":[[29,30,-18,31,-9]],"type":"Polygon","properties":{"adm1_psgc":1400000000,"adm2_psgc":1408100000,"adm3_psgc":1408105000,"adm4_psgc":1408105007,"adm4_en":"Poblacion","geo_level":"Bgy","len_crs":6089,"area_crs":1514189,"len_km":6,"area_km2":1},"id":1408105007},{"arcs":[[32,33,34,35]],"type":"Polygon","properties":{"adm1_psgc":1400000000,"adm2_psgc":1408100000,"adm3_psgc":1408105000,"adm4_psgc":1408105008,"adm4_en":"Quirino","geo_level":"Bgy","len_crs":11203,"area_crs":5017015,"len_km":11,"area_km2":5},"id":1408105008},{"arcs":[[36,-26,-14]],"type":"Polygon","properties":{"adm1_psgc":1400000000,"adm2_psgc":1408100000,"adm3_psgc":1408105000,"adm4_psgc":1408105009,"adm4_en":"Salvacion","geo_level":"Bgy","len_crs":29332,"area_crs":23821328,"len_km":29,"area_km2":23},"id":1408105009},{"arcs":[[37,38,39,-17,-1,40]],"type":"Polygon","properties":{"adm1_psgc":1400000000,"adm2_psgc":1408100000,"adm3_psgc":1408105000,"adm4_psgc":1408105010,"adm4_en":"San Francisco","geo_level":"Bgy","len_crs":15376,"area_crs":7833209,"len_km":15,"area_km2":7},"id":1408105010},{"arcs":[[-35,41,-7,42,43]],"type":"Polygon","properties":{"adm1_psgc":1400000000,"adm2_psgc":1408100000,"adm3_psgc":1408105000,"adm4_psgc":1408105011,"adm4_en":"San Isidro Norte","geo_level":"Bgy","len_crs":5528,"area_crs":1674559,"len_km":5,"area_km2":1},"id":1408105011},{"arcs":[[44,45,-39]],"type":"Polygon","properties":{"adm1_psgc":1400000000,"adm2_psgc":1408100000,"adm3_psgc":1408105000,"adm4_psgc":1408105012,"adm4_en":"San Sebastian","geo_level":"Bgy","len_crs":10333,"area_crs":5152275,"len_km":10,"area_km2":5},"id":1408105012},{"arcs":[[46,47,-41,-6,48,49,50]],"type":"Polygon","properties":{"adm1_psgc":1400000000,"adm2_psgc":1408100000,"adm3_psgc":1408105000,"adm4_psgc":1408105013,"adm4_en":"Santa Lina","geo_level":"Bgy","len_crs":15159,"area_crs":9167081,"len_km":15,"area_km2":9},"id":1408105013},{"arcs":[[51,-47,52,-33]],"type":"Polygon","properties":{"adm1_psgc":1400000000,"adm2_psgc":1408100000,"adm3_psgc":1408105000,"adm4_psgc":1408105014,"adm4_en":"Tumog","geo_level":"Bgy","len_crs":13391,"area_crs":5931478,"len_km":13,"area_km2":5},"id":1408105014},{"arcs":[[53,-10,-32,-22,54,55]],"type":"Polygon","properties":{"adm1_psgc":1400000000,"adm2_psgc":1408100000,"adm3_psgc":1408105000,"adm4_psgc":1408105015,"adm4_en":"Zumigui","geo_level":"Bgy","len_crs":16553,"area_crs":11609968,"len_km":16,"area_km2":11},"id":1408105015},{"arcs":[[-28,56,57]],"type":"Polygon","properties":{"adm1_psgc":1400000000,"adm2_psgc":1408100000,"adm3_psgc":1408105000,"adm4_psgc":1408105016,"adm4_en":"Cagandungan","geo_level":"Bgy","len_crs":21031,"area_crs":23630559,"len_km":21,"area_km2":23},"id":1408105016},{"arcs":[[-55,-21,-29,-58,58]],"type":"Polygon","properties":{"adm1_psgc":1400000000,"adm2_psgc":1408100000,"adm3_psgc":1408105000,"adm4_psgc":1408105017,"adm4_en":"Calabigan","geo_level":"Bgy","len_crs":33371,"area_crs":45271101,"len_km":33,"area_km2":45},"id":1408105017},{"arcs":[[59,-12,-40,-46]],"type":"Polygon","properties":{"adm1_psgc":1400000000,"adm2_psgc":1408100000,"adm3_psgc":1408105000,"adm4_psgc":1408105018,"adm4_en":"Cangisitan","geo_level":"Bgy","len_crs":9112,"area_crs":3127247,"len_km":9,"area_km2":3},"id":1408105018},{"arcs":[[-43,-11,-54,60]],"type":"Polygon","properties":{"adm1_psgc":1400000000,"adm2_psgc":1408100000,"adm3_psgc":1408105000,"adm4_psgc":1408105019,"adm4_en":"Luyon","geo_level":"Bgy","len_crs":9329,"area_crs":3366511,"len_km":9,"area_km2":3},"id":1408105019},{"arcs":[[-5,-24,61,-49]],"type":"Polygon","properties":{"adm1_psgc":1400000000,"adm2_psgc":1408100000,"adm3_psgc":1408105000,"adm4_psgc":1408105020,"adm4_en":"San Gregorio","geo_level":"Bgy","len_crs":17373,"area_crs":11861369,"len_km":17,"area_km2":11},"id":1408105020},{"arcs":[[-34,-53,-51,62,-30,-8,-42]],"type":"Polygon","properties":{"adm1_psgc":1400000000,"adm2_psgc":1408100000,"adm3_psgc":1408105000,"adm4_psgc":1408105021,"adm4_en":"San Isidro Sur","geo_level":"Bgy","len_crs":8513,"area_crs":3422470,"len_km":8,"area_km2":3},"id":1408105021},{"arcs":[[-25,-3,-16]],"type":"Polygon","properties":{"adm1_psgc":1400000000,"adm2_psgc":1408100000,"adm3_psgc":1408105000,"adm4_psgc":1408105022,"adm4_en":"Shalom","geo_level":"Bgy","len_crs":20304,"area_crs":10223409,"len_km":20,"area_km2":10},"id":1408105022},{"arcs":[[-63,-50,-62,-23,-19,-31]],"type":"Polygon","properties":{"adm1_psgc":1400000000,"adm2_psgc":1408100000,"adm3_psgc":1408105000,"adm4_psgc":1408105023,"adm4_en":"Turod","geo_level":"Bgy","len_crs":18789,"area_crs":17040515,"len_km":18,"area_km2":17},"id":1408105023}]}}}