{"type":"Topology","arcs":[[[258,663],[-21,-73]],[[237,590],[7,-72]],[[244,518],[-7,-4]],[[237,514],[-81,7],[-36,40],[18,62],[-5,49],[44,-5],[26,37],[55,-41]],[[533,168],[-77,-108]],[[456,60],[-15,41]],[[441,101],[24,68]],[[465,169],[68,-1]],[[217,777],[-19,-37],[-56,40]],[[142,780],[49,54]],[[191,834],[26,-57]],[[492,493],[-68,-31]],[[424,462],[-63,26],[-22,79]],[[339,567],[87,18]],[[426,585],[45,-44],[21,-48]],[[566,573],[78,-130]],[[644,443],[-17,-39],[-72,44]],[[555,448],[-39,57]],[[516,505],[-23,63]],[[493,568],[18,29]],[[511,597],[12,10]],[[523,607],[43,-34]],[[471,606],[6,-3]],[[477,603],[16,-35]],[[516,505],[-24,-12]],[[426,585],[36,24]],[[462,609],[9,-3]],[[1069,348],[10,-79]],[[1079,269],[-116,14],[-226,19]],[[737,302],[-77,236]],[[660,538],[23,9]],[[683,547],[35,16]],[[718,563],[351,-215]],[[233,851],[-42,-17]],[[142,780],[-21,24],[52,72],[12,63],[38,3],[10,-91]],[[233,851],[28,-53],[-44,-21]],[[737,665],[300,-109]],[[1037,556],[32,-208]],[[718,563],[-64,97]],[[654,660],[14,26]],[[668,686],[69,-21]],[[273,197],[-2,-81]],[[271,116],[-98,-10]],[[173,106],[26,130]],[[199,236],[74,-39]],[[1079,269],[14,-121],[-111,-38],[-286,-79],[-44,-7]],[[652,24],[-13,140]],[[639,164],[38,143]],[[677,307],[60,-5]],[[555,448],[-57,-99]],[[498,349],[-74,113]],[[368,264],[-49,-182]],[[319,82],[-48,34]],[[273,197],[32,97]],[[305,294],[63,-30]],[[683,547],[-53,104]],[[630,651],[24,9]],[[464,618],[-2,-9]],[[339,567],[39,95]],[[378,662],[86,-44]],[[926,707],[24,-6],[52,-63],[35,-82]],[[737,665],[78,60]],[[815,725],[111,-18]],[[473,616],[2,-2]],[[475,614],[-4,-8]],[[464,618],[9,-2]],[[496,630],[-14,-21]],[[482,609],[-2,1]],[[480,610],[-5,4]],[[473,616],[23,14]],[[660,538],[-16,-95]],[[566,573],[-3,85]],[[563,658],[67,-7]],[[339,567],[-102,23]],[[258,663],[53,41],[67,-42]],[[424,462],[-80,-84]],[[344,378],[-100,140]],[[523,607],[-16,28]],[[507,635],[56,23]],[[481,225],[-16,-56]],[[441,101],[-73,-28],[-49,9]],[[368,264],[113,-39]],[[480,610],[-3,-7]],[[498,349],[-17,-124]],[[305,294],[5,56]],[[310,350],[34,28]],[[181,352],[18,-116]],[[173,106],[-173,-1],[95,239],[41,21],[45,-13]],[[815,725],[0,22]],[[815,747],[25,20]],[[840,767],[86,-60]],[[815,747],[-15,12],[-76,-18]],[[724,741],[-34,18],[-5,85],[54,26],[101,-103]],[[181,352],[66,62]],[[247,414],[63,-64]],[[652,24],[-109,-24],[-52,12],[-35,48]],[[533,168],[106,-4]],[[668,686],[56,55]],[[511,597],[-29,12]],[[496,630],[11,5]],[[677,307],[-179,42]],[[247,414],[-10,100]]],"transform":{"scale":[0.0001410701793230004,0.00012700092462840737],"translate":[124.86072471700002,11.489243611000063]},"objects":{"bgysubmuns-municity-806021000":{"type":"GeometryCollection","geometries":[{"arcs":[[0,1,2,3]],"type":"Polygon","properties":{"adm1_psgc":800000000,"adm2_psgc":806000000,"adm3_psgc":806021000,"adm4_psgc":806021001,"adm4_en":"Banquil","geo_level":"Bgy","len_crs":16679,"area_crs":4148471,"len_km":16,"area_km2":4},"id":806021001},{"arcs":[[4,5,6,7]],"type":"Polygon","properties":{"adm1_psgc":800000000,"adm2_psgc":806000000,"adm3_psgc":806021000,"adm4_psgc":806021002,"adm4_en":"Bino-ongan","geo_level":"Bgy","len_crs":4651,"area_crs":1039494,"len_km":4,"area_km2":1},"id":806021002},{"arcs":[[8,9,10]],"type":"Polygon","properties":{"adm1_psgc":800000000,"adm2_psgc":806000000,"adm3_psgc":806021000,"adm4_psgc":806021003,"adm4_en":"Burabod","geo_level":"Bgy","len_crs":6085,"area_crs":829919,"len_km":6,"area_km2":0},"id":806021003},{"arcs":[[11,12,13,14]],"type":"Polygon","properties":{"adm1_psgc":800000000,"adm2_psgc":806000000,"adm3_psgc":806021000,"adm4_psgc":806021004,"adm4_en":"Cambaguio","geo_level":"Bgy","len_crs":6427,"area_crs":2610883,"len_km":6,"area_km2":2},"id":806021004},{"arcs":[[15,16,17,18,19,20,21]],"type":"Polygon","properties":{"adm1_psgc":800000000,"adm2_psgc":806000000,"adm3_psgc":806021000,"adm4_psgc":806021005,"adm4_en":"Canmucat","geo_level":"Bgy","len_crs":7613,"area_crs":2960975,"len_km":7,"area_km2":2},"id":806021005},{"arcs":[[22,23,-19,24,-15,25,26]],"type":"Polygon","properties":{"adm1_psgc":800000000,"adm2_psgc":806000000,"adm3_psgc":806021000,"adm4_psgc":806021006,"adm4_en":"Villarosa Pob.","geo_level":"Bgy","len_crs":4550,"area_crs":891804,"len_km":4,"area_km2":0},"id":806021006},{"arcs":[[27,28,29,30,31,32]],"type":"Polygon","properties":{"adm1_psgc":800000000,"adm2_psgc":806000000,"adm3_psgc":806021000,"adm4_psgc":806021007,"adm4_en":"Conant","geo_level":"Bgy","len_crs":17092,"area_crs":13928494,"len_km":17,"area_km2":13},"id":806021007},{"arcs":[[33,-10,34]],"type":"Polygon","properties":{"adm1_psgc":800000000,"adm2_psgc":806000000,"adm3_psgc":806021000,"adm4_psgc":806021008,"adm4_en":"Guintarcan","geo_level":"Bgy","len_crs":12570,"area_crs":1945562,"len_km":12,"area_km2":1},"id":806021008},{"arcs":[[-11,-34,35]],"type":"Polygon","properties":{"adm1_psgc":800000000,"adm2_psgc":806000000,"adm3_psgc":806021000,"adm4_psgc":806021009,"adm4_en":"Himyangan","geo_level":"Bgy","len_crs":8165,"area_crs":927566,"len_km":8,"area_km2":0},"id":806021009},{"arcs":[[36,37,-33,38,39,40]],"type":"Polygon","properties":{"adm1_psgc":800000000,"adm2_psgc":806000000,"adm3_psgc":806021000,"adm4_psgc":806021010,"adm4_en":"Igot","geo_level":"Bgy","len_crs":17634,"area_crs":11917905,"len_km":17,"area_km2":11},"id":806021010},{"arcs":[[41,42,43,44]],"type":"Polygon","properties":{"adm1_psgc":800000000,"adm2_psgc":806000000,"adm3_psgc":806021000,"adm4_psgc":806021011,"adm4_en":"Inarumbacan","geo_level":"Bgy","len_crs":9406,"area_crs":1656273,"len_km":9,"area_km2":1},"id":806021011},{"arcs":[[-29,45,46,47,48]],"type":"Polygon","properties":{"adm1_psgc":800000000,"adm2_psgc":806000000,"adm3_psgc":806021000,"adm4_psgc":806021012,"adm4_en":"Inasudlan","geo_level":"Bgy","len_crs":19024,"area_crs":19827183,"len_km":19,"area_km2":19},"id":806021012},{"arcs":[[49,50,-12,-25,-18]],"type":"Polygon","properties":{"adm1_psgc":800000000,"adm2_psgc":806000000,"adm3_psgc":806021000,"adm4_psgc":806021013,"adm4_en":"Lam-awan","geo_level":"Bgy","len_crs":6143,"area_crs":2211121,"len_km":6,"area_km2":2},"id":806021013},{"type":null,"properties":{"adm1_psgc":800000000,"adm2_psgc":806000000,"adm3_psgc":806021000,"adm4_psgc":806021014,"adm4_en":"Lamingao","geo_level":"Bgy","len_crs":5263,"area_crs":658367,"len_km":5,"area_km2":0},"id":806021014},{"arcs":[[51,52,-42,53,54]],"type":"Polygon","properties":{"adm1_psgc":800000000,"adm2_psgc":806000000,"adm3_psgc":806021000,"adm4_psgc":806021015,"adm4_en":"Lawa-an","geo_level":"Bgy","len_crs":7609,"area_crs":2728079,"len_km":7,"area_km2":2},"id":806021015},{"arcs":[[-39,-32,55,56]],"type":"Polygon","properties":{"adm1_psgc":800000000,"adm2_psgc":806000000,"adm3_psgc":806021000,"adm4_psgc":806021016,"adm4_en":"Macopa","geo_level":"Bgy","len_crs":4805,"area_crs":809587,"len_km":4,"area_km2":0},"id":806021016},{"arcs":[[57,-26,-14,58,59]],"type":"Polygon","properties":{"adm1_psgc":800000000,"adm2_psgc":806000000,"adm3_psgc":806021000,"adm4_psgc":806021017,"adm4_en":"Mahayag","geo_level":"Bgy","len_crs":5626,"area_crs":1309118,"len_km":5,"area_km2":1},"id":806021017},{"arcs":[[60,-37,61,62]],"type":"Polygon","properties":{"adm1_psgc":800000000,"adm2_psgc":806000000,"adm3_psgc":806021000,"adm4_psgc":806021018,"adm4_en":"Malonoy","geo_level":"Bgy","len_crs":12151,"area_crs":4911996,"len_km":12,"area_km2":4},"id":806021018},{"arcs":[[63,64,-27,-58,65]],"type":"Polygon","properties":{"adm1_psgc":800000000,"adm2_psgc":806000000,"adm3_psgc":806021000,"adm4_psgc":806021019,"adm4_en":"Mercado","geo_level":"Bgy","len_crs":795,"area_crs":19834,"len_km":0,"area_km2":0},"id":806021019},{"arcs":[[66,67,68,-64,69]],"type":"Polygon","properties":{"adm1_psgc":800000000,"adm2_psgc":806000000,"adm3_psgc":806021000,"adm4_psgc":806021020,"adm4_en":"Miramar","geo_level":"Bgy","len_crs":1948,"area_crs":39202,"len_km":1,"area_km2":0},"id":806021020},{"arcs":[[-56,-31,70,-16,71,72]],"type":"Polygon","properties":{"adm1_psgc":800000000,"adm2_psgc":806000000,"adm3_psgc":806021000,"adm4_psgc":806021021,"adm4_en":"Nagcaduha",