{"type":"Topology","arcs":[[[244,362],[77,-31]],[[321,331],[-89,-86]],[[232,245],[-156,94]],[[76,339],[52,4]],[[128,343],[116,19]],[[368,1000],[-69,-28]],[[299,972],[-26,9]],[[273,981],[-21,27]],[[252,1008],[43,45]],[[295,1053],[73,-53]],[[232,885],[22,-19]],[[254,866],[7,-23]],[[261,843],[76,-81]],[[337,762],[-3,-3]],[[334,759],[-147,19]],[[187,778],[9,108]],[[196,886],[36,-1]],[[582,664],[-64,-85],[-114,-11]],[[404,568],[-28,13]],[[376,581],[-30,25]],[[346,606],[1,39]],[[347,645],[177,63]],[[524,708],[58,-44]],[[253,928],[5,-5]],[[258,923],[5,-2]],[[263,921],[3,-8]],[[266,913],[-12,-47]],[[232,885],[-14,42]],[[218,927],[35,1]],[[622,625],[-40,39]],[[524,708],[49,53]],[[573,761],[79,59]],[[652,820],[98,-70],[-128,-125]],[[252,1008],[43,45]],[[368,1000],[128,-73]],[[496,927],[-63,-27]],[[433,900],[-172,-57]],[[266,913],[14,15]],[[280,928],[10,9]],[[290,937],[9,35]],[[404,568],[125,-41]],[[529,527],[-142,-133]],[[387,394],[-10,62]],[[377,456],[-1,125]],[[215,948],[3,-21]],[[196,886],[-41,31]],[[155,917],[70,62]],[[225,979],[-10,-31]],[[232,245],[-232,-245],[23,373]],[[23,373],[53,-34]],[[127,428],[1,-85]],[[23,373],[7,73]],[[30,446],[97,-18]],[[347,645],[-13,114]],[[337,762],[93,72]],[[430,834],[143,-73]],[[433,900],[-3,-66]],[[387,394],[-66,-63]],[[244,362],[36,69]],[[280,431],[97,25]],[[245,954],[9,-9]],[[254,945],[11,-8]],[[265,937],[-1,-3]],[[264,934],[-8,-2]],[[256,932],[-22,17]],[[234,949],[11,5]],[[256,932],[-3,-4]],[[215,948],[19,1]],[[264,934],[1,-1]],[[265,933],[-7,-10]],[[272,929],[-9,-8]],[[265,933],[7,-4]],[[272,929],[8,-1]],[[290,937],[-16,4]],[[274,941],[-2,2]],[[272,943],[-22,16]],[[250,959],[16,23]],[[266,982],[7,-1]],[[272,943],[-18,2]],[[245,954],[5,5]],[[274,941],[-9,-4]],[[187,778],[-59,-99]],[[128,679],[-74,-6]],[[54,673],[19,156],[82,88]],[[127,428],[141,104]],[[268,532],[12,-101]],[[268,532],[78,74]],[[225,979],[41,3]],[[268,532],[-140,147]],[[496,927],[156,-107]],[[30,446],[24,227]],[[622,625],[-93,-98]]],"transform":{"scale":[0.00034649734266668016,0.0004201616543209729],"translate":[122.72332949600005,9.597365594000053]},"objects":{"bgysubmuns-municity-604515000":{"type":"GeometryCollection","geometries":[{"arcs":[[0,1,2,3,4]],"type":"Polygon","properties":{"adm1_psgc":600000000,"adm2_psgc":604500000,"adm3_psgc":604515000,"adm4_psgc":604515001,"adm4_en":"Bantayan","geo_level":"Bgy","len_crs":28461,"area_crs":28068721,"len_km":28,"area_km2":28},"id":604515001},{"arcs":[[5,6,7,8,9]],"type":"Polygon","properties":{"adm1_psgc":600000000,"adm2_psgc":604500000,"adm3_psgc":604515000,"adm4_psgc":604515002,"adm4_en":"Binicuil","geo_level":"Bgy","len_crs":13636,"area_crs":7206524,"len_km":13,"area_km2":7},"id":604515002},{"arcs":[[10,11,12,13,14,15,16]],"type":"Polygon","properties":{"adm1_psgc":600000000,"adm2_psgc":604500000,"adm3_psgc":604515000,"adm4_psgc":604515003,"adm4_en":"Camansi","geo_level":"Bgy","len_crs":22146,"area_crs":21386332,"len_km":22,"area_km2":21},"id":604515003},{"arcs":[[17,18,19,20,21,22]],"type":"Polygon","properties":{"adm1_psgc":600000000,"adm2_psgc":604500000,"adm3_psgc":604515000,"adm4_psgc":604515004,"adm4_en":"Camingawan","geo_level":"Bgy","len_crs":27268,"area_crs":38620184,"len_km":27,"area_km2":38},"id":604515004},{"arcs":[[23,24,25,26,-11,27,28]],"type":"Polygon","properties":{"adm1_psgc":600000000,"adm2_psgc":604500000,"adm3_psgc":604515000,"adm4_psgc":604515005,"adm4_en":"Camugao","geo_level":"Bgy","len_crs":9463,"area_crs":3752353,"len_km":9,"area_km2":3},"id":604515005},{"arcs":[[29,-23,30,31,32]],"type":"Polygon","properties":{"adm1_psgc":600000000,"adm2_psgc":604500000,"adm3_psgc":604515000,"adm4_psgc":604515006,"adm4_en":"Carol-an","geo_level":"Bgy","len_crs":25046,"area_crs":38511835,"len_km":25,"area_km2":38},"id":604515006},{"arcs":[[-9,33]],"type":"Polygon","properties":{"adm1_psgc":600000000,"adm2_psgc":604500000,"adm3_psgc":604515000,"adm4_psgc":604515007,"adm4_en":"Daan Banua","geo_level":"Bgy","len_crs":18873,"area_crs":10451623,"len_km":18,"area_km2":10},"id":604515007},{"arcs":[[34,35,36,-12,-27,37,38,39,-6]],"type":"Polygon","properties":{"adm1_psgc":600000000,"adm2_psgc":604500000,"adm3_psgc":604515000,"adm4_psgc":604515008,"adm4_en":"Hilamonan","geo_level":"Bgy","len_crs":30433,"area_crs":33539207,"len_km":30,"area_km2":33},"id":604515008},{"arcs":[[40,41,42,43,-19]],"type":"Polygon","properties":{"adm1_psgc":600000000,"adm2_psgc":604500000,"adm3_psgc":604515000,"adm4_psgc":604515009,"adm4_en":"Inapoy","geo_level":"Bgy","len_crs":25104,"area_crs":25895690,"len_km":25,"area_km2":25},"id":604515009},{"arcs":[[44,-28,-17,45,46,47]],"type":"Polygon","properties":{"adm1_psgc":600000000,"adm2_psgc":604500000,"adm3_psgc":604515000,"adm4_psgc":604515010,"adm4_en":"Linao","geo_level":"Bgy","len_crs":13432,"area_crs":5146681,"len_km":13,"area_km2":5},"id":604515010},{"arcs":[[-3,48,49]],"type":"Polygon","properties":{"adm1_psgc":600000000,"adm2_psgc":604500000,"adm3_psgc":604515000,"adm4_psgc":604515011,"adm4_en":"Locotan","geo_level":"Bgy","len_crs":42401,"area_crs":66108437,"len_km":42,"area_km2":66},"id":604515011},{"arcs":[[50,-4,-50,51,52]],"type":"Polygon","properties":{"adm1_psgc":600000000,"adm2_psgc":604500000,"adm3_psgc":604515000,"adm4_psgc":604515012,"adm4_en":"Magballo","geo_level":"Bgy","len_crs":19029,"area_crs":16113739,"len_km":19,"area_km2":16},"id":604515012},{"arcs":[[-31,-22,53,-14,54,55]],"type":"Polygon","properties":{"adm1_psgc":600000000,"adm2_psgc":604500000,"adm3_psgc":604515000,"adm4_psgc":604515013,"adm4_en":"Oringao","geo_level":"Bgy","len_crs":30994,"area_crs":44181726,"len_km":30,"area_km2":44},"id":604515013},{"arcs":[[56,-55,-13,-37]],"type":"Polygon","properties":{"adm1_psgc":600000000,"adm2_psgc":604500000,"adm3_psgc":604515000,"adm4_psgc":604515014,"adm4_en":"Orong","geo_level":"Bgy","len_crs":24497,"area_crs":24911702,"len_km":24,"area_km2":24},"id":604515014},{"arcs":[[57,-1,58,59,-43]],"type":"Polygon","properties":{"adm1_psgc":600000000,"adm2_psgc":604500000,"adm3_psgc":604515000,"adm4_psgc":604515015,"adm4_en":"Pinaguinpinan","geo_level":"Bgy","len_crs":20974,"area_crs":20500855,"len_km":20,"area_km2":20},"id":604515015},{"arcs":[[60,61,62,63,64,65]],"type":"Polygon","properties":{"adm1_psgc":600000000,"adm2_psgc":604500000,"adm3_psgc":604515000,"adm4_psgc":604515016,"adm4_en":"Barangay 5","geo_level":"Bgy","len_crs":3991,"area_crs":406728,"len_km":3,"area_km2":0},"id":604515016},{"arcs":[[-65,66,-29,-45,67]],"type":"Polygon","properties":{"adm1_psgc":600000000,"adm2_psgc":604500000,"adm3_psgc":604515000,"adm4_psgc":604515017,"adm4_en":"Barangay 6","geo_level":"Bgy","len_crs":5651,"area_crs":955273,"len_km":5,"area_km2":0},"id":604515017},{"arcs":[[68,69,-24,-67,-64]],"type":"Polygon","properties":{"adm1_psgc":600000000,"adm2_psgc":604500000,"adm3_psgc":604515000,"adm4_psgc":604515018,"adm4_en":"Barangay 7","geo_level":"Bgy","len_crs":1603,"area_crs":123360,"len_km":1,"area_km2":0},"id":604515018},{"arcs":[[70,-25,-70,71]],"type":"Polygon","properties":{"adm1_psgc":600000000,"adm2_psgc":604500000,"adm3_psgc":604515000,"adm4_psgc":604515019,"adm4_en":"Barangay 8","geo_level":"Bgy","len_crs":1612,"area_crs":125783,"len_km":1,"area_km2":0},"id":604515019},{"arcs":[[-38,-26,-71,72]],"type":"Polygon","properties":{"adm1_psgc":600000000,"adm2_psgc":604500000,"adm3_psgc":604515000,"adm4_psgc":604515020,"adm4_en":"Barangay 9","geo_level":"Bgy","len_crs":2712,"area_crs":370796,"len_km":2,"area_km2":0},"id":604515020},{"arcs":[[-7,-40,73,74,75,76,77]],"type":"Polygon","properties":{"adm1_psgc":600000000,"adm2_psgc":604500000,"adm3_psgc":604515000,"adm4_psgc":604515021,"adm4_en":"Barangay 1","geo_level":"Bgy","len_crs":7965,"area_crs":1993567,"len_km":7,"area_km2":1},"id":604515021},{"arcs":[[78,-61,79,-76]],"type":"Polygon","properties":{"adm1_psgc":600000000,"adm2_psgc":604500000,"adm3_psgc":604515000,"adm4_psgc":604515023,"adm4_en":"Barangay 2","geo_level":"Bgy","len_crs":3115,"area_crs":306293,"len_km":3,"area_km2":0},