{"type":"Topology","arcs":[[[923,826],[13,-30]],[[936,796],[-13,30]],[[843,920],[43,-47]],[[886,873],[-72,-49],[-44,24],[30,59],[43,13]],[[625,912],[2,72]],[[627,984],[34,-53],[-36,-19]],[[512,408],[3,-153]],[[515,255],[-66,-4],[-52,73]],[[397,324],[-19,82],[134,2]],[[748,385],[36,-49],[48,-120],[111,16]],[[943,232],[-28,-232],[-261,101]],[[654,101],[-49,275],[12,64]],[[617,440],[131,-55]],[[349,325],[-29,-35]],[[320,290],[-6,48]],[[314,338],[35,-13]],[[515,255],[0,-88]],[[515,167],[-168,81],[-27,42]],[[349,325],[48,-1]],[[748,385],[-19,86]],[[729,471],[109,14],[-15,45]],[[823,530],[119,0]],[[942,530],[1,-298]],[[592,468],[-47,21]],[[545,489],[65,66]],[[610,555],[11,-57],[-29,-30]],[[345,459],[164,-10]],[[509,449],[3,-41]],[[314,338],[28,12],[-30,70],[33,39]],[[661,675],[-66,92]],[[595,767],[89,20],[41,-50],[-64,-62]],[[384,847],[-7,7]],[[377,854],[7,-7]],[[625,912],[-90,-22],[-108,-3],[33,90],[120,46],[47,-39]],[[661,675],[-13,-12]],[[648,663],[-102,83]],[[546,746],[49,21]],[[648,663],[-47,-20],[-92,34],[37,69]],[[923,826],[-37,47]],[[843,920],[64,16],[140,-87],[-33,-37],[-78,-16]],[[155,715],[2,57]],[[157,772],[-2,-57]],[[384,847],[-7,7]],[[282,866],[48,-15],[-38,-50],[-48,15],[38,50]],[[155,715],[2,57]],[[546,612],[-57,-107]],[[489,505],[-70,102]],[[419,607],[32,25],[95,-20]],[[489,505],[56,-16]],[[545,489],[-34,-26]],[[511,463],[-125,43]],[[386,506],[1,47],[32,54]],[[617,440],[-25,28]],[[610,555],[-18,25]],[[592,580],[82,19]],[[674,599],[2,-89],[53,-39]],[[764,601],[59,-71]],[[674,599],[43,22],[47,-20]],[[654,101],[-139,66]],[[509,449],[2,14]],[[546,612],[46,-32]],[[345,459],[41,47]],[[764,601],[73,79],[105,2],[0,-152]]],"transform":{"scale":[0.00014205624832856962,0.0001476524550724752],"translate":[124.08895970100002,10.060569032000044]},"objects":{"bgysubmuns-municity-701226000":{"type":"GeometryCollection","geometries":[{"arcs":[[2,3]],"type":"Polygon","properties":{"adm1_psgc":700000000,"adm2_psgc":701200000,"adm3_psgc":701226000,"adm4_psgc":701226001,"adm4_en":"Alumar","geo_level":"Bgy","len_crs":16481,"area_crs":2404743,"len_km":16,"area_km2":2},"id":701226001},{"arcs":[[4,5]],"type":"Polygon","properties":{"adm1_psgc":700000000,"adm2_psgc":701200000,"adm3_psgc":701226000,"adm4_psgc":701226002,"adm4_en":"Banacon","geo_level":"Bgy","len_crs":5560,"area_crs":664884,"len_km":5,"area_km2":0},"id":701226002},{"arcs":[[6,7,8]],"type":"Polygon","properties":{"adm1_psgc":700000000,"adm2_psgc":701200000,"adm3_psgc":701226000,"adm4_psgc":701226003,"adm4_en":"Buyog","geo_level":"Bgy","len_crs":9001,"area_crs":4308916,"len_km":9,"area_km2":4},"id":701226003},{"arcs":[[9,10,11,12]],"type":"Polygon","properties":{"adm1_psgc":700000000,"adm2_psgc":701200000,"adm3_psgc":701226000,"adm4_psgc":701226004,"adm4_en":"Cabasakan","geo_level":"Bgy","len_crs":20867,"area_crs":20861668,"len_km":20,"area_km2":20},"id":701226004},{"arcs":[[13,14,15]],"type":"Polygon","properties":{"adm1_psgc":700000000,"adm2_psgc":701200000,"adm3_psgc":701226000,"adm4_psgc":701226006,"adm4_en":"Campao Occidental","geo_level":"Bgy","len_crs":2538,"area_crs":384892,"len_km":2,"area_km2":0},"id":701226006},{"arcs":[[-8,16,17,-14,18]],"type":"Polygon","properties":{"adm1_psgc":700000000,"adm2_psgc":701200000,"adm3_psgc":701226000,"adm4_psgc":701226007,"adm4_en":"Campao Oriental","geo_level":"Bgy","len_crs":9782,"area_crs":3443476,"len_km":9,"area_km2":3},"id":701226007},{"arcs":[[-10,19,20,21,22]],"type":"Polygon","properties":{"adm1_psgc":700000000,"adm2_psgc":701200000,"adm3_psgc":701226000,"adm4_psgc":701226008,"adm4_en":"Cangmundo","geo_level":"Bgy","len_crs":15471,"area_crs":12372620,"len_km":15,"area_km2":12},"id":701226008},{"arcs":[[23,24,25]],"type":"Polygon","properties":{"adm1_psgc":700000000,"adm2_psgc":701200000,"adm3_psgc":701226000,"adm4_psgc":701226009,"adm4_en":"Carlos P. Garcia","geo_level":"Bgy","len_crs":4694,"area_crs":1281699,"len_km":4,"area_km2":1},"id":701226009},{"arcs":[[26,27,-9,-19,-16,28]],"type":"Polygon","properties":{"adm1_psgc":700000000,"adm2_psgc":701200000,"adm3_psgc":701226000,"adm4_psgc":701226010,"adm4_en":"Corte Baud","geo_level":"Bgy","len_crs":11420,"area_crs":3616648,"len_km":11,"area_km2":3},"id":701226010},{"arcs":[[29,30]],"type":"Polygon","properties":{"adm1_psgc":700000000,"adm2_psgc":701200000,"adm3_psgc":701226000,"adm4_psgc":701226011,"adm4_en":"Handumon","geo_level":"Bgy","len_crs":9691,"area_crs":1912156,"len_km":9,"area_km2":1},"id":701226011},{"arcs":[[-5,33]],"type":"Polygon","properties":{"adm1_psgc":700000000,"adm2_psgc":701200000,"adm3_psgc":701226000,"adm4_psgc":701226012,"adm4_en":"Jagoliao","geo_level":"Bgy","len_crs":27641,"area_crs":4365723,"len_km":27,"area_km2":4},"id":701226012},{"arcs":[[34,35,36,-30]],"type":"Polygon","properties":{"adm1_psgc":700000000,"adm2_psgc":701200000,"adm3_psgc":701226000,"adm4_psgc":701226013,"adm4_en":"Jandayan Norte","geo_level":"Bgy","len_crs":5477,"area_crs":1231571,"len_km":5,"area_km2":1},"id":701226013},{"arcs":[[37,-36]],"type":"Polygon","properties":{"adm1_psgc":700000000,"adm2_psgc":701200000,"adm3_psgc":701226000,"adm4_psgc":701226014,"adm4_en":"Jandayan Sur","geo_level":"Bgy","len_crs":10015,"area_crs":1516049,"len_km":10,"area_km2":1},"id":701226014},{"arcs":[[-1,38,-3,39]],"type":"Polygon","properties":{"adm1_psgc":700000000,"adm2_psgc":701200000,"adm3_psgc":701226000,"adm4_psgc":701226015,"adm4_en":"Mahanay","geo_level":"Bgy","len_crs":21604,"area_crs":3329416,"len_km":21,"area_km2":3},"id":701226015},{"arcs":[[43]],"type":"Polygon","properties":{"adm1_psgc":700000000,"adm2_psgc":701200000,"adm3_psgc":701226000,"adm4_psgc":701226016,"adm4_en":"Nasingin","geo_level":"Bgy","len_crs":15932,"area_crs":1583385,"len_km":15,"area_km2":1},"id":701226016},{"arcs":[[-41,44]],"type":"Polygon","properties":{"adm1_psgc":700000000,"adm2_psgc":701200000,"adm3_psgc":701226000,"adm4_psgc":701226017,"adm4_en":"Pandanon","geo_level":"Bgy","len_crs":5822,"area_crs":268717,"len_km":5,"area_km2":0},"id":701226017},{"arcs":[[45,46,47]],"type":"Polygon","properties":{"adm1_psgc":700000000,"adm2_psgc":701200000,"adm3_psgc":701226000,"adm4_psgc":701226018,"adm4_en":"Poblacion","geo_level":"Bgy","len_crs":7609,"area_crs":2489460,"len_km":7,"area_km2":2},"id":701226018},{"arcs":[[-47,48,49,50,51]],"type":"Polygon","properties":{"adm1_psgc":700000000,"adm2_psgc":701200000,"adm3_psgc":701226000,"adm4_psgc":701226019,"adm4_en":"Saguise","geo_level":"Bgy","len_crs":8280,"area_crs":2263633,"len_km":8,"area_km2":2},"id":701226019},{"arcs":[[-20,-13,52,-26,53,54,55]],"type":"Polygon","properties":{"adm1_psgc":700000000,"adm2_psgc":701200000,"adm3_psgc":701226000,"adm4_psgc":701226020,"adm4_en":"Salog","geo_level":"Bgy","len_crs":11046,"area_crs":3938222,"len_km":11,"area_km2":3},"id":701226020},{"arcs":[[56,-21,-56,57]],"type":"Polygon","properties":{"adm1_psgc":700000000,"adm2_psgc":701200000,"adm3_psgc":701226000,"adm4_psgc":701226021,"adm4_en":"San Jose","geo_level":"Bgy","len_crs":10464,"area_crs":3989464,"len_km":10,"area_km2":3},"id":701226021},{"arcs":[[-53,-12,58,-17,-7,-28,59,-50,-24]],"type":"Polygon","properties":{"adm1_psgc":700000000,"adm2_psgc":701200000,"adm3_psgc":701226000,"adm4_psgc":701226022,"adm4_en":"Santo Niño","geo_level":"Bgy","len_crs":15261,"area_crs":9252479,"len_km":15,"area_km2":9},"id":701226022},{"arcs":[[60,-54,-25,-49,-46]],"type":"Polygon","properties":{"adm1_psgc":700000000,"adm2_psgc":701200000,"adm3_psgc":701226000,"adm4_psgc":701226023,"adm4_en":"Taytay","geo_level":"Bgy","len_crs":6179,"area_crs":1554219,"len_km":6,"area_km2":1},"id":701226023},{"arcs":[[-60,-27,61,-51]],"type":"Polygon","properties":{"adm1_psgc":700000000,"adm2_psgc":701200000,"adm3_psgc":701226000,"adm4_psgc":701226024,"adm4_en":"Tugas","geo_level":"Bgy","len_crs":6664,"area_crs":1381229,"len_km":6,"area_km2":1},"id":701226024},{"arcs":[[-22,-57,62]],"type":"Polygon","properties":{"adm1_psgc":700000000,"adm2_psgc":701200000,"adm3_psgc":701226000,"adm4_psgc":701226025,"adm4_en":"Tulang",