{"type":"Topology","arcs":[[[195,450],[23,-18]],[[218,432],[-34,-99]],[[184,333],[-70,-35]],[[114,298],[-114,95],[31,85]],[[31,478],[164,-28]],[[377,148],[32,-36]],[[409,112],[-69,-30]],[[340,82],[-75,96]],[[265,178],[50,61]],[[315,239],[62,-91]],[[361,533],[-8,-32]],[[353,501],[-73,-71]],[[280,430],[-62,2]],[[195,450],[5,82]],[[200,532],[62,11]],[[262,543],[99,-10]],[[421,188],[-44,-40]],[[315,239],[25,28]],[[340,267],[81,-79]],[[637,497],[-42,-115]],[[595,382],[-58,-24]],[[537,358],[-31,-16]],[[506,342],[-63,67]],[[443,409],[-12,64]],[[431,473],[129,75]],[[560,548],[77,-51]],[[578,177],[-3,-9]],[[575,168],[-17,21]],[[558,189],[8,9]],[[566,198],[12,-21]],[[431,473],[-78,28]],[[361,533],[-1,91]],[[360,624],[150,40]],[[510,664],[50,-116]],[[537,358],[64,-76]],[[601,282],[-19,-50]],[[582,232],[-8,3]],[[574,235],[-51,19]],[[523,254],[-17,88]],[[579,206],[-1,-29]],[[566,198],[1,7]],[[567,205],[12,1]],[[497,68],[-39,-27]],[[458,41],[-49,71]],[[421,188],[76,-120]],[[662,313],[-67,69]],[[637,497],[36,-66],[-11,-118]],[[331,346],[40,-39]],[[371,307],[-31,-40]],[[265,178],[-151,120]],[[184,333],[50,-27],[85,50]],[[319,356],[12,-10]],[[262,543],[98,81]],[[458,41],[-58,-41],[-60,82]],[[443,409],[-112,-63]],[[319,356],[-39,74]],[[448,284],[17,-84]],[[465,200],[-44,-12]],[[371,307],[77,-23]],[[171,608],[-25,22]],[[146,630],[91,99]],[[237,729],[21,-87],[-87,-34]],[[523,254],[3,-30]],[[526,224],[-5,-39]],[[521,185],[0,-2]],[[521,183],[-56,17]],[[448,284],[58,58]],[[582,232],[-3,-26]],[[567,205],[-6,6]],[[561,211],[13,24]],[[575,168],[-38,-59]],[[537,109],[-16,74]],[[521,185],[37,4]],[[171,608],[29,-76]],[[31,478],[115,152]],[[561,211],[-35,13]],[[537,109],[-40,-41]],[[662,313],[-61,-31]],[[237,729],[192,14],[81,-79]]],"transform":{"scale":[0.00016703586032689832,0.0001598225746971332],"translate":[123.66278423200005,10.177978537000058]},"objects":{"bgysubmuns-municity-702234000":{"type":"GeometryCollection","geometries":[{"arcs":[[0,1,2,3,4]],"type":"Polygon","properties":{"adm1_psgc":700000000,"adm2_psgc":702200000,"adm3_psgc":702234000,"adm4_psgc":702234001,"adm4_en":"Alfaco","geo_level":"Bgy","len_crs":11196,"area_crs":7932376,"len_km":11,"area_km2":7},"id":702234001},{"arcs":[[5,6,7,8,9]],"type":"Polygon","properties":{"adm1_psgc":700000000,"adm2_psgc":702200000,"adm3_psgc":702234000,"adm4_psgc":702234002,"adm4_en":"Bairan","geo_level":"Bgy","len_crs":7817,"area_crs":3021831,"len_km":7,"area_km2":3},"id":702234002},{"arcs":[[10,11,12,-1,13,14,15]],"type":"Polygon","properties":{"adm1_psgc":700000000,"adm2_psgc":702200000,"adm3_psgc":702234000,"adm4_psgc":702234003,"adm4_en":"Balirong","geo_level":"Bgy","len_crs":8920,"area_crs":4681438,"len_km":8,"area_km2":4},"id":702234003},{"arcs":[[16,-10,17,18]],"type":"Polygon","properties":{"adm1_psgc":700000000,"adm2_psgc":702200000,"adm3_psgc":702234000,"adm4_psgc":702234004,"adm4_en":"Cabungahan","geo_level":"Bgy","len_crs":5954,"area_crs":1355726,"len_km":5,"area_km2":1},"id":702234004},{"arcs":[[19,20,21,22,23,24,25]],"type":"Polygon","properties":{"adm1_psgc":700000000,"adm2_psgc":702200000,"adm3_psgc":702234000,"adm4_psgc":702234005,"adm4_en":"Cantao-an","geo_level":"Bgy","len_crs":12378,"area_crs":8519162,"len_km":12,"area_km2":8},"id":702234005},{"arcs":[[26,27,28,29]],"type":"Polygon","properties":{"adm1_psgc":700000000,"adm2_psgc":702200000,"adm3_psgc":702234000,"adm4_psgc":702234006,"adm4_en":"Central Poblacion","geo_level":"Bgy","len_crs":1523,"area_crs":77558,"len_km":1,"area_km2":0},"id":702234006},{"arcs":[[-25,30,-11,31,32,33]],"type":"Polygon","properties":{"adm1_psgc":700000000,"adm2_psgc":702200000,"adm3_psgc":702234000,"adm4_psgc":702234007,"adm4_en":"Cogon","geo_level":"Bgy","len_crs":13090,"area_crs":8404085,"len_km":13,"area_km2":8},"id":702234007},{"arcs":[[34,35,36,37,38,-22]],"type":"Polygon","properties":{"adm1_psgc":700000000,"adm2_psgc":702200000,"adm3_psgc":702234000,"adm4_psgc":702234008,"adm4_en":"Colon","geo_level":"Bgy","len_crs":7842,"area_crs":2452489,"len_km":7,"area_km2":2},"id":702234008},{"arcs":[[39,-30,40,41]],"type":"Polygon","properties":{"adm1_psgc":700000000,"adm2_psgc":702200000,"adm3_psgc":702234000,"adm4_psgc":702234009,"adm4_en":"East Poblacion","geo_level":"Bgy","len_crs":2045,"area_crs":145586,"len_km":2,"area_km2":0},"id":702234009},{"arcs":[[42,43,-6,-17,44]],"type":"Polygon","properties":{"adm1_psgc":700000000,"adm2_psgc":702200000,"adm3_psgc":702234000,"adm4_psgc":702234010,"adm4_en":"Inoburan","geo_level":"Bgy","len_crs":8495,"area_crs":2200885,"len_km":8,"area_km2":2},"id":702234010},{"arcs":[[45,-20,46]],"type":"Polygon","properties":{"adm1_psgc":700000000,"adm2_psgc":702200000,"adm3_psgc":702234000,"adm4_psgc":702234011,"adm4_en":"Inayagan","geo_level":"Bgy","len_crs":9518,"area_crs":2309399,"len_km":9,"area_km2":2},"id":702234011},{"arcs":[[47,48,-18,-9,49,-3,50,51]],"type":"Polygon","properties":{"adm1_psgc":700000000,"adm2_psgc":702200000,"adm3_psgc":702234000,"adm4_psgc":702234012,"adm4_en":"Jaguimit","geo_level":"Bgy","len_crs":12163,"area_crs":6940383,"len_km":12,"area_km2":6},"id":702234012},{"arcs":[[-16,52,-32]],"type":"Polygon","properties":{"adm1_psgc":700000000,"adm2_psgc":702200000,"adm3_psgc":702234000,"adm4_psgc":702234013,"adm4_en":"Lanas","geo_level":"Bgy","len_crs":6162,"area_crs":2263710,"len_km":6,"area_km2":2},"id":702234013},{"arcs":[[53,-7,-44]],"type":"Polygon","properties":{"adm1_psgc":700000000,"adm2_psgc":702200000,"adm3_psgc":702234000,"adm4_psgc":702234014,"adm4_en":"Langtad","geo_level":"Bgy","len_crs":8478,"area_crs":2215716,"len_km":8,"area_km2":2},"id":702234014},{"arcs":[[-24,54,-52,55,-12,-31]],"type":"Polygon","properties":{"adm1_psgc":700000000,"adm2_psgc":702200000,"adm3_psgc":702234000,"adm4_psgc":702234015,"adm4_en":"Lutac","geo_level":"Bgy","len_crs":8981,"area_crs":5190680,"len_km":8,"area_km2":5},"id":702234015},{"arcs":[[56,57,-19,-49,58]],"type":"Polygon","properties":{"adm1_psgc":700000000,"adm2_psgc":702200000,"adm3_psgc":702234000,"adm4_psgc":702234016,"adm4_en":"Mainit","geo_level":"Bgy","len_crs":7759,"area_crs":2951843,"len_km":7,"area_km2":2},"id":702234016},{"arcs":[[59,60,61]],"type":"Polygon","properties":{"adm1_psgc":700000000,"adm2_psgc":702200000,"adm3_psgc":702234000,"adm4_psgc":702234017,"adm4_en":"Mayana","geo_level":"Bgy","len_crs":6714,"area_crs":2473487,"len_km":6,"area_km2":2},"id":702234017},{"arcs":[[62,63,64,65,-57,66,-39]],"type":"Polygon","properties":{"adm1_psgc":700000000,"adm2_psgc":702200000,"adm3_psgc":702234000,"adm4_psgc":702234018,"adm4_en":"Naalad","geo_level":"Bgy","len_crs":7805,"area_crs":2540969,"len_km":7,"area_km2":2},"id":702234018},{"arcs":[[67,-42,68,69,-37]],"type":"Polygon","properties":{"adm1_psgc":700000000,"adm2_psgc":702200000,"adm3_psgc":702234000,"adm4_psgc":702234019,"adm4_en":"North Poblacion","geo_level":"Bgy","len_crs":1842,"area_crs":155741,"len_km":1,"area_km2":0},"id":702234019},{"arcs":[[-23,-67,-59,-48,-55]],"type":"Polygon","properties":{"adm1_psgc":700000000,"adm2_psgc":702200000,"adm3_psgc":702234000,"adm4_psgc":702234020,"adm4_en":"Pangdan","geo_level":"Bgy","len_crs":8757,"area_crs":4581106,"len_km":8,"area_km2":4},"id":702234020},{"arcs":[[-56,-51,-2,-13]],"type":"Polygon","properties":{"adm1_psgc":700000000,"adm2_psgc":702200000,"adm3_psgc":702234000,"adm4_psgc":702234021,"adm4_en":"Patag","geo_level":"Bgy","len_crs":7760,"area_crs":3505358,"len_km":7,"area_km2":3},"id":702234021},{"arcs":[[70,71,-65,72,-28]],"type":"Polygon","properties":{"adm1_psgc":700000000,"adm2_psgc":702200000,"adm3_psgc":702234000,"adm4_psgc":702234022,"adm4_en":"South Poblacion","geo_level":"Bgy","len_crs":4887,"area_crs":829874,"len_km":4,"area_km2":0},"id":702234022},{"arcs":[[73,-14,-5,74,-60]],"type":"Polygon","properties":{"adm1_psgc":700000000,"adm2_psgc":702200000,"adm3_psgc":702234000,"adm4_psgc":702234023,"adm4_en":"Tagjaguimit","geo_level":"Bgy","len_crs":10486,"area_crs":5870157,"len_km":10,"area_km2":5},"id":702234023},{"arcs":[[-70,75,-63,-38]],"type":"Polygon",