{"type":"Topology","arcs":[[[296,370],[-16,-95]],[[280,275],[-35,-14]],[[245,261],[34,192]],[[279,453],[17,-83]],[[417,134],[-38,-11]],[[379,123],[-34,44]],[[345,167],[9,7]],[[354,174],[29,14]],[[383,188],[34,-54]],[[227,145],[-32,-18]],[[195,127],[-55,-19]],[[140,108],[-30,31]],[[110,139],[98,38]],[[208,177],[19,-32]],[[477,95],[-31,-5]],[[446,90],[-29,44]],[[417,134],[40,13]],[[457,147],[18,23]],[[475,170],[62,93]],[[537,263],[129,161]],[[666,424],[104,39]],[[770,463],[102,-191],[-395,-177]],[[212,268],[-23,-30]],[[189,238],[-33,11]],[[156,249],[15,9]],[[171,258],[31,25]],[[202,283],[10,-15]],[[383,188],[25,10]],[[408,198],[49,-51]],[[260,195],[31,-34]],[[291,161],[-60,-18]],[[231,143],[-4,2]],[[208,177],[13,15]],[[221,192],[29,15]],[[250,207],[10,-12]],[[189,238],[28,-35]],[[217,203],[-106,-45]],[[111,158],[-31,62]],[[80,220],[76,29]],[[332,114],[-14,-33]],[[318,81],[-12,-14]],[[306,67],[-29,23]],[[277,90],[35,45]],[[312,135],[20,-21]],[[417,285],[-74,-69]],[[343,216],[-41,20]],[[302,236],[-22,39]],[[296,370],[121,-85]],[[529,649],[137,-225]],[[537,263],[-84,20]],[[453,283],[-36,2]],[[279,453],[39,237]],[[318,690],[211,-41]],[[343,216],[11,-42]],[[345,167],[-25,-22]],[[320,145],[-6,-7]],[[314,138],[-23,23]],[[260,195],[42,41]],[[529,649],[241,-186]],[[240,257],[10,-50]],[[221,192],[-4,11]],[[212,268],[28,-11]],[[357,105],[-15,-25]],[[342,80],[-24,1]],[[332,114],[2,2]],[[334,116],[23,-11]],[[421,35],[-18,39]],[[403,74],[43,16]],[[477,95],[-56,-60]],[[379,123],[-22,-18]],[[334,116],[-14,29]],[[312,135],[2,3]],[[453,283],[-27,-57]],[[426,226],[-18,-28]],[[245,261],[-5,-4]],[[202,283],[77,170]],[[171,258],[-171,160]],[[0,418],[318,272]],[[80,220],[-80,198]],[[421,35],[-73,-21]],[[348,14],[9,42]],[[357,56],[46,18]],[[231,143],[30,-66]],[[261,77],[-31,-20]],[[230,57],[-35,70]],[[277,90],[-16,-13]],[[230,57],[-56,-36]],[[174,21],[-34,87]],[[342,80],[15,-24]],[[348,14],[-84,-14]],[[264,0],[42,67]],[[475,170],[-49,56]],[[110,139],[1,19]],[[264,0],[-90,21]]],"transform":{"scale":[0.00020735037500005813,0.00022319574637678037],"translate":[120.69143243500004,16.042757922000078]},"objects":{"bgysubmuns-municity-105536000":{"type":"GeometryCollection","geometries":[{"arcs":[[0,1,2,3]],"type":"Polygon","properties":{"adm1_psgc":100000000,"adm2_psgc":105500000,"adm3_psgc":105536000,"adm4_psgc":105536001,"adm4_en":"Bensican","geo_level":"Bgy","len_crs":10453,"area_crs":3048648,"len_km":10,"area_km2":3},"id":105536001},{"arcs":[[4,5,6,7,8]],"type":"Polygon","properties":{"adm1_psgc":100000000,"adm2_psgc":105500000,"adm3_psgc":105536000,"adm4_psgc":105536002,"adm4_en":"Cabitnongan","geo_level":"Bgy","len_crs":4837,"area_crs":1246792,"len_km":4,"area_km2":1},"id":105536002},{"arcs":[[9,10,11,12,13]],"type":"Polygon","properties":{"adm1_psgc":100000000,"adm2_psgc":105500000,"adm3_psgc":105536000,"adm4_psgc":105536003,"adm4_en":"Cabuloan","geo_level":"Bgy","len_crs":6819,"area_crs":2031048,"len_km":6,"area_km2":2},"id":105536003},{"arcs":[[14,15,16,17,18,19,20,21]],"type":"Polygon","properties":{"adm1_psgc":100000000,"adm2_psgc":105500000,"adm3_psgc":105536000,"adm4_psgc":105536005,"adm4_en":"Cacabugaoan","geo_level":"Bgy","len_crs":32384,"area_crs":36135659,"len_km":32,"area_km2":36},"id":105536005},{"arcs":[[22,23,24,25,26]],"type":"Polygon","properties":{"adm1_psgc":100000000,"adm2_psgc":105500000,"adm3_psgc":105536000,"adm4_psgc":105536006,"adm4_en":"Calanutian","geo_level":"Bgy","len_crs":3617,"area_crs":643089,"len_km":3,"area_km2":0},"id":105536006},{"arcs":[[-17,-9,27,28]],"type":"Polygon","properties":{"adm1_psgc":100000000,"adm2_psgc":105500000,"adm3_psgc":105536000,"adm4_psgc":105536007,"adm4_en":"Calaocan","geo_level":"Bgy","len_crs":4823,"area_crs":1249339,"len_km":4,"area_km2":1},"id":105536007},{"arcs":[[29,30,31,-14,32,33,34]],"type":"Polygon","properties":{"adm1_psgc":100000000,"adm2_psgc":105500000,"adm3_psgc":105536000,"adm4_psgc":105536008,"adm4_en":"Camangaan","geo_level":"Bgy","len_crs":5708,"area_crs":1247209,"len_km":5,"area_km2":1},"id":105536008},{"arcs":[[35,36,37,38,-24]],"type":"Polygon","properties":{"adm1_psgc":100000000,"adm2_psgc":105500000,"adm3_psgc":105536000,"adm4_psgc":105536009,"adm4_en":"Camindoroan","geo_level":"Bgy","len_crs":8149,"area_crs":3904942,"len_km":8,"area_km2":3},"id":105536009},{"arcs":[[39,40,41,42,43]],"type":"Polygon","properties":{"adm1_psgc":100000000,"adm2_psgc":105500000,"adm3_psgc":105536000,"adm4_psgc":105536010,"adm4_en":"Casaratan","geo_level":"Bgy","len_crs":4367,"area_crs":1007292,"len_km":4,"area_km2":1},"id":105536010},{"arcs":[[44,45,46,-1,47]],"type":"Polygon","properties":{"adm1_psgc":100000000,"adm2_psgc":105500000,"adm3_psgc":105536000,"adm4_psgc":105536011,"adm4_en":"Dalumpinas","geo_level":"Bgy","len_crs":10440,"area_crs":6628054,"len_km":10,"area_km2":6},"id":105536011},{"arcs":[[48,-20,49,50,-48,-4,51,52]],"type":"Polygon","properties":{"adm1_psgc":100000000,"adm2_psgc":105500000,"adm3_psgc":105536000,"adm4_psgc":105536013,"adm4_en":"Fianza","geo_level":"Bgy","len_crs":33689,"area_crs":59397182,"len_km":33,"area_km2":59},"id":105536013},{"arcs":[[53,-7,54,55,56,-30,57,-46]],"type":"Polygon","properties":{"adm1_psgc":100000000,"adm2_psgc":105500000,"adm3_psgc":105536000,"adm4_psgc":105536015,"adm4_en":"Lungao","geo_level":"Bgy","len_crs":6633,"area_crs":2769116,"len_km":6,"area_km2":2},"id":105536015},{"arcs":[[-21,-49,58]],"type":"Polygon","properties":{"adm1_psgc":100000000,"adm2_psgc":105500000,"adm3_psgc":105536000,"adm4_psgc":105536016,"adm4_en":"Malico","geo_level":"Bgy","len_crs":18253,"area_crs":17708627,"len_km":18,"area_km2":17},"id":105536016},{"arcs":[[59,-34,60,-36,-23,61]],"type":"Polygon","properties":{"adm1_psgc":100000000,"adm2_psgc":105500000,"adm3_psgc":105536000,"adm4_psgc":105536017,"adm4_en":"Malilion","geo_level":"Bgy","len_crs":5719,"area_crs":1852604,"len_km":5,"area_km2":1},"id":105536017},{"arcs":[[62,63,-40,64,65]],"type":"Polygon","properties":{"adm1_psgc":100000000,"adm2_psgc":105500000,"adm3_psgc":105536000,"adm4_psgc":105536018,"adm4_en":"Nagkaysa","geo_level":"Bgy","len_crs":3072,"area_crs":436084,"len_km":3,"area_km2":0},"id":105536018},{"arcs":[[66,67,-15,68]],"type":"Polygon","properties":{"adm1_psgc":100000000,"adm2_psgc":105500000,"adm3_psgc":105536000,"adm4_psgc":105536019,"adm4_en":"Nining","geo_level":"Bgy","len_crs":5418,"area_crs":1411090,"len_km":5,"area_km2":1},"id":105536019},{"arcs":[[69,-66,70,-55,-6]],"type":"Polygon","properties":{"adm1_psgc":100000000,"adm2_psgc":105500000,"adm3_psgc":105536000,"adm4_psgc":105536020,"adm4_en":"Poblacion East","geo_level":"Bgy","len_crs":4399,"area_crs":1026773,"len_km":4,"area_km2":1},"id":105536020},{"arcs":[[-65,-44,71,-56,-71]],"type":"Polygon","properties":{"adm1_psgc":100000000,"adm2_psgc":105500000,"adm3_psgc":105536000,"adm4_psgc":105536021,"adm4_en":"Poblacion West","geo_level":"Bgy","len_crs":2041,"area_crs":155376,"len_km":2,"area_km2":0},"id":105536021},{"arcs":[[72,73,-28,-8,-54,-45,-51]],"type":"Polygon","properties":{"adm1_psgc":100000000,"adm2_psgc":105500000,"adm3_psgc":105536000,"adm4_psgc":105536022,"adm4_en":"Salingcob","geo_level":"Bgy","len_crs":8075,"area_crs":2861197,"len_km":8,"area_km2":2},"id":105536022},{"arcs":[[74,-62,-27,75,-3]],"type":"Polygon","properties":{"adm1_psgc":100000000,"adm2_psgc":105500000,"adm3_psgc":105536000,"adm4_psgc":105536023,"adm4_en":"Salpad","geo_level":"Bgy","len_crs":12831,"area_crs":6038516,"len_km":12,"area_km2":6},"id":105536023},{"arcs":[[-76,-26,76,77,-52]],"type":"Polygon","properties":{"adm1_psgc":100000000,"adm2_psgc":105500000,"adm3_psgc":105536000,"adm4_psgc":105536024,"adm4_en":"San Felipe East","geo_level":"Bgy","len_crs":30136,"area_crs":43723078,"len_km":30,"area_km2":43},"id":105536024},{"arcs":[[-25,-39,78,-77]],"type":"Polygon","properties":{"adm1_psgc":100000000,"adm2_psgc":105500000,"adm3_psgc":105536000,"adm4_psgc":105536025,"adm4_en":"San Felipe West","geo_level":"Bgy","len_crs":14473,"area_crs":5346139,"len_km":14,"area_km2":5},