{"type":"Topology","arcs":[[[492,797],[-64,-6]],[[428,791],[15,104]],[[443,895],[44,0]],[[487,895],[5,-98]],[[436,923],[7,-28]],[[428,791],[-66,-12]],[[362,779],[30,131]],[[392,910],[44,13]],[[526,712],[-26,-67]],[[500,645],[-412,22]],[[88,667],[28,92]],[[116,759],[246,20]],[[492,797],[34,-85]],[[270,424],[5,-123]],[[275,301],[1,-29]],[[276,272],[-4,-18]],[[272,254],[-9,-11]],[[263,243],[-42,-4]],[[221,239],[-12,-5]],[[209,234],[-209,200]],[[0,434],[270,-10]],[[327,103],[11,-5]],[[338,98],[-7,-15]],[[331,83],[-43,-65]],[[288,18],[-34,72]],[[254,90],[50,53]],[[304,143],[23,-40]],[[436,923],[51,-28]],[[116,759],[276,151]],[[426,52],[-78,-52]],[[348,0],[11,46]],[[359,46],[37,43]],[[396,89],[30,-37]],[[425,386],[0,-18]],[[425,368],[-49,7]],[[376,375],[11,44]],[[387,419],[33,29]],[[420,448],[5,-62]],[[425,368],[-6,-27]],[[419,341],[-3,-45]],[[416,296],[-28,1]],[[388,297],[-4,10]],[[384,307],[-8,68]],[[560,696],[-8,-67]],[[552,629],[-16,-79]],[[536,550],[-38,15]],[[498,565],[2,80]],[[526,712],[34,-16]],[[403,236],[0,-19]],[[403,217],[-40,-88]],[[363,129],[-25,-31]],[[327,103],[12,56]],[[339,159],[35,79]],[[374,238],[29,-2]],[[209,234],[-180,4],[-29,196]],[[304,143],[-41,100]],[[272,254],[67,-95]],[[485,311],[-7,-27]],[[478,284],[-62,12]],[[419,341],[66,-30]],[[254,90],[-33,149]],[[461,196],[-35,-144]],[[396,89],[-33,40]],[[403,217],[58,-21]],[[560,696],[-8,-67]],[[536,550],[-24,-111]],[[512,439],[-50,16]],[[462,455],[18,102]],[[480,557],[18,8]],[[462,455],[-7,2]],[[455,457],[-10,94]],[[445,551],[35,6]],[[384,307],[-14,-3]],[[370,304],[-95,-3]],[[270,424],[117,-5]],[[388,297],[15,-61]],[[374,238],[-4,66]],[[478,284],[-17,-88]],[[512,439],[-14,-66]],[[498,373],[-73,13]],[[420,448],[35,9]],[[374,238],[-98,34]],[[0,434],[57,119]],[[57,553],[388,-2]],[[498,373],[-13,-62]],[[359,46],[-28,37]],[[57,553],[31,114]],[[348,0],[-60,18]]],"transform":{"scale":[0.00035624569821422877,0.0002396510195016012],"translate":[121.42593447400009,17.79405718400005]},"objects":{"bgysubmuns-municity-201526000":{"type":"GeometryCollection","geometries":[{"arcs":[[0,1,2,3]],"type":"Polygon","properties":{"adm1_psgc":200000000,"adm2_psgc":201500000,"adm3_psgc":201526000,"adm4_psgc":201526001,"adm4_en":"Abariongan Ruar","geo_level":"Bgy","len_crs":10286,"area_crs":5721241,"len_km":10,"area_km2":5},"id":201526001},{"arcs":[[4,-2,5,6,7]],"type":"Polygon","properties":{"adm1_psgc":200000000,"adm2_psgc":201500000,"adm3_psgc":201526000,"adm4_psgc":201526002,"adm4_en":"Abariongan Uneg","geo_level":"Bgy","len_crs":17599,"area_crs":7011567,"len_km":17,"area_km2":7},"id":201526002},{"arcs":[[8,9,10,11,-6,-1,12]],"type":"Polygon","properties":{"adm1_psgc":200000000,"adm2_psgc":201500000,"adm3_psgc":201526000,"adm4_psgc":201526003,"adm4_en":"Balagan","geo_level":"Bgy","len_crs":37147,"area_crs":48540001,"len_km":37,"area_km2":48},"id":201526003},{"arcs":[[13,14,15,16,17,18,19,20]],"type":"Polygon","properties":{"adm1_psgc":200000000,"adm2_psgc":201500000,"adm3_psgc":201526000,"adm4_psgc":201526004,"adm4_en":"Balanni","geo_level":"Bgy","len_crs":26960,"area_crs":32355593,"len_km":26,"area_km2":32},"id":201526004},{"arcs":[[21,22,23,24,25,26]],"type":"Polygon","properties":{"adm1_psgc":200000000,"adm2_psgc":201500000,"adm3_psgc":201526000,"adm4_psgc":201526006,"adm4_en":"Cabayo","geo_level":"Bgy","len_crs":10166,"area_crs":4555154,"len_km":10,"area_km2":4},"id":201526006},{"arcs":[[-3,-5,27]],"type":"Polygon","properties":{"adm1_psgc":200000000,"adm2_psgc":201500000,"adm3_psgc":201526000,"adm4_psgc":201526007,"adm4_en":"Calapangan","geo_level":"Bgy","len_crs":7124,"area_crs":2184313,"len_km":7,"area_km2":2},"id":201526007},{"arcs":[[-7,-12,28]],"type":"Polygon","properties":{"adm1_psgc":200000000,"adm2_psgc":201500000,"adm3_psgc":201526000,"adm4_psgc":201526008,"adm4_en":"Calassitan","geo_level":"Bgy","len_crs":29899,"area_crs":33346141,"len_km":29,"area_km2":33},"id":201526008},{"arcs":[[29,30,31,32]],"type":"Polygon","properties":{"adm1_psgc":200000000,"adm2_psgc":201500000,"adm3_psgc":201526000,"adm4_psgc":201526009,"adm4_en":"Campo","geo_level":"Bgy","len_crs":9523,"area_crs":6088786,"len_km":9,"area_km2":6},"id":201526009},{"arcs":[[33,34,35,36,37]],"type":"Polygon","properties":{"adm1_psgc":200000000,"adm2_psgc":201500000,"adm3_psgc":201526000,"adm4_psgc":201526010,"adm4_en":"Centro Norte","geo_level":"Bgy","len_crs":6806,"area_crs":2496164,"len_km":6,"area_km2":2},"id":201526010},{"arcs":[[38,39,40,41,42,-35]],"type":"Polygon","properties":{"adm1_psgc":200000000,"adm2_psgc":201500000,"adm3_psgc":201526000,"adm4_psgc":201526011,"adm4_en":"Centro Sur","geo_level":"Bgy","len_crs":7105,"area_crs":3121634,"len_km":7,"area_km2":3},"id":201526011},{"arcs":[[43,44,45,46,-9,47]],"type":"Polygon","properties":{"adm1_psgc":200000000,"adm2_psgc":201500000,"adm3_psgc":201526000,"adm4_psgc":201526012,"adm4_en":"Dungao","geo_level":"Bgy","len_crs":11065,"area_crs":7006291,"len_km":11,"area_km2":7},"id":201526012},{"arcs":[[48,49,50,-22,51,52,53]],"type":"Polygon","properties":{"adm1_psgc":200000000,"adm2_psgc":201500000,"adm3_psgc":201526000,"adm4_psgc":201526014,"adm4_en":"Lattac","geo_level":"Bgy","len_crs":10617,"area_crs":4113886,"len_km":10,"area_km2":4},"id":201526014},{"arcs":[[54,-20]],"type":"Polygon","properties":{"adm1_psgc":200000000,"adm2_psgc":201500000,"adm3_psgc":201526000,"adm4_psgc":201526015,"adm4_en":"Lipatan","geo_level":"Bgy","len_crs":23753,"area_crs":25823242,"len_km":23,"area_km2":25},"id":201526015},{"arcs":[[-52,-27,55,-17,56]],"type":"Polygon","properties":{"adm1_psgc":200000000,"adm2_psgc":201500000,"adm3_psgc":201526000,"adm4_psgc":201526016,"adm4_en":"Lubo","geo_level":"Bgy","len_crs":10547,"area_crs":4557889,"len_km":10,"area_km2":4},"id":201526016},{"arcs":[[57,58,-40,59]],"type":"Polygon","properties":{"adm1_psgc":200000000,"adm2_psgc":201500000,"adm3_psgc":201526000,"adm4_psgc":201526017,"adm4_en":"Mabitbitnong","geo_level":"Bgy","len_crs":6964,"area_crs":2478599,"len_km":6,"area_km2":2},"id":201526017},{"arcs":[[-56,-26,60,-18]],"type":"Polygon","properties":{"adm1_psgc":200000000,"adm2_psgc":201500000,"adm3_psgc":201526000,"adm4_psgc":201526018,"adm4_en":"Mapitac","geo_level":"Bgy","len_crs":12241,"area_crs":6401306,"len_km":12,"area_km2":6},"id":201526018},{"arcs":[[61,-33,62,-50,63]],"type":"Polygon","properties":{"adm1_psgc":200000000,"adm2_psgc":201500000,"adm3_psgc":201526000,"adm4_psgc":201526019,"adm4_en":"Masical","geo_level":"Bgy","len_crs":12198,"area_crs":8647061,"len_km":12,"area_km2":8},"id":201526019},{"arcs":[[-44,64]],"type":"Polygon","properties":{"adm1_psgc":200000000,"adm2_psgc":201500000,"adm3_psgc":201526000,"adm4_psgc":201526020,"adm4_en":"Matalao","geo_level":"Bgy","len_crs":10256,"area_crs":6043394,"len_km":10,"area_km2":6},"id":201526020},{"arcs":[[65,66,67,68,-46]],"type":"Polygon","properties":{"adm1_psgc":200000000,"adm2_psgc":201500000,"adm3_psgc":201526000,"adm4_psgc":201526021,"adm4_en":"Nag-uma","geo_level":"Bgy","len_crs":10053,"area_crs":5842726,"len_km":10,"area_km2":5},"id":201526021},{"arcs":[[-68,69,70,71]],"type":"Polygon","properties":{"adm1_psgc":200000000,"adm2_psgc":201500000,"adm3_psgc":201526000,"adm4_psgc":201526022,"adm4_en":"Namuccayan","geo_level":"Bgy","len_crs":7728,"area_crs":3558340,"len_km":7,"area_km2":3},"id":201526022},{"arcs":[[-36,-43,72,73,-14,74]],"type":"Polygon","properties":{"adm1_psgc":200000000,"adm2_psgc":201500000,"adm3_psgc":201526000,"adm4_psgc":201526023,"adm4_en":"Niug Norte","geo_level":"Bgy","len_crs":14925,"area_crs":12521121,"len_km":14,"area_km2":12},"id":201526023},{"arcs":[[75,-54,76,-73,-42]],"type":"Polygon","properties":{"adm1_psgc":200000000,"adm2_psgc":201500000,"adm3_psgc":201526000,"adm4_psgc":201526024,"adm4_en":"Niug Sur","geo_level":"Bgy","len_crs":5495,"area_crs":1453996,"len_km":5,"area_km2":1},"id":201526024},{"arcs":[[-59,77,-64,-49,-76,-41]],"type":"Polygon","properties":{"adm1_psgc":200000000,"adm2_psgc":201500000,"adm3_psgc":201526000,"adm4_psgc":201526025,