{"type":"Topology","arcs":[[[827,614],[-22,-80]],[[805,534],[-94,-13]],[[711,521],[59,129]],[[770,650],[57,-36]],[[504,664],[-26,-40]],[[478,624],[-144,23]],[[334,647],[-24,26]],[[310,673],[170,67]],[[480,740],[24,-76]],[[388,190],[-17,70]],[[371,260],[102,75]],[[473,335],[-1,-113],[-84,-32]],[[290,327],[35,-114]],[[325,213],[-72,7]],[[253,220],[-2,37]],[[251,257],[-30,67]],[[221,324],[40,59]],[[261,383],[29,-56]],[[381,497],[-106,-92]],[[275,405],[-42,53]],[[233,458],[85,86]],[[318,544],[63,-47]],[[275,405],[-14,-22]],[[221,324],[-128,66]],[[93,390],[103,123]],[[196,513],[37,-55]],[[357,257],[-21,-11]],[[336,246],[-11,-33]],[[290,327],[90,30]],[[380,357],[-23,-100]],[[388,190],[-44,-22]],[[344,168],[-8,78]],[[357,257],[14,3]],[[660,637],[-14,-19]],[[646,618],[-16,13]],[[630,631],[14,14]],[[644,645],[16,-8]],[[453,415],[-73,-58]],[[380,357],[51,85]],[[431,442],[22,-27]],[[251,257],[-60,-10]],[[191,247],[-58,12]],[[133,259],[-104,22]],[[29,281],[64,109]],[[344,168],[-77,-76]],[[267,92],[-46,98]],[[221,190],[32,30]],[[267,92],[-72,-48]],[[195,44],[-37,18]],[[158,62],[-13,73]],[[145,135],[76,55]],[[191,247],[30,-57]],[[145,135],[-27,24]],[[118,159],[-28,20]],[[90,179],[43,80]],[[867,638],[-40,-24]],[[770,650],[-68,-22]],[[702,628],[19,90]],[[721,718],[146,-80]],[[334,647],[12,-36]],[[346,611],[-47,-39]],[[299,572],[-68,22]],[[231,594],[79,79]],[[867,638],[-62,-104]],[[118,159],[-78,-73]],[[40,86],[-40,154]],[[0,240],[90,-61]],[[195,44],[-55,-44]],[[140,0],[18,62]],[[140,0],[-100,86]],[[299,572],[19,-28]],[[196,513],[35,81]],[[453,415],[20,-80]],[[0,240],[29,41]],[[430,472],[1,-30]],[[381,497],[49,-25]],[[711,521],[-28,76]],[[683,597],[16,22]],[[699,619],[3,9]],[[668,633],[-9,-19]],[[659,614],[-13,4]],[[660,637],[8,-4]],[[449,567],[-19,-95]],[[346,611],[103,-44]],[[699,619],[-31,14]],[[644,645],[-4,33]],[[640,678],[-160,62]],[[480,740],[241,-22]],[[640,678],[-19,-40]],[[621,638],[-117,26]],[[683,597],[-24,17]],[[478,624],[-29,-57]],[[630,631],[-9,7]]],"transform":{"scale":[0.00018179197001158415,0.00014228124054050309],"translate":[123.24974230200007,13.263311095000063]},"objects":{"bgysubmuns-municity-501703000":{"type":"GeometryCollection","geometries":[{"arcs":[[0,1,2,3]],"type":"Polygon","properties":{"adm1_psgc":500000000,"adm2_psgc":501700000,"adm3_psgc":501703000,"adm4_psgc":501703001,"adm4_en":"Agos","geo_level":"Bgy","len_crs":7336,"area_crs":2248726,"len_km":7,"area_km2":2},"id":501703001},{"arcs":[[4,5,6,7,8]],"type":"Polygon","properties":{"adm1_psgc":500000000,"adm2_psgc":501700000,"adm3_psgc":501703000,"adm4_psgc":501703002,"adm4_en":"Bacolod","geo_level":"Bgy","len_crs":9590,"area_crs":3198955,"len_km":9,"area_km2":3},"id":501703002},{"arcs":[[9,10,11]],"type":"Polygon","properties":{"adm1_psgc":500000000,"adm2_psgc":501700000,"adm3_psgc":501703000,"adm4_psgc":501703003,"adm4_en":"Buluang","geo_level":"Bgy","len_crs":11835,"area_crs":5309869,"len_km":11,"area_km2":5},"id":501703003},{"arcs":[[12,13,14,15,16,17]],"type":"Polygon","properties":{"adm1_psgc":500000000,"adm2_psgc":501700000,"adm3_psgc":501703000,"adm4_psgc":501703004,"adm4_en":"Caricot","geo_level":"Bgy","len_crs":7434,"area_crs":2973830,"len_km":7,"area_km2":2},"id":501703004},{"arcs":[[18,19,20,21]],"type":"Polygon","properties":{"adm1_psgc":500000000,"adm2_psgc":501700000,"adm3_psgc":501703000,"adm4_psgc":501703005,"adm4_en":"Cawacagan","geo_level":"Bgy","len_crs":7376,"area_crs":2427955,"len_km":7,"area_km2":2},"id":501703005},{"arcs":[[-20,22,-17,23,24,25]],"type":"Polygon","properties":{"adm1_psgc":500000000,"adm2_psgc":501700000,"adm3_psgc":501703000,"adm4_psgc":501703006,"adm4_en":"Cotmon","geo_level":"Bgy","len_crs":9598,"area_crs":5842029,"len_km":9,"area_km2":5},"id":501703006},{"arcs":[[26,27,-13,28,29]],"type":"Polygon","properties":{"adm1_psgc":500000000,"adm2_psgc":501700000,"adm3_psgc":501703000,"adm4_psgc":501703007,"adm4_en":"Cristo Rey","geo_level":"Bgy","len_crs":6402,"area_crs":1854858,"len_km":6,"area_km2":1},"id":501703007},{"arcs":[[30,31,-27,32,-10]],"type":"Polygon","properties":{"adm1_psgc":500000000,"adm2_psgc":501700000,"adm3_psgc":501703000,"adm4_psgc":501703008,"adm4_en":"Del Rosario","geo_level":"Bgy","len_crs":4023,"area_crs":979301,"len_km":4,"area_km2":0},"id":501703008},{"arcs":[[33,34,35,36]],"type":"Polygon","properties":{"adm1_psgc":500000000,"adm2_psgc":501700000,"adm3_psgc":501703000,"adm4_psgc":501703009,"adm4_en":"Divina Pastora","geo_level":"Bgy","len_crs":1480,"area_crs":116374,"len_km":1,"area_km2":0},"id":501703009},{"arcs":[[37,38,39]],"type":"Polygon","properties":{"adm1_psgc":500000000,"adm2_psgc":501700000,"adm3_psgc":501703000,"adm4_psgc":501703010,"adm4_en":"Goyudan","geo_level":"Bgy","len_crs":4520,"area_crs":1181768,"len_km":4,"area_km2":1},"id":501703010},{"arcs":[[-24,-16,40,41,42,43]],"type":"Polygon","properties":{"adm1_psgc":500000000,"adm2_psgc":501700000,"adm3_psgc":501703000,"adm4_psgc":501703011,"adm4_en":"Lobong","geo_level":"Bgy","len_crs":12487,"area_crs":6051969,"len_km":12,"area_km2":6},"id":501703011},{"arcs":[[44,45,46,-14,-28,-32]],"type":"Polygon","properties":{"adm1_psgc":500000000,"adm2_psgc":501700000,"adm3_psgc":501703000,"adm4_psgc":501703012,"adm4_en":"Lubigan","geo_level":"Bgy","len_crs":7931,"area_crs":3017357,"len_km":7,"area_km2":3},"id":501703012},{"arcs":[[47,48,49,50,-46]],"type":"Polygon","properties":{"adm1_psgc":500000000,"adm2_psgc":501700000,"adm3_psgc":501703000,"adm4_psgc":501703013,"adm4_en":"Mainit","geo_level":"Bgy","len_crs":7337,"area_crs":3093859,"len_km":7,"area_km2":3},"id":501703013},{"arcs":[[51,-51,52,53,54,-42]],"type":"Polygon","properties":{"adm1_psgc":500000000,"adm2_psgc":501700000,"adm3_psgc":501703000,"adm4_psgc":501703014,"adm4_en":"Manga","geo_level":"Bgy","len_crs":7192,"area_crs":2849667,"len_km":7,"area_km2":2},"id":501703014},{"arcs":[[55,-4,56,57,58]],"type":"Polygon","properties":{"adm1_psgc":500000000,"adm2_psgc":501700000,"adm3_psgc":501703000,"adm4_psgc":501703015,"adm4_en":"Masoli","geo_level":"Bgy","len_crs":8628,"area_crs":3554368,"len_km":8,"area_km2":3},"id":501703015},{"arcs":[[-7,59,60,61,62]],"type":"Polygon","properties":{"adm1_psgc":500000000,"adm2_psgc":501700000,"adm3_psgc":501703000,"adm4_psgc":501703016,"adm4_en":"Neighborhood","geo_level":"Bgy","len_crs":6297,"area_crs":2477193,"len_km":6,"area_km2":2},"id":501703016},{"arcs":[[-1,-56,63]],"type":"Polygon","properties":{"adm1_psgc":500000000,"adm2_psgc":501700000,"adm3_psgc":501703000,"adm4_psgc":501703017,"adm4_en":"Niño Jesus","geo_level":"Bgy","len_crs":8366,"area_crs":1607502,"len_km":8,"area_km2":1},"id":501703017},{"arcs":[[-54,64,65,66]],"type":"Polygon","properties":{"adm1_psgc":500000000,"adm2_psgc":501700000,"adm3_psgc":501703000,"adm4_psgc":501703018,"adm4_en":"Pagatpatan","geo_level":"Bgy","len_crs":8666,"area_crs":3377150,"len_km":8,"area_km2":3},"id":501703018},{"arcs":[[67,68,-49]],"type":"Polygon","properties":{"adm1_psgc":500000000,"adm2_psgc":501700000,"adm3_psgc":501703000,"adm4_psgc":501703019,"adm4_en":"Palo","geo_level":"Bgy","len_crs":4464,"area_crs":757539,"len_km":4,"area_km2":0},"id":501703019},{"arcs":[[-50,-69,69,-65,-53]],"type":"Polygon","properties":{"adm1_psgc":500000000,"adm2_psgc":501700000,"adm3_psgc":501703000,"adm4_psgc":501703020,"adm4_en":"Payak","geo_level":"Bgy","len_crs":7696,"area_crs":3637277,"len_km":7,"area_km2":3},"id":501703020},{"arcs":[[70,-21,-26,71,-62]],"type":"Polygon","properties":{"adm1_psgc":500000000,"adm2_psgc":501700000,"adm3_psgc":501703000,"adm4_psgc":501703023,"adm4_en":"Sagrada","geo_level":"Bgy","len_crs":6849,"area_crs":2832315,"len_km":6,"area_km2":2},"id":501703023},{"arcs":[[-11,-33,-30,-38,72]],"type":"Polygon","properties":{"adm1_psgc":500000000,"adm2_psgc":501700000,"adm3_psgc":501703000,"adm4_psgc":501703024,"adm4_en":"Salvacion","geo_level":"Bgy","len_crs":7567,"area_crs":2880570,"len_km":7,"area_km2":2},"id":501703024},{"arcs":[[-43,-55,-67,73]],"type":"Polygon","properties":{"adm1_psgc":500000000,