{"type":"Topology","arcs":[[[150,415],[50,-56]],[[200,359],[-26,-88]],[[174,271],[-155,74]],[[19,345],[60,128]],[[79,473],[71,-58]],[[181,248],[85,-46]],[[266,202],[-3,-20]],[[263,182],[-106,1]],[[157,183],[-70,42]],[[87,225],[94,23]],[[805,280],[95,-121]],[[900,159],[-53,-13]],[[847,146],[-77,57]],[[770,203],[21,88]],[[791,291],[14,-11]],[[434,261],[-10,-64]],[[424,197],[-8,-50]],[[416,147],[-31,7]],[[385,154],[-13,3]],[[372,157],[3,120]],[[375,277],[59,-16]],[[298,326],[-32,-124]],[[181,248],[-7,23]],[[200,359],[98,-33]],[[647,314],[37,-32]],[[684,282],[18,-17]],[[702,265],[-41,-39]],[[661,226],[-75,22]],[[586,248],[24,83]],[[610,331],[37,-17]],[[263,514],[-42,-50]],[[221,464],[-28,7]],[[193,471],[-17,42]],[[176,513],[39,80]],[[215,593],[48,-79]],[[851,338],[-46,-58]],[[791,291],[-43,42]],[[748,333],[-80,68]],[[668,401],[183,-63]],[[851,338],[93,-75],[-44,-104]],[[729,119],[-130,-29]],[[599,90],[-7,54]],[[592,144],[65,35]],[[657,179],[72,-60]],[[242,39],[-10,-39]],[[232,0],[-115,82]],[[117,82],[137,25]],[[254,107],[-12,-68]],[[385,154],[-143,-115]],[[254,107],[11,75]],[[265,182],[107,-25]],[[529,312],[-25,-64]],[[504,248],[-70,13]],[[434,261],[12,75]],[[446,336],[32,2]],[[478,338],[51,-26]],[[221,464],[87,-40]],[[308,424],[-10,-98]],[[150,415],[43,56]],[[504,248],[-16,-38]],[[488,210],[-15,-39]],[[473,171],[-49,26]],[[448,525],[45,-90]],[[493,435],[-15,-97]],[[446,336],[-98,-10]],[[348,326],[-10,5]],[[338,331],[26,59]],[[364,390],[18,89]],[[382,479],[66,46]],[[559,351],[51,-20]],[[586,248],[-2,0]],[[584,248],[-55,64]],[[529,312],[30,39]],[[157,183],[-40,-101]],[[117,82],[-62,83]],[[55,165],[32,60]],[[79,473],[-4,29]],[[75,502],[43,78]],[[118,580],[58,-67]],[[661,226],[-4,-47]],[[592,144],[-47,32]],[[545,176],[39,72]],[[571,460],[-13,-57]],[[558,403],[-65,32]],[[448,525],[123,-65]],[[558,403],[1,-52]],[[770,203],[-68,62]],[[684,282],[64,51]],[[647,314],[16,87]],[[663,401],[5,0]],[[375,277],[-27,49]],[[599,90],[-98,-3]],[[501,87],[26,89]],[[527,176],[18,0]],[[55,165],[-55,193]],[[0,358],[19,-13]],[[265,182],[-2,0]],[[298,326],[40,5]],[[0,358],[75,144]],[[847,146],[-118,-27]],[[501,87],[-64,-16]],[[437,71],[21,58]],[[458,129],[15,42]],[[488,210],[39,-34]],[[324,501],[-16,-76]],[[308,425],[0,-1]],[[263,514],[61,-13]],[[118,580],[97,13]],[[364,390],[-56,35]],[[324,501],[58,-22]],[[571,460],[92,-59]],[[416,147],[42,-18]],[[437,71],[-205,-71]]],"transform":{"scale":[0.00030103286122880915,0.00021441706914002945],"translate":[124.94085091900003,6.978376225000032]},"objects":{"bgysubmuns-municity-1204704000":{"type":"GeometryCollection","geometries":[{"arcs":[[0,1,2,3,4]],"type":"Polygon","properties":{"adm1_psgc":1200000000,"adm2_psgc":1204700000,"adm3_psgc":1204704000,"adm4_psgc":1204704001,"adm4_en":"Amas","geo_level":"Bgy","len_crs":17729,"area_crs":14693090,"len_km":17,"area_km2":14},"id":1204704001},{"arcs":[[5,6,7,8,9]],"type":"Polygon","properties":{"adm1_psgc":1200000000,"adm2_psgc":1204700000,"adm3_psgc":1204704000,"adm4_psgc":1204704002,"adm4_en":"Amazion","geo_level":"Bgy","len_crs":13391,"area_crs":5850826,"len_km":13,"area_km2":5},"id":1204704002},{"arcs":[[10,11,12,13,14]],"type":"Polygon","properties":{"adm1_psgc":1200000000,"adm2_psgc":1204700000,"adm3_psgc":1204704000,"adm4_psgc":1204704003,"adm4_en":"Balabag","geo_level":"Bgy","len_crs":11798,"area_crs":6683818,"len_km":11,"area_km2":6},"id":1204704003},{"arcs":[[15,16,17,18,19,20]],"type":"Polygon","properties":{"adm1_psgc":1200000000,"adm2_psgc":1204700000,"adm3_psgc":1204704000,"adm4_psgc":1204704004,"adm4_en":"Balindog","geo_level":"Bgy","len_crs":9304,"area_crs":5394623,"len_km":9,"area_km2":5},"id":1204704004},{"arcs":[[21,-6,22,-2,23]],"type":"Polygon","properties":{"adm1_psgc":1200000000,"adm2_psgc":1204700000,"adm3_psgc":1204704000,"adm4_psgc":1204704005,"adm4_en":"Benoligan","geo_level":"Bgy","len_crs":12606,"area_crs":9629739,"len_km":12,"area_km2":9},"id":1204704005},{"arcs":[[24,25,26,27,28,29]],"type":"Polygon","properties":{"adm1_psgc":1200000000,"adm2_psgc":1204700000,"adm3_psgc":1204704000,"adm4_psgc":1204704006,"adm4_en":"Berada","geo_level":"Bgy","len_crs":10522,"area_crs":5908593,"len_km":10,"area_km2":5},"id":1204704006},{"arcs":[[30,31,32,33,34]],"type":"Polygon","properties":{"adm1_psgc":1200000000,"adm2_psgc":1204700000,"adm3_psgc":1204704000,"adm4_psgc":1204704007,"adm4_en":"Gayola","geo_level":"Bgy","len_crs":10341,"area_crs":4831201,"len_km":10,"area_km2":4},"id":1204704007},{"arcs":[[35,-15,36,37,38]],"type":"Polygon","properties":{"adm1_psgc":1200000000,"adm2_psgc":1204700000,"adm3_psgc":1204704000,"adm4_psgc":1204704008,"adm4_en":"Ginatilan","geo_level":"Bgy","len_crs":15096,"area_crs":4462804,"len_km":15,"area_km2":4},"id":1204704008},{"arcs":[[-11,-36,39]],"type":"Polygon","properties":{"adm1_psgc":1200000000,"adm2_psgc":1204700000,"adm3_psgc":1204704000,"adm4_psgc":1204704009,"adm4_en":"Ilomavis","geo_level":"Bgy","len_crs":13446,"area_crs":10199810,"len_km":13,"area_km2":10},"id":1204704009},{"arcs":[[40,41,42,43]],"type":"Polygon","properties":{"adm1_psgc":1200000000,"adm2_psgc":1204700000,"adm3_psgc":1204704000,"adm4_psgc":1204704010,"adm4_en":"Indangan","geo_level":"Bgy","len_crs":12439,"area_crs":6408679,"len_km":12,"area_km2":6},"id":1204704010},{"arcs":[[44,45,46,47]],"type":"Polygon","properties":{"adm1_psgc":1200000000,"adm2_psgc":1204700000,"adm3_psgc":1204704000,"adm4_psgc":1204704011,"adm4_en":"Junction","geo_level":"Bgy","len_crs":13222,"area_crs":9229043,"len_km":13,"area_km2":9},"id":1204704011},{"arcs":[[-19,48,-48,49,50]],"type":"Polygon","properties":{"adm1_psgc":1200000000,"adm2_psgc":1204700000,"adm3_psgc":1204704000,"adm4_psgc":1204704012,"adm4_en":"Kalaisan","geo_level":"Bgy","len_crs":13791,"area_crs":8714130,"len_km":13,"area_km2":8},"id":1204704012},{"arcs":[[51,52,53,54,55]],"type":"Polygon","properties":{"adm1_psgc":1200000000,"adm2_psgc":1204700000,"adm3_psgc":1204704000,"adm4_psgc":1204704013,"adm4_en":"Kalasuyan","geo_level":"Bgy","len_crs":9040,"area_crs":4640308,"len_km":9,"area_km2":4},"id":1204704013},{"arcs":[[56,57,-24,-1,58,-32]],"type":"Polygon","properties":{"adm1_psgc":1200000000,"adm2_psgc":1204700000,"adm3_psgc":1204704000,"adm4_psgc":1204704014,"adm4_en":"Katipunan","geo_level":"Bgy","len_crs":15153,"area_crs":11252841,"len_km":15,"area_km2":11},"id":1204704014},{"arcs":[[59,60,61,-16,-53]],"type":"Polygon","properties":{"adm1_psgc":1200000000,"adm2_psgc":1204700000,"adm3_psgc":1204704000,"adm4_psgc":1204704015,"adm4_en":"Lanao","geo_level":"Bgy","len_crs":7811,"area_crs":3525506,"len_km":7,"area_km2":3},"id":1204704015},{"arcs":[[62,63,-55,64,65,66,67,68]],"type":"Polygon","properties":{"adm1_psgc":1200000000,"adm2_psgc":1204700000,"adm3_psgc":1204704000,"adm4_psgc":1204704016,"adm4_en":"Linangcob","geo_level":"Bgy","len_crs":19418,"area_crs":14192656,"len_km":19,"area_km2":14},"id":1204704016},{"arcs":[[69,-29,70,71,72]],"type":"Polygon","properties":{"adm1_psgc":1200000000,"adm2_psgc":1204700000,"adm3_psgc":1204704000,"adm4_psgc":1204704017,"adm4_en":"Luvimin","geo_level":"Bgy","len_crs":8530,"area_crs":4109459,"len_km":8,"area_km2":4},"id":1204704017},{"arcs":[[73,74,75,-9]],"type":"Polygon","properties":{"adm1_psgc":1200000000,"adm2_psgc":1204700000,"adm3_psgc":1204704000,"adm4_psgc":1204704018,"adm4_en":"Macabolig","geo_level":"Bgy","len_crs":10570,"area_crs":7179585,"len_km":10,"area_km2":7},"id":1204704018},{"arcs":[[-33,-59,-5,76,77,78]],"type":"Polygon","properties":{"adm1_psgc":1200000000,"adm2_psgc":1204700000,"adm3_psgc":1204704000,"adm4_psgc":1204704020,"adm4_en":"Malinan","geo_level":"Bgy","len_crs":12152,"area_crs":8637781,"len_km":12,"area_km2":8},"id":1204704020},{"arcs":[[-28,79,-43,80,81,-71]],"type":"Polygon","properties":{"adm1_psgc":1200000000,"adm2_psgc":1204700000,"adm3_psgc":1204704000,"adm4_psgc":1204704021,"adm4_en":"Manongol","geo_level":"Bgy","len_crs":10756,"area_crs":6707435,"len_km":10,"area_km2":6},"id":1204704021},{"arcs":[[82,83,-63,84]],"type":"Polygon",