{"type":"Topology","arcs":[[[1035,714],[-8,-148],[13,-93],[61,-32]],[[1101,441],[10,-47],[-124,-7]],[[987,387],[-72,-5],[-94,28],[-33,31],[-36,-31]],[[752,410],[-15,19]],[[737,429],[-14,118],[21,11],[20,61],[35,43],[-31,91]],[[768,753],[185,62]],[[953,815],[82,-101]],[[1364,304],[23,-27]],[[1387,277],[8,-43]],[[1395,234],[-53,-47]],[[1342,187],[-39,4],[-42,64]],[[1261,255],[24,48],[60,45]],[[1345,348],[19,-44]],[[1263,539],[45,-12]],[[1308,527],[-43,-67]],[[1265,460],[-130,-27]],[[1135,433],[-34,8]],[[1035,714],[43,-6],[23,-26],[54,-2],[8,-61],[44,-65],[56,-15]],[[752,410],[-21,-30],[-85,-55],[-2,-54],[44,-100]],[[688,171],[-70,-27],[-220,147],[-67,165],[-67,54]],[[264,510],[193,79],[63,-76],[12,-63],[33,8],[24,-34],[72,33],[8,-24],[53,-19],[15,15]],[[1507,447],[-1,-18]],[[1506,429],[-26,5],[-83,-129],[-33,-1]],[[1345,348],[11,59]],[[1356,407],[46,33],[67,24],[38,-17]],[[1261,255],[-5,62]],[[1256,317],[28,60],[-40,39],[47,32]],[[1291,448],[65,-41]],[[1357,896],[-9,-22],[8,-93]],[[1356,781],[-71,3],[-76,18],[-24,-32],[-40,28],[-23,44]],[[1122,842],[26,51],[11,76]],[[1159,969],[100,-28],[31,-29],[67,-16]],[[1122,842],[-111,53],[-56,-51],[-2,-29]],[[768,753],[-34,82],[7,62],[-35,68],[-5,36]],[[701,1001],[31,30],[381,-68],[46,6]],[[987,387],[-9,-46],[-63,-21],[2,-82],[111,-95],[24,-90]],[[1052,53],[-216,80],[-148,38]],[[1436,657],[4,-51]],[[1440,606],[-36,-7]],[[1404,599],[-71,94]],[[1333,693],[6,9]],[[1339,702],[97,-45]],[[1465,119],[-27,100],[-43,15]],[[1387,277],[54,10],[57,41]],[[1498,328],[1,-107],[35,-65],[-69,-37]],[[1135,433],[41,-195]],[[1176,238],[-19,-124],[-19,-73]],[[1138,41],[-86,12]],[[1356,781],[-17,-79]],[[1333,693],[-78,-50],[8,-104]],[[1465,119],[-32,13],[-74,-36],[-17,91]],[[264,510],[-93,74],[-50,-85],[-72,108],[-2,41],[-47,125],[59,34],[233,109],[86,-7],[32,64],[34,26],[31,-50],[135,51],[91,1]],[[1506,429],[-8,-101]],[[1465,119],[-58,-7],[-37,-52],[-2,-30],[-51,-30]],[[1317,0],[-11,93],[36,94]],[[1440,606],[38,-43],[29,-116]],[[1291,448],[-26,12]],[[1308,527],[50,14],[46,58]],[[1317,0],[-35,29],[-85,-5],[-59,17]],[[1176,238],[33,18],[47,61]],[[1357,896],[96,19],[6,-87],[24,-41],[6,-68],[-15,-37],[-38,-25]]],"transform":{"scale":[0.00012211205541069663,0.00009886243937925565],"translate":[122.96957711800007,9.706130280000027]},"objects":{"bgysubmuns-municity-704607000":{"type":"GeometryCollection","geometries":[{"arcs":[[0,1,2,3,4,5,6]],"type":"Polygon","properties":{"adm1_psgc":700000000,"adm2_psgc":704600000,"adm3_psgc":704607000,"adm4_psgc":704607001,"adm4_en":"Atotes","geo_level":"Bgy","len_crs":18864,"area_crs":15828398,"len_km":18,"area_km2":15},"id":704607001},{"arcs":[[7,8,9,10,11,12]],"type":"Polygon","properties":{"adm1_psgc":700000000,"adm2_psgc":704600000,"adm3_psgc":704607000,"adm4_psgc":704607002,"adm4_en":"Batangan","geo_level":"Bgy","len_crs":5692,"area_crs":1826991,"len_km":5,"area_km2":1},"id":704607002},{"arcs":[[13,14,15,16,-1,17]],"type":"Polygon","properties":{"adm1_psgc":700000000,"adm2_psgc":704600000,"adm3_psgc":704607000,"adm4_psgc":704607003,"adm4_en":"Bulod","geo_level":"Bgy","len_crs":12501,"area_crs":6648270,"len_km":12,"area_km2":6},"id":704607003},{"arcs":[[-4,18,19,20]],"type":"Polygon","properties":{"adm1_psgc":700000000,"adm2_psgc":704600000,"adm3_psgc":704607000,"adm4_psgc":704607004,"adm4_en":"Cabcaban","geo_level":"Bgy","len_crs":21383,"area_crs":14349267,"len_km":21,"area_km2":14},"id":704607004},{"arcs":[[21,22,-13,23,24]],"type":"Polygon","properties":{"adm1_psgc":700000000,"adm2_psgc":704600000,"adm3_psgc":704607000,"adm4_psgc":704607005,"adm4_en":"Cabugan","geo_level":"Bgy","len_crs":7363,"area_crs":1902353,"len_km":7,"area_km2":1},"id":704607005},{"arcs":[[-24,-12,25,26,27]],"type":"Polygon","properties":{"adm1_psgc":700000000,"adm2_psgc":704600000,"adm3_psgc":704607000,"adm4_psgc":704607006,"adm4_en":"Camudlas","geo_level":"Bgy","len_crs":6676,"area_crs":1475589,"len_km":6,"area_km2":1},"id":704607006},{"arcs":[[28,29,30,31]],"type":"Polygon","properties":{"adm1_psgc":700000000,"adm2_psgc":704600000,"adm3_psgc":704607000,"adm4_psgc":704607007,"adm4_en":"Canluto","geo_level":"Bgy","len_crs":9958,"area_crs":4511939,"len_km":9,"area_km2":4},"id":704607007},{"arcs":[[-31,32,-6,33,34]],"type":"Polygon","properties":{"adm1_psgc":700000000,"adm2_psgc":704600000,"adm3_psgc":704607000,"adm4_psgc":704607008,"adm4_en":"Danao","geo_level":"Bgy","len_crs":16622,"area_crs":10740523,"len_km":16,"area_km2":10},"id":704607008},{"arcs":[[35,36,-19,-3]],"type":"Polygon","properties":{"adm1_psgc":700000000,"adm2_psgc":704600000,"adm3_psgc":704607000,"adm4_psgc":704607009,"adm4_en":"Danawan","geo_level":"Bgy","len_crs":18255,"area_crs":11939473,"len_km":18,"area_km2":11},"id":704607009},{"arcs":[[37,38,39,40,41]],"type":"Polygon","properties":{"adm1_psgc":700000000,"adm2_psgc":704600000,"adm3_psgc":704607000,"adm4_psgc":704607010,"adm4_en":"Domolog","geo_level":"Bgy","len_crs":4451,"area_crs":736636,"len_km":4,"area_km2":0},"id":704607010},{"arcs":[[42,-9,43,44]],"type":"Polygon","properties":{"adm1_psgc":700000000,"adm2_psgc":704600000,"adm3_psgc":704607000,"adm4_psgc":704607011,"adm4_en":"Malaga","geo_level":"Bgy","len_crs":7928,"area_crs":1994092,"len_km":7,"area_km2":1},"id":704607011},{"arcs":[[45,46,47,-36,-2,-17]],"type":"Polygon","properties":{"adm1_psgc":700000000,"adm2_psgc":704600000,"adm3_psgc":704607000,"adm4_psgc":704607012,"adm4_en":"Manseje","geo_level":"Bgy","len_crs":14078,"area_crs":9365696,"len_km":14,"area_km2":9},"id":704607012},{"arcs":[[-30,48,-41,49,-18,-7,-33]],"type":"Polygon","properties":{"adm1_psgc":700000000,"adm2_psgc":704600000,"adm3_psgc":704607000,"adm4_psgc":704607013,"adm4_en":"Matobato","geo_level":"Bgy","len_crs":16829,"area_crs":8712861,"len_km":16,"area_km2":8},"id":704607013},{"arcs":[[50,-10,-43]],"type":"Polygon","properties":{"adm1_psgc":700000000,"adm2_psgc":704600000,"adm3_psgc":704607000,"adm4_psgc":704607014,"adm4_en":"Nagcasunog","geo_level":"Bgy","len_crs":5210,"area_crs":1566800,"len_km":5,"area_km2":1},"id":704607014},{"arcs":[[-34,-5,-21,51]],"type":"Polygon","properties":{"adm1_psgc":700000000,"adm2_psgc":704600000,"adm3_psgc":704607000,"adm4_psgc":704607015,"adm4_en":"Nalundan","geo_level":"Bgy","len_crs":33310,"area_crs":43346700,"len_km":33,"area_km2":43},"id":704607015},{"arcs":[[52,-44,-8,-23]],"type":"Polygon","properties":{"adm1_psgc":700000000,"adm2_psgc":704600000,"adm3_psgc":704607000,"adm4_psgc":704607016,"adm4_en":"Pangalaycayan","geo_level":"Bgy","len_crs":6837,"area_crs":1373640,"len_km":6,"area_km2":1},"id":704607016},{"arcs":[[53,54,-51]],"type":"Polygon","properties":{"adm1_psgc":700000000,"adm2_psgc":704600000,"adm3_psgc":704607000,"adm4_psgc":704607017,"adm4_en":"Peñahan","geo_level":"Bgy","len_crs":7623,"area_crs":1396963,"len_km":7,"area_km2":1},"id":704607017},{"arcs":[[55,-25,-28,56,-15,57,-39]],"type":"Polygon","properties":{"adm1_psgc":700000000,"adm2_psgc":704600000,"adm3_psgc":704607000,"adm4_psgc":704607018,"adm4_en":"Poblacion","geo_level":"Bgy","len_crs":10787,"area_crs":3946988,"len_km":10,"area_km2":3},"id":704607018},{"arcs":[[-11,-55,58,-47,59,-26]],"type":"Polygon","properties":{"adm1_psgc":700000000,"adm2_psgc":704600000,"adm3_psgc":704607000,"adm4_psgc":704607019,"adm4_en":"Salong","geo_level":"Bgy","len_crs":10926,"area_crs":5280226,"len_km":10,"area_km2":5},"id":704607019},{"arcs":[[-40,-58,-14,-50]],"type":"Polygon","properties":{"adm1_psgc":700000000,"adm2_psgc":704600000,"adm3_psgc":704607000,"adm4_psgc":704607020,"adm4_en":"Tagaytay","geo_level":"Bgy","len_crs":6574,"area_crs":2509404,"len_km":6,"area_km2":2},"id":704607020},{"arcs":[[-42,-49,-29,60]],"type":"Polygon","properties":{"adm1_psgc":700000000,"adm2_psgc":704600000,"adm3_psgc":704607000,"adm4_psgc":704607021,"adm4_en":"Tinaogan","geo_level":"Bgy","len_crs":13015,"area_crs":4095559,"len_km":13,"area_km2":4},"id":704607021},{"arcs":[[-57,-27,-60,-46,-16]],"type":"Polygon","properties":{"adm1_psgc":700000000,"adm2_psgc":704600000,"adm3_psgc":704607000,