{"type":"Topology","arcs":[[[1129,953],[16,-21]],[[1145,932],[2,-22]],[[1147,910],[-11,-6]],[[1136,904],[-11,49]],[[1125,953],[4,0]],[[1171,918],[-24,-8]],[[1145,932],[31,4]],[[1176,936],[-5,-18]],[[1164,992],[-35,-39]],[[1125,953],[-105,12]],[[1020,965],[53,40],[5,40],[85,-8],[1,-45]],[[1214,964],[-38,-28]],[[1164,992],[41,10]],[[1205,1002],[9,-38]],[[1171,1227],[-27,-11]],[[1144,1216],[-29,6],[-126,-29]],[[989,1193],[-8,22],[81,75],[75,39],[34,-102]],[[905,978],[21,-37],[49,9]],[[975,950],[95,-52]],[[1070,898],[-4,-24]],[[1066,874],[-90,-71],[-57,-81],[-83,-53],[-33,-87]],[[803,582],[-112,-117],[-125,-47]],[[566,418],[57,87],[97,68],[23,88],[-29,86],[53,69],[63,50],[44,121],[31,-9]],[[1144,1216],[-13,-57],[17,-50]],[[1148,1109],[-60,-15],[-81,13],[-20,57]],[[987,1164],[2,29]],[[1204,1083],[-56,26]],[[1171,1227],[28,-66],[5,-78]],[[1216,903],[-39,2]],[[1177,905],[-4,13]],[[1173,918],[33,11]],[[1206,929],[10,-26]],[[1136,904],[8,-81]],[[1144,823],[-3,0]],[[1141,823],[-75,51]],[[1070,898],[66,6]],[[1218,809],[9,-171]],[[1227,638],[-95,-29],[-111,-123]],[[1021,486],[-59,-82],[-56,-37],[-5,-99]],[[901,268],[-18,-48],[-79,-34],[-87,-13],[-86,-47],[-87,-99],[-186,-12]],[[358,15],[40,77],[-1,93],[23,34],[159,47],[32,-16],[12,86],[-83,-48],[-48,5],[74,125]],[[803,582],[72,-8],[103,57],[80,81],[5,39],[78,72]],[[1144,823],[41,18]],[[1185,841],[33,-32]],[[829,1079],[76,-101]],[[358,15],[-213,-15],[41,89],[-37,98],[-116,145],[0,79],[-33,60],[23,248],[85,-40],[38,-53],[187,-119],[140,-17],[23,107],[53,93],[76,62],[-19,42],[12,67],[-19,101],[70,64],[94,-12],[57,28],[9,37]],[[1185,841],[-6,12]],[[1179,853],[11,41]],[[1190,894],[10,1]],[[1200,895],[18,-86]],[[1177,905],[0,-13]],[[1177,892],[-20,-5]],[[1157,887],[-10,23]],[[1171,918],[2,0]],[[1216,903],[-16,-8]],[[1190,894],[-13,-2]],[[1021,486],[171,67],[43,1]],[[1235,554],[41,-84],[-178,-40],[-78,-28],[-37,-84],[-82,-50]],[[975,950],[45,15]],[[1204,1083],[1,-81]],[[829,1079],[158,85]],[[1179,853],[-22,34]],[[1214,964],[-8,-35]],[[1227,638],[8,-84]]],"transform":{"scale":[0.0001021208322883219,0.00008940582167045883],"translate":[120.46168417300011,14.539353299000034]},"objects":{"bgysubmuns-municity-300810000":{"type":"GeometryCollection","geometries":[{"arcs":[[0,1,2,3,4]],"type":"Polygon","properties":{"adm1_psgc":300000000,"adm2_psgc":300800000,"adm3_psgc":300810000,"adm4_psgc":300810001,"adm4_en":"Arellano","geo_level":"Bgy","len_crs":1217,"area_crs":66542,"len_km":1,"area_km2":0},"id":300810001},{"arcs":[[5,-2,6,7]],"type":"Polygon","properties":{"adm1_psgc":300000000,"adm2_psgc":300800000,"adm3_psgc":300810000,"adm4_psgc":300810002,"adm4_en":"Bagumbayan","geo_level":"Bgy","len_crs":1066,"area_crs":54679,"len_km":1,"area_km2":0},"id":300810002},{"arcs":[[8,-5,9,10]],"type":"Polygon","properties":{"adm1_psgc":300000000,"adm2_psgc":300800000,"adm3_psgc":300810000,"adm4_psgc":300810003,"adm4_en":"Balagtas","geo_level":"Bgy","len_crs":4977,"area_crs":1003815,"len_km":4,"area_km2":1},"id":300810003},{"arcs":[[11,-7,-1,-9,12,13]],"type":"Polygon","properties":{"adm1_psgc":300000000,"adm2_psgc":300800000,"adm3_psgc":300810000,"adm4_psgc":300810004,"adm4_en":"Balut","geo_level":"Bgy","len_crs":2988,"area_crs":342096,"len_km":2,"area_km2":0},"id":300810004},{"arcs":[[14,15,16]],"type":"Polygon","properties":{"adm1_psgc":300000000,"adm2_psgc":300800000,"adm3_psgc":300810000,"adm4_psgc":300810007,"adm4_en":"Bantan","geo_level":"Bgy","len_crs":5927,"area_crs":1424515,"len_km":5,"area_km2":1},"id":300810007},{"arcs":[[17,18,19,20,21,22]],"type":"Polygon","properties":{"adm1_psgc":300000000,"adm2_psgc":300800000,"adm3_psgc":300810000,"adm4_psgc":300810008,"adm4_en":"Bilolo","geo_level":"Bgy","len_crs":21582,"area_crs":8433857,"len_km":21,"area_km2":8},"id":300810008},{"arcs":[[23,24,25,-16]],"type":"Polygon","properties":{"adm1_psgc":300000000,"adm2_psgc":300800000,"adm3_psgc":300810000,"adm4_psgc":300810009,"adm4_en":"Calungusan","geo_level":"Bgy","len_crs":5545,"area_crs":1749300,"len_km":5,"area_km2":1},"id":300810009},{"arcs":[[26,-24,-15,27]],"type":"Polygon","properties":{"adm1_psgc":300000000,"adm2_psgc":300800000,"adm3_psgc":300810000,"adm4_psgc":300810010,"adm4_en":"Camachile","geo_level":"Bgy","len_crs":5493,"area_crs":725420,"len_km":5,"area_km2":0},"id":300810010},{"arcs":[[28,29,30,31]],"type":"Polygon","properties":{"adm1_psgc":300000000,"adm2_psgc":300800000,"adm3_psgc":300810000,"adm4_psgc":300810011,"adm4_en":"Daang Bago","geo_level":"Bgy","len_crs":1549,"area_crs":94743,"len_km":1,"area_km2":0},"id":300810011},{"arcs":[[32,33,34,-20,35]],"type":"Polygon","properties":{"adm1_psgc":300000000,"adm2_psgc":300800000,"adm3_psgc":300810000,"adm4_psgc":300810012,"adm4_en":"Daang Bilolo","geo_level":"Bgy","len_crs":3553,"area_crs":404420,"len_km":3,"area_km2":0},"id":300810012},{"arcs":[[36,37,38,39,40,-22,41,-34,42,43]],"type":"Polygon","properties":{"adm1_psgc":300000000,"adm2_psgc":300800000,"adm3_psgc":300810000,"adm4_psgc":300810013,"adm4_en":"Daang Pare","geo_level":"Bgy","len_crs":36742,"area_crs":23615254,"len_km":36,"area_km2":23},"id":300810013},{"arcs":[[44,-23,-41,45]],"type":"Polygon","properties":{"adm1_psgc":300000000,"adm2_psgc":300800000,"adm3_psgc":300810000,"adm4_psgc":300810014,"adm4_en":"General Lim","geo_level":"Bgy","len_crs":48623,"area_crs":36626603,"len_km":48,"area_km2":36},"id":300810014},{"arcs":[[-44,46,47,48,49]],"type":"Polygon","properties":{"adm1_psgc":300000000,"adm2_psgc":300800000,"adm3_psgc":300810000,"adm4_psgc":300810016,"adm4_en":"Kapunitan","geo_level":"Bgy","len_crs":4674,"area_crs":133106,"len_km":4,"area_km2":0},"id":300810016},{"arcs":[[50,51,52,-6,53,-30]],"type":"Polygon","properties":{"adm1_psgc":300000000,"adm2_psgc":300800000,"adm3_psgc":300810000,"adm4_psgc":300810017,"adm4_en":"Lati","geo_level":"Bgy","len_crs":1179,"area_crs":69263,"len_km":1,"area_km2":0},"id":300810017},{"arcs":[[54,-49,55,-51,-29]],"type":"Polygon","properties":{"adm1_psgc":300000000,"adm2_psgc":300800000,"adm3_psgc":300810000,"adm4_psgc":300810018,"adm4_en":"Lusungan","geo_level":"Bgy","len_crs":1304,"area_crs":34907,"len_km":1,"area_km2":0},"id":300810018},{"arcs":[[-39,56,57]],"type":"Polygon","properties":{"adm1_psgc":300000000,"adm2_psgc":300800000,"adm3_psgc":300810000,"adm4_psgc":300810020,"adm4_en":"Puting Buhangin","geo_level":"Bgy","len_crs":13416,"area_crs":3905105,"len_km":13,"area_km2":3},"id":300810020},{"arcs":[[-35,-42,-21]],"type":"Polygon","properties":{"adm1_psgc":300000000,"adm2_psgc":300800000,"adm3_psgc":300810000,"adm4_psgc":300810021,"adm4_en":"Sabatan","geo_level":"Bgy","len_crs":13041,"area_crs":4156276,"len_km":13,"area_km2":4},"id":300810021},{"arcs":[[-10,-4,-36,-19,58]],"type":"Polygon","properties":{"adm1_psgc":300000000,"adm2_psgc":300800000,"adm3_psgc":300810000,"adm4_psgc":300810022,"adm4_en":"San Vicente","geo_level":"Bgy","len_crs":5315,"area_crs":736040,"len_km":5,"area_km2":0},"id":300810022},{"arcs":[[-25,-27,59,-13,-11,-59,-18,-45,60]],"type":"Polygon","properties":{"adm1_psgc":300000000,"adm2_psgc":300800000,"adm3_psgc":300810000,"adm4_psgc":300810024,"adm4_en":"Santo Domingo","geo_level":"Bgy","len_crs":13201,"area_crs":4351012,"len_km":13,"area_km2":4},"id":300810024},{"arcs":[[61,-52,-56,-48]],"type":"Polygon","properties":{"adm1_psgc":300000000,"adm2_psgc":300800000,"adm3_psgc":300810000,"adm4_psgc":300810027,"adm4_en":"Villa Angeles","geo_level":"Bgy","len_crs":1730,"area_crs":115151,"len_km":1,"area_km2":0},"id":300810027},{"arcs":[[-62,-47,-43,-33,-3,-53]],"type":"Polygon","properties":{"adm1_psgc":300000000,"adm2_psgc":300800000,"adm3_psgc":300810000,"adm4_psgc":300810028,"adm4_en":"Wakas","geo_level":"Bgy","len_crs":2932,"area_crs":240668,"len_km":2,"area_km2":0},"id":300810028},{"arcs":[[-31,-54,-8,-12,62]],"type":"Polygon","properties":{"adm1_psgc":300000000,"adm2_psgc":300800000,"adm3_psgc":300810000,"adm4_psgc":300810029,"adm4_en":"Wawa","geo_level":"Bgy","len_crs":2005,"area_crs":145446,"len_km":2,"area_km2":0},