{"type":"Topology","arcs":[[[1570,1545],[36,-52],[15,-34]],[[1621,1459],[-173,-76]],[[1448,1383],[-129,111],[-51,51],[-44,33],[-44,58]],[[1180,1636],[90,25],[45,43],[43,61],[48,43]],[[1406,1808],[67,-42],[60,-58],[34,-112],[3,-51]],[[2113,824],[-39,-41],[-70,-50],[-38,-15]],[[1966,718],[-62,107],[-111,233],[-87,254]],[[1706,1312],[113,14],[20,16]],[[1839,1342],[269,-512],[5,-6]],[[1527,648],[-65,-20],[-16,-21],[-107,-6],[-36,-9],[-65,6],[-42,13],[-11,26],[-39,38],[-98,72],[11,31],[43,12],[35,56],[11,49],[-12,43],[12,60],[-32,41],[10,24],[33,9],[-8,32]],[[1151,1104],[64,9],[96,50],[-32,146]],[[1279,1309],[114,50]],[[1393,1359],[79,-355],[41,-299],[14,-57]],[[1064,1469],[-2,-26],[-62,-36],[6,-14]],[[1006,1393],[-84,-88]],[[922,1305],[-48,31],[3,13],[-47,9],[-27,-10],[-88,32],[-17,-11],[-23,23],[-48,8],[-2,24],[26,32],[46,4],[17,-26],[95,-7],[91,6],[61,11],[19,32],[36,-18],[36,-4],[12,15]],[[1839,1342],[101,77],[72,128]],[[2012,1547],[9,-21],[286,-441],[-21,-29],[-58,-64],[-115,-168]],[[1448,1383],[-55,-24]],[[1279,1309],[-86,43],[-67,19],[-120,22]],[[1064,1469],[25,28],[68,21],[18,-2],[16,28],[-13,28],[-29,13],[-71,-13],[51,52],[51,12]],[[1706,1312],[-50,74],[-35,73]],[[1570,1545],[223,87],[159,71]],[[1952,1703],[60,-156]],[[59,112],[37,-36],[9,-29],[-7,-24],[-42,-23],[-34,8],[-22,20],[5,55],[25,27],[29,2]],[[1151,1104],[-35,53],[-70,50],[-43,48],[-27,12],[-13,23],[-41,15]],[[1406,1808],[60,70],[27,49],[38,42],[89,47],[43,16],[50,28],[80,37],[19,-4],[19,-52],[18,-70],[103,-268]],[[1966,718],[-41,-3],[-88,4],[-29,-15],[-62,3],[-18,-15],[-70,-11],[-21,-15],[-66,-7],[-44,-11]]],"transform":{"scale":[0.00005893632466407559,0.00005232037339058003],"translate":[123.68150079400003,9.514089644000022]},"objects":{"bgysubmuns-municity-701233000":{"type":"GeometryCollection","geometries":[{"arcs":[[0,1,2,3,4]],"type":"Polygon","properties":{"adm1_psgc":700000000,"adm2_psgc":701200000,"adm3_psgc":701233000,"adm4_psgc":701233001,"adm4_en":"Bil-isan","geo_level":"Bgy","len_crs":8063,"area_crs":3650468,"len_km":8,"area_km2":3},"id":701233001},{"arcs":[[5,6,7,8]],"type":"Polygon","properties":{"adm1_psgc":700000000,"adm2_psgc":701200000,"adm3_psgc":701233000,"adm4_psgc":701233002,"adm4_en":"Bolod","geo_level":"Bgy","len_crs":9366,"area_crs":3922662,"len_km":9,"area_km2":3},"id":701233002},{"arcs":[[9,10,11,12]],"type":"Polygon","properties":{"adm1_psgc":700000000,"adm2_psgc":701200000,"adm3_psgc":701233000,"adm4_psgc":701233003,"adm4_en":"Danao","geo_level":"Bgy","len_crs":14719,"area_crs":7984590,"len_km":14,"area_km2":7},"id":701233003},{"arcs":[[13,14,15]],"type":"Polygon","properties":{"adm1_psgc":700000000,"adm2_psgc":701200000,"adm3_psgc":701233000,"adm4_psgc":701233004,"adm4_en":"Doljo","geo_level":"Bgy","len_crs":10482,"area_crs":1215154,"len_km":10,"area_km2":1},"id":701233004},{"arcs":[[-9,16,17]],"type":"Polygon","properties":{"adm1_psgc":700000000,"adm2_psgc":701200000,"adm3_psgc":701233000,"adm4_psgc":701233005,"adm4_en":"Libaong","geo_level":"Bgy","len_crs":10454,"area_crs":5653361,"len_km":10,"area_km2":5},"id":701233005},{"arcs":[[-3,18,-12,19,-14,20]],"type":"Polygon","properties":{"adm1_psgc":700000000,"adm2_psgc":701200000,"adm3_psgc":701233000,"adm4_psgc":701233006,"adm4_en":"Looc","geo_level":"Bgy","len_crs":10916,"area_crs":2401250,"len_km":10,"area_km2":2},"id":701233006},{"arcs":[[-17,-8,21,-1,22,23]],"type":"Polygon","properties":{"adm1_psgc":700000000,"adm2_psgc":701200000,"adm3_psgc":701233000,"adm4_psgc":701233007,"adm4_en":"Lourdes","geo_level":"Bgy","len_crs":7796,"area_crs":3767062,"len_km":7,"area_km2":3},"id":701233007},{"arcs":[[[24]],[[-11,25,-15,-20]]],"type":"MultiPolygon","properties":{"adm1_psgc":700000000,"adm2_psgc":701200000,"adm3_psgc":701233000,"adm4_psgc":701233008,"adm4_en":"Poblacion","geo_level":"Bgy","len_crs":9843,"area_crs":2747149,"len_km":9,"area_km2":2},"id":701233008},{"arcs":[[-23,-5,26]],"type":"Polygon","properties":{"adm1_psgc":700000000,"adm2_psgc":701200000,"adm3_psgc":701233000,"adm4_psgc":701233009,"adm4_en":"Tangnan","geo_level":"Bgy","len_crs":10896,"area_crs":6321913,"len_km":10,"area_km2":6},"id":701233009},{"arcs":[[-7,27,-13,-19,-2,-22]],"type":"Polygon","properties":{"adm1_psgc":700000000,"adm2_psgc":701200000,"adm3_psgc":701233000,"adm4_psgc":701233010,"adm4_en":"Tawala","geo_level":"Bgy","len_crs":13619,"area_crs":9427196,"len_km":13,"area_km2":9},"id":701233010}]}}}