{"type":"Topology","arcs":[[[559,58],[34,27],[25,-57],[-38,-23],[-77,-5],[-26,47],[46,37],[36,-26]],[[686,57],[-49,-9],[-13,81],[85,7],[14,-32],[-37,-47]],[[637,344],[51,-62]],[[688,282],[-47,-53],[-34,-6],[-59,-50],[-29,15]],[[519,188],[-9,117]],[[510,305],[82,43],[45,-4]],[[483,1249],[34,-139]],[[517,1110],[-77,-50],[-50,16],[-31,-30],[-102,46],[-63,-16],[-39,15],[-43,-15],[-34,51],[-2,73],[-43,79]],[[33,1279],[94,26],[242,20],[114,-76]],[[509,632],[28,-130],[100,-158]],[[510,305],[-162,53],[-15,153]],[[333,511],[49,5]],[[382,516],[59,30],[-15,56],[34,43]],[[460,645],[49,-13]],[[584,1293],[43,-33],[-16,-38],[18,-81],[-106,-48],[-6,17]],[[483,1249],[56,64],[45,-20]],[[644,1505],[-2,16]],[[642,1521],[-26,260]],[[616,1781],[213,15],[17,-89],[-16,-20],[-32,-138],[-30,9],[-46,-38],[-1,-37],[-77,22]],[[644,1505],[3,-56],[-26,-48],[-8,-69],[-29,-39]],[[33,1279],[-33,107],[3,41],[54,110],[4,146],[25,33],[-8,52],[53,0],[50,-41],[101,42]],[[282,1769],[-37,-258],[102,25],[52,-12],[243,-3]],[[637,344],[258,39],[-4,-61],[-88,-28],[-49,-37],[-66,25]],[[382,516],[-31,85],[22,43],[-7,68],[-41,114]],[[325,826],[17,37],[53,20],[62,-12],[48,14]],[[505,885],[13,-79],[-21,-29],[-37,-132]],[[282,1769],[334,12]],[[505,885],[38,19],[39,-30],[49,-67],[8,-74],[-42,-93],[-88,-8]],[[519,188],[-77,-15],[-41,7],[-86,-55],[-60,-11],[-36,20],[-28,77],[9,106],[30,26],[-7,81],[-35,70],[44,7]],[[232,501],[101,10]],[[232,501],[-14,75],[-34,20],[0,72],[46,162],[44,22],[51,-26]]],"transform":{"scale":[0.00009584085586583144,0.00007853884242762759],"translate":[122.06828842800007,6.425540546000036]},"objects":{"bgysubmuns-municity-1900711000":{"type":"GeometryCollection","geometries":[{"arcs":[[[0]],[[1]],[[2,3,4,5]]],"type":"MultiPolygon","properties":{"adm1_psgc":1900000000,"adm2_psgc":1900700000,"adm3_psgc":1900711000,"adm4_psgc":1900711001,"adm4_en":"Amaloy","geo_level":"Bgy","len_crs":15120,"area_crs":3410037,"len_km":15,"area_km2":3},"id":1900711001},{"arcs":[[6,7,8]],"type":"Polygon","properties":{"adm1_psgc":1900000000,"adm2_psgc":1900700000,"adm3_psgc":1900711000,"adm4_psgc":1900711002,"adm4_en":"Bohe-Pahuh","geo_level":"Bgy","len_crs":14064,"area_crs":8888620,"len_km":14,"area_km2":8},"id":1900711002},{"arcs":[[9,-6,10,11,12,13]],"type":"Polygon","properties":{"adm1_psgc":1900000000,"adm2_psgc":1900700000,"adm3_psgc":1900711000,"adm4_psgc":1900711003,"adm4_en":"Bohe-Suyak","geo_level":"Bgy","len_crs":11032,"area_crs":5208002,"len_km":11,"area_km2":5},"id":1900711003},{"arcs":[[14,-7,15]],"type":"Polygon","properties":{"adm1_psgc":1900000000,"adm2_psgc":1900700000,"adm3_psgc":1900711000,"adm4_psgc":1900711004,"adm4_en":"Cabangalan","geo_level":"Bgy","len_crs":6184,"area_crs":2091579,"len_km":6,"area_km2":2},"id":1900711004},{"arcs":[[16,17,18]],"type":"Polygon","properties":{"adm1_psgc":1900000000,"adm2_psgc":1900700000,"adm3_psgc":1900711000,"adm4_psgc":1900711005,"adm4_en":"Danit","geo_level":"Bgy","len_crs":9094,"area_crs":4828002,"len_km":9,"area_km2":4},"id":1900711005},{"arcs":[[-17,19,-16,-9,20,21]],"type":"Polygon","properties":{"adm1_psgc":1900000000,"adm2_psgc":1900700000,"adm3_psgc":1900711000,"adm4_psgc":1900711006,"adm4_en":"Kamamburingan","geo_level":"Bgy","len_crs":22419,"area_crs":16925686,"len_km":22,"area_km2":16},"id":1900711006},{"arcs":[[-3,22]],"type":"Polygon","properties":{"adm1_psgc":1900000000,"adm2_psgc":1900700000,"adm3_psgc":1900711000,"adm4_psgc":1900711007,"adm4_en":"Matata","geo_level":"Bgy","len_crs":11629,"area_crs":1757965,"len_km":11,"area_km2":1},"id":1900711007},{"arcs":[[-13,23,24,25]],"type":"Polygon","properties":{"adm1_psgc":1900000000,"adm2_psgc":1900700000,"adm3_psgc":1900711000,"adm4_psgc":1900711008,"adm4_en":"Materling","geo_level":"Bgy","len_crs":9300,"area_crs":3928657,"len_km":9,"area_km2":3},"id":1900711008},{"arcs":[[-22,26,-18]],"type":"Polygon","properties":{"adm1_psgc":1900000000,"adm2_psgc":1900700000,"adm3_psgc":1900711000,"adm4_psgc":1900711009,"adm4_en":"Pipil","geo_level":"Bgy","len_crs":12485,"area_crs":8282093,"len_km":12,"area_km2":8},"id":1900711009},{"arcs":[[-14,-26,27]],"type":"Polygon","properties":{"adm1_psgc":1900000000,"adm2_psgc":1900700000,"adm3_psgc":1900711000,"adm4_psgc":1900711010,"adm4_en":"Sungkayut","geo_level":"Bgy","len_crs":7430,"area_crs":2856603,"len_km":7,"area_km2":2},"id":1900711010},{"arcs":[[-5,28,29,-11]],"type":"Polygon","properties":{"adm1_psgc":1900000000,"adm2_psgc":1900700000,"adm3_psgc":1900711000,"adm4_psgc":1900711011,"adm4_en":"Tongbato","geo_level":"Bgy","len_crs":15943,"area_crs":7046387,"len_km":15,"area_km2":7},"id":1900711011},{"arcs":[[-24,-12,-30,30]],"type":"Polygon","properties":{"adm1_psgc":1900000000,"adm2_psgc":1900700000,"adm3_psgc":1900711000,"adm4_psgc":1900711012,"adm4_en":"Ulitan","geo_level":"Bgy","len_crs":9439,"area_crs":4610440,"len_km":9,"area_km2":4},"id":1900711012}]}}}