{"type":"Topology","arcs":[[[246,590],[-38,5],[-99,-43]],[[109,552],[-20,114]],[[89,666],[31,-20],[45,35]],[[165,681],[32,17]],[[197,698],[12,15]],[[209,713],[47,-39],[-10,-84]],[[417,351],[20,-126],[31,-58]],[[468,167],[-53,-53],[-50,19]],[[365,133],[-34,42],[6,59],[57,34],[-25,62]],[[369,330],[48,21]],[[700,503],[-69,-52],[-46,15],[-43,-24],[-15,-45]],[[527,397],[-36,-27],[-55,6],[-19,-25]],[[369,330],[-37,23]],[[332,353],[-17,83]],[[315,436],[31,30]],[[346,466],[65,64]],[[411,530],[58,-19],[53,46],[40,-22],[31,35]],[[593,570],[107,-67]],[[571,284],[-37,-16],[-66,-101]],[[527,397],[44,-113]],[[369,330],[-65,-43],[-86,8],[-49,-69]],[[169,226],[-17,50],[1,70]],[[153,346],[71,11],[71,-15],[37,11]],[[361,773],[-26,-58],[4,-51],[-26,-36]],[[313,628],[-38,-51]],[[275,577],[-29,13]],[[209,713],[15,20]],[[224,733],[37,45]],[[261,778],[32,39],[68,-44]],[[172,62],[-18,-20],[-154,-42],[29,56],[98,78]],[[127,134],[45,-72]],[[573,897],[-47,-35],[-165,-89]],[[261,778],[-32,31]],[[229,809],[39,29],[29,99],[-13,118],[48,70],[51,-13],[78,-147],[33,-1],[49,-65],[30,-2]],[[232,125],[-60,-63]],[[127,134],[31,33],[11,59]],[[169,226],[63,-101]],[[224,733],[-18,70]],[[206,803],[23,6]],[[157,726],[8,-45]],[[89,666],[4,63],[64,-3]],[[365,133],[-37,-30],[-56,-3],[-40,25]],[[197,698],[-31,48]],[[166,746],[40,57]],[[432,616],[9,-16]],[[441,600],[-30,-70]],[[346,466],[9,96],[-42,66]],[[361,773],[71,-157]],[[275,577],[1,-88]],[[276,489],[-54,-61],[-89,2]],[[133,430],[-24,122]],[[153,346],[-20,84]],[[276,489],[39,-53]],[[157,726],[9,20]],[[787,384],[-38,106],[-49,13]],[[593,570],[-38,55]],[[555,625],[110,122],[19,94]],[[684,841],[143,-9],[79,-91],[103,9],[265,-301],[-131,-42],[-232,20],[-124,-43]],[[787,384],[-48,-22],[-16,-40],[-66,-21],[-51,7],[-35,-24]],[[555,625],[-114,-25]],[[432,616],[38,77],[48,18],[84,94],[71,63]],[[673,868],[11,-27]],[[573,897],[100,-29]]],"transform":{"scale":[0.00017939094270012982,0.00013221371288884616],"translate":[120.9112061110001,15.211966161000074]},"objects":{"bgysubmuns-municity-304908000":{"type":"GeometryCollection","geometries":[{"arcs":[[0,1,2,3,4,5]],"type":"Polygon","properties":{"adm1_psgc":300000000,"adm2_psgc":304900000,"adm3_psgc":304908000,"adm4_psgc":304908001,"adm4_en":"Bayanihan","geo_level":"Bgy","len_crs":9735,"area_crs":4346018,"len_km":9,"area_km2":4},"id":304908001},{"arcs":[[6,7,8,9]],"type":"Polygon","properties":{"adm1_psgc":300000000,"adm2_psgc":304900000,"adm3_psgc":304908000,"adm4_psgc":304908002,"adm4_en":"Bulak","geo_level":"Bgy","len_crs":12083,"area_crs":4786385,"len_km":12,"area_km2":4},"id":304908002},{"arcs":[[10,11,-10,12,13,14,15,16,17]],"type":"Polygon","properties":{"adm1_psgc":300000000,"adm2_psgc":304900000,"adm3_psgc":304908000,"adm4_psgc":304908003,"adm4_en":"Kapalangan","geo_level":"Bgy","len_crs":21384,"area_crs":12425972,"len_km":21,"area_km2":12},"id":304908003},{"arcs":[[18,-7,-12,19]],"type":"Polygon","properties":{"adm1_psgc":300000000,"adm2_psgc":304900000,"adm3_psgc":304908000,"adm4_psgc":304908004,"adm4_en":"Mahipon","geo_level":"Bgy","len_crs":12704,"area_crs":5729222,"len_km":12,"area_km2":5},"id":304908004},{"arcs":[[-13,20,21,22]],"type":"Polygon","properties":{"adm1_psgc":300000000,"adm2_psgc":304900000,"adm3_psgc":304908000,"adm4_psgc":304908005,"adm4_en":"Malimba","geo_level":"Bgy","len_crs":11055,"area_crs":3813759,"len_km":11,"area_km2":3},"id":304908005},{"arcs":[[23,24,25,-6,26,27,28]],"type":"Polygon","properties":{"adm1_psgc":300000000,"adm2_psgc":304900000,"adm3_psgc":304908000,"adm4_psgc":304908006,"adm4_en":"Mangino","geo_level":"Bgy","len_crs":10692,"area_crs":5357918,"len_km":10,"area_km2":5},"id":304908006},{"arcs":[[29,30]],"type":"Polygon","properties":{"adm1_psgc":300000000,"adm2_psgc":304900000,"adm3_psgc":304908000,"adm4_psgc":304908007,"adm4_en":"Marelo","geo_level":"Bgy","len_crs":10763,"area_crs":3597019,"len_km":10,"area_km2":3},"id":304908007},{"arcs":[[31,-29,32,33]],"type":"Polygon","properties":{"adm1_psgc":300000000,"adm2_psgc":304900000,"adm3_psgc":304908000,"adm4_psgc":304908008,"adm4_en":"Pambuan","geo_level":"Bgy","len_crs":19779,"area_crs":16680512,"len_km":19,"area_km2":16},"id":304908008},{"arcs":[[34,-31,35,36]],"type":"Polygon","properties":{"adm1_psgc":300000000,"adm2_psgc":304900000,"adm3_psgc":304908000,"adm4_psgc":304908009,"adm4_en":"Parcutela","geo_level":"Bgy","len_crs":6902,"area_crs":2416232,"len_km":6,"area_km2":2},"id":304908009},{"arcs":[[-28,37,38,-33]],"type":"Polygon","properties":{"adm1_psgc":300000000,"adm2_psgc":304900000,"adm3_psgc":304908000,"adm4_psgc":304908010,"adm4_en":"San Lorenzo","geo_level":"Bgy","len_crs":3383,"area_crs":653854,"len_km":3,"area_km2":0},"id":304908010},{"arcs":[[39,-3,40]],"type":"Polygon","properties":{"adm1_psgc":300000000,"adm2_psgc":304900000,"adm3_psgc":304908000,"adm4_psgc":304908011,"adm4_en":"San Nicolas","geo_level":"Bgy","len_crs":4632,"area_crs":1273159,"len_km":4,"area_km2":1},"id":304908011},{"arcs":[[41,-37,-21,-9]],"type":"Polygon","properties":{"adm1_psgc":300000000,"adm2_psgc":304900000,"adm3_psgc":304908000,"adm4_psgc":304908012,"adm4_en":"San Roque","geo_level":"Bgy","len_crs":13953,"area_crs":8385268,"len_km":13,"area_km2":8},"id":304908012},{"arcs":[[-27,-5,42,43,-38]],"type":"Polygon","properties":{"adm1_psgc":300000000,"adm2_psgc":304900000,"adm3_psgc":304908000,"adm4_psgc":304908013,"adm4_en":"San Vicente","geo_level":"Bgy","len_crs":4046,"area_crs":845390,"len_km":4,"area_km2":0},"id":304908013},{"arcs":[[44,45,-16,46,-24,47]],"type":"Polygon","properties":{"adm1_psgc":300000000,"adm2_psgc":304900000,"adm3_psgc":304908000,"adm4_psgc":304908014,"adm4_en":"Santa Cruz","geo_level":"Bgy","len_crs":12428,"area_crs":4971387,"len_km":12,"area_km2":4},"id":304908014},{"arcs":[[-26,48,49,50,-1]],"type":"Polygon","properties":{"adm1_psgc":300000000,"adm2_psgc":304900000,"adm3_psgc":304908000,"adm4_psgc":304908015,"adm4_en":"Santo Cristo Norte","geo_level":"Bgy","len_crs":9724,"area_crs":6290404,"len_km":9,"area_km2":6},"id":304908015},{"arcs":[[-14,-23,51,-50,52]],"type":"Polygon","properties":{"adm1_psgc":300000000,"adm2_psgc":304900000,"adm3_psgc":304908000,"adm4_psgc":304908016,"adm4_en":"Santo Cristo Sur","geo_level":"Bgy","len_crs":10566,"area_crs":4592611,"len_km":10,"area_km2":4},"id":304908016},{"arcs":[[-4,-40,53,-43]],"type":"Polygon","properties":{"adm1_psgc":300000000,"adm2_psgc":304900000,"adm3_psgc":304908000,"adm4_psgc":304908017,"adm4_en":"Santo Niño","geo_level":"Bgy","len_crs":2685,"area_crs":436845,"len_km":2,"area_km2":0},"id":304908017},{"arcs":[[54,-18,55,56,57]],"type":"Polygon","properties":{"adm1_psgc":300000000,"adm2_psgc":304900000,"adm3_psgc":304908000,"adm4_psgc":304908018,"adm4_en":"Makabaclay","geo_level":"Bgy","len_crs":34383,"area_crs":51830136,"len_km":34,"area_km2":51},"id":304908018},{"arcs":[[-15,-53,-49,-25,-47]],"type":"Polygon","properties":{"adm1_psgc":300000000,"adm2_psgc":304900000,"adm3_psgc":304908000,"adm4_psgc":304908019,"adm4_en":"Balante","geo_level":"Bgy","len_crs":7451,"area_crs":3465812,"len_km":7,"area_km2":3},"id":304908019},{"arcs":[[58,-20,-11,-55]],"type":"Polygon","properties":{"adm1_psgc":300000000,"adm2_psgc":304900000,"adm3_psgc":304908000,"adm4_psgc":304908020,"adm4_en":"Bungo","geo_level":"Bgy","len_crs":16313,"area_crs":10009028,"len_km":16,"area_km2":10},"id":304908020},{"arcs":[[-57,59,-45,60,61]],"type":"Polygon","properties":{"adm1_psgc":300000000,"adm2_psgc":304900000,"adm3_psgc":304908000,"adm4_psgc":304908021,"adm4_en":"Mabunga","geo_level":"Bgy","len_crs":14352,"area_crs":7283585,"len_km":14,"area_km2":7},"id":304908021},{"arcs":[[-61,-48,-32,62]],"type":"Polygon","properties":{"adm1_psgc":300000000,"adm2_psgc":304900000,"adm3_psgc":304908000,"adm4_psgc":304908022,"adm4_en":"Maburak","geo_level":"Bgy","len_crs":16692,"area_crs":9554798,"len_km":16,"area_km2":9},"id":304908022},{"arcs":[[-17,-46,-60,-56]],"type":"Polygon","properties":{"adm1_psgc":300000000,"adm2_psgc":304900000,"adm3_psgc":304908000,