{"type":"Topology","arcs":[[[303,412],[18,-65]],[[321,347],[-61,30]],[[260,377],[3,47]],[[263,424],[40,-12]],[[185,111],[20,-109]],[[205,2],[-128,-2]],[[77,0],[48,76]],[[125,76],[60,35]],[[273,114],[-68,-112]],[[185,111],[-3,28]],[[182,139],[91,-25]],[[136,214],[-21,-59]],[[115,155],[-64,32]],[[51,187],[19,38]],[[70,225],[8,1]],[[78,226],[58,-12]],[[118,405],[-43,-13]],[[75,392],[-4,46]],[[71,438],[58,20]],[[129,458],[-11,-53]],[[162,400],[22,-16]],[[184,384],[-11,-37]],[[173,347],[-68,-6]],[[105,341],[-21,4]],[[84,345],[-9,47]],[[118,405],[44,-5]],[[105,341],[-2,-47]],[[103,294],[-6,-13]],[[97,281],[-44,2]],[[53,283],[-15,63]],[[38,346],[46,-1]],[[125,76],[-47,36]],[[78,112],[37,43]],[[115,155],[67,-16]],[[629,494],[-112,39]],[[517,533],[-135,-10]],[[382,523],[131,193],[85,290],[132,101],[69,2],[57,-223],[136,-163],[-175,-36],[-94,-56],[-94,-137]],[[78,112],[-78,14]],[[0,126],[51,61]],[[38,346],[-10,32]],[[28,378],[47,14]],[[290,279],[-108,-33]],[[182,246],[-8,11]],[[174,257],[4,62]],[[178,319],[79,11]],[[257,330],[33,-51]],[[321,347],[41,-13]],[[362,334],[-14,-37]],[[348,297],[-15,-25]],[[333,272],[-43,7]],[[257,330],[-13,33]],[[244,363],[16,14]],[[28,378],[43,60]],[[629,494],[-102,-189],[-67,-23]],[[460,282],[-47,74]],[[413,356],[104,177]],[[124,277],[19,-48]],[[143,229],[-7,-15]],[[78,226],[19,55]],[[103,294],[21,-17]],[[182,246],[-39,-17]],[[124,277],[50,-20]],[[173,347],[5,-28]],[[333,272],[-60,-158]],[[70,225],[-17,58]],[[244,363],[-60,21]],[[184,384],[43,48]],[[227,432],[36,-8]],[[129,458],[36,5]],[[165,463],[-3,-63]],[[165,463],[62,-31]],[[460,282],[-112,15]],[[362,334],[51,22]],[[303,412],[79,111]],[[77,0],[-77,126]]],"transform":{"scale":[0.0002020438064515555,0.00019926747880972417],"translate":[122.03951737100012,10.98944521000004]},"objects":{"bgysubmuns-municity-600604000":{"type":"GeometryCollection","geometries":[{"arcs":[[0,1,2,3]],"type":"Polygon","properties":{"adm1_psgc":600000000,"adm2_psgc":600600000,"adm3_psgc":600604000,"adm4_psgc":600604001,"adm4_en":"Anilawan","geo_level":"Bgy","len_crs":5372,"area_crs":1882839,"len_km":5,"area_km2":1},"id":600604001},{"arcs":[[4,5,6,7]],"type":"Polygon","properties":{"adm1_psgc":600000000,"adm2_psgc":600600000,"adm3_psgc":600604000,"adm4_psgc":600604002,"adm4_en":"Arangote","geo_level":"Bgy","len_crs":9436,"area_crs":5478650,"len_km":9,"area_km2":5},"id":600604002},{"arcs":[[8,-5,9,10]],"type":"Polygon","properties":{"adm1_psgc":600000000,"adm2_psgc":600600000,"adm3_psgc":600604000,"adm4_psgc":600604003,"adm4_en":"Bagtason","geo_level":"Bgy","len_crs":9062,"area_crs":3858177,"len_km":9,"area_km2":3},"id":600604003},{"arcs":[[11,12,13,14,15]],"type":"Polygon","properties":{"adm1_psgc":600000000,"adm2_psgc":600600000,"adm3_psgc":600604000,"adm4_psgc":600604004,"adm4_en":"Camangahan","geo_level":"Bgy","len_crs":5605,"area_crs":1773474,"len_km":5,"area_km2":1},"id":600604004},{"arcs":[[16,17,18,19]],"type":"Polygon","properties":{"adm1_psgc":600000000,"adm2_psgc":600600000,"adm3_psgc":600604000,"adm4_psgc":600604005,"adm4_en":"Cubay North","geo_level":"Bgy","len_crs":4807,"area_crs":1279498,"len_km":4,"area_km2":1},"id":600604005},{"arcs":[[20,21,22,23,24,-17,25]],"type":"Polygon","properties":{"adm1_psgc":600000000,"adm2_psgc":600600000,"adm3_psgc":600604000,"adm4_psgc":600604006,"adm4_en":"Cubay South","geo_level":"Bgy","len_crs":6724,"area_crs":2471912,"len_km":6,"area_km2":2},"id":600604006},{"arcs":[[26,27,28,29,30,-24]],"type":"Polygon","properties":{"adm1_psgc":600000000,"adm2_psgc":600600000,"adm3_psgc":600604000,"adm4_psgc":600604009,"adm4_en":"Guija","geo_level":"Bgy","len_crs":5556,"area_crs":1543755,"len_km":5,"area_km2":1},"id":600604009},{"arcs":[[-10,-8,31,32,33]],"type":"Polygon","properties":{"adm1_psgc":600000000,"adm2_psgc":600600000,"adm3_psgc":600604000,"adm4_psgc":600604010,"adm4_en":"Igbalangao","geo_level":"Bgy","len_crs":6544,"area_crs":2790146,"len_km":6,"area_km2":2},"id":600604010},{"arcs":[[34,35,36]],"type":"Polygon","properties":{"adm1_psgc":600000000,"adm2_psgc":600600000,"adm3_psgc":600604000,"adm4_psgc":600604011,"adm4_en":"Igsoro","geo_level":"Bgy","len_crs":49240,"area_crs":83089843,"len_km":49,"area_km2":83},"id":600604011},{"arcs":[[-33,37,38,-13]],"type":"Polygon","properties":{"adm1_psgc":600000000,"adm2_psgc":600600000,"adm3_psgc":600604000,"adm4_psgc":600604012,"adm4_en":"Ilaures","geo_level":"Bgy","len_crs":6595,"area_crs":2294099,"len_km":6,"area_km2":2},"id":600604012},{"arcs":[[-31,39,40,-25]],"type":"Polygon","properties":{"adm1_psgc":600000000,"adm2_psgc":600600000,"adm3_psgc":600604000,"adm4_psgc":600604013,"adm4_en":"Jinalinan","geo_level":"Bgy","len_crs":4093,"area_crs":1069126,"len_km":4,"area_km2":1},"id":600604013},{"arcs":[[41,42,43,44,45]],"type":"Polygon","properties":{"adm1_psgc":600000000,"adm2_psgc":600600000,"adm3_psgc":600604000,"adm4_psgc":600604014,"adm4_en":"Lacayon","geo_level":"Bgy","len_crs":7539,"area_crs":3073335,"len_km":7,"area_km2":3},"id":600604014},{"arcs":[[46,47,48,49,-46,50,51,-2]],"type":"Polygon","properties":{"adm1_psgc":600000000,"adm2_psgc":600600000,"adm3_psgc":600604000,"adm4_psgc":600604015,"adm4_en":"Maray","geo_level":"Bgy","len_crs":7698,"area_crs":3471079,"len_km":7,"area_km2":3},"id":600604015},{"arcs":[[-18,-41,52]],"type":"Polygon","properties":{"adm1_psgc":600000000,"adm2_psgc":600600000,"adm3_psgc":600604000,"adm4_psgc":600604016,"adm4_en":"Paliwan","geo_level":"Bgy","len_crs":5012,"area_crs":1577310,"len_km":5,"area_km2":1},"id":600604016},{"arcs":[[53,54,55,-35]],"type":"Polygon","properties":{"adm1_psgc":600000000,"adm2_psgc":600600000,"adm3_psgc":600604000,"adm4_psgc":600604017,"adm4_en":"Pangalcagan","geo_level":"Bgy","len_crs":15733,"area_crs":14687085,"len_km":15,"area_km2":14},"id":600604017},{"arcs":[[56,57,-16,58,-28,59]],"type":"Polygon","properties":{"adm1_psgc":600000000,"adm2_psgc":600600000,"adm3_psgc":600604000,"adm4_psgc":600604018,"adm4_en":"Centro Ilauod","geo_level":"Bgy","len_crs":5534,"area_crs":1288214,"len_km":5,"area_km2":1},"id":600604018},{"arcs":[[-43,60,-57,61]],"type":"Polygon","properties":{"adm1_psgc":600000000,"adm2_psgc":600600000,"adm3_psgc":600604000,"adm4_psgc":600604019,"adm4_en":"Centro Ilaya","geo_level":"Bgy","len_crs":4713,"area_crs":1317906,"len_km":4,"area_km2":1},"id":600604019},{"arcs":[[-44,-62,-60,-27,-23,62]],"type":"Polygon","properties":{"adm1_psgc":600000000,"adm2_psgc":600600000,"adm3_psgc":600604000,"adm4_psgc":600604020,"adm4_en":"Centro Pojo","geo_level":"Bgy","len_crs":6587,"area_crs":2397421,"len_km":6,"area_km2":2},"id":600604020},{"arcs":[[63,-11,-34,-12,-58,-61,-42,-50]],"type":"Polygon","properties":{"adm1_psgc":600000000,"adm2_psgc":600600000,"adm3_psgc":600604000,"adm4_psgc":600604021,"adm4_en":"Sabang East","geo_level":"Bgy","len_crs":14645,"area_crs":12397282,"len_km":14,"area_km2":12},"id":600604021},{"arcs":[[-59,-15,64,-29]],"type":"Polygon","properties":{"adm1_psgc":600000000,"adm2_psgc":600600000,"adm3_psgc":600604000,"adm4_psgc":600604022,"adm4_en":"Sabang West","geo_level":"Bgy","len_crs":3892,"area_crs":667075,"len_km":3,"area_km2":0},"id":600604022},{"arcs":[[-3,-52,65,66,67]],"type":"Polygon","properties":{"adm1_psgc":600000000,"adm2_psgc":600600000,"adm3_psgc":600604000,"adm4_psgc":600604023,"adm4_en":"Tagudtud North","geo_level":"Bgy","len_crs":5299,"area_crs":1607690,"len_km":5,"area_km2":1},"id":600604023},{"arcs":[[-51,-45,-63,-22,-66]],"type":"Polygon","properties":{"adm1_psgc":600000000,"adm2_psgc":600600000,"adm3_psgc":600604000,"adm4_psgc":600604024,"adm4_en":"Tagudtud South","geo_level":"Bgy","len_crs":5667,"area_crs":1773765,"len_km":5,"area_km2":1},"id":600604024},{"arcs":[[-26,-20,68,69]],"type":"Polygon","properties":{"adm1_psgc":600000000,"adm2_psgc":600600000,"adm3_psgc":600604000,"adm4_psgc":600604025,"adm4_en":"Talisay","geo_level":"Bgy","len_crs":4410,"area_crs":1157129,"len_km":4,"area_km2":1},"id":600604025},{"arcs":[[-67,-21,-70,70]],"type":"Polygon","properties":{"adm1_psgc":600000000,