{"type":"Topology","arcs":[[[440,661],[-3,-11]],[[437,650],[-10,-47],[87,-19],[-18,-53]],[[496,531],[-58,-25]],[[438,506],[-143,33],[-22,-13]],[[273,526],[-32,91]],[[241,617],[80,30],[119,14]],[[564,238],[-3,-68],[-36,-34],[5,-102],[-26,-34],[-66,39],[-66,73]],[[372,112],[-14,37],[54,96]],[[412,245],[25,-15],[66,49]],[[503,279],[61,-41]],[[438,506],[23,-62],[-17,-55]],[[444,389],[-63,-19],[-32,-47]],[[349,323],[-39,-9]],[[310,314],[-18,180],[-19,32]],[[496,531],[65,-21]],[[561,510],[62,-77]],[[623,433],[-67,-59],[-59,-23]],[[497,351],[-64,14]],[[433,365],[11,24]],[[783,463],[-51,-109],[-69,10]],[[663,364],[-40,69]],[[561,510],[53,17]],[[614,527],[82,27]],[[696,554],[19,-68],[68,-23]],[[800,695],[-69,-31],[-55,-51],[20,-59]],[[614,527],[-100,130],[-77,-7]],[[440,661],[15,36]],[[455,697],[38,15],[192,13],[92,-5],[23,-25]],[[310,314],[-19,-14]],[[291,300],[-135,174],[-41,142]],[[115,616],[88,12]],[[203,628],[38,-11]],[[291,300],[-3,-59]],[[288,241],[-32,-6],[-154,22]],[[102,257],[15,103],[-8,56],[-46,28],[-63,76],[45,151],[70,-55]],[[372,112],[-65,23]],[[307,135],[11,81]],[[318,216],[24,37]],[[342,253],[57,13]],[[399,266],[13,-21]],[[663,364],[25,-46],[-56,-83],[-68,3]],[[503,279],[-6,72]],[[399,266],[34,99]],[[342,253],[7,70]],[[203,628],[4,102],[145,-54],[103,21]],[[318,216],[-30,25]],[[800,695],[-30,-133],[13,-99]],[[307,135],[-91,2],[-69,30],[-45,90]]],"transform":{"scale":[0.00007439039000006531,0.0000730872383561634],"translate":[122.30515057700005,11.686016331000076]},"objects":{"bgysubmuns-municity-600416000":{"type":"GeometryCollection","geometries":[{"arcs":[[0,1,2,3,4,5]],"type":"Polygon","properties":{"adm1_psgc":600000000,"adm2_psgc":600400000,"adm3_psgc":600416000,"adm4_psgc":600416001,"adm4_en":"Albasan","geo_level":"Bgy","len_crs":8034,"area_crs":1786969,"len_km":8,"area_km2":1},"id":600416001},{"arcs":[[6,7,8,9]],"type":"Polygon","properties":{"adm1_psgc":600000000,"adm2_psgc":600400000,"adm3_psgc":600416000,"adm4_psgc":600416002,"adm4_en":"Aliputos","geo_level":"Bgy","len_crs":6698,"area_crs":2228630,"len_km":6,"area_km2":2},"id":600416002},{"arcs":[[10,11,12,13,-4]],"type":"Polygon","properties":{"adm1_psgc":600000000,"adm2_psgc":600400000,"adm3_psgc":600416000,"adm4_psgc":600416003,"adm4_en":"Badio","geo_level":"Bgy","len_crs":6306,"area_crs":1667135,"len_km":6,"area_km2":1},"id":600416003},{"arcs":[[14,15,16,17,18,-11,-3]],"type":"Polygon","properties":{"adm1_psgc":600000000,"adm2_psgc":600400000,"adm3_psgc":600416000,"adm4_psgc":600416004,"adm4_en":"Bubog","geo_level":"Bgy","len_crs":7070,"area_crs":1262365,"len_km":7,"area_km2":1},"id":600416004},{"arcs":[[19,20,-16,21,22,23]],"type":"Polygon","properties":{"adm1_psgc":600000000,"adm2_psgc":600400000,"adm3_psgc":600416000,"adm4_psgc":600416006,"adm4_en":"Bulwang","geo_level":"Bgy","len_crs":6128,"area_crs":1546046,"len_km":6,"area_km2":1},"id":600416006},{"arcs":[[24,-23,25,-1,26,27]],"type":"Polygon","properties":{"adm1_psgc":600000000,"adm2_psgc":600400000,"adm3_psgc":600416000,"adm4_psgc":600416007,"adm4_en":"Camanci Norte","geo_level":"Bgy","len_crs":8400,"area_crs":2344040,"len_km":8,"area_km2":2},"id":600416007},{"arcs":[[-22,-15,-2,-26]],"type":"Polygon","properties":{"adm1_psgc":600000000,"adm2_psgc":600400000,"adm3_psgc":600416000,"adm4_psgc":600416008,"adm4_en":"Camanci Sur","geo_level":"Bgy","len_crs":6044,"area_crs":1095256,"len_km":6,"area_km2":1},"id":600416008},{"arcs":[[-5,-14,28,29,30,31]],"type":"Polygon","properties":{"adm1_psgc":600000000,"adm2_psgc":600400000,"adm3_psgc":600416000,"adm4_psgc":600416009,"adm4_en":"Dongon East","geo_level":"Bgy","len_crs":7538,"area_crs":2142646,"len_km":7,"area_km2":2},"id":600416009},{"arcs":[[-30,32,33,34]],"type":"Polygon","properties":{"adm1_psgc":600000000,"adm2_psgc":600400000,"adm3_psgc":600416000,"adm4_psgc":600416010,"adm4_en":"Dongon West","geo_level":"Bgy","len_crs":12282,"area_crs":3372052,"len_km":12,"area_km2":3},"id":600416010},{"arcs":[[-8,35,36,37,38,39]],"type":"Polygon","properties":{"adm1_psgc":600000000,"adm2_psgc":600400000,"adm3_psgc":600416000,"adm4_psgc":600416011,"adm4_en":"Joyao-joyao","geo_level":"Bgy","len_crs":3978,"area_crs":547836,"len_km":3,"area_km2":0},"id":600416011},{"arcs":[[40,-10,41,-17,-21]],"type":"Polygon","properties":{"adm1_psgc":600000000,"adm2_psgc":600400000,"adm3_psgc":600416000,"adm4_psgc":600416012,"adm4_en":"Laguinbanua East","geo_level":"Bgy","len_crs":5163,"area_crs":1677144,"len_km":5,"area_km2":1},"id":600416012},{"arcs":[[-42,-9,-40,42,-18]],"type":"Polygon","properties":{"adm1_psgc":600000000,"adm2_psgc":600400000,"adm3_psgc":600416000,"adm4_psgc":600416013,"adm4_en":"Laguinbanua West","geo_level":"Bgy","len_crs":3859,"area_crs":595290,"len_km":3,"area_km2":0},"id":600416013},{"arcs":[[-19,-43,-39,43,-12]],"type":"Polygon","properties":{"adm1_psgc":600000000,"adm2_psgc":600400000,"adm3_psgc":600416000,"adm4_psgc":600416014,"adm4_en":"Marianos","geo_level":"Bgy","len_crs":3938,"area_crs":412275,"len_km":3,"area_km2":0},"id":600416014},{"arcs":[[-27,-6,-32,44]],"type":"Polygon","properties":{"adm1_psgc":600000000,"adm2_psgc":600400000,"adm3_psgc":600416000,"adm4_psgc":600416015,"adm4_en":"Navitas","geo_level":"Bgy","len_crs":6453,"area_crs":880688,"len_km":6,"area_km2":0},"id":600416015},{"arcs":[[-44,-38,45,-33,-29,-13]],"type":"Polygon","properties":{"adm1_psgc":600000000,"adm2_psgc":600400000,"adm3_psgc":600416000,"adm4_psgc":600416016,"adm4_en":"Poblacion","geo_level":"Bgy","len_crs":2916,"area_crs":393468,"len_km":2,"area_km2":0},"id":600416016},{"arcs":[[-24,-25,46]],"type":"Polygon","properties":{"adm1_psgc":600000000,"adm2_psgc":600400000,"adm3_psgc":600416000,"adm4_psgc":600416017,"adm4_en":"Pusiw","geo_level":"Bgy","len_crs":5363,"area_crs":1009457,"len_km":5,"area_km2":1},"id":600416017},{"arcs":[[-46,-37,47,-34]],"type":"Polygon","properties":{"adm1_psgc":600000000,"adm2_psgc":600400000,"adm3_psgc":600416000,"adm4_psgc":600416018,"adm4_en":"Tabangka","geo_level":"Bgy","len_crs":5003,"area_crs":1184283,"len_km":5,"area_km2":1},"id":600416018}]}}}