{"type":"Topology","arcs":[[[1214,933],[-33,14],[-129,41]],[[1052,988],[30,142]],[[1082,1130],[127,-72],[96,-4],[-20,-39],[-29,-9],[-26,14],[-2,-36],[12,-13],[-26,-38]],[[317,473],[87,-31]],[[404,442],[-11,-201]],[[393,241],[-98,43],[-118,44]],[[177,328],[68,167]],[[245,495],[38,-20],[34,-2]],[[1187,159],[-64,17],[-28,1],[-16,27],[-56,4]],[[1023,208],[-50,-3],[-7,-16],[-78,-10],[-47,30],[-34,3]],[[807,212],[34,59]],[[841,271],[56,-19],[117,17],[83,28]],[[1097,297],[34,-76],[56,-62]],[[1145,503],[-8,-77],[-14,-27],[-30,-10],[-14,-42],[18,-50]],[[841,271],[36,97]],[[877,368],[37,82],[67,105]],[[981,555],[10,55]],[[991,610],[36,-10],[12,-19],[54,-34],[20,-25],[32,-19]],[[872,974],[-14,-59],[17,-54],[-9,-46],[2,-44],[-18,-18]],[[850,753],[-115,-17],[-51,-16]],[[684,720],[-28,41],[-43,30],[-31,53],[63,97]],[[645,941],[89,99]],[[734,1040],[138,-66]],[[551,989],[-164,-339]],[[387,650],[-185,120]],[[202,770],[235,243],[41,33]],[[478,1046],[73,-57]],[[805,559],[-132,-72]],[[673,487],[-18,159]],[[655,646],[29,74]],[[850,753],[-27,-41],[-14,-63],[-4,-90]],[[387,650],[-18,-113],[-27,5]],[[342,542],[-193,95]],[[149,637],[34,59],[19,74]],[[505,403],[28,-61],[-33,-138]],[[500,204],[-107,37]],[[404,442],[59,20]],[[463,462],[15,5],[27,-64]],[[1214,933],[-15,-16],[9,-45],[-21,-76]],[[1187,796],[-41,9],[-45,27],[-20,30],[-40,20]],[[1041,882],[-18,17]],[[1023,899],[29,89]],[[177,328],[-58,-12],[-119,47],[25,27],[76,173]],[[101,563],[32,-24],[46,-52],[66,8]],[[342,542],[-25,-69]],[[101,563],[48,74]],[[1041,882],[-16,-109],[-13,-60]],[[1012,713],[-5,-20]],[[1007,693],[-157,60]],[[872,974],[15,19],[92,-34],[11,-32],[33,-28]],[[1007,693],[-16,-83]],[[981,555],[-176,4]],[[655,646],[-204,14]],[[451,660],[-64,-10]],[[551,989],[94,-48]],[[1023,208],[10,-31],[38,-57],[-56,-30],[-45,-41]],[[970,49],[-32,5],[-55,26],[-128,41]],[[755,121],[26,60],[26,31]],[[877,368],[-99,43],[-82,43],[-16,20]],[[680,474],[-7,13]],[[680,474],[-156,-60],[-19,-11]],[[463,462],[-14,146],[2,52]],[[734,1040],[20,25],[39,105]],[[793,1170],[9,-8],[46,20],[62,10],[39,-3],[22,-19],[46,-4],[28,-31],[37,-5]],[[1012,713],[24,-19],[28,-5],[6,-32],[73,-17]],[[1143,640],[12,1],[3,-60],[-13,-78]],[[1187,796],[0,-23],[-35,-48],[0,-46],[-9,-39]],[[478,1046],[89,109],[43,107],[37,202],[47,-12],[100,-37],[84,-38],[-85,-207]],[[1187,159],[11,-37],[-37,-50],[-10,-72],[-181,49]],[[755,121],[-158,43],[-97,40]]],"transform":{"scale":[0.00009507299693481141,0.00009107371448088014],"translate":[123.51169765100008,9.964695478000065]},"objects":{"bgysubmuns-municity-702246000":{"type":"GeometryCollection","geometries":[{"arcs":[[0,1,2]],"type":"Polygon","properties":{"adm1_psgc":700000000,"adm2_psgc":702200000,"adm3_psgc":702246000,"adm4_psgc":702246001,"adm4_en":"Abugon","geo_level":"Bgy","len_crs":10573,"area_crs":2616538,"len_km":10,"area_km2":2},"id":702246001},{"arcs":[[3,4,5,6,7]],"type":"Polygon","properties":{"adm1_psgc":700000000,"adm2_psgc":702200000,"adm3_psgc":702246000,"adm4_psgc":702246002,"adm4_en":"Bae","geo_level":"Bgy","len_crs":8104,"area_crs":3895954,"len_km":8,"area_km2":3},"id":702246002},{"arcs":[[8,9,10,11,12]],"type":"Polygon","properties":{"adm1_psgc":700000000,"adm2_psgc":702200000,"adm3_psgc":702246000,"adm4_psgc":702246003,"adm4_en":"Bagacay","geo_level":"Bgy","len_crs":11207,"area_crs":2494031,"len_km":11,"area_km2":2},"id":702246003},{"arcs":[[13,-12,14,15,16,17]],"type":"Polygon","properties":{"adm1_psgc":700000000,"adm2_psgc":702200000,"adm3_psgc":702246000,"adm4_psgc":702246004,"adm4_en":"Bahay","geo_level":"Bgy","len_crs":12591,"area_crs":6643653,"len_km":12,"area_km2":6},"id":702246004},{"arcs":[[18,19,20,21,22]],"type":"Polygon","properties":{"adm1_psgc":700000000,"adm2_psgc":702200000,"adm3_psgc":702246000,"adm4_psgc":702246005,"adm4_en":"Banlot","geo_level":"Bgy","len_crs":9992,"area_crs":6646334,"len_km":9,"area_km2":6},"id":702246005},{"arcs":[[23,24,25,26]],"type":"Polygon","properties":{"adm1_psgc":700000000,"adm2_psgc":702200000,"adm3_psgc":702246000,"adm4_psgc":702246006,"adm4_en":"Basak","geo_level":"Bgy","len_crs":11044,"area_crs":6321740,"len_km":11,"area_km2":6},"id":702246006},{"arcs":[[27,28,29,-20,30]],"type":"Polygon","properties":{"adm1_psgc":700000000,"adm2_psgc":702200000,"adm3_psgc":702246000,"adm4_psgc":702246007,"adm4_en":"Bato","geo_level":"Bgy","len_crs":7796,"area_crs":3280504,"len_km":7,"area_km2":3},"id":702246007},{"arcs":[[31,32,33,-25]],"type":"Polygon","properties":{"adm1_psgc":700000000,"adm2_psgc":702200000,"adm3_psgc":702246000,"adm4_psgc":702246008,"adm4_en":"Cagay","geo_level":"Bgy","len_crs":7389,"area_crs":3012939,"len_km":7,"area_km2":3},"id":702246008},{"arcs":[[34,35,-5,36,37]],"type":"Polygon","properties":{"adm1_psgc":700000000,"adm2_psgc":702200000,"adm3_psgc":702246000,"adm4_psgc":702246009,"adm4_en":"Can-aga","geo_level":"Bgy","len_crs":6847,"area_crs":2794957,"len_km":6,"area_km2":2},"id":702246009},{"arcs":[[38,39,40,41,-1]],"type":"Polygon","properties":{"adm1_psgc":700000000,"adm2_psgc":702200000,"adm3_psgc":702246000,"adm4_psgc":702246010,"adm4_en":"Candaguit","geo_level":"Bgy","len_crs":7779,"area_crs":2318399,"len_km":7,"area_km2":2},"id":702246010},{"arcs":[[-7,42,43]],"type":"Polygon","properties":{"adm1_psgc":700000000,"adm2_psgc":702200000,"adm3_psgc":702246000,"adm4_psgc":702246011,"adm4_en":"Cantolaroy","geo_level":"Bgy","len_crs":7898,"area_crs":3399661,"len_km":7,"area_km2":3},"id":702246011},{"arcs":[[44,-8,-44,45,-33]],"type":"Polygon","properties":{"adm1_psgc":700000000,"adm2_psgc":702200000,"adm3_psgc":702246000,"adm4_psgc":702246012,"adm4_en":"Dugoan","geo_level":"Bgy","len_crs":6590,"area_crs":2233448,"len_km":6,"area_km2":2},"id":702246012},{"arcs":[[-41,46,47,48,-19,49]],"type":"Polygon","properties":{"adm1_psgc":700000000,"adm2_psgc":702200000,"adm3_psgc":702246000,"adm4_psgc":702246013,"adm4_en":"Guimbangco-an","geo_level":"Bgy","len_crs":8475,"area_crs":4087784,"len_km":8,"area_km2":4},"id":702246013},{"arcs":[[50,-17,51,-31,-49]],"type":"Polygon","properties":{"adm1_psgc":700000000,"adm2_psgc":702200000,"adm3_psgc":702246000,"adm4_psgc":702246014,"adm4_en":"Lamacan","geo_level":"Bgy","len_crs":7053,"area_crs":3263147,"len_km":7,"area_km2":3},"id":702246014},{"arcs":[[-21,-30,52,53,-24,54]],"type":"Polygon","properties":{"adm1_psgc":700000000,"adm2_psgc":702200000,"adm3_psgc":702246000,"adm4_psgc":702246015,"adm4_en":"Libo","geo_level":"Bgy","len_crs":11424,"area_crs":5612100,"len_km":11,"area_km2":5},"id":702246015},{"arcs":[[55,56,57,-10]],"type":"Polygon","properties":{"adm1_psgc":700000000,"adm2_psgc":702200000,"adm3_psgc":702246000,"adm4_psgc":702246016,"adm4_en":"Lindogon","geo_level":"Bgy","len_crs":9462,"area_crs":3376262,"len_km":9,"area_km2":3},"id":702246016},{"arcs":[[-16,58,59,-28,-52]],"type":"Polygon","properties":{"adm1_psgc":700000000,"adm2_psgc":702200000,"adm3_psgc":702246000,"adm4_psgc":702246017,"adm4_en":"Magcagong","geo_level":"Bgy","len_crs":8055,"area_crs":3517992,"len_km":8,"area_km2":3},"id":702246017},{"arcs":[[-29,-60,60,-38,61,-53]],"type":"Polygon","properties":{"adm1_psgc":700000000,"adm2_psgc":702200000,"adm3_psgc":702246000,"adm4_psgc":702246018,"adm4_en":"Manatad","geo_level":"Bgy","len_crs":8861,"area_crs":4678115,"len_km":8,"area_km2":4},"id":702246018},{"arcs":[[-2,-42,-50,-23,62,63]],"type":"Polygon","properties":{"adm1_psgc":700000000,"adm2_psgc":702200000,"adm3_psgc":702246000,"adm4_psgc":702246019,"adm4_en":"Mangyan","geo_level":"Bgy","len_crs":11364,"area_crs":6243316,"len_km":11,"area_km2":6},"id":702246019},{"arcs":[[-37,-4,-45,-32,-54,-62]],"type":"Polygon","properties":{"adm1_psgc":700000000,"adm2_psgc":702200000,"adm3_psgc":702246000,"adm4_psgc":702246020,"adm4_en":"Papan","geo_level":"Bgy","len_crs":6582,"area_crs":2090274,"len_km":6,"area_km2":2},"id":702246020},{"arcs":[[-18,-51,-48,64,65]],"type":"Polygon","properties":{"adm1_psgc":700000000,"adm2_psgc":702200000,"adm3_psgc":702246000,"adm4_psgc":702246021,"adm4_en":"Poblacion","geo_level":"Bgy","len_crs":7866,