{"type":"Topology","arcs":[[[781,623],[-31,-122]],[[750,501],[-1,-79],[-31,-40]],[[718,382],[-24,44]],[[694,426],[-26,45]],[[668,471],[25,218]],[[693,689],[88,-66]],[[668,471],[-167,30]],[[501,501],[-11,48]],[[490,549],[56,34],[32,41],[16,94]],[[594,718],[99,-29]],[[955,492],[-39,-44]],[[916,448],[-30,-6]],[[886,442],[-67,10],[-69,49]],[[781,623],[48,-38],[51,-5],[73,-54],[2,-34]],[[735,255],[64,-40]],[[799,215],[-11,-26]],[[788,189],[-37,-76]],[[751,113],[-32,8],[-28,63],[-44,-20],[-19,29],[-43,-4],[-31,114],[21,10]],[[575,313],[35,8]],[[610,321],[49,-16],[76,-50]],[[718,382],[80,-47]],[[798,335],[-63,-80]],[[610,321],[84,105]],[[1014,383],[-35,-85]],[[979,298],[-22,22]],[[957,320],[-54,53],[-49,16],[-40,-26]],[[814,363],[72,79]],[[916,448],[98,-65]],[[957,320],[-28,-94],[-64,-28],[-66,17]],[[798,335],[16,28]],[[411,695],[-24,-75]],[[387,620],[-8,-36],[-122,-23]],[[257,561],[-2,81],[24,59]],[[279,701],[132,-6]],[[940,115],[6,-106],[-30,-9],[-50,42]],[[866,42],[27,92]],[[893,134],[47,-19]],[[490,549],[-103,71]],[[411,695],[122,28],[61,-5]],[[955,492],[69,-36],[-10,-73]],[[501,501],[-37,-27]],[[464,474],[-60,18],[-36,-85],[-51,-14],[-65,62]],[[252,455],[5,106]],[[575,313],[-86,93],[-25,68]],[[979,298],[-39,-183]],[[893,134],[-105,55]],[[252,455],[-29,-2],[-11,63],[-38,67],[-97,25],[-77,51],[72,78],[35,4],[172,-40]],[[866,42],[-60,-19],[-62,19],[7,71]]],"transform":{"scale":[0.00012584704199225527,0.00009038890958166762],"translate":[123.89187304400002,10.432381109000062]},"objects":{"bgysubmuns-municity-702218000":{"type":"GeometryCollection","geometries":[{"arcs":[[0,1,2,3,4,5]],"type":"Polygon","properties":{"adm1_psgc":700000000,"adm2_psgc":702200000,"adm3_psgc":702218000,"adm4_psgc":702218001,"adm4_en":"Bagalnga","geo_level":"Bgy","len_crs":7559,"area_crs":2751060,"len_km":7,"area_km2":2},"id":702218001},{"arcs":[[-5,6,7,8,9]],"type":"Polygon","properties":{"adm1_psgc":700000000,"adm2_psgc":702200000,"adm3_psgc":702218000,"adm4_psgc":702218002,"adm4_en":"Basak","geo_level":"Bgy","len_crs":8837,"area_crs":4116255,"len_km":8,"area_km2":4},"id":702218002},{"arcs":[[10,11,12,-1,13]],"type":"Polygon","properties":{"adm1_psgc":700000000,"adm2_psgc":702200000,"adm3_psgc":702218000,"adm4_psgc":702218003,"adm4_en":"Buluang","geo_level":"Bgy","len_crs":8121,"area_crs":3103492,"len_km":8,"area_km2":3},"id":702218003},{"arcs":[[14,15,16,17,18,19]],"type":"Polygon","properties":{"adm1_psgc":700000000,"adm2_psgc":702200000,"adm3_psgc":702218000,"adm4_psgc":702218004,"adm4_en":"Cabadiangan","geo_level":"Bgy","len_crs":10696,"area_crs":3590000,"len_km":10,"area_km2":3},"id":702218004},{"arcs":[[20,21,-20,22,-3]],"type":"Polygon","properties":{"adm1_psgc":700000000,"adm2_psgc":702200000,"adm3_psgc":702218000,"adm4_psgc":702218005,"adm4_en":"Cambayog","geo_level":"Bgy","len_crs":6456,"area_crs":1946065,"len_km":6,"area_km2":1},"id":702218005},{"arcs":[[23,24,25,26,-12,27]],"type":"Polygon","properties":{"adm1_psgc":700000000,"adm2_psgc":702200000,"adm3_psgc":702218000,"adm4_psgc":702218006,"adm4_en":"Canamucan","geo_level":"Bgy","len_crs":7869,"area_crs":1596914,"len_km":7,"area_km2":1},"id":702218006},{"arcs":[[28,-15,-22,29,-26]],"type":"Polygon","properties":{"adm1_psgc":700000000,"adm2_psgc":702200000,"adm3_psgc":702218000,"adm4_psgc":702218007,"adm4_en":"Cogon","geo_level":"Bgy","len_crs":8130,"area_crs":3628526,"len_km":8,"area_km2":3},"id":702218007},{"arcs":[[30,31,32,33]],"type":"Polygon","properties":{"adm1_psgc":700000000,"adm2_psgc":702200000,"adm3_psgc":702218000,"adm4_psgc":702218008,"adm4_en":"Dapdap","geo_level":"Bgy","len_crs":6214,"area_crs":2209757,"len_km":6,"area_km2":2},"id":702218008},{"arcs":[[34,35,36]],"type":"Polygon","properties":{"adm1_psgc":700000000,"adm2_psgc":702200000,"adm3_psgc":702218000,"adm4_psgc":702218009,"adm4_en":"Estaca","geo_level":"Bgy","len_crs":6369,"area_crs":1211260,"len_km":6,"area_km2":1},"id":702218009},{"arcs":[[-9,37,-31,38]],"type":"Polygon","properties":{"adm1_psgc":700000000,"adm2_psgc":702200000,"adm3_psgc":702218000,"adm4_psgc":702218010,"adm4_en":"Lupa","geo_level":"Bgy","len_crs":7377,"area_crs":3419586,"len_km":7,"area_km2":3},"id":702218010},{"arcs":[[-28,-11,39]],"type":"Polygon","properties":{"adm1_psgc":700000000,"adm2_psgc":702200000,"adm3_psgc":702218000,"adm4_psgc":702218011,"adm4_en":"Magay","geo_level":"Bgy","len_crs":4468,"area_crs":991211,"len_km":4,"area_km2":0},"id":702218011},{"arcs":[[-8,40,41,42,-32,-38]],"type":"Polygon","properties":{"adm1_psgc":700000000,"adm2_psgc":702200000,"adm3_psgc":702218000,"adm4_psgc":702218012,"adm4_en":"Mulao","geo_level":"Bgy","len_crs":11369,"area_crs":4299113,"len_km":11,"area_km2":4},"id":702218012},{"arcs":[[-4,-23,-19,43,-41,-7]],"type":"Polygon","properties":{"adm1_psgc":700000000,"adm2_psgc":702200000,"adm3_psgc":702218000,"adm4_psgc":702218013,"adm4_en":"Panangban","geo_level":"Bgy","len_crs":8811,"area_crs":3552409,"len_km":8,"area_km2":3},"id":702218013},{"arcs":[[44,-37,45,-16,-29,-25]],"type":"Polygon","properties":{"adm1_psgc":700000000,"adm2_psgc":702200000,"adm3_psgc":702218000,"adm4_psgc":702218014,"adm4_en":"Poblacion","geo_level":"Bgy","len_crs":9417,"area_crs":1837902,"len_km":9,"area_km2":1},"id":702218014},{"arcs":[[-33,-43,46]],"type":"Polygon","properties":{"adm1_psgc":700000000,"adm2_psgc":702200000,"adm3_psgc":702218000,"adm4_psgc":702218015,"adm4_en":"Tag-ube","geo_level":"Bgy","len_crs":11193,"area_crs":5031870,"len_km":11,"area_km2":5},"id":702218015},{"arcs":[[-36,47,-17,-46]],"type":"Polygon","properties":{"adm1_psgc":700000000,"adm2_psgc":702200000,"adm3_psgc":702218000,"adm4_psgc":702218016,"adm4_en":"Tamiao","geo_level":"Bgy","len_crs":7475,"area_crs":2252703,"len_km":7,"area_km2":2},"id":702218016},{"arcs":[[-27,-30,-21,-2,-13]],"type":"Polygon","properties":{"adm1_psgc":700000000,"adm2_psgc":702200000,"adm3_psgc":702218000,"adm4_psgc":702218017,"adm4_en":"Tubigan","geo_level":"Bgy","len_crs":6906,"area_crs":1863857,"len_km":6,"area_km2":1},"id":702218017}]}}}