{"type":"Topology","arcs":[[[350,419],[-27,-100]],[[323,319],[-81,136],[-20,40]],[[222,495],[44,34],[30,8]],[[296,537],[19,-37],[38,-37],[-3,-44]],[[1000,348],[-39,-16],[-37,-51],[-24,-51],[5,-64],[-98,-77]],[[807,89],[6,171],[37,35]],[[850,295],[74,111]],[[924,406],[76,-58]],[[850,295],[-53,86],[-2,24]],[[795,405],[41,20],[-64,47]],[[772,472],[44,35]],[[816,507],[76,-54],[32,-47]],[[556,580],[26,-52],[-20,-43],[27,-114],[-93,-239]],[[496,132],[-112,61]],[[384,193],[96,262],[0,5]],[[480,460],[-3,81],[-16,24]],[[461,565],[95,15]],[[928,70],[-78,-30]],[[850,40],[80,101],[105,49],[30,33]],[[1065,223],[78,-35],[-30,-25],[-90,-5],[-31,-16],[-64,-72]],[[403,453],[-53,-34]],[[296,537],[69,12]],[[365,549],[11,-51],[27,-45]],[[480,460],[-37,18],[-33,-2],[-7,-23]],[[365,549],[69,6],[27,10]],[[1082,256],[-17,-33]],[[850,40],[-104,-40],[-30,17]],[[716,17],[91,72]],[[1000,348],[38,-66],[44,-26]],[[244,267],[-210,26],[-34,14],[19,31],[26,15],[-15,34],[73,51]],[[103,438],[141,-171]],[[795,405],[-29,-3],[-37,-28],[-5,-42],[-25,-21],[8,-45],[-52,-218]],[[655,48],[-94,54]],[[561,102],[94,287],[24,31],[35,20],[13,42],[45,-10]],[[561,102],[-65,30]],[[556,580],[110,-9],[150,-64]],[[716,17],[-61,31]],[[384,193],[-77,43]],[[307,236],[16,83]],[[1082,256],[35,3],[70,-40],[37,-34],[11,-32],[-94,-13],[-53,12],[-33,-8],[-24,-46],[-32,0],[-71,-28]],[[307,236],[-63,31]],[[103,438],[70,13],[49,44]]],"transform":{"scale":[0.00011425400404857003,0.00013855716551729153],"translate":[124.63909025300006,9.177520021000023]},"objects":{"bgysubmuns-municity-1001804000":{"type":"GeometryCollection","geometries":[{"arcs":[[0,1,2,3]],"type":"Polygon","properties":{"adm1_psgc":1000000000,"adm2_psgc":1001800000,"adm3_psgc":1001804000,"adm4_psgc":1001804001,"adm4_en":"Agoho","geo_level":"Bgy","len_crs":7810,"area_crs":2771489,"len_km":7,"area_km2":2},"id":1001804001},{"arcs":[[4,5,6,7]],"type":"Polygon","properties":{"adm1_psgc":1000000000,"adm2_psgc":1001800000,"adm3_psgc":1001804000,"adm4_psgc":1001804002,"adm4_en":"Anito","geo_level":"Bgy","len_crs":11794,"area_crs":4551323,"len_km":11,"area_km2":4},"id":1001804002},{"arcs":[[-7,8,9,10,11]],"type":"Polygon","properties":{"adm1_psgc":1000000000,"adm2_psgc":1001800000,"adm3_psgc":1001804000,"adm4_psgc":1001804003,"adm4_en":"Balbagon","geo_level":"Bgy","len_crs":9208,"area_crs":2966726,"len_km":9,"area_km2":2},"id":1001804003},{"arcs":[[12,13,14,15,16]],"type":"Polygon","properties":{"adm1_psgc":1000000000,"adm2_psgc":1001800000,"adm3_psgc":1001804000,"adm4_psgc":1001804004,"adm4_en":"Baylao","geo_level":"Bgy","len_crs":16289,"area_crs":9390139,"len_km":16,"area_km2":9},"id":1001804004},{"arcs":[[17,18,19]],"type":"Polygon","properties":{"adm1_psgc":1000000000,"adm2_psgc":1001800000,"adm3_psgc":1001804000,"adm4_psgc":1001804005,"adm4_en":"Benhaan","geo_level":"Bgy","len_crs":9814,"area_crs":2166115,"len_km":9,"area_km2":2},"id":1001804005},{"arcs":[[20,-4,21,22]],"type":"Polygon","properties":{"adm1_psgc":1000000000,"adm2_psgc":1001800000,"adm3_psgc":1001804000,"adm4_psgc":1001804006,"adm4_en":"Bug-ong","geo_level":"Bgy","len_crs":5357,"area_crs":1174336,"len_km":5,"area_km2":1},"id":1001804006},{"arcs":[[-16,23,-23,24]],"type":"Polygon","properties":{"adm1_psgc":1000000000,"adm2_psgc":1001800000,"adm3_psgc":1001804000,"adm4_psgc":1001804007,"adm4_en":"Kuguita","geo_level":"Bgy","len_crs":5969,"area_crs":1647850,"len_km":5,"area_km2":1},"id":1001804007},{"arcs":[[25,-19,26,27,-5,28]],"type":"Polygon","properties":{"adm1_psgc":1000000000,"adm2_psgc":1001800000,"adm3_psgc":1001804000,"adm4_psgc":1001804008,"adm4_en":"Magting","geo_level":"Bgy","len_crs":15034,"area_crs":6556647,"len_km":15,"area_km2":6},"id":1001804008},{"arcs":[[29,30]],"type":"Polygon","properties":{"adm1_psgc":1000000000,"adm2_psgc":1001800000,"adm3_psgc":1001804000,"adm4_psgc":1001804009,"adm4_en":"Naasag","geo_level":"Bgy","len_crs":9690,"area_crs":3939042,"len_km":9,"area_km2":3},"id":1001804009},{"arcs":[[-10,31,32,33]],"type":"Polygon","properties":{"adm1_psgc":1000000000,"adm2_psgc":1001800000,"adm3_psgc":1001804000,"adm4_psgc":1001804010,"adm4_en":"Pandan","geo_level":"Bgy","len_crs":16755,"area_crs":7424943,"len_km":16,"area_km2":7},"id":1001804010},{"arcs":[[-11,-34,34,-13,35]],"type":"Polygon","properties":{"adm1_psgc":1000000000,"adm2_psgc":1001800000,"adm3_psgc":1001804000,"adm4_psgc":1001804011,"adm4_en":"Poblacion","geo_level":"Bgy","len_crs":20493,"area_crs":9126432,"len_km":20,"area_km2":9},"id":1001804011},{"arcs":[[-9,-6,-28,36,-32]],"type":"Polygon","properties":{"adm1_psgc":1000000000,"adm2_psgc":1001800000,"adm3_psgc":1001804000,"adm4_psgc":1001804015,"adm4_en":"Soro-soro","geo_level":"Bgy","len_crs":14266,"area_crs":8105478,"len_km":14,"area_km2":8},"id":1001804015},{"arcs":[[-15,37,38,-1,-21,-24]],"type":"Polygon","properties":{"adm1_psgc":1000000000,"adm2_psgc":1001800000,"adm3_psgc":1001804000,"adm4_psgc":1001804016,"adm4_en":"Tagdo","geo_level":"Bgy","len_crs":10514,"area_crs":5073107,"len_km":10,"area_km2":5},"id":1001804016},{"arcs":[[-20,-26,39]],"type":"Polygon","properties":{"adm1_psgc":1000000000,"adm2_psgc":1001800000,"adm3_psgc":1001804000,"adm4_psgc":1001804017,"adm4_en":"Tupsan","geo_level":"Bgy","len_crs":13280,"area_crs":3059936,"len_km":13,"area_km2":3},"id":1001804017},{"arcs":[[-39,40,-31,41,-2]],"type":"Polygon","properties":{"adm1_psgc":1000000000,"adm2_psgc":1001800000,"adm3_psgc":1001804000,"adm4_psgc":1001804018,"adm4_en":"Yumbing","geo_level":"Bgy","len_crs":10865,"area_crs":4827977,"len_km":10,"area_km2":4},"id":1001804018}]}}}