{"type":"Topology","arcs":[[[88,312],[27,-50]],[[115,262],[-4,-67]],[[111,195],[5,-122]],[[116,73],[-8,-26]],[[108,47],[-108,206],[88,59]],[[239,203],[24,-60]],[[263,143],[-39,-32]],[[224,111],[-49,81]],[[175,192],[17,16]],[[192,208],[47,-5]],[[555,315],[72,-132],[-43,-74]],[[584,109],[-76,42],[-50,79]],[[458,230],[10,84]],[[468,314],[41,14]],[[509,328],[46,-13]],[[412,361],[56,-47]],[[458,230],[-70,132]],[[388,362],[-3,7]],[[385,369],[9,15]],[[394,384],[18,-23]],[[230,335],[38,-40]],[[268,295],[10,-17]],[[278,278],[-57,-28]],[[221,250],[-70,78]],[[151,328],[79,7]],[[293,309],[-25,-14]],[[230,335],[21,28]],[[251,363],[42,-54]],[[221,250],[18,-47]],[[192,208],[-77,54]],[[88,312],[63,16]],[[175,192],[-64,3]],[[388,362],[-37,-21]],[[351,341],[-45,8]],[[306,349],[-13,41]],[[293,390],[-3,30]],[[290,420],[95,-51]],[[224,111],[-14,-15]],[[210,96],[-94,-23]],[[584,109],[-38,-63],[-136,-27]],[[410,19],[-93,111]],[[317,130],[25,41]],[[342,171],[19,49]],[[361,220],[61,-3]],[[422,217],[36,13]],[[509,328],[-20,60]],[[489,388],[74,92]],[[563,480],[-8,-165]],[[306,349],[49,-34]],[[355,315],[67,-98]],[[361,220],[-68,89]],[[251,363],[42,27]],[[355,315],[-4,26]],[[342,171],[-64,107]],[[410,19],[-133,7]],[[277,26],[-67,70]],[[263,143],[54,-13]],[[412,361],[77,27]],[[290,420],[50,45]],[[340,465],[54,-81]],[[340,465],[77,70],[146,-55]],[[277,26],[-62,-26],[-107,47]]],"transform":{"scale":[0.00015812504625213036,0.00015807410841123902],"translate":[121.60622365200004,16.898007996000047]},"objects":{"bgysubmuns-municity-203107000":{"type":"GeometryCollection","geometries":[{"arcs":[[0,1,2,3,4]],"type":"Polygon","properties":{"adm1_psgc":200000000,"adm2_psgc":203100000,"adm3_psgc":203107000,"adm4_psgc":203107001,"adm4_en":"Rang-ay","geo_level":"Bgy","len_crs":11653,"area_crs":4323893,"len_km":11,"area_km2":4},"id":203107001},{"arcs":[[5,6,7,8,9]],"type":"Polygon","properties":{"adm1_psgc":200000000,"adm2_psgc":203100000,"adm3_psgc":203107000,"adm4_psgc":203107002,"adm4_en":"Calaocan","geo_level":"Bgy","len_crs":4984,"area_crs":1425160,"len_km":4,"area_km2":1},"id":203107002},{"arcs":[[10,11,12,13,14]],"type":"Polygon","properties":{"adm1_psgc":200000000,"adm2_psgc":203100000,"adm3_psgc":203107000,"adm4_psgc":203107003,"adm4_en":"Canan","geo_level":"Bgy","len_crs":11534,"area_crs":5505839,"len_km":11,"area_km2":5},"id":203107003},{"arcs":[[15,-13,16,17,18,19]],"type":"Polygon","properties":{"adm1_psgc":200000000,"adm2_psgc":203100000,"adm3_psgc":203107000,"adm4_psgc":203107004,"adm4_en":"Centro","geo_level":"Bgy","len_crs":7479,"area_crs":1774765,"len_km":7,"area_km2":1},"id":203107004},{"arcs":[[20,21,22,23,24]],"type":"Polygon","properties":{"adm1_psgc":200000000,"adm2_psgc":203100000,"adm3_psgc":203107000,"adm4_psgc":203107005,"adm4_en":"Culing Centro","geo_level":"Bgy","len_crs":5915,"area_crs":1568438,"len_km":5,"area_km2":1},"id":203107005},{"arcs":[[25,-21,26,27]],"type":"Polygon","properties":{"adm1_psgc":200000000,"adm2_psgc":203100000,"adm3_psgc":203107000,"adm4_psgc":203107006,"adm4_en":"Culing East","geo_level":"Bgy","len_crs":3501,"area_crs":692849,"len_km":3,"area_km2":0},"id":203107006},{"arcs":[[28,-10,29,-1,30,-24]],"type":"Polygon","properties":{"adm1_psgc":200000000,"adm2_psgc":203100000,"adm3_psgc":203107000,"adm4_psgc":203107007,"adm4_en":"Culing West","geo_level":"Bgy","len_crs":7797,"area_crs":2325993,"len_km":7,"area_km2":2},"id":203107007},{"arcs":[[-9,31,-2,-30]],"type":"Polygon","properties":{"adm1_psgc":200000000,"adm2_psgc":203100000,"adm3_psgc":203107000,"adm4_psgc":203107008,"adm4_en":"Del Corpuz","geo_level":"Bgy","len_crs":5225,"area_crs":1728733,"len_km":5,"area_km2":1},"id":203107008},{"arcs":[[-18,32,33,34,35,36]],"type":"Polygon","properties":{"adm1_psgc":200000000,"adm2_psgc":203100000,"adm3_psgc":203107000,"adm4_psgc":203107009,"adm4_en":"Del Pilar","geo_level":"Bgy","len_crs":5126,"area_crs":1213227,"len_km":5,"area_km2":1},"id":203107009},{"arcs":[[-8,37,38,-3,-32]],"type":"Polygon","properties":{"adm1_psgc":200000000,"adm2_psgc":203100000,"adm3_psgc":203107000,"adm4_psgc":203107010,"adm4_en":"Diamantina","geo_level":"Bgy","len_crs":8136,"area_crs":3319588,"len_km":8,"area_km2":3},"id":203107010},{"arcs":[[39,40,41,42,43,44,-12]],"type":"Polygon","properties":{"adm1_psgc":200000000,"adm2_psgc":203100000,"adm3_psgc":203107000,"adm4_psgc":203107011,"adm4_en":"La Paz","geo_level":"Bgy","len_crs":13685,"area_crs":10394620,"len_km":13,"area_km2":10},"id":203107011},{"arcs":[[-15,45,46,47]],"type":"Polygon","properties":{"adm1_psgc":200000000,"adm2_psgc":203100000,"adm3_psgc":203107000,"adm4_psgc":203107012,"adm4_en":"Luzon","geo_level":"Bgy","len_crs":7182,"area_crs":2866779,"len_km":7,"area_km2":2},"id":203107012},{"arcs":[[48,49,-44,50,-28,51,-35]],"type":"Polygon","properties":{"adm1_psgc":200000000,"adm2_psgc":203100000,"adm3_psgc":203107000,"adm4_psgc":203107013,"adm4_en":"Macalaoat","geo_level":"Bgy","len_crs":9384,"area_crs":2615131,"len_km":9,"area_km2":2},"id":203107013},{"arcs":[[-45,-50,52,-33,-17]],"type":"Polygon","properties":{"adm1_psgc":200000000,"adm2_psgc":203100000,"adm3_psgc":203107000,"adm4_psgc":203107014,"adm4_en":"Magdalena","geo_level":"Bgy","len_crs":6734,"area_crs":1954260,"len_km":6,"area_km2":1},"id":203107014},{"arcs":[[-43,53,-22,-26,-51]],"type":"Polygon","properties":{"adm1_psgc":200000000,"adm2_psgc":203100000,"adm3_psgc":203107000,"adm4_psgc":203107015,"adm4_en":"Magsaysay","geo_level":"Bgy","len_crs":6195,"area_crs":1216870,"len_km":6,"area_km2":1},"id":203107015},{"arcs":[[-41,54,55,-38,-7,56]],"type":"Polygon","properties":{"adm1_psgc":200000000,"adm2_psgc":203100000,"adm3_psgc":203107000,"adm4_psgc":203107016,"adm4_en":"Namnama","geo_level":"Bgy","len_crs":10066,"area_crs":5091203,"len_km":10,"area_km2":5},"id":203107016},{"arcs":[[-42,-57,-6,-29,-23,-54]],"type":"Polygon","properties":{"adm1_psgc":200000000,"adm2_psgc":203100000,"adm3_psgc":203107000,"adm4_psgc":203107017,"adm4_en":"Nueva Era","geo_level":"Bgy","len_crs":7490,"area_crs":3122695,"len_km":7,"area_km2":3},"id":203107017},{"arcs":[[-53,-49,-34]],"type":"Polygon","properties":{"adm1_psgc":200000000,"adm2_psgc":203100000,"adm3_psgc":203107000,"adm4_psgc":203107018,"adm4_en":"Paraiso","geo_level":"Bgy","len_crs":3059,"area_crs":471568,"len_km":3,"area_km2":0},"id":203107018},{"arcs":[[-14,-16,57,-46]],"type":"Polygon","properties":{"adm1_psgc":200000000,"adm2_psgc":203100000,"adm3_psgc":203107000,"adm4_psgc":203107019,"adm4_en":"Sampaloc","geo_level":"Bgy","len_crs":4936,"area_crs":1378169,"len_km":4,"area_km2":1},"id":203107019},{"arcs":[[-19,-37,58,59]],"type":"Polygon","properties":{"adm1_psgc":200000000,"adm2_psgc":203100000,"adm3_psgc":203107000,"adm4_psgc":203107020,"adm4_en":"San Andres","geo_level":"Bgy","len_crs":5120,"area_crs":933679,"len_km":5,"area_km2":0},"id":203107020},{"arcs":[[-47,-58,-20,-60,60]],"type":"Polygon","properties":{"adm1_psgc":200000000,"adm2_psgc":203100000,"adm3_psgc":203107000,"adm4_psgc":203107021,"adm4_en":"Saranay","geo_level":"Bgy","len_crs":10746,"area_crs":7123425,"len_km":10,"area_km2":7},"id":203107021},{"arcs":[[-56,61,-4,-39]],"type":"Polygon","properties":{"adm1_psgc":200000000,"adm2_psgc":203100000,"adm3_psgc":203107000,"adm4_psgc":203107022,"adm4_en":"Tandul","geo_level":"Bgy","len_crs":7509,"area_crs":2860435,"len_km":7,"area_km2":2},"id":203107022}]}}}