{"type":"Topology","arcs":[[[520,488],[-105,0]],[[415,488],[13,29]],[[428,517],[9,14]],[[437,531],[6,29]],[[443,560],[86,41]],[[529,601],[-9,-113]],[[392,299],[-84,-6]],[[308,293],[-24,57]],[[284,350],[18,50]],[[302,400],[155,27]],[[457,427],[-65,-128]],[[146,572],[18,-101]],[[164,471],[30,-112]],[[194,359],[-121,-4]],[[73,355],[29,275]],[[102,630],[44,-58]],[[214,211],[52,-144]],[[266,67],[-91,-67],[-119,231]],[[56,231],[116,6]],[[172,237],[42,-26]],[[308,293],[-6,-23]],[[302,270],[-88,-59]],[[172,237],[22,122]],[[194,359],[90,-9]],[[383,555],[-12,-19]],[[371,536],[-15,-13]],[[356,523],[-78,-31]],[[278,492],[-40,54]],[[238,546],[132,53]],[[370,599],[13,-44]],[[432,311],[30,-62]],[[462,249],[-3,-3]],[[459,246],[-141,-7]],[[318,239],[-16,31]],[[392,299],[40,12]],[[462,811],[-111,-183]],[[351,628],[-29,-3]],[[322,625],[3,132],[61,83],[76,-29]],[[432,311],[159,75]],[[591,386],[41,-47],[-170,-90]],[[56,231],[-56,40],[73,84]],[[459,246],[6,-38],[-126,-58]],[[339,150],[-21,89]],[[238,546],[-8,23]],[[230,569],[92,56]],[[351,628],[19,-29]],[[431,560],[12,0]],[[437,531],[-21,4]],[[416,535],[-31,-11]],[[385,524],[-14,12]],[[383,555],[48,5]],[[416,535],[-30,-12]],[[386,523],[-1,1]],[[386,523],[4,-6]],[[390,517],[-14,-8]],[[376,509],[-20,14]],[[428,517],[-38,0]],[[415,488],[-64,1]],[[351,489],[25,20]],[[73,355],[-38,16],[-27,141],[23,112],[71,6]],[[537,461],[13,-21]],[[550,440],[-93,-13]],[[302,400],[18,44]],[[320,444],[26,38]],[[346,482],[40,-22],[151,1]],[[351,489],[-5,-7]],[[320,444],[-42,48]],[[238,546],[-74,-75]],[[146,572],[84,-3]],[[462,723],[-31,-163]],[[462,811],[0,-88]],[[339,150],[-73,-83]],[[462,723],[84,-9],[-17,-113]],[[520,488],[17,-27]],[[550,440],[41,-54]]],"transform":{"scale":[0.0003227150949367316,0.0003215460880952079],"translate":[125.85113393800007,8.338962286000026]},"objects":{"bgysubmuns-municity-1600308000":{"type":"GeometryCollection","geometries":[{"arcs":[[0,1,2,3,4,5]],"type":"Polygon","properties":{"adm1_psgc":1600000000,"adm2_psgc":1600300000,"adm3_psgc":1600308000,"adm4_psgc":1600308001,"adm4_en":"Alegria","geo_level":"Bgy","len_crs":14393,"area_crs":9487493,"len_km":14,"area_km2":9},"id":1600308001},{"arcs":[[6,7,8,9,10]],"type":"Polygon","properties":{"adm1_psgc":1600000000,"adm2_psgc":1600300000,"adm3_psgc":1600308000,"adm4_psgc":1600308002,"adm4_en":"Bayugan 2","geo_level":"Bgy","len_crs":20772,"area_crs":19100509,"len_km":20,"area_km2":19},"id":1600308002},{"arcs":[[11,12,13,14,15]],"type":"Polygon","properties":{"adm1_psgc":1600000000,"adm2_psgc":1600300000,"adm3_psgc":1600308000,"adm4_psgc":1600308003,"adm4_en":"Borbon","geo_level":"Bgy","len_crs":24532,"area_crs":22817285,"len_km":24,"area_km2":22},"id":1600308003},{"arcs":[[16,17,18,19]],"type":"Polygon","properties":{"adm1_psgc":1600000000,"adm2_psgc":1600300000,"adm3_psgc":1600308000,"adm4_psgc":1600308005,"adm4_en":"Caimpugan","geo_level":"Bgy","len_crs":24740,"area_crs":32944025,"len_km":24,"area_km2":32},"id":1600308005},{"arcs":[[-8,20,21,-20,22,23]],"type":"Polygon","properties":{"adm1_psgc":1600000000,"adm2_psgc":1600300000,"adm3_psgc":1600308000,"adm4_psgc":1600308006,"adm4_en":"Ebro","geo_level":"Bgy","len_crs":22786,"area_crs":18873979,"len_km":22,"area_km2":18},"id":1600308006},{"arcs":[[24,25,26,27,28,29]],"type":"Polygon","properties":{"adm1_psgc":1600000000,"adm2_psgc":1600300000,"adm3_psgc":1600308000,"adm4_psgc":1600308007,"adm4_en":"Hubang","geo_level":"Bgy","len_crs":14539,"area_crs":9342818,"len_km":14,"area_km2":9},"id":1600308007},{"arcs":[[30,31,32,33,-21,-7,34]],"type":"Polygon","properties":{"adm1_psgc":1600000000,"adm2_psgc":1600300000,"adm3_psgc":1600308000,"adm4_psgc":1600308008,"adm4_en":"Lapinigan","geo_level":"Bgy","len_crs":15326,"area_crs":11206980,"len_km":15,"area_km2":11},"id":1600308008},{"arcs":[[35,36,37]],"type":"Polygon","properties":{"adm1_psgc":1600000000,"adm2_psgc":1600300000,"adm3_psgc":1600308000,"adm4_psgc":1600308009,"adm4_en":"Lucac","geo_level":"Bgy","len_crs":20203,"area_crs":18479816,"len_km":20,"area_km2":18},"id":1600308009},{"arcs":[[-31,38,39]],"type":"Polygon","properties":{"adm1_psgc":1600000000,"adm2_psgc":1600300000,"adm3_psgc":1600308000,"adm4_psgc":1600308010,"adm4_en":"Mate","geo_level":"Bgy","len_crs":19271,"area_crs":16092548,"len_km":19,"area_km2":16},"id":1600308010},{"arcs":[[-19,40,-14,-23]],"type":"Polygon","properties":{"adm1_psgc":1600000000,"adm2_psgc":1600300000,"adm3_psgc":1600308000,"adm4_psgc":1600308011,"adm4_en":"New Visayas","geo_level":"Bgy","len_crs":19662,"area_crs":22358156,"len_km":19,"area_km2":22},"id":1600308011},{"arcs":[[41,42,-33]],"type":"Polygon","properties":{"adm1_psgc":1600000000,"adm2_psgc":1600300000,"adm3_psgc":1600308000,"adm4_psgc":1600308012,"adm4_en":"Pasta","geo_level":"Bgy","len_crs":15961,"area_crs":12748644,"len_km":15,"area_km2":12},"id":1600308012},{"arcs":[[-29,43,44,-37,45]],"type":"Polygon","properties":{"adm1_psgc":1600000000,"adm2_psgc":1600300000,"adm3_psgc":1600308000,"adm4_psgc":1600308013,"adm4_en":"Pisa-an","geo_level":"Bgy","len_crs":13562,"area_crs":7724358,"len_km":13,"area_km2":7},"id":1600308013},{"arcs":[[46,-4,47,48,49,-25,50]],"type":"Polygon","properties":{"adm1_psgc":1600000000,"adm2_psgc":1600300000,"adm3_psgc":1600308000,"adm4_psgc":1600308015,"adm4_en":"Barangay 1","geo_level":"Bgy","len_crs":7297,"area_crs":2114993,"len_km":7,"area_km2":2},"id":1600308015},{"arcs":[[51,52,-49]],"type":"Polygon","properties":{"adm1_psgc":1600000000,"adm2_psgc":1600300000,"adm3_psgc":1600308000,"adm4_psgc":1600308016,"adm4_en":"Barangay 2","geo_level":"Bgy","len_crs":2839,"area_crs":317460,"len_km":2,"area_km2":0},"id":1600308016},{"arcs":[[-53,53,54,55,-26,-50]],"type":"Polygon","properties":{"adm1_psgc":1600000000,"adm2_psgc":1600300000,"adm3_psgc":1600308000,"adm4_psgc":1600308017,"adm4_en":"Barangay 3","geo_level":"Bgy","len_crs":3169,"area_crs":615028,"len_km":3,"area_km2":0},"id":1600308017},{"arcs":[[-3,56,-54,-52,-48]],"type":"Polygon","properties":{"adm1_psgc":1600000000,"adm2_psgc":1600300000,"adm3_psgc":1600308000,"adm4_psgc":1600308018,"adm4_en":"Barangay 4","geo_level":"Bgy","len_crs":4581,"area_crs":668955,"len_km":4,"area_km2":0},"id":1600308018},{"arcs":[[57,58,-55,-57,-2]],"type":"Polygon","properties":{"adm1_psgc":1600000000,"adm2_psgc":1600300000,"adm3_psgc":1600308000,"adm4_psgc":1600308019,"adm4_en":"Barangay 5","geo_level":"Bgy","len_crs":6635,"area_crs":2171833,"len_km":6,"area_km2":2},"id":1600308019},{"arcs":[[-15,59]],"type":"Polygon","properties":{"adm1_psgc":1600000000,"adm2_psgc":1600300000,"adm3_psgc":1600308000,"adm4_psgc":1600308020,"adm4_en":"Rizal","geo_level":"Bgy","len_crs":23396,"area_crs":23435866,"len_km":23,"area_km2":23},"id":1600308020},{"arcs":[[60,61,-10,62,63,64]],"type":"Polygon","properties":{"adm1_psgc":1600000000,"adm2_psgc":1600300000,"adm3_psgc":1600308000,"adm4_psgc":1600308021,"adm4_en":"San Isidro","geo_level":"Bgy","len_crs":20834,"area_crs":13389585,"len_km":20,"area_km2":13},"id":1600308021},{"arcs":[[-56,-59,65,-64,66,-27]],"type":"Polygon","properties":{"adm1_psgc":1600000000,"adm2_psgc":1600300000,"adm3_psgc":1600308000,"adm4_psgc":1600308022,"adm4_en":"Santa Ana","geo_level":"Bgy","len_crs":9426,"area_crs":4757875,"len_km":9,"area_km2":4},"id":1600308022},{"arcs":[[-44,67,-12,68]],"type":"Polygon","properties":{"adm1_psgc":1600000000,"adm2_psgc":1600300000,"adm3_psgc":1600308000,"adm4_psgc":1600308024,"adm4_en":"Tagapua","geo_level":"Bgy","len_crs":12218,"area_crs":7885505,"len_km":12,"area_km2":7},"id":1600308024},{"arcs":[[69,-51,-30,-46,-36,70]],"type":"Polygon","properties":{"adm1_psgc":1600000000,"adm2_psgc":1600300000,"adm3_psgc":1600308000,"adm4_psgc":1600308025,"adm4_en":"Bitan-agan","geo_level":"Bgy","len_crs":22953,"area_crs":20317341,"len_km":22,"area_km2":20},"id":1600308025},{"arcs":[[-34,-43,71,-17,-22]],"type":"Polygon","properties":{"adm1_psgc":1600000000,"adm2_psgc":1600300000,"adm3_psgc":1600308000,"adm4_psgc":1600308026,"adm4_en":"Buenasuerte","geo_level":"Bgy",