{"type":"Topology","arcs":[[[689,526],[-61,21]],[[628,547],[27,18]],[[655,565],[68,2]],[[723,567],[-34,-41]],[[719,595],[4,-28]],[[655,565],[64,30]],[[717,207],[-27,-169],[-95,59]],[[595,97],[59,85]],[[654,182],[38,26]],[[692,208],[25,-1]],[[576,269],[30,-20]],[[606,249],[-51,-136]],[[555,113],[-58,3]],[[497,116],[79,153]],[[738,454],[15,-88]],[[753,366],[-35,56]],[[718,422],[-29,92]],[[689,514],[49,-60]],[[616,425],[3,-3]],[[619,422],[-29,-19]],[[590,403],[-28,24]],[[562,427],[54,-2]],[[562,427],[41,80]],[[603,507],[17,13]],[[620,520],[-4,-95]],[[644,493],[-2,-74]],[[642,419],[3,-6]],[[645,413],[-14,-3]],[[631,410],[-12,12]],[[620,520],[24,-27]],[[639,256],[15,-74]],[[595,97],[-40,16]],[[606,249],[18,14]],[[624,263],[15,-7]],[[576,269],[-17,55]],[[559,324],[90,24]],[[649,348],[-25,-85]],[[501,325],[-128,-106],[-11,-143]],[[362,76],[-362,-76],[20,103],[114,227]],[[134,330],[246,25],[121,-30]],[[753,366],[13,-65]],[[766,301],[-85,-2]],[[681,299],[10,119]],[[691,418],[27,4]],[[590,403],[-35,-29]],[[555,374],[-54,-49]],[[134,330],[194,64],[157,118]],[[485,512],[77,-85]],[[681,299],[-12,-22]],[[669,277],[-6,-11]],[[663,266],[-24,-10]],[[649,348],[-4,65]],[[642,419],[49,-1]],[[561,347],[-2,-23]],[[497,116],[-135,-40]],[[555,374],[6,-27]],[[766,301],[-21,-44]],[[745,257],[-76,20]],[[745,257],[-28,-50]],[[692,208],[-29,58]],[[689,526],[0,-12]],[[689,514],[-45,-21]],[[620,520],[8,27]],[[719,595],[19,-141]],[[561,347],[70,63]],[[485,512],[118,-5]]],"transform":{"scale":[0.00029667776631859725,0.00026370073445375575],"translate":[120.18330680400005,15.488963045000048]},"objects":{"bgysubmuns-municity-306908000":{"type":"GeometryCollection","geometries":[{"arcs":[[0,1,2,3]],"type":"Polygon","properties":{"adm1_psgc":300000000,"adm2_psgc":306900000,"adm3_psgc":306908000,"adm4_psgc":306908001,"adm4_en":"Ambalingit","geo_level":"Bgy","len_crs":7269,"area_crs":1765812,"len_km":7,"area_km2":1},"id":306908001},{"arcs":[[4,-3,5]],"type":"Polygon","properties":{"adm1_psgc":300000000,"adm2_psgc":306900000,"adm3_psgc":306908000,"adm4_psgc":306908002,"adm4_en":"Baybayaoas","geo_level":"Bgy","len_crs":5547,"area_crs":1359219,"len_km":5,"area_km2":1},"id":306908002},{"arcs":[[6,7,8,9]],"type":"Polygon","properties":{"adm1_psgc":300000000,"adm2_psgc":306900000,"adm3_psgc":306908000,"adm4_psgc":306908003,"adm4_en":"Bigbiga","geo_level":"Bgy","len_crs":14090,"area_crs":10728187,"len_km":14,"area_km2":10},"id":306908003},{"arcs":[[10,11,12,13]],"type":"Polygon","properties":{"adm1_psgc":300000000,"adm2_psgc":306900000,"adm3_psgc":306908000,"adm4_psgc":306908004,"adm4_en":"Binbinaca","geo_level":"Bgy","len_crs":13343,"area_crs":8822942,"len_km":13,"area_km2":8},"id":306908004},{"arcs":[[14,15,16,17]],"type":"Polygon","properties":{"adm1_psgc":300000000,"adm2_psgc":306900000,"adm3_psgc":306908000,"adm4_psgc":306908005,"adm4_en":"Calabtangan","geo_level":"Bgy","len_crs":10596,"area_crs":4255048,"len_km":10,"area_km2":4},"id":306908005},{"arcs":[[18,19,20,21]],"type":"Polygon","properties":{"adm1_psgc":300000000,"adm2_psgc":306900000,"adm3_psgc":306908000,"adm4_psgc":306908006,"adm4_en":"Caocaoayan","geo_level":"Bgy","len_crs":5197,"area_crs":1305501,"len_km":5,"area_km2":1},"id":306908006},{"arcs":[[-22,22,23,24]],"type":"Polygon","properties":{"adm1_psgc":300000000,"adm2_psgc":306900000,"adm3_psgc":306908000,"adm4_psgc":306908007,"adm4_en":"Carabaoan","geo_level":"Bgy","len_crs":9054,"area_crs":3000255,"len_km":9,"area_km2":3},"id":306908007},{"arcs":[[25,26,27,28,-19,-25,29]],"type":"Polygon","properties":{"adm1_psgc":300000000,"adm2_psgc":306900000,"adm3_psgc":306908000,"adm4_psgc":306908008,"adm4_en":"Cubcub","geo_level":"Bgy","len_crs":8388,"area_crs":2056399,"len_km":8,"area_km2":2},"id":306908008},{"arcs":[[30,-8,31,-12,32,33]],"type":"Polygon","properties":{"adm1_psgc":300000000,"adm2_psgc":306900000,"adm3_psgc":306908000,"adm4_psgc":306908009,"adm4_en":"Gayonggayong","geo_level":"Bgy","len_crs":12852,"area_crs":7242352,"len_km":12,"area_km2":7},"id":306908009},{"arcs":[[-33,-11,34,35,36]],"type":"Polygon","properties":{"adm1_psgc":300000000,"adm2_psgc":306900000,"adm3_psgc":306908000,"adm4_psgc":306908010,"adm4_en":"Gossood","geo_level":"Bgy","len_crs":9567,"area_crs":4362859,"len_km":9,"area_km2":4},"id":306908010},{"arcs":[[37,38,39]],"type":"Polygon","properties":{"adm1_psgc":300000000,"adm2_psgc":306900000,"adm3_psgc":306908000,"adm4_psgc":306908011,"adm4_en":"Labney","geo_level":"Bgy","len_crs":44087,"area_crs":97150705,"len_km":44,"area_km2":97},"id":306908011},{"arcs":[[40,41,42,43,-16]],"type":"Polygon","properties":{"adm1_psgc":300000000,"adm2_psgc":306900000,"adm3_psgc":306908000,"adm4_psgc":306908012,"adm4_en":"Mamonit","geo_level":"Bgy","len_crs":11514,"area_crs":6934914,"len_km":11,"area_km2":6},"id":306908012},{"arcs":[[-21,44,45,-40,46,47]],"type":"Polygon","properties":{"adm1_psgc":300000000,"adm2_psgc":306900000,"adm3_psgc":306908000,"adm4_psgc":306908013,"adm4_en":"Maniniog","geo_level":"Bgy","len_crs":37121,"area_crs":26683462,"len_km":37,"area_km2":26},"id":306908013},{"arcs":[[-43,48,49,50,-34,-37,51,-27,52]],"type":"Polygon","properties":{"adm1_psgc":300000000,"adm2_psgc":306900000,"adm3_psgc":306908000,"adm4_psgc":306908014,"adm4_en":"Mapandan","geo_level":"Bgy","len_crs":12513,"area_crs":6343172,"len_km":12,"area_km2":6},"id":306908014},{"arcs":[[53,-35,-14,54,-38,-46,55]],"type":"Polygon","properties":{"adm1_psgc":300000000,"adm2_psgc":306900000,"adm3_psgc":306908000,"adm4_psgc":306908015,"adm4_en":"Nambalan","geo_level":"Bgy","len_crs":25367,"area_crs":27291616,"len_km":25,"area_km2":27},"id":306908015},{"arcs":[[56,57,-49,-42]],"type":"Polygon","properties":{"adm1_psgc":300000000,"adm2_psgc":306900000,"adm3_psgc":306908000,"adm4_psgc":306908016,"adm4_en":"Pedro L. Quines","geo_level":"Bgy","len_crs":7564,"area_crs":2641262,"len_km":7,"area_km2":2},"id":306908016},{"arcs":[[58,-10,59,-50,-58]],"type":"Polygon","properties":{"adm1_psgc":300000000,"adm2_psgc":306900000,"adm3_psgc":306908000,"adm4_psgc":306908017,"adm4_en":"Pitombayog","geo_level":"Bgy","len_crs":7889,"area_crs":3090437,"len_km":7,"area_km2":3},"id":306908017},{"arcs":[[60,61,-30,62,-1]],"type":"Polygon","properties":{"adm1_psgc":300000000,"adm2_psgc":306900000,"adm3_psgc":306908000,"adm4_psgc":306908018,"adm4_en":"Poblacion Norte","geo_level":"Bgy","len_crs":6229,"area_crs":2154019,"len_km":6,"area_km2":2},"id":306908018},{"arcs":[[-44,-53,-26,-62,-17]],"type":"Polygon","properties":{"adm1_psgc":300000000,"adm2_psgc":306900000,"adm3_psgc":306908000,"adm4_psgc":306908019,"adm4_en":"Poblacion Sur","geo_level":"Bgy","len_crs":9232,"area_crs":4119924,"len_km":9,"area_km2":4},"id":306908019},{"arcs":[[-18,-61,-4,-5,63]],"type":"Polygon","properties":{"adm1_psgc":300000000,"adm2_psgc":306900000,"adm3_psgc":306908000,"adm4_psgc":306908020,"adm4_en":"Rotrottooc","geo_level":"Bgy","len_crs":11606,"area_crs":2894506,"len_km":11,"area_km2":2},"id":306908020},{"arcs":[[-52,-36,-54,64,-28]],"type":"Polygon","properties":{"adm1_psgc":300000000,"adm2_psgc":306900000,"adm3_psgc":306908000,"adm4_psgc":306908021,"adm4_en":"San Bartolome","geo_level":"Bgy","len_crs":9303,"area_crs":4288568,"len_km":9,"area_km2":4},"id":306908021},{"arcs":[[-23,-48,65]],"type":"Polygon","properties":{"adm1_psgc":300000000,"adm2_psgc":306900000,"adm3_psgc":306908000,"adm4_psgc":306908022,"adm4_en":"San Jose","geo_level":"Bgy","len_crs":13415,"area_crs":7271295,"len_km":13,"area_km2":7},"id":306908022},{"arcs":[[-65,-56,-45,-20,-29]],"type":"Polygon","properties":{"adm1_psgc":300000000,"adm2_psgc":306900000,"adm3_psgc":306908000,"adm4_psgc":306908023,"adm4_en":"Taldiapan","geo_level":"Bgy","len_crs":7312,"area_crs":1740098,"len_km":7,"area_km2":1},"id":306908023},{"arcs":[[-9,-31,-51,-60]],"type":"Polygon","properties":{"adm1_psgc":300000000,"adm2_psgc":306900000,"adm3_psgc":306908000,"adm4_psgc":306908024,"adm4_en":"Tangcarang","geo_level":"Bgy","len_crs":6808,"area_crs":2889922,"len_km":6,"area_km2":2},