{"type":"Topology","arcs":[[[183,503],[37,-33]],[[220,470],[-7,-75]],[[213,395],[-8,-1]],[[205,394],[-73,7]],[[132,401],[-7,108]],[[125,509],[58,-6]],[[332,463],[77,-89]],[[409,374],[-13,-9]],[[396,365],[-111,-10]],[[285,355],[-72,40]],[[220,470],[112,-7]],[[401,296],[-19,-19]],[[382,277],[-92,5]],[[290,282],[-5,73]],[[396,365],[5,-69]],[[411,186],[-26,-51]],[[385,135],[-103,-6]],[[282,129],[-49,56]],[[233,185],[52,33]],[[285,218],[126,-32]],[[643,346],[-52,-57]],[[591,289],[-25,1]],[[566,290],[-86,41]],[[480,331],[40,51],[80,37]],[[600,419],[43,-73]],[[480,331],[-4,3]],[[476,334],[-24,81]],[[452,415],[93,38]],[[545,453],[55,-34]],[[591,289],[88,-82]],[[679,207],[-81,-52],[-73,18]],[[525,173],[-6,47]],[[519,220],[47,70]],[[67,271],[17,-83]],[[84,188],[-45,10]],[[39,198],[-3,85]],[[36,283],[31,-12]],[[525,173],[-52,-71]],[[473,102],[-61,-33]],[[412,69],[-27,66]],[[411,186],[28,12]],[[439,198],[80,22]],[[455,520],[-3,-105]],[[452,415],[-43,-41]],[[332,463],[24,62]],[[356,525],[99,-5]],[[277,248],[8,-30]],[[233,185],[-21,-2]],[[212,183],[-46,14]],[[166,197],[-18,123]],[[148,320],[129,-72]],[[183,503],[21,81]],[[204,584],[60,-47],[92,-12]],[[166,197],[-82,-9]],[[67,271],[28,78]],[[95,349],[53,-29]],[[389,9],[23,60]],[[473,102],[-15,-102],[-69,9]],[[82,562],[43,-53]],[[132,401],[-54,-3]],[[78,398],[-39,39]],[[39,437],[43,125]],[[82,562],[49,144],[73,-122]],[[205,394],[-57,-74]],[[95,349],[-17,49]],[[476,334],[-75,-38]],[[643,346],[36,-139]],[[439,198],[-57,79]],[[290,282],[-13,-34]],[[212,183],[-28,-80]],[[184,103],[-123,48],[-22,47]],[[389,9],[-134,46]],[[255,55],[27,74]],[[36,283],[-36,43],[39,111]],[[455,520],[90,-67]],[[255,55],[-71,48]]],"transform":{"scale":[0.0001684076082473481,0.00017183266855523983],"translate":[123.40494071200008,7.963388385000032]},"objects":{"bgysubmuns-municity-907323000":{"type":"GeometryCollection","geometries":[{"arcs":[[0,1,2,3,4,5]],"type":"Polygon","properties":{"adm1_psgc":900000000,"adm2_psgc":907300000,"adm3_psgc":907323000,"adm4_psgc":907323001,"adm4_en":"Bagong Opon","geo_level":"Bgy","len_crs":7260,"area_crs":3269379,"len_km":7,"area_km2":3},"id":907323001},{"arcs":[[6,7,8,9,-2,10]],"type":"Polygon","properties":{"adm1_psgc":900000000,"adm2_psgc":907300000,"adm3_psgc":907323000,"adm4_psgc":907323002,"adm4_en":"Bambong Daku","geo_level":"Bgy","len_crs":9909,"area_crs":5459445,"len_km":9,"area_km2":5},"id":907323002},{"arcs":[[11,12,13,-9,14]],"type":"Polygon","properties":{"adm1_psgc":900000000,"adm2_psgc":907300000,"adm3_psgc":907323000,"adm4_psgc":907323003,"adm4_en":"Bambong Diut","geo_level":"Bgy","len_crs":7321,"area_crs":2798802,"len_km":7,"area_km2":2},"id":907323003},{"arcs":[[15,16,17,18,19]],"type":"Polygon","properties":{"adm1_psgc":900000000,"adm2_psgc":907300000,"adm3_psgc":907323000,"adm4_psgc":907323004,"adm4_en":"Bobongan","geo_level":"Bgy","len_crs":9806,"area_crs":3583063,"len_km":9,"area_km2":3},"id":907323004},{"arcs":[[20,21,22,23,24]],"type":"Polygon","properties":{"adm1_psgc":900000000,"adm2_psgc":907300000,"adm3_psgc":907323000,"adm4_psgc":907323005,"adm4_en":"Campo IV","geo_level":"Bgy","len_crs":8616,"area_crs":4465352,"len_km":8,"area_km2":4},"id":907323005},{"arcs":[[-24,25,26,27,28]],"type":"Polygon","properties":{"adm1_psgc":900000000,"adm2_psgc":907300000,"adm3_psgc":907323000,"adm4_psgc":907323006,"adm4_en":"Campo V","geo_level":"Bgy","len_crs":8273,"area_crs":3025204,"len_km":8,"area_km2":3},"id":907323006},{"arcs":[[29,30,31,32,-22]],"type":"Polygon","properties":{"adm1_psgc":900000000,"adm2_psgc":907300000,"adm3_psgc":907323000,"adm4_psgc":907323007,"adm4_en":"Caniangan","geo_level":"Bgy","len_crs":10651,"area_crs":4516634,"len_km":10,"area_km2":4},"id":907323007},{"arcs":[[33,34,35,36]],"type":"Polygon","properties":{"adm1_psgc":900000000,"adm2_psgc":907300000,"adm3_psgc":907323000,"adm4_psgc":907323008,"adm4_en":"Dipalusan","geo_level":"Bgy","len_crs":5080,"area_crs":1482475,"len_km":5,"area_km2":1},"id":907323008},{"arcs":[[37,38,39,-16,40,41,-32]],"type":"Polygon","properties":{"adm1_psgc":900000000,"adm2_psgc":907300000,"adm3_psgc":907323000,"adm4_psgc":907323009,"adm4_en":"Eastern Bobongan","geo_level":"Bgy","len_crs":9654,"area_crs":3569283,"len_km":9,"area_km2":3},"id":907323009},{"arcs":[[42,43,-7,44,45]],"type":"Polygon","properties":{"adm1_psgc":900000000,"adm2_psgc":907300000,"adm3_psgc":907323000,"adm4_psgc":907323010,"adm4_en":"Esperanza","geo_level":"Bgy","len_crs":10091,"area_crs":5708130,"len_km":10,"area_km2":5},"id":907323010},{"arcs":[[46,-19,47,48,49,50]],"type":"Polygon","properties":{"adm1_psgc":900000000,"adm2_psgc":907300000,"adm3_psgc":907323000,"adm4_psgc":907323011,"adm4_en":"Gapasan","geo_level":"Bgy","len_crs":8285,"area_crs":3879194,"len_km":8,"area_km2":3},"id":907323011},{"arcs":[[-45,-11,-1,51,52]],"type":"Polygon","properties":{"adm1_psgc":900000000,"adm2_psgc":907300000,"adm3_psgc":907323000,"adm4_psgc":907323012,"adm4_en":"Katipunan","geo_level":"Bgy","len_crs":10387,"area_crs":4234170,"len_km":10,"area_km2":4},"id":907323012},{"arcs":[[-50,53,-34,54,55]],"type":"Polygon","properties":{"adm1_psgc":900000000,"adm2_psgc":907300000,"adm3_psgc":907323000,"adm4_psgc":907323013,"adm4_en":"Kauswagan","geo_level":"Bgy","len_crs":8847,"area_crs":3518498,"len_km":8,"area_km2":3},"id":907323013},{"arcs":[[56,-39,57]],"type":"Polygon","properties":{"adm1_psgc":900000000,"adm2_psgc":907300000,"adm3_psgc":907323000,"adm4_psgc":907323014,"adm4_en":"Lower Sambulawan","geo_level":"Bgy","len_crs":6831,"area_crs":1719137,"len_km":6,"area_km2":1},"id":907323014},{"arcs":[[58,-5,59,60,61]],"type":"Polygon","properties":{"adm1_psgc":900000000,"adm2_psgc":907300000,"adm3_psgc":907323000,"adm4_psgc":907323015,"adm4_en":"Mabini","geo_level":"Bgy","len_crs":11115,"area_crs":3940937,"len_km":11,"area_km2":3},"id":907323015},{"arcs":[[-52,-6,-59,62]],"type":"Polygon","properties":{"adm1_psgc":900000000,"adm2_psgc":907300000,"adm3_psgc":907323000,"adm4_psgc":907323016,"adm4_en":"Magsaysay","geo_level":"Bgy","len_crs":12308,"area_crs":5058952,"len_km":12,"area_km2":5},"id":907323016},{"arcs":[[63,-56,64,-60,-4]],"type":"Polygon","properties":{"adm1_psgc":900000000,"adm2_psgc":907300000,"adm3_psgc":907323000,"adm4_psgc":907323017,"adm4_en":"Malating","geo_level":"Bgy","len_crs":7362,"area_crs":3027332,"len_km":7,"area_km2":3},"id":907323017},{"arcs":[[65,-15,-8,-44,-27]],"type":"Polygon","properties":{"adm1_psgc":900000000,"adm2_psgc":907300000,"adm3_psgc":907323000,"adm4_psgc":907323018,"adm4_en":"Paradise","geo_level":"Bgy","len_crs":6846,"area_crs":2419424,"len_km":6,"area_km2":2},"id":907323018},{"arcs":[[-30,-21,66]],"type":"Polygon","properties":{"adm1_psgc":900000000,"adm2_psgc":907300000,"adm3_psgc":907323000,"adm4_psgc":907323019,"adm4_en":"Pasingkalan","geo_level":"Bgy","len_crs":8027,"area_crs":2778287,"len_km":8,"area_km2":2},"id":907323019},{"arcs":[[-23,-33,-42,67,-12,-66,-26]],"type":"Polygon","properties":{"adm1_psgc":900000000,"adm2_psgc":907300000,"adm3_psgc":907323000,"adm4_psgc":907323020,"adm4_en":"Poblacion","geo_level":"Bgy","len_crs":11268,"area_crs":5085975,"len_km":11,"area_km2":5},"id":907323020},{"arcs":[[-14,68,-51,-64,-3,-10]],"type":"Polygon","properties":{"adm1_psgc":900000000,"adm2_psgc":907300000,"adm3_psgc":907323000,"adm4_psgc":907323023,"adm4_en":"San Fernando","geo_level":"Bgy","len_crs":9087,"area_crs":3827716,"len_km":9,"area_km2":3},"id":907323023},{"arcs":[[-49,69,70,-35,-54]],"type":"Polygon","properties":{"adm1_psgc":900000000,"adm2_psgc":907300000,"adm3_psgc":907323000,"adm4_psgc":907323026,"adm4_en":"Santo Rosario","geo_level":"Bgy","len_crs":9255,"area_crs":2763913,"len_km":9,"area_km2":2},"id":907323026},{"arcs":[[-40,-57,71,72,-17]],"type":"Polygon","properties":{"adm1_psgc":900000000,"adm2_psgc":907300000,"adm3_psgc":907323000,"adm4_psgc":907323027,"adm4_en":"Sapa Anding","geo_level":"Bgy","len_crs":9419,"area_crs":4654869,"len_km":9,"area_km2":4},"id":907323027},{"arcs":[[-65,-55,-37,73,-61]],"type":"Polygon",