{"type":"Topology","arcs":[[[467,330],[-13,-30]],[[454,300],[-19,-39]],[[435,261],[-210,-6]],[[225,255],[12,42]],[[237,297],[171,10],[25,49]],[[433,356],[34,-26]],[[452,524],[4,-19]],[[456,505],[-23,-44]],[[433,461],[-4,55]],[[429,516],[5,10]],[[434,526],[18,-2]],[[479,253],[-7,-76]],[[472,177],[-29,-33]],[[443,144],[-46,46],[-57,-4],[-136,-42]],[[204,144],[6,58]],[[210,202],[212,14],[13,45]],[[454,300],[25,-47]],[[410,482],[-19,-16]],[[391,466],[-150,-17]],[[241,449],[23,49]],[[264,498],[35,58]],[[299,556],[111,-74]],[[241,449],[-7,-85]],[[234,364],[3,-67]],[[225,255],[-15,-53]],[[204,144],[-42,-137]],[[162,7],[-159,-7],[0,335]],[[3,335],[124,123],[17,57]],[[144,515],[63,48],[57,-65]],[[433,461],[-9,-10]],[[424,451],[-33,15]],[[410,482],[19,34]],[[579,434],[-85,20]],[[494,454],[-20,39]],[[474,493],[21,45]],[[495,538],[45,-32],[39,-72]],[[443,144],[-111,-22],[-70,-111],[-100,-4]],[[568,318],[6,-125]],[[574,193],[-50,62]],[[524,255],[-45,-2]],[[467,330],[101,-12]],[[474,493],[-18,12]],[[452,524],[16,33]],[[468,557],[27,-19]],[[574,193],[-6,-46],[-61,3]],[[507,150],[17,105]],[[443,418],[91,-16],[40,-25]],[[574,377],[-6,-59]],[[433,356],[-3,14]],[[430,370],[6,48]],[[436,418],[7,0]],[[579,434],[-5,-57]],[[443,418],[51,36]],[[400,611],[34,-85]],[[299,556],[40,105]],[[339,661],[61,-50]],[[3,335],[-3,259]],[[0,594],[153,-44],[-9,-35]],[[0,594],[162,177],[43,-68],[95,-6],[39,-36]],[[507,150],[-35,27]],[[400,611],[68,-54]],[[234,364],[196,6]],[[436,418],[-12,33]]],"transform":{"scale":[0.00034848391882565284,0.00024219529701682507],"translate":[121.21406221000007,18.21834992700007]},"objects":{"bgysubmuns-municity-1408105000":{"type":"GeometryCollection","geometries":[{"arcs":[[0,1,2,3,4,5]],"type":"Polygon","properties":{"adm1_psgc":1400000000,"adm2_psgc":1408100000,"adm3_psgc":1408105000,"adm4_psgc":1408105001,"adm4_en":"Bacsay","geo_level":"Bgy","len_crs":20763,"area_crs":11189815,"len_km":20,"area_km2":11},"id":1408105001},{"arcs":[[6,7,8,9,10]],"type":"Polygon","properties":{"adm1_psgc":1400000000,"adm2_psgc":1408100000,"adm3_psgc":1408105000,"adm4_psgc":1408105002,"adm4_en":"Capagaypayan","geo_level":"Bgy","len_crs":6100,"area_crs":1179743,"len_km":6,"area_km2":1},"id":1408105002},{"arcs":[[11,12,13,14,15,-2,16]],"type":"Polygon","properties":{"adm1_psgc":1400000000,"adm2_psgc":1408100000,"adm3_psgc":1408105000,"adm4_psgc":1408105003,"adm4_en":"Dagupan","geo_level":"Bgy","len_crs":30540,"area_crs":13853504,"len_km":30,"area_km2":13},"id":1408105003},{"arcs":[[17,18,19,20,21]],"type":"Polygon","properties":{"adm1_psgc":1400000000,"adm2_psgc":1408100000,"adm3_psgc":1408105000,"adm4_psgc":1408105004,"adm4_en":"Lappa","geo_level":"Bgy","len_crs":14649,"area_crs":9129261,"len_km":14,"area_km2":9},"id":1408105004},{"arcs":[[-20,22,23,-4,24,-15,25,26,27,28]],"type":"Polygon","properties":{"adm1_psgc":1400000000,"adm2_psgc":1408100000,"adm3_psgc":1408105000,"adm4_psgc":1408105006,"adm4_en":"Marag","geo_level":"Bgy","len_crs":42231,"area_crs":95641073,"len_km":42,"area_km2":95},"id":1408105006},{"arcs":[[29,30,-18,31,-9]],"type":"Polygon","properties":{"adm1_psgc":1400000000,"adm2_psgc":1408100000,"adm3_psgc":1408105000,"adm4_psgc":1408105007,"adm4_en":"Poblacion","geo_level":"Bgy","len_crs":6089,"area_crs":1514189,"len_km":6,"area_km2":1},"id":1408105007},{"arcs":[[32,33,34,35]],"type":"Polygon","properties":{"adm1_psgc":1400000000,"adm2_psgc":1408100000,"adm3_psgc":1408105000,"adm4_psgc":1408105008,"adm4_en":"Quirino","geo_level":"Bgy","len_crs":11203,"area_crs":5017015,"len_km":11,"area_km2":5},"id":1408105008},{"arcs":[[36,-26,-14]],"type":"Polygon","properties":{"adm1_psgc":1400000000,"adm2_psgc":1408100000,"adm3_psgc":1408105000,"adm4_psgc":1408105009,"adm4_en":"Salvacion","geo_level":"Bgy","len_crs":29332,"area_crs":23821328,"len_km":29,"area_km2":23},"id":1408105009},{"arcs":[[37,38,39,-17,-1,40]],"type":"Polygon","properties":{"adm1_psgc":1400000000,"adm2_psgc":1408100000,"adm3_psgc":1408105000,"adm4_psgc":1408105010,"adm4_en":"San Francisco","geo_level":"Bgy","len_crs":15376,"area_crs":7833209,"len_km":15,"area_km2":7},"id":1408105010},{"arcs":[[-35,41,-7,42,43]],"type":"Polygon","properties":{"adm1_psgc":1400000000,"adm2_psgc":1408100000,"adm3_psgc":1408105000,"adm4_psgc":1408105011,"adm4_en":"San Isidro Norte","geo_level":"Bgy","len_crs":5528,"area_crs":1674559,"len_km":5,"area_km2":1},"id":1408105011},{"arcs":[[44,45,-39]],"type":"Polygon","properties":{"adm1_psgc":1400000000,"adm2_psgc":1408100000,"adm3_psgc":1408105000,"adm4_psgc":1408105012,"adm4_en":"San Sebastian","geo_level":"Bgy","len_crs":10333,"area_crs":5152275,"len_km":10,"area_km2":5},"id":1408105012},{"arcs":[[46,47,-41,-6,48,49,50]],"type":"Polygon","properties":{"adm1_psgc":1400000000,"adm2_psgc":1408100000,"adm3_psgc":1408105000,"adm4_psgc":1408105013,"adm4_en":"Santa Lina","geo_level":"Bgy","len_crs":15159,"area_crs":9167081,"len_km":15,"area_km2":9},"id":1408105013},{"arcs":[[51,-47,52,-33]],"type":"Polygon","properties":{"adm1_psgc":1400000000,"adm2_psgc":1408100000,"adm3_psgc":1408105000,"adm4_psgc":1408105014,"adm4_en":"Tumog","geo_level":"Bgy","len_crs":13391,"area_crs":5931478,"len_km":13,"area_km2":5},"id":1408105014},{"arcs":[[53,-10,-32,-22,54,55]],"type":"Polygon","properties":{"adm1_psgc":1400000000,"adm2_psgc":1408100000,"adm3_psgc":1408105000,"adm4_psgc":1408105015,"adm4_en":"Zumigui","geo_level":"Bgy","len_crs":16553,"area_crs":11609968,"len_km":16,"area_km2":11},"id":1408105015},{"arcs":[[-28,56,57]],"type":"Polygon","properties":{"adm1_psgc":1400000000,"adm2_psgc":1408100000,"adm3_psgc":1408105000,"adm4_psgc":1408105016,"adm4_en":"Cagandungan","geo_level":"Bgy","len_crs":21031,"area_crs":23630559,"len_km":21,"area_km2":23},"id":1408105016},{"arcs":[[-55,-21,-29,-58,58]],"type":"Polygon","properties":{"adm1_psgc":1400000000,"adm2_psgc":1408100000,"adm3_psgc":1408105000,"adm4_psgc":1408105017,"adm4_en":"Calabigan","geo_level":"Bgy","len_crs":33371,"area_crs":45271101,"len_km":33,"area_km2":45},"id":1408105017},{"arcs":[[59,-12,-40,-46]],"type":"Polygon","properties":{"adm1_psgc":1400000000,"adm2_psgc":1408100000,"adm3_psgc":1408105000,"adm4_psgc":1408105018,"adm4_en":"Cangisitan","geo_level":"Bgy","len_crs":9112,"area_crs":3127247,"len_km":9,"area_km2":3},"id":1408105018},{"arcs":[[-43,-11,-54,60]],"type":"Polygon","properties":{"adm1_psgc":1400000000,"adm2_psgc":1408100000,"adm3_psgc":1408105000,"adm4_psgc":1408105019,"adm4_en":"Luyon","geo_level":"Bgy","len_crs":9329,"area_crs":3366511,"len_km":9,"area_km2":3},"id":1408105019},{"arcs":[[-5,-24,61,-49]],"type":"Polygon","properties":{"adm1_psgc":1400000000,"adm2_psgc":1408100000,"adm3_psgc":1408105000,"adm4_psgc":1408105020,"adm4_en":"San Gregorio","geo_level":"Bgy","len_crs":17373,"area_crs":11861369,"len_km":17,"area_km2":11},"id":1408105020},{"arcs":[[-34,-53,-51,62,-30,-8,-42]],"type":"Polygon","properties":{"adm1_psgc":1400000000,"adm2_psgc":1408100000,"adm3_psgc":1408105000,"adm4_psgc":1408105021,"adm4_en":"San Isidro Sur","geo_level":"Bgy","len_crs":8513,"area_crs":3422470,"len_km":8,"area_km2":3},"id":1408105021},{"arcs":[[-25,-3,-16]],"type":"Polygon","properties":{"adm1_psgc":1400000000,"adm2_psgc":1408100000,"adm3_psgc":1408105000,"adm4_psgc":1408105022,"adm4_en":"Shalom","geo_level":"Bgy","len_crs":20304,"area_crs":10223409,"len_km":20,"area_km2":10},"id":1408105022},{"arcs":[[-63,-50,-62,-23,-19,-31]],"type":"Polygon","properties":{"adm1_psgc":1400000000,"adm2_psgc":1408100000,"adm3_psgc":1408105000,"adm4_psgc":1408105023,"adm4_en":"Turod","geo_level":"Bgy","len_crs":18789,"area_crs":17040515,"len_km":18,"area_km2":17},"id":1408105023}]}}}