{"type":"Topology","arcs":[[[487,380],[-6,-40]],[[481,340],[-2,-46]],[[479,294],[-112,13]],[[367,307],[37,94]],[[404,401],[83,-21]],[[292,242],[30,-57]],[[322,185],[-63,-22]],[[259,163],[-40,82]],[[219,245],[73,-3]],[[274,315],[-75,-27]],[[199,288],[-23,48]],[[176,336],[85,14]],[[261,350],[13,-35]],[[176,336],[17,65],[115,32]],[[308,433],[-47,-83]],[[600,333],[4,-4]],[[604,329],[-44,-39]],[[560,290],[-81,4]],[[481,340],[61,8]],[[542,348],[58,-15]],[[734,458],[-131,-46],[-3,-79]],[[542,348],[9,39]],[[551,387],[25,26],[26,176],[99,13],[33,-144]],[[560,290],[-5,-108]],[[555,182],[-66,-28]],[[489,154],[-18,29]],[[471,183],[-11,12]],[[460,195],[-4,31]],[[456,226],[23,68]],[[322,185],[43,-1]],[[365,184],[7,-29]],[[372,155],[-38,-76]],[[334,79],[-49,36]],[[285,115],[-26,48]],[[311,285],[-2,-22]],[[309,263],[-17,-21]],[[219,245],[-20,43]],[[274,315],[37,-30]],[[421,237],[-56,-53]],[[309,263],[112,-26]],[[456,226],[-35,11]],[[311,285],[56,22]],[[308,433],[96,-32]],[[285,115],[-23,-38],[-257,203],[-5,64],[176,-8]],[[471,183],[-130,-165]],[[341,18],[-7,61]],[[372,155],[88,40]],[[714,342],[-55,-24]],[[659,318],[-55,11]],[[734,458],[-20,-116]],[[659,318],[-22,-159]],[[637,159],[-66,-65]],[[571,94],[-13,84]],[[558,178],[-3,4]],[[489,154],[-42,-81],[-82,-73]],[[365,0],[-24,18]],[[571,94],[-83,-20]],[[488,74],[70,104]],[[488,74],[-51,-54],[-72,-20]],[[487,380],[64,7]],[[714,342],[-23,-131],[-54,-52]]],"transform":{"scale":[0.00030538637602167397,0.00031084297508305377],"translate":[124.51506199500012,12.228430569000066]},"objects":{"bgysubmuns-municity-804824000":{"type":"GeometryCollection","geometries":[{"arcs":[[0,1,2,3,4]],"type":"Polygon","properties":{"adm1_psgc":800000000,"adm2_psgc":804800000,"adm3_psgc":804824000,"adm4_psgc":804824001,"adm4_en":"Bayho","geo_level":"Bgy","len_crs":13262,"area_crs":10400751,"len_km":13,"area_km2":10},"id":804824001},{"arcs":[[5,6,7,8]],"type":"Polygon","properties":{"adm1_psgc":800000000,"adm2_psgc":804800000,"adm3_psgc":804824000,"adm4_psgc":804824002,"adm4_en":"Bonifacio","geo_level":"Bgy","len_crs":10720,"area_crs":5339567,"len_km":10,"area_km2":5},"id":804824002},{"arcs":[[9,10,11,12]],"type":"Polygon","properties":{"adm1_psgc":800000000,"adm2_psgc":804800000,"adm3_psgc":804824000,"adm4_psgc":804824003,"adm4_en":"Cagamesarag","geo_level":"Bgy","len_crs":8653,"area_crs":3933376,"len_km":8,"area_km2":3},"id":804824003},{"arcs":[[-12,13,14]],"type":"Polygon","properties":{"adm1_psgc":800000000,"adm2_psgc":804800000,"adm3_psgc":804824000,"adm4_psgc":804824004,"adm4_en":"Cag-aguingay","geo_level":"Bgy","len_crs":12675,"area_crs":9601171,"len_km":12,"area_km2":9},"id":804824004},{"arcs":[[15,16,17,-2,18,19]],"type":"Polygon","properties":{"adm1_psgc":800000000,"adm2_psgc":804800000,"adm3_psgc":804824000,"adm4_psgc":804824005,"adm4_en":"Curry","geo_level":"Bgy","len_crs":10988,"area_crs":6952677,"len_km":10,"area_km2":6},"id":804824005},{"arcs":[[20,-20,21,22]],"type":"Polygon","properties":{"adm1_psgc":800000000,"adm2_psgc":804800000,"adm3_psgc":804824000,"adm4_psgc":804824006,"adm4_en":"Gebonawan","geo_level":"Bgy","len_crs":28888,"area_crs":28272824,"len_km":28,"area_km2":28},"id":804824006},{"arcs":[[23,24,25,26,27,28,-18]],"type":"Polygon","properties":{"adm1_psgc":800000000,"adm2_psgc":804800000,"adm3_psgc":804824000,"adm4_psgc":804824007,"adm4_en":"Gen. Luna","geo_level":"Bgy","len_crs":18049,"area_crs":10786294,"len_km":18,"area_km2":10},"id":804824007},{"arcs":[[29,30,31,32,33,-7]],"type":"Polygon","properties":{"adm1_psgc":800000000,"adm2_psgc":804800000,"adm3_psgc":804824000,"adm4_psgc":804824008,"adm4_en":"Getigo","geo_level":"Bgy","len_crs":13815,"area_crs":8551569,"len_km":13,"area_km2":8},"id":804824008},{"arcs":[[34,35,-9,36,-10,37]],"type":"Polygon","properties":{"adm1_psgc":800000000,"adm2_psgc":804800000,"adm3_psgc":804824000,"adm4_psgc":804824009,"adm4_en":"Henaronagan","geo_level":"Bgy","len_crs":9981,"area_crs":6517075,"len_km":9,"area_km2":6},"id":804824009},{"arcs":[[38,-30,-6,-36,39]],"type":"Polygon","properties":{"adm1_psgc":800000000,"adm2_psgc":804800000,"adm3_psgc":804824000,"adm4_psgc":804824010,"adm4_en":"Lope De Vega","geo_level":"Bgy","len_crs":11757,"area_crs":8152843,"len_km":11,"area_km2":8},"id":804824010},{"arcs":[[-29,40,-40,-35,41,-3]],"type":"Polygon","properties":{"adm1_psgc":800000000,"adm2_psgc":804800000,"adm3_psgc":804824000,"adm4_psgc":804824011,"adm4_en":"Lower Caynaga","geo_level":"Bgy","len_crs":14932,"area_crs":9246280,"len_km":14,"area_km2":9},"id":804824011},{"arcs":[[-4,-42,-38,-13,-15,42]],"type":"Polygon","properties":{"adm1_psgc":800000000,"adm2_psgc":804800000,"adm3_psgc":804824000,"adm4_psgc":804824012,"adm4_en":"Maghipid","geo_level":"Bgy","len_crs":15181,"area_crs":14999573,"len_km":15,"area_km2":14},"id":804824012},{"arcs":[[-11,-37,-8,-34,43]],"type":"Polygon","properties":{"adm1_psgc":800000000,"adm2_psgc":804800000,"adm3_psgc":804824000,"adm4_psgc":804824013,"adm4_en":"Magsaysay","geo_level":"Bgy","len_crs":29993,"area_crs":37751560,"len_km":29,"area_km2":37},"id":804824013},{"arcs":[[44,45,-32,46,-27]],"type":"Polygon","properties":{"adm1_psgc":800000000,"adm2_psgc":804800000,"adm3_psgc":804824000,"adm4_psgc":804824014,"adm4_en":"Osmeña","geo_level":"Bgy","len_crs":18323,"area_crs":12235925,"len_km":18,"area_km2":12},"id":804824014},{"arcs":[[47,48,-16,-21,49]],"type":"Polygon","properties":{"adm1_psgc":800000000,"adm2_psgc":804800000,"adm3_psgc":804824000,"adm4_psgc":804824015,"adm4_en":"Paguite","geo_level":"Bgy","len_crs":15684,"area_crs":14471258,"len_km":15,"area_km2":14},"id":804824015},{"arcs":[[50,51,52,53,-24,-17,-49]],"type":"Polygon","properties":{"adm1_psgc":800000000,"adm2_psgc":804800000,"adm3_psgc":804824000,"adm4_psgc":804824016,"adm4_en":"Roxas","geo_level":"Bgy","len_crs":23267,"area_crs":17302098,"len_km":23,"area_km2":17},"id":804824016},{"arcs":[[54,55,-45,-26]],"type":"Polygon","properties":{"adm1_psgc":800000000,"adm2_psgc":804800000,"adm3_psgc":804824000,"adm4_psgc":804824017,"adm4_en":"Sampaguita","geo_level":"Bgy","len_crs":18539,"area_crs":8117826,"len_km":18,"area_km2":8},"id":804824017},{"arcs":[[56,57,-53]],"type":"Polygon","properties":{"adm1_psgc":800000000,"adm2_psgc":804800000,"adm3_psgc":804824000,"adm4_psgc":804824018,"adm4_en":"San Francisco","geo_level":"Bgy","len_crs":13144,"area_crs":6748902,"len_km":13,"area_km2":6},"id":804824018},{"arcs":[[-58,58,-55,-25,-54]],"type":"Polygon","properties":{"adm1_psgc":800000000,"adm2_psgc":804800000,"adm3_psgc":804824000,"adm4_psgc":804824019,"adm4_en":"San Jose","geo_level":"Bgy","len_crs":19333,"area_crs":8220169,"len_km":19,"area_km2":8},"id":804824019},{"arcs":[[-19,-1,59,-22]],"type":"Polygon","properties":{"adm1_psgc":800000000,"adm2_psgc":804800000,"adm3_psgc":804824000,"adm4_psgc":804824020,"adm4_en":"San Miguel","geo_level":"Bgy","len_crs":7708,"area_crs":2498944,"len_km":7,"area_km2":2},"id":804824020},{"arcs":[[-51,-48,60]],"type":"Polygon","properties":{"adm1_psgc":800000000,"adm2_psgc":804800000,"adm3_psgc":804824000,"adm4_psgc":804824021,"adm4_en":"Somoroy","geo_level":"Bgy","len_crs":14810,"area_crs":8382111,"len_km":14,"area_km2":8},"id":804824021},{"arcs":[[-28,-47,-31,-39,-41]],"type":"Polygon","properties":{"adm1_psgc":800000000,"adm2_psgc":804800000,"adm3_psgc":804824000,"adm4_psgc":804824022,"adm4_en":"Upper Caynaga","geo_level":"Bgy","len_crs":10347,"area_crs":5006699,"len_km":10,"area_km2":5},"id":804824022}]}}}