{"type":"Topology","arcs":[[[1011,263],[-35,-103]],[[976,160],[-53,-11]],[[923,149],[0,18]],[[923,167],[-15,53]],[[908,220],[35,49]],[[943,269],[68,-6]],[[1325,322],[-32,-30]],[[1293,292],[-68,40]],[[1225,332],[3,34],[-72,93]],[[1156,459],[70,36]],[[1226,495],[41,30],[69,-42],[8,-53],[-28,-49],[9,-59]],[[1156,459],[-34,-8]],[[1122,451],[10,102]],[[1132,553],[73,-4],[21,-54]],[[445,870],[-29,-21],[-123,-10],[-32,-27],[-54,-107]],[[207,705],[-136,111]],[[71,816],[129,129],[50,33]],[[250,978],[35,-2],[149,-72],[11,-34]],[[1095,446],[15,-106]],[[1110,340],[-36,-77],[-42,-25]],[[1032,238],[-21,25]],[[943,269],[-13,80]],[[930,349],[60,28],[-12,53],[20,59]],[[998,489],[97,-43]],[[1160,311],[10,-89]],[[1170,222],[-38,-66]],[[1132,156],[-45,34]],[[1087,190],[-37,27]],[[1050,217],[-18,21]],[[1110,340],[50,-29]],[[71,816],[-71,74],[4,210],[65,-11],[181,-111]],[[1293,292],[6,-49],[39,-5],[19,-101]],[[1357,137],[-86,10]],[[1271,147],[-101,75]],[[1160,311],[65,21]],[[923,149],[0,18]],[[861,545],[-1,-61],[32,-105]],[[892,379],[-76,-28]],[[816,351],[-47,102]],[[769,453],[16,93]],[[785,546],[76,-1]],[[1028,600],[-78,-86]],[[950,514],[-89,31]],[[785,546],[-23,67],[84,99]],[[846,712],[7,-34],[80,-18],[60,-57],[35,-3]],[[769,453],[-26,35],[-119,24],[-36,24],[18,77]],[[606,613],[23,215]],[[629,828],[74,20],[40,-35],[41,-68],[62,-33]],[[1271,147],[-35,-107]],[[1236,40],[-22,-3],[-91,69]],[[1123,106],[9,50]],[[606,613],[-191,78]],[[415,691],[89,129]],[[504,820],[125,8]],[[1050,217],[-10,-53]],[[1040,164],[-64,-4]],[[415,691],[-85,-23],[-123,37]],[[445,870],[59,-50]],[[1398,80],[-23,6]],[[1375,86],[-18,51]],[[1325,322],[125,-43],[-8,-86],[-60,-63],[16,-50]],[[1087,190],[-27,-38]],[[1060,152],[-20,12]],[[1123,106],[-63,46]],[[1122,451],[-27,-5]],[[998,489],[-48,25]],[[1028,600],[95,-6],[9,-41]],[[1375,86],[-75,-53]],[[1300,33],[-64,7]],[[930,349],[-38,30]],[[1398,80],[-11,-62],[-44,-18],[-43,33]],[[908,220],[-52,127],[-40,4]]],"transform":{"scale":[0.0001511352268966287,0.0001469233309090983],"translate":[123.414513295,7.827769423000064]},"objects":{"bgysubmuns-municity-907330000":{"type":"GeometryCollection","geometries":[{"arcs":[[0,1,2,3,4,5]],"type":"Polygon","properties":{"adm1_psgc":900000000,"adm2_psgc":907300000,"adm3_psgc":907330000,"adm4_psgc":907330001,"adm4_en":"Alindahaw","geo_level":"Bgy","len_crs":7461,"area_crs":1997286,"len_km":7,"area_km2":1},"id":907330001},{"arcs":[[6,7,8,9,10]],"type":"Polygon","properties":{"adm1_psgc":900000000,"adm2_psgc":907300000,"adm3_psgc":907330000,"adm4_psgc":907330002,"adm4_en":"Baclay","geo_level":"Bgy","len_crs":11298,"area_crs":6594906,"len_km":11,"area_km2":6},"id":907330002},{"arcs":[[-10,11,12,13]],"type":"Polygon","properties":{"adm1_psgc":900000000,"adm2_psgc":907300000,"adm3_psgc":907330000,"adm4_psgc":907330005,"adm4_en":"Balimbingan","geo_level":"Bgy","len_crs":7219,"area_crs":1953895,"len_km":7,"area_km2":1},"id":907330005},{"arcs":[[14,15,16,17]],"type":"Polygon","properties":{"adm1_psgc":900000000,"adm2_psgc":907300000,"adm3_psgc":907330000,"adm4_psgc":907330006,"adm4_en":"Buenasuerte","geo_level":"Bgy","len_crs":16763,"area_crs":12212336,"len_km":16,"area_km2":12},"id":907330006},{"arcs":[[18,19,20,-6,21,22,23]],"type":"Polygon","properties":{"adm1_psgc":900000000,"adm2_psgc":907300000,"adm3_psgc":907330000,"adm4_psgc":907330007,"adm4_en":"Camanga","geo_level":"Bgy","len_crs":11851,"area_crs":7685208,"len_km":11,"area_km2":7},"id":907330007},{"arcs":[[24,25,26,27,28,-20,29]],"type":"Polygon","properties":{"adm1_psgc":900000000,"adm2_psgc":907300000,"adm3_psgc":907330000,"adm4_psgc":907330008,"adm4_en":"Curvada","geo_level":"Bgy","len_crs":9084,"area_crs":3518034,"len_km":9,"area_km2":3},"id":907330008},{"arcs":[[-17,30]],"type":"Polygon","properties":{"adm1_psgc":900000000,"adm2_psgc":907300000,"adm3_psgc":907330000,"adm4_psgc":907330009,"adm4_en":"Laperian","geo_level":"Bgy","len_crs":15013,"area_crs":11141463,"len_km":15,"area_km2":11},"id":907330009},{"arcs":[[31,32,33,-25,34,-8]],"type":"Polygon","properties":{"adm1_psgc":900000000,"adm2_psgc":907300000,"adm3_psgc":907330000,"adm4_psgc":907330010,"adm4_en":"Libertad","geo_level":"Bgy","len_crs":11580,"area_crs":6555033,"len_km":11,"area_km2":6},"id":907330010},{"arcs":[[-3,35]],"type":"Polygon","properties":{"adm1_psgc":900000000,"adm2_psgc":907300000,"adm3_psgc":907330000,"adm4_psgc":907330011,"adm4_en":"Lower Bayao","geo_level":"Bgy","len_crs":3850,"area_crs":493639,"len_km":3,"area_km2":0},"id":907330011},{"arcs":[[36,37,38,39,40]],"type":"Polygon","properties":{"adm1_psgc":900000000,"adm2_psgc":907300000,"adm3_psgc":907330000,"adm4_psgc":907330012,"adm4_en":"Luy-a","geo_level":"Bgy","len_crs":8937,"area_crs":4466609,"len_km":8,"area_km2":4},"id":907330012},{"arcs":[[41,42,-41,43,44]],"type":"Polygon","properties":{"adm1_psgc":900000000,"adm2_psgc":907300000,"adm3_psgc":907330000,"adm4_psgc":907330013,"adm4_en":"Manilan","geo_level":"Bgy","len_crs":12868,"area_crs":7294580,"len_km":12,"area_km2":7},"id":907330013},{"arcs":[[-44,-40,45,46,47]],"type":"Polygon","properties":{"adm1_psgc":900000000,"adm2_psgc":907300000,"adm3_psgc":907330000,"adm4_psgc":907330014,"adm4_en":"Manlayag","geo_level":"Bgy","len_crs":20493,"area_crs":15939794,"len_km":20,"area_km2":15},"id":907330014},{"arcs":[[48,49,50,-26,-34]],"type":"Polygon","properties":{"adm1_psgc":900000000,"adm2_psgc":907300000,"adm3_psgc":907330000,"adm4_psgc":907330015,"adm4_en":"Militar","geo_level":"Bgy","len_crs":9474,"area_crs":4267830,"len_km":9,"area_km2":4},"id":907330015},{"arcs":[[-47,51,52,53]],"type":"Polygon","properties":{"adm1_psgc":900000000,"adm2_psgc":907300000,"adm3_psgc":907330000,"adm4_psgc":907330016,"adm4_en":"Navalan","geo_level":"Bgy","len_crs":11958,"area_crs":7753636,"len_km":11,"area_km2":7},"id":907330016},{"arcs":[[-29,54,55,-1,-21]],"type":"Polygon","properties":{"adm1_psgc":900000000,"adm2_psgc":907300000,"adm3_psgc":907330000,"adm4_psgc":907330019,"adm4_en":"Panduma Senior","geo_level":"Bgy","len_crs":5167,"area_crs":1071980,"len_km":5,"area_km2":1},"id":907330019},{"arcs":[[-53,56,-15,57]],"type":"Polygon","properties":{"adm1_psgc":900000000,"adm2_psgc":907300000,"adm3_psgc":907330000,"adm4_psgc":907330020,"adm4_en":"Sambulawan","geo_level":"Bgy","len_crs":13298,"area_crs":10299270,"len_km":13,"area_km2":10},"id":907330020},{"arcs":[[58,59,-32,-7,60]],"type":"Polygon","properties":{"adm1_psgc":900000000,"adm2_psgc":907300000,"adm3_psgc":907330000,"adm4_psgc":907330021,"adm4_en":"San Antonio","geo_level":"Bgy","len_crs":12821,"area_crs":5035843,"len_km":12,"area_km2":5},"id":907330021},{"arcs":[[61,62,-55,-28]],"type":"Polygon","properties":{"adm1_psgc":900000000,"adm2_psgc":907300000,"adm3_psgc":907330000,"adm4_psgc":907330022,"adm4_en":"San Carlos","geo_level":"Bgy","len_crs":3008,"area_crs":453454,"len_km":3,"area_km2":0},"id":907330022},{"arcs":[[-51,63,-62,-27]],"type":"Polygon","properties":{"adm1_psgc":900000000,"adm2_psgc":907300000,"adm3_psgc":907330000,"adm4_psgc":907330023,"adm4_en":"Santo Niño","geo_level":"Bgy","len_crs":4774,"area_crs":860130,"len_km":4,"area_km2":0},"id":907330023},{"arcs":[[-13,64,-24,65,-42,66]],"type":"Polygon","properties":{"adm1_psgc":900000000,"adm2_psgc":907300000,"adm3_psgc":907330000,"adm4_psgc":907330024,"adm4_en":"Santo Rosario","geo_level":"Bgy","len_crs":10277,"area_crs":5033114,"len_km":10,"area_km2":5},"id":907330024},{"arcs":[[-60,67,68,-49,-33]],"type":"Polygon","properties":{"adm1_psgc":900000000,"adm2_psgc":907300000,"adm3_psgc":907330000,"adm4_psgc":907330025,"adm4_en":"Sugod","geo_level":"Bgy","len_crs":8758,"area_crs":2784147,"len_km":8,"area_km2":2},"id":907330025},{"arcs":[[-66,-23,69,-37,-43]],"type":"Polygon","properties":{"adm1_psgc":900000000,"adm2_psgc":907300000,"adm3_psgc":907330000,"adm4_psgc":907330026,"adm4_en":"Tabuan","geo_level":"Bgy","len_crs":9039,"area_crs":4894885,"len_km":9,"area_km2":4},"id":907330026},{"arcs":[[70,-68,-59]],"type":"Polygon","properties":{"adm1_psgc":900000000,