{"type":"Topology","arcs":[[[1802,107],[18,25],[90,44],[9,29],[36,21],[-9,15],[4,59],[15,9],[4,42]],[[1969,351],[-21,31],[12,48],[-13,10],[7,32]],[[1954,472],[12,57],[-14,10],[2,27],[-12,35],[-2,77],[-10,37],[-6,92],[-16,36],[-25,12],[-20,25],[-11,37]],[[1852,917],[110,2],[64,-98],[0,-22],[16,-34],[4,-35],[21,-67],[11,-73],[39,-69],[5,-56],[-29,-54],[-10,-66],[11,-34],[-8,-32],[-47,-62],[-14,-63],[13,-17],[-4,-53],[14,-21],[-1,-30],[-41,-33],[-36,5],[-36,34],[-39,21],[-99,35],[6,12]],[[969,726],[-172,-270]],[[797,456],[-29,6],[-55,26],[-166,-13]],[[547,475],[22,285]],[[569,760],[400,-34]],[[1690,615],[-144,-324],[-35,-34],[-57,-68]],[[1454,189],[-67,92]],[[1387,281],[52,35],[26,51],[-5,15],[20,28],[121,302]],[[1601,712],[55,20]],[[1656,732],[34,-117]],[[1725,473],[-152,-268],[-36,-67]],[[1537,138],[-40,-6],[-31,4],[-9,-15],[-32,14]],[[1425,135],[29,54]],[[1690,615],[35,-142]],[[1387,281],[-50,24]],[[1337,305],[-2,5]],[[1335,310],[44,21],[-15,25],[-25,86],[110,209]],[[1449,651],[152,61]],[[1129,719],[-118,-244],[-48,-80]],[[963,395],[-64,19],[-75,36],[-27,6]],[[969,726],[160,-7]],[[547,475],[-45,27],[-55,20],[-65,3],[-53,18],[-61,7],[-31,-7]],[[237,543],[-26,35],[8,25],[-11,28],[12,194]],[[220,825],[349,-65]],[[1270,293],[-55,7],[-92,35],[-25,15]],[[1098,350],[4,7],[160,137],[62,109]],[[1324,603],[61,22]],[[1385,625],[-65,-141],[-20,-30],[-2,-38],[-13,-51],[5,-26],[-19,-24],[-1,-22]],[[1822,346],[-1,-20],[-27,-31],[-7,-43],[1,-51],[-21,-32],[-33,-12]],[[1734,157],[-50,-37],[-28,0]],[[1656,120],[99,221]],[[1755,341],[67,5]],[[237,543],[-41,-22],[-26,-5],[-54,9],[-106,-1],[-10,71],[35,26],[47,14],[28,18],[7,23],[-11,49],[-13,23],[-36,-12],[-22,10],[3,21],[-24,36],[206,22]],[[1209,524],[5,-15],[-174,-122],[-15,-12]],[[1025,375],[-62,20]],[[1129,719],[43,9]],[[1172,728],[37,-204]],[[1802,107],[-68,50]],[[1822,346],[147,5]],[[1656,120],[-12,-8],[-43,29],[-64,-3]],[[1725,473],[30,-132]],[[1449,651],[-64,-26]],[[1324,603],[-115,-79]],[[1172,728],[452,130]],[[1624,858],[32,-126]],[[1335,310],[-39,-25],[-26,8]],[[1425,135],[-64,18],[-30,29],[-17,45],[22,35],[-18,31],[19,12]],[[1098,350],[-73,25]],[[1954,472],[-229,1]],[[1624,858],[-54,154],[184,-1],[98,-94]]],"transform":{"scale":[0.00009358908011310624,0.00013539148221342715],"translate":[123.84965209300003,7.626483306000068]},"objects":{"bgysubmuns-municity-1903635000":{"type":"GeometryCollection","geometries":[{"arcs":[[0,1,2,3]],"type":"Polygon","properties":{"adm1_psgc":1900000000,"adm2_psgc":1903600000,"adm3_psgc":1903635000,"adm4_psgc":1903635004,"adm4_en":"Bara-as","geo_level":"Bgy","len_crs":35341,"area_crs":18844290,"len_km":35,"area_km2":18},"id":1903635004},{"arcs":[[4,5,6,7]],"type":"Polygon","properties":{"adm1_psgc":1900000000,"adm2_psgc":1903600000,"adm3_psgc":1903635000,"adm4_psgc":1903635007,"adm4_en":"Biasong","geo_level":"Bgy","len_crs":16831,"area_crs":13958149,"len_km":16,"area_km2":13},"id":1903635007},{"arcs":[[8,9,10,11,12]],"type":"Polygon","properties":{"adm1_psgc":1900000000,"adm2_psgc":1903600000,"adm3_psgc":1903635000,"adm4_psgc":1903635009,"adm4_en":"Bulangos","geo_level":"Bgy","len_crs":18210,"area_crs":8936642,"len_km":18,"area_km2":8},"id":1903635009},{"arcs":[[13,14,15,-9,16]],"type":"Polygon","properties":{"adm1_psgc":1900000000,"adm2_psgc":1903600000,"adm3_psgc":1903635000,"adm4_psgc":1903635015,"adm4_en":"Durian","geo_level":"Bgy","len_crs":18391,"area_crs":6016323,"len_km":18,"area_km2":6},"id":1903635015},{"arcs":[[17,18,19,20,-11]],"type":"Polygon","properties":{"adm1_psgc":1900000000,"adm2_psgc":1903600000,"adm3_psgc":1903635000,"adm4_psgc":1903635016,"adm4_en":"Ilian","geo_level":"Bgy","len_crs":16094,"area_crs":7586204,"len_km":16,"area_km2":7},"id":1903635016},{"arcs":[[21,22,-5,23]],"type":"Polygon","properties":{"adm1_psgc":1900000000,"adm2_psgc":1903600000,"adm3_psgc":1903635000,"adm4_psgc":1903635024,"adm4_en":"Liangan","geo_level":"Bgy","len_crs":13811,"area_crs":8538890,"len_km":13,"area_km2":8},"id":1903635024},{"arcs":[[-7,24,25,26]],"type":"Polygon","properties":{"adm1_psgc":1900000000,"adm2_psgc":1903600000,"adm3_psgc":1903635000,"adm4_psgc":1903635028,"adm4_en":"Maganding","geo_level":"Bgy","len_crs":17433,"area_crs":14294423,"len_km":17,"area_km2":14},"id":1903635028},{"arcs":[[27,28,29,30]],"type":"Polygon","properties":{"adm1_psgc":1900000000,"adm2_psgc":1903600000,"adm3_psgc":1903635000,"adm4_psgc":1903635029,"adm4_en":"Maladi","geo_level":"Bgy","len_crs":12940,"area_crs":4756143,"len_km":12,"area_km2":4},"id":1903635029},{"arcs":[[31,32,33,34]],"type":"Polygon","properties":{"adm1_psgc":1900000000,"adm2_psgc":1903600000,"adm3_psgc":1903635000,"adm4_psgc":1903635035,"adm4_en":"Mapantao","geo_level":"Bgy","len_crs":9016,"area_crs":2407896,"len_km":9,"area_km2":2},"id":1903635035},{"arcs":[[35,-26]],"type":"Polygon","properties":{"adm1_psgc":1900000000,"adm2_psgc":1903600000,"adm3_psgc":1903635000,"adm4_psgc":1903635037,"adm4_en":"Micalubo","geo_level":"Bgy","len_crs":16986,"area_crs":7249025,"len_km":16,"area_km2":7},"id":1903635037},{"arcs":[[36,37,-22,38,39]],"type":"Polygon","properties":{"adm1_psgc":1900000000,"adm2_psgc":1903600000,"adm3_psgc":1903635000,"adm4_psgc":1903635041,"adm4_en":"Pindolonan","geo_level":"Bgy","len_crs":12435,"area_crs":6247176,"len_km":12,"area_km2":6},"id":1903635041},{"arcs":[[40,-32,41,-1]],"type":"Polygon","properties":{"adm1_psgc":1900000000,"adm2_psgc":1903600000,"adm3_psgc":1903635000,"adm4_psgc":1903635042,"adm4_en":"Punong","geo_level":"Bgy","len_crs":11613,"area_crs":4946447,"len_km":11,"area_km2":4},"id":1903635042},{"arcs":[[-34,42,-14,43]],"type":"Polygon","properties":{"adm1_psgc":1900000000,"adm2_psgc":1903600000,"adm3_psgc":1903635000,"adm4_psgc":1903635043,"adm4_en":"Ramitan","geo_level":"Bgy","len_crs":13917,"area_crs":4920202,"len_km":13,"area_km2":4},"id":1903635043},{"arcs":[[-12,-21,44,-30,45,-40,46,47]],"type":"Polygon","properties":{"adm1_psgc":1900000000,"adm2_psgc":1903600000,"adm3_psgc":1903635000,"adm4_psgc":1903635049,"adm4_en":"Torogan","geo_level":"Bgy","len_crs":15644,"area_crs":11479229,"len_km":15,"area_km2":11},"id":1903635049},{"arcs":[[48,-31,-45,-20]],"type":"Polygon","properties":{"adm1_psgc":1900000000,"adm2_psgc":1903600000,"adm3_psgc":1903635000,"adm4_psgc":1903635050,"adm4_en":"Tual","geo_level":"Bgy","len_crs":13549,"area_crs":2922463,"len_km":13,"area_km2":2},"id":1903635050},{"arcs":[[-18,-10,-16,49]],"type":"Polygon","properties":{"adm1_psgc":1900000000,"adm2_psgc":1903600000,"adm3_psgc":1903635000,"adm4_psgc":1903635052,"adm4_en":"Tuca","geo_level":"Bgy","len_crs":7053,"area_crs":2146374,"len_km":7,"area_km2":2},"id":1903635052},{"arcs":[[50,-37,-46,-29]],"type":"Polygon","properties":{"adm1_psgc":1900000000,"adm2_psgc":1903600000,"adm3_psgc":1903635000,"adm4_psgc":1903635053,"adm4_en":"Ubanoban","geo_level":"Bgy","len_crs":10245,"area_crs":2442975,"len_km":10,"area_km2":2},"id":1903635053},{"arcs":[[-3,51,-17,-13,-48,52]],"type":"Polygon","properties":{"adm1_psgc":1900000000,"adm2_psgc":1903600000,"adm3_psgc":1903635000,"adm4_psgc":1903635054,"adm4_en":"Anas","geo_level":"Bgy","len_crs":21317,"area_crs":21055082,"len_km":21,"area_km2":21},"id":1903635054},{"arcs":[[-2,-42,-35,-44,-52]],"type":"Polygon","properties":{"adm1_psgc":1900000000,"adm2_psgc":1903600000,"adm3_psgc":1903635000,"adm4_psgc":1903635061,"adm4_en":"Mimbalawag","geo_level":"Bgy","len_crs":8967,"area_crs":4228567,"len_km":8,"area_km2":4},"id":1903635061}]}}}