{"type":"Topology","arcs":[[[308,397],[9,-10]],[[317,387],[-13,-28]],[[304,359],[-10,-26]],[[294,333],[-32,9]],[[262,342],[-17,6]],[[245,348],[15,29]],[[260,377],[7,22]],[[267,399],[41,-2]],[[388,675],[-13,-22]],[[375,653],[-47,-22]],[[328,631],[-48,-75]],[[280,556],[-43,-8]],[[237,548],[0,205],[151,-78]],[[125,308],[81,-36]],[[206,272],[-12,-12]],[[194,260],[-48,-49]],[[146,211],[-109,60]],[[37,271],[88,37]],[[440,389],[-59,-16]],[[381,373],[-27,19]],[[354,392],[-7,40]],[[347,432],[47,17]],[[394,449],[46,-60]],[[262,342],[-56,-70]],[[125,308],[26,62]],[[151,370],[94,-22]],[[616,197],[-29,49]],[[587,246],[3,113]],[[590,359],[67,95]],[[657,454],[107,-10],[-148,-247]],[[473,333],[-35,-68]],[[438,265],[-72,-36]],[[366,229],[-11,68]],[[355,297],[21,58]],[[376,355],[5,18]],[[440,389],[33,-56]],[[313,481],[-5,-57]],[[308,424],[0,-27]],[[267,399],[-65,71]],[[202,470],[35,78]],[[280,556],[33,-75]],[[354,392],[-6,-3]],[[348,389],[-31,-2]],[[308,424],[39,8]],[[556,470],[-30,-11]],[[526,459],[-96,78],[-55,116]],[[388,675],[168,-205]],[[151,370],[20,45]],[[171,415],[89,-38]],[[171,415],[31,55]],[[355,297],[-28,6]],[[327,303],[-13,13]],[[314,316],[29,28]],[[343,344],[33,11]],[[337,347],[6,-3]],[[314,316],[-20,17]],[[304,359],[33,-12]],[[337,347],[11,42]],[[587,246],[-80,111]],[[507,357],[9,14]],[[516,371],[74,-12]],[[616,197],[-38,-44]],[[578,153],[-140,112]],[[473,333],[34,24]],[[526,459],[-28,-20]],[[498,439],[-75,49]],[[423,488],[-95,143]],[[571,491],[-15,-21]],[[388,675],[79,-20],[104,-164]],[[397,471],[-3,-22]],[[313,481],[84,-10]],[[366,229],[4,-37]],[[370,192],[-52,-35]],[[318,157],[-22,35]],[[296,192],[-73,38]],[[223,230],[104,73]],[[247,4],[-176,-4],[-35,35]],[[36,35],[109,34]],[[145,69],[49,10]],[[194,79],[53,-75]],[[423,488],[-26,-17]],[[146,211],[75,-79]],[[221,132],[-27,-53]],[[145,69],[-145,85]],[[0,154],[37,117]],[[36,35],[-36,119]],[[578,153],[-87,-92]],[[491,61],[-82,30],[-39,101]],[[318,157],[-9,-154]],[[309,3],[-62,1]],[[221,132],[75,60]],[[491,61],[-54,-43],[-128,-15]],[[194,260],[29,-30]],[[516,371],[-18,68]],[[571,491],[86,-37]]],"transform":{"scale":[0.00017152534293193028,0.0001670768100929771],"translate":[121.52749863400004,16.822149266000057]},"objects":{"bgysubmuns-municity-203132000":{"type":"GeometryCollection","geometries":[{"arcs":[[0,1,2,3,4,5,6,7]],"type":"Polygon","properties":{"adm1_psgc":200000000,"adm2_psgc":203100000,"adm3_psgc":203132000,"adm4_psgc":203132001,"adm4_en":"Bacarreña","geo_level":"Bgy","len_crs":4417,"area_crs":1048473,"len_km":4,"area_km2":1},"id":203132001},{"arcs":[[8,9,10,11,12]],"type":"Polygon","properties":{"adm1_psgc":200000000,"adm2_psgc":203100000,"adm3_psgc":203132000,"adm4_psgc":203132002,"adm4_en":"Bagong Sikat","geo_level":"Bgy","len_crs":13011,"area_crs":6113601,"len_km":13,"area_km2":6},"id":203132002},{"arcs":[[13,14,15,16,17]],"type":"Polygon","properties":{"adm1_psgc":200000000,"adm2_psgc":203100000,"adm3_psgc":203132000,"adm4_psgc":203132003,"adm4_en":"Bella Luz","geo_level":"Bgy","len_crs":8341,"area_crs":4032930,"len_km":8,"area_km2":4},"id":203132003},{"arcs":[[18,19,20,21,22]],"type":"Polygon","properties":{"adm1_psgc":200000000,"adm2_psgc":203100000,"adm3_psgc":203132000,"adm4_psgc":203132004,"adm4_en":"Daramuangan Sur","geo_level":"Bgy","len_crs":5488,"area_crs":1565602,"len_km":5,"area_km2":1},"id":203132004},{"arcs":[[-5,23,-14,24,25]],"type":"Polygon","properties":{"adm1_psgc":200000000,"adm2_psgc":203100000,"adm3_psgc":203132000,"adm4_psgc":203132005,"adm4_en":"Estrella","geo_level":"Bgy","len_crs":6691,"area_crs":2720499,"len_km":6,"area_km2":2},"id":203132005},{"arcs":[[26,27,28,29]],"type":"Polygon","properties":{"adm1_psgc":200000000,"adm2_psgc":203100000,"adm3_psgc":203132000,"adm4_psgc":203132007,"adm4_en":"Gaddanan","geo_level":"Bgy","len_crs":15002,"area_crs":6965626,"len_km":15,"area_km2":6},"id":203132007},{"arcs":[[30,31,32,33,34,-19,35]],"type":"Polygon","properties":{"adm1_psgc":200000000,"adm2_psgc":203100000,"adm3_psgc":203132000,"adm4_psgc":203132009,"adm4_en":"Malasin","geo_level":"Bgy","len_crs":8355,"area_crs":4195936,"len_km":8,"area_km2":4},"id":203132009},{"arcs":[[36,37,-8,38,39,-12,40]],"type":"Polygon","properties":{"adm1_psgc":200000000,"adm2_psgc":203100000,"adm3_psgc":203132000,"adm4_psgc":203132010,"adm4_en":"Mapuroc","geo_level":"Bgy","len_crs":8849,"area_crs":3228264,"len_km":8,"area_km2":3},"id":203132010},{"arcs":[[41,42,-1,-38,43,-21]],"type":"Polygon","properties":{"adm1_psgc":200000000,"adm2_psgc":203100000,"adm3_psgc":203132000,"adm4_psgc":203132011,"adm4_en":"Marasat Grande","geo_level":"Bgy","len_crs":3037,"area_crs":534698,"len_km":3,"area_km2":0},"id":203132011},{"arcs":[[44,45,-9,46]],"type":"Polygon","properties":{"adm1_psgc":200000000,"adm2_psgc":203100000,"adm3_psgc":203132000,"adm4_psgc":203132012,"adm4_en":"Marasat Pequeño","geo_level":"Bgy","len_crs":10673,"area_crs":3960482,"len_km":10,"area_km2":3},"id":203132012},{"arcs":[[-6,-26,47,48]],"type":"Polygon","properties":{"adm1_psgc":200000000,"adm2_psgc":203100000,"adm3_psgc":203132000,"adm4_psgc":203132013,"adm4_en":"Old Centro I","geo_level":"Bgy","len_crs":5151,"area_crs":1330670,"len_km":5,"area_km2":1},"id":203132013},{"arcs":[[-7,-49,49,-39]],"type":"Polygon","properties":{"adm1_psgc":200000000,"adm2_psgc":203100000,"adm3_psgc":203132000,"adm4_psgc":203132014,"adm4_en":"Old Centro II","geo_level":"Bgy","len_crs":5576,"area_crs":1816653,"len_km":5,"area_km2":1},"id":203132014},{"arcs":[[-34,50,51,52,53]],"type":"Polygon","properties":{"adm1_psgc":200000000,"adm2_psgc":203100000,"adm3_psgc":203132000,"adm4_psgc":203132017,"adm4_en":"Barangay I","geo_level":"Bgy","len_crs":3584,"area_crs":770251,"len_km":3,"area_km2":0},"id":203132017},{"arcs":[[54,-53,55,-3,56]],"type":"Polygon","properties":{"adm1_psgc":200000000,"adm2_psgc":203100000,"adm3_psgc":203132000,"adm4_psgc":203132018,"adm4_en":"Barangay II","geo_level":"Bgy","len_crs":2554,"area_crs":379481,"len_km":2,"area_km2":0},"id":203132018},{"arcs":[[-35,-54,-55,57,-42,-20]],"type":"Polygon","properties":{"adm1_psgc":200000000,"adm2_psgc":203100000,"adm3_psgc":203132000,"adm4_psgc":203132019,"adm4_en":"Barangay III","geo_level":"Bgy","len_crs":2975,"area_crs":362626,"len_km":2,"area_km2":0},"id":203132019},{"arcs":[[-57,-2,-43,-58]],"type":"Polygon","properties":{"adm1_psgc":200000000,"adm2_psgc":203100000,"adm3_psgc":203132000,"adm4_psgc":203132020,"adm4_en":"Barangay IV","geo_level":"Bgy","len_crs":2840,"area_crs":392642,"len_km":2,"area_km2":0},"id":203132020},{"arcs":[[-28,58,59,60]],"type":"Polygon","properties":{"adm1_psgc":200000000,"adm2_psgc":203100000,"adm3_psgc":203132000,"adm4_psgc":203132021,"adm4_en":"Salinungan East","geo_level":"Bgy","len_crs":6931,"area_crs":2825948,"len_km":6,"area_km2":2},"id":203132021},{"arcs":[[-27,61,62,-31,63,-59]],"type":"Polygon","properties":{"adm1_psgc":200000000,"adm2_psgc":203100000,"adm3_psgc":203132000,"adm4_psgc":203132024,"adm4_en":"Salinungan West","geo_level":"Bgy","len_crs":10832,"area_crs":4532448,"len_km":10,"area_km2":4},"id":203132024},{"arcs":[[64,65,66,-10,-46]],"type":"Polygon","properties":{"adm1_psgc":200000000,"adm2_psgc":203100000,"adm3_psgc":203132000,"adm4_psgc":203132025,"adm4_en":"San Andres","geo_level":"Bgy","len_crs":11411,"area_crs":3545301,"len_km":11,"area_km2":3},"id":203132025},{"arcs":[[67,-47,68]],"type":"Polygon","properties":{"adm1_psgc":200000000,"adm2_psgc":203100000,"adm3_psgc":203132000,"adm4_psgc":203132026,"adm4_en":"San Antonio","geo_level":"Bgy","len_crs":12326,"area_crs":2801611,"len_km":12,"area_km2":2},"id":203132026},{"arcs":[[69,-22,-44,-37,70]],"type":"Polygon","properties":{"adm1_psgc":200000000,"adm2_psgc":203100000,"adm3_psgc":203132000,"adm4_psgc":203132027,"adm4_en":"San Ignacio","geo_level":"Bgy","len_crs":4883,"area_crs":1373245,"len_km":4,"area_km2":1},"id":203132027},{"arcs":[[-33,71,72,73,74,75,-51]],"type":"Polygon","properties":{"adm1_psgc":200000000,"adm2_psgc":203100000,"adm3_psgc":203132000,"adm4_psgc":203132028,