{"type":"Topology","arcs":[[[278,145],[-13,-50]],[[265,95],[-101,108]],[[164,203],[27,33]],[[191,236],[87,-91]],[[418,556],[-12,-88]],[[406,468],[-37,-15]],[[369,453],[-24,70]],[[345,523],[73,33]],[[530,313],[-15,-46]],[[515,267],[-98,77]],[[417,344],[-19,40]],[[398,384],[56,14]],[[454,398],[76,-85]],[[515,267],[-9,-54]],[[506,213],[-95,-12]],[[411,201],[-38,75]],[[373,276],[44,68]],[[384,415],[14,-31]],[[373,276],[-55,-4]],[[318,272],[-38,46]],[[280,318],[-22,87]],[[258,405],[23,13]],[[281,418],[103,-3]],[[538,327],[-59,113]],[[479,440],[23,13]],[[502,453],[64,12]],[[566,465],[-28,-138]],[[411,201],[-50,-19]],[[361,182],[-107,54]],[[254,236],[64,36]],[[280,318],[-76,-16]],[[204,302],[-92,29]],[[112,331],[-29,111]],[[83,442],[49,24],[126,-61]],[[434,429],[20,-31]],[[384,415],[-15,38]],[[406,468],[28,-39]],[[456,103],[-47,-103],[-95,66]],[[314,66],[25,35]],[[339,101],[117,2]],[[281,418],[64,105]],[[538,327],[-8,-14]],[[434,429],[45,11]],[[254,236],[-35,8]],[[219,244],[-15,58]],[[112,331],[-8,-66]],[[104,265],[-104,89],[83,88]],[[502,453],[-32,63]],[[470,516],[96,-51]],[[418,556],[52,-40]],[[339,101],[-34,36]],[[305,137],[56,45]],[[506,213],[-50,-110]],[[219,244],[-28,-8]],[[164,203],[-32,15]],[[132,218],[-28,47]],[[305,137],[-27,8]],[[314,66],[-73,-24]],[[241,42],[24,53]],[[241,42],[-111,117],[2,59]]],"transform":{"scale":[0.00013426336219073479,0.0001379281528776975],"translate":[120.31007245300009,15.784837957000036]},"objects":{"bgysubmuns-municity-105545000":{"type":"GeometryCollection","geometries":[{"arcs":[[0,1,2,3]],"type":"Polygon","properties":{"adm1_psgc":100000000,"adm2_psgc":105500000,"adm3_psgc":105545000,"adm4_psgc":105545001,"adm4_en":"Angatel","geo_level":"Bgy","len_crs":6007,"area_crs":1595584,"len_km":6,"area_km2":1},"id":105545001},{"arcs":[[4,5,6,7]],"type":"Polygon","properties":{"adm1_psgc":100000000,"adm2_psgc":105500000,"adm3_psgc":105545000,"adm4_psgc":105545002,"adm4_en":"Balangay","geo_level":"Bgy","len_crs":4966,"area_crs":1041725,"len_km":4,"area_km2":1},"id":105545002},{"arcs":[[8,9,10,11,12]],"type":"Polygon","properties":{"adm1_psgc":100000000,"adm2_psgc":105500000,"adm3_psgc":105545000,"adm4_psgc":105545003,"adm4_en":"Batancaoa","geo_level":"Bgy","len_crs":6277,"area_crs":1669769,"len_km":6,"area_km2":1},"id":105545003},{"arcs":[[13,14,15,16,-10]],"type":"Polygon","properties":{"adm1_psgc":100000000,"adm2_psgc":105500000,"adm3_psgc":105545000,"adm4_psgc":105545004,"adm4_en":"Baug","geo_level":"Bgy","len_crs":6573,"area_crs":2674146,"len_km":6,"area_km2":2},"id":105545004},{"arcs":[[17,-11,-17,18,19,20,21,22]],"type":"Polygon","properties":{"adm1_psgc":100000000,"adm2_psgc":105500000,"adm3_psgc":105545000,"adm4_psgc":105545005,"adm4_en":"Bayaoas","geo_level":"Bgy","len_crs":7835,"area_crs":3663098,"len_km":7,"area_km2":3},"id":105545005},{"arcs":[[23,24,25,26]],"type":"Polygon","properties":{"adm1_psgc":100000000,"adm2_psgc":105500000,"adm3_psgc":105545000,"adm4_psgc":105545006,"adm4_en":"Bituag","geo_level":"Bgy","len_crs":6077,"area_crs":1427338,"len_km":6,"area_km2":1},"id":105545006},{"arcs":[[-16,27,28,29,-19]],"type":"Polygon","properties":{"adm1_psgc":100000000,"adm2_psgc":105500000,"adm3_psgc":105545000,"adm4_psgc":105545007,"adm4_en":"Camambugan","geo_level":"Bgy","len_crs":6005,"area_crs":1780286,"len_km":6,"area_km2":1},"id":105545007},{"arcs":[[-21,30,31,32,33]],"type":"Polygon","properties":{"adm1_psgc":100000000,"adm2_psgc":105500000,"adm3_psgc":105545000,"adm4_psgc":105545008,"adm4_en":"Dalanguiring","geo_level":"Bgy","len_crs":9538,"area_crs":3887274,"len_km":9,"area_km2":3},"id":105545008},{"arcs":[[34,-12,-18,35,-6,36]],"type":"Polygon","properties":{"adm1_psgc":100000000,"adm2_psgc":105500000,"adm3_psgc":105545000,"adm4_psgc":105545009,"adm4_en":"Duplac","geo_level":"Bgy","len_crs":3919,"area_crs":828846,"len_km":3,"area_km2":0},"id":105545009},{"arcs":[[37,38,39]],"type":"Polygon","properties":{"adm1_psgc":100000000,"adm2_psgc":105500000,"adm3_psgc":105545000,"adm4_psgc":105545010,"adm4_en":"Galarin","geo_level":"Bgy","len_crs":6056,"area_crs":1865990,"len_km":6,"area_km2":1},"id":105545010},{"arcs":[[-36,-23,40,-7]],"type":"Polygon","properties":{"adm1_psgc":100000000,"adm2_psgc":105500000,"adm3_psgc":105545000,"adm4_psgc":105545011,"adm4_en":"Gueteb","geo_level":"Bgy","len_crs":6137,"area_crs":1312743,"len_km":6,"area_km2":1},"id":105545011},{"arcs":[[41,-13,-35,42,-24]],"type":"Polygon","properties":{"adm1_psgc":100000000,"adm2_psgc":105500000,"adm3_psgc":105545000,"adm4_psgc":105545012,"adm4_en":"Malaca","geo_level":"Bgy","len_crs":5525,"area_crs":986262,"len_km":5,"area_km2":0},"id":105545012},{"arcs":[[-30,43,44,-31,-20]],"type":"Polygon","properties":{"adm1_psgc":100000000,"adm2_psgc":105500000,"adm3_psgc":105545000,"adm4_psgc":105545013,"adm4_en":"Malayo","geo_level":"Bgy","len_crs":4526,"area_crs":1357247,"len_km":4,"area_km2":1},"id":105545013},{"arcs":[[45,46,-33]],"type":"Polygon","properties":{"adm1_psgc":100000000,"adm2_psgc":105500000,"adm3_psgc":105545000,"adm4_psgc":105545014,"adm4_en":"Malibong","geo_level":"Bgy","len_crs":7952,"area_crs":2898327,"len_km":7,"area_km2":2},"id":105545014},{"arcs":[[-26,47,48]],"type":"Polygon","properties":{"adm1_psgc":100000000,"adm2_psgc":105500000,"adm3_psgc":105545000,"adm4_psgc":105545015,"adm4_en":"Pasibi East","geo_level":"Bgy","len_crs":4790,"area_crs":1092628,"len_km":4,"area_km2":1},"id":105545015},{"arcs":[[-48,-25,-43,-37,-5,49]],"type":"Polygon","properties":{"adm1_psgc":100000000,"adm2_psgc":105500000,"adm3_psgc":105545000,"adm4_psgc":105545016,"adm4_en":"Pasibi West","geo_level":"Bgy","len_crs":5912,"area_crs":1631910,"len_km":5,"area_km2":1},"id":105545016},{"arcs":[[-40,50,51,-28,-15,52]],"type":"Polygon","properties":{"adm1_psgc":100000000,"adm2_psgc":105500000,"adm3_psgc":105545000,"adm4_psgc":105545017,"adm4_en":"Pisuac","geo_level":"Bgy","len_crs":7735,"area_crs":3208007,"len_km":7,"area_km2":3},"id":105545017},{"arcs":[[-45,53,-3,54,55,-46,-32]],"type":"Polygon","properties":{"adm1_psgc":100000000,"adm2_psgc":105500000,"adm3_psgc":105545000,"adm4_psgc":105545018,"adm4_en":"Poblacion","geo_level":"Bgy","len_crs":6558,"area_crs":2354296,"len_km":6,"area_km2":2},"id":105545018},{"arcs":[[-29,-52,56,-4,-54,-44]],"type":"Polygon","properties":{"adm1_psgc":100000000,"adm2_psgc":105500000,"adm3_psgc":105545000,"adm4_psgc":105545019,"adm4_en":"Real","geo_level":"Bgy","len_crs":6394,"area_crs":1635715,"len_km":6,"area_km2":1},"id":105545019},{"arcs":[[-51,-39,57,58,-1,-57]],"type":"Polygon","properties":{"adm1_psgc":100000000,"adm2_psgc":105500000,"adm3_psgc":105545000,"adm4_psgc":105545020,"adm4_en":"Salavante","geo_level":"Bgy","len_crs":5256,"area_crs":1139915,"len_km":5,"area_km2":1},"id":105545020},{"arcs":[[-2,-59,59,-55]],"type":"Polygon","properties":{"adm1_psgc":100000000,"adm2_psgc":105500000,"adm3_psgc":105545000,"adm4_psgc":105545021,"adm4_en":"Sawat","geo_level":"Bgy","len_crs":6988,"area_crs":2338775,"len_km":6,"area_km2":2},"id":105545021}]}}}