{"type":"Topology","arcs":[[[798,428],[-117,39],[-47,-27]],[[634,440],[-20,68]],[[614,508],[179,-1],[5,-79]],[[200,153],[6,-69]],[[206,84],[-29,19]],[[177,103],[6,46],[-78,33]],[[105,182],[34,58]],[[139,240],[40,-27],[21,-60]],[[813,272],[39,-82],[-17,-66]],[[835,124],[-54,22]],[[781,146],[5,120]],[[786,266],[27,6]],[[781,146],[-118,9],[-51,-26]],[[612,129],[-18,81]],[[594,210],[73,45]],[[667,255],[48,-24],[71,35]],[[635,414],[39,-3],[-7,-156]],[[594,210],[-93,-57],[-34,-52],[-52,-3]],[[415,98],[17,117],[-7,89]],[[425,304],[94,54],[2,64]],[[521,422],[114,-8]],[[374,510],[-112,-11]],[[262,499],[-7,115]],[[255,614],[105,24],[14,-128]],[[126,319],[13,-79]],[[105,182],[-22,12]],[[83,194],[-24,32],[24,108]],[[83,334],[43,-15]],[[262,499],[-37,-43]],[[225,456],[-60,19]],[[165,475],[-27,43]],[[138,518],[34,64],[83,32]],[[323,237],[55,-119]],[[378,118],[-73,-57],[-43,15]],[[262,76],[-56,8]],[[200,153],[123,84]],[[798,428],[36,-119],[-21,-37]],[[635,414],[-1,26]],[[322,308],[1,-71]],[[126,319],[79,15],[25,75]],[[230,409],[54,-80],[38,-21]],[[177,103],[-146,-20]],[[31,83],[-31,56],[25,41],[58,14]],[[225,456],[5,-47]],[[83,334],[-13,28]],[[70,362],[95,113]],[[70,362],[-37,13],[8,98],[97,45]],[[835,124],[4,-92],[-77,36],[-76,-31],[-69,2]],[[617,39],[-5,90]],[[415,98],[-37,20]],[[322,308],[103,-4]],[[379,509],[-11,-75],[-46,-126]],[[374,510],[5,-1]],[[262,76],[-10,-37],[-111,-39],[-110,83]],[[521,422],[-16,81]],[[505,503],[109,5]],[[379,509],[126,-6]],[[617,39],[-76,-24],[-126,83]]],"transform":{"scale":[0.00018337581807513213,0.00014105869122256985],"translate":[125.22749962100009,6.652028331000054]},"objects":{"bgysubmuns-municity-1102404000":{"type":"GeometryCollection","geometries":[{"arcs":[[0,1,2]],"type":"Polygon","properties":{"adm1_psgc":1100000000,"adm2_psgc":1102400000,"adm3_psgc":1102404000,"adm4_psgc":1102404002,"adm4_en":"Balutakay","geo_level":"Bgy","len_crs":10618,"area_crs":3976036,"len_km":10,"area_km2":3},"id":1102404002},{"arcs":[[3,4,5,6,7]],"type":"Polygon","properties":{"adm1_psgc":1100000000,"adm2_psgc":1102400000,"adm3_psgc":1102404000,"adm4_psgc":1102404005,"adm4_en":"Clib","geo_level":"Bgy","len_crs":8676,"area_crs":2448084,"len_km":8,"area_km2":2},"id":1102404005},{"arcs":[[8,9,10,11]],"type":"Polygon","properties":{"adm1_psgc":1100000000,"adm2_psgc":1102400000,"adm3_psgc":1102404000,"adm4_psgc":1102404006,"adm4_en":"Guihing Aplaya","geo_level":"Bgy","len_crs":7980,"area_crs":2532255,"len_km":7,"area_km2":2},"id":1102404006},{"arcs":[[-11,12,13,14,15]],"type":"Polygon","properties":{"adm1_psgc":1100000000,"adm2_psgc":1102400000,"adm3_psgc":1102404000,"adm4_psgc":1102404007,"adm4_en":"Guihing","geo_level":"Bgy","len_crs":13210,"area_crs":6009527,"len_km":13,"area_km2":6},"id":1102404007},{"arcs":[[16,-15,17,18,19,20]],"type":"Polygon","properties":{"adm1_psgc":1100000000,"adm2_psgc":1102400000,"adm3_psgc":1102404000,"adm4_psgc":1102404008,"adm4_en":"Hagonoy Crossing","geo_level":"Bgy","len_crs":19558,"area_crs":16261930,"len_km":19,"area_km2":16},"id":1102404008},{"arcs":[[21,22,23]],"type":"Polygon","properties":{"adm1_psgc":1100000000,"adm2_psgc":1102400000,"adm3_psgc":1102404000,"adm4_psgc":1102404009,"adm4_en":"Kibuaya","geo_level":"Bgy","len_crs":8438,"area_crs":4424608,"len_km":8,"area_km2":4},"id":1102404009},{"arcs":[[24,-7,25,26,27]],"type":"Polygon","properties":{"adm1_psgc":1100000000,"adm2_psgc":1102400000,"adm3_psgc":1102404000,"adm4_psgc":1102404010,"adm4_en":"La Union","geo_level":"Bgy","len_crs":7330,"area_crs":2729420,"len_km":7,"area_km2":2},"id":1102404010},{"arcs":[[28,29,30,31,-23]],"type":"Polygon","properties":{"adm1_psgc":1100000000,"adm2_psgc":1102400000,"adm3_psgc":1102404000,"adm4_psgc":1102404011,"adm4_en":"Lanuro","geo_level":"Bgy","len_crs":8617,"area_crs":4641962,"len_km":8,"area_km2":4},"id":1102404011},{"arcs":[[32,33,34,-4,35]],"type":"Polygon","properties":{"adm1_psgc":1100000000,"adm2_psgc":1102400000,"adm3_psgc":1102404000,"adm4_psgc":1102404012,"adm4_en":"Lapulabao","geo_level":"Bgy","len_crs":11456,"area_crs":6397698,"len_km":11,"area_km2":6},"id":1102404012},{"arcs":[[36,-12,-16,-17,37,-1]],"type":"Polygon","properties":{"adm1_psgc":1100000000,"adm2_psgc":1102400000,"adm3_psgc":1102404000,"adm4_psgc":1102404013,"adm4_en":"Leling","geo_level":"Bgy","len_crs":15257,"area_crs":8888919,"len_km":15,"area_km2":8},"id":1102404013},{"arcs":[[38,-36,-8,-25,39,40]],"type":"Polygon","properties":{"adm1_psgc":1100000000,"adm2_psgc":1102400000,"adm3_psgc":1102404000,"adm4_psgc":1102404014,"adm4_en":"Mahayahay","geo_level":"Bgy","len_crs":13525,"area_crs":8298510,"len_km":13,"area_km2":8},"id":1102404014},{"arcs":[[-26,-6,41,42]],"type":"Polygon","properties":{"adm1_psgc":1100000000,"adm2_psgc":1102400000,"adm3_psgc":1102404000,"adm4_psgc":1102404017,"adm4_en":"Malabang Damsite","geo_level":"Bgy","len_crs":9358,"area_crs":4337261,"len_km":9,"area_km2":4},"id":1102404017},{"arcs":[[43,-40,-28,44,45,-30]],"type":"Polygon","properties":{"adm1_psgc":1100000000,"adm2_psgc":1102400000,"adm3_psgc":1102404000,"adm4_psgc":1102404018,"adm4_en":"Maliit Digos","geo_level":"Bgy","len_crs":9872,"area_crs":5352980,"len_km":9,"area_km2":5},"id":1102404018},{"arcs":[[-46,46,-31]],"type":"Polygon","properties":{"adm1_psgc":1100000000,"adm2_psgc":1102400000,"adm3_psgc":1102404000,"adm4_psgc":1102404019,"adm4_en":"New Quezon","geo_level":"Bgy","len_crs":8893,"area_crs":3781905,"len_km":8,"area_km2":3},"id":1102404019},{"arcs":[[-10,47,48,-13]],"type":"Polygon","properties":{"adm1_psgc":1100000000,"adm2_psgc":1102400000,"adm3_psgc":1102404000,"adm4_psgc":1102404020,"adm4_en":"Paligue","geo_level":"Bgy","len_crs":15115,"area_crs":6619121,"len_km":15,"area_km2":6},"id":1102404020},{"arcs":[[-19,49,-33,-39,50]],"type":"Polygon","properties":{"adm1_psgc":1100000000,"adm2_psgc":1102400000,"adm3_psgc":1102404000,"adm4_psgc":1102404021,"adm4_en":"Poblacion","geo_level":"Bgy","len_crs":10214,"area_crs":4875951,"len_km":10,"area_km2":4},"id":1102404021},{"arcs":[[51,-41,-44,-29,-22,52]],"type":"Polygon","properties":{"adm1_psgc":1100000000,"adm2_psgc":1102400000,"adm3_psgc":1102404000,"adm4_psgc":1102404022,"adm4_en":"Sacub","geo_level":"Bgy","len_crs":10323,"area_crs":6161257,"len_km":10,"area_km2":6},"id":1102404022},{"arcs":[[-35,53,-42,-5]],"type":"Polygon","properties":{"adm1_psgc":1100000000,"adm2_psgc":1102400000,"adm3_psgc":1102404000,"adm4_psgc":1102404023,"adm4_en":"San Guillermo","geo_level":"Bgy","len_crs":11825,"area_crs":4730823,"len_km":11,"area_km2":4},"id":1102404023},{"arcs":[[-2,-38,-21,54,55]],"type":"Polygon","properties":{"adm1_psgc":1100000000,"adm2_psgc":1102400000,"adm3_psgc":1102404000,"adm4_psgc":1102404024,"adm4_en":"San Isidro","geo_level":"Bgy","len_crs":7750,"area_crs":2886348,"len_km":7,"area_km2":2},"id":1102404024},{"arcs":[[-55,-20,-51,-52,56]],"type":"Polygon","properties":{"adm1_psgc":1100000000,"adm2_psgc":1102400000,"adm3_psgc":1102404000,"adm4_psgc":1102404025,"adm4_en":"Sinayawan","geo_level":"Bgy","len_crs":12563,"area_crs":9903222,"len_km":12,"area_km2":9},"id":1102404025},{"arcs":[[-14,-49,57,-18]],"type":"Polygon","properties":{"adm1_psgc":1100000000,"adm2_psgc":1102400000,"adm3_psgc":1102404000,"adm4_psgc":1102404026,"adm4_en":"Tologan","geo_level":"Bgy","len_crs":13306,"area_crs":6302711,"len_km":13,"area_km2":6},"id":1102404026}]}}}