{"type":"Topology","arcs":[[[406,442],[-45,-258]],[[361,184],[-90,68]],[[271,252],[-10,40]],[[261,292],[4,121]],[[265,413],[24,72]],[[289,485],[54,13]],[[343,498],[63,-56]],[[482,712],[8,-13]],[[490,699],[-121,-25]],[[369,674],[-38,61]],[[331,735],[30,34],[121,-57]],[[380,649],[-15,-83]],[[365,566],[-63,18]],[[302,584],[-54,37]],[[248,621],[-23,48]],[[225,669],[29,24],[126,-44]],[[271,494],[18,-9]],[[265,413],[-81,-41]],[[184,372],[-1,37]],[[183,409],[88,85]],[[248,621],[-2,-56]],[[246,565],[-87,-48]],[[159,517],[-23,36],[28,141],[28,24]],[[192,718],[33,-49]],[[586,681],[-96,18]],[[482,712],[56,50],[48,-81]],[[346,92],[-15,-83]],[[331,9],[-45,56],[-84,4]],[[202,69],[4,43]],[[206,112],[1,39]],[[207,151],[93,-15],[46,-44]],[[365,566],[-8,-22]],[[357,544],[-98,-11]],[[259,533],[-2,18]],[[257,551],[45,33]],[[271,252],[-61,-90]],[[210,162],[-137,54]],[[73,216],[-73,101],[159,-29],[30,40]],[[189,328],[72,-36]],[[202,69],[-1,-69]],[[201,0],[-109,10],[-7,109]],[[85,119],[121,-7]],[[369,674],[11,-25]],[[192,718],[78,82],[61,-65]],[[586,681],[-6,-52]],[[580,629],[-200,20]],[[189,328],[-5,44]],[[331,9],[-130,-9]],[[347,508],[-77,0]],[[270,508],[-11,25]],[[357,544],[-10,-36]],[[347,508],[-4,-10]],[[271,494],[-1,14]],[[361,184],[-15,-92]],[[207,151],[3,11]],[[85,119],[-12,97]],[[257,551],[-11,14]],[[183,409],[-24,108]],[[580,629],[-102,-143],[-72,-44]]],"transform":{"scale":[0.0002214574215015699,0.00016700587999999073],"translate":[120.65553472300007,17.455108455000072]},"objects":{"bgysubmuns-municity-1400103000":{"type":"GeometryCollection","geometries":[{"arcs":[[0,1,2,3,4,5,6]],"type":"Polygon","properties":{"adm1_psgc":1400000000,"adm2_psgc":1400100000,"adm3_psgc":1400103000,"adm4_psgc":1400103001,"adm4_en":"Abang","geo_level":"Bgy","len_crs":17314,"area_crs":13585331,"len_km":17,"area_km2":13},"id":1400103001},{"arcs":[[7,8,9,10]],"type":"Polygon","properties":{"adm1_psgc":1400000000,"adm2_psgc":1400100000,"adm3_psgc":1400103000,"adm4_psgc":1400103002,"adm4_en":"Bangbangcag","geo_level":"Bgy","len_crs":9187,"area_crs":3201846,"len_km":9,"area_km2":3},"id":1400103002},{"arcs":[[11,12,13,14,15]],"type":"Polygon","properties":{"adm1_psgc":1400000000,"adm2_psgc":1400100000,"adm3_psgc":1400103000,"adm4_psgc":1400103003,"adm4_en":"Bangcagan","geo_level":"Bgy","len_crs":10152,"area_crs":5209710,"len_km":10,"area_km2":5},"id":1400103003},{"arcs":[[16,-5,17,18,19]],"type":"Polygon","properties":{"adm1_psgc":1400000000,"adm2_psgc":1400100000,"adm3_psgc":1400103000,"adm4_psgc":1400103004,"adm4_en":"Banglolao","geo_level":"Bgy","len_crs":7797,"area_crs":2638820,"len_km":7,"area_km2":2},"id":1400103004},{"arcs":[[-15,20,21,22,23]],"type":"Polygon","properties":{"adm1_psgc":1400000000,"adm2_psgc":1400100000,"adm3_psgc":1400103000,"adm4_psgc":1400103005,"adm4_en":"Bugbog","geo_level":"Bgy","len_crs":10526,"area_crs":5588487,"len_km":10,"area_km2":5},"id":1400103005},{"arcs":[[24,-8,25]],"type":"Polygon","properties":{"adm1_psgc":1400000000,"adm2_psgc":1400100000,"adm3_psgc":1400103000,"adm4_psgc":1400103006,"adm4_en":"Calao","geo_level":"Bgy","len_crs":6293,"area_crs":2001298,"len_km":6,"area_km2":2},"id":1400103006},{"arcs":[[26,27,28,29,30]],"type":"Polygon","properties":{"adm1_psgc":1400000000,"adm2_psgc":1400100000,"adm3_psgc":1400103000,"adm4_psgc":1400103007,"adm4_en":"Dugong","geo_level":"Bgy","len_crs":10796,"area_crs":5093929,"len_km":10,"area_km2":5},"id":1400103007},{"arcs":[[31,32,33,34,-13]],"type":"Polygon","properties":{"adm1_psgc":1400000000,"adm2_psgc":1400100000,"adm3_psgc":1400103000,"adm4_psgc":1400103008,"adm4_en":"Labon","geo_level":"Bgy","len_crs":6297,"area_crs":1434854,"len_km":6,"area_km2":1},"id":1400103008},{"arcs":[[-3,35,36,37,38]],"type":"Polygon","properties":{"adm1_psgc":1400000000,"adm2_psgc":1400100000,"adm3_psgc":1400103000,"adm4_psgc":1400103009,"adm4_en":"Layugan","geo_level":"Bgy","len_crs":16427,"area_crs":10732443,"len_km":16,"area_km2":10},"id":1400103009},{"arcs":[[-29,39,40,41]],"type":"Polygon","properties":{"adm1_psgc":1400000000,"adm2_psgc":1400100000,"adm3_psgc":1400103000,"adm4_psgc":1400103010,"adm4_en":"Madalipay","geo_level":"Bgy","len_crs":9564,"area_crs":5402969,"len_km":9,"area_km2":5},"id":1400103010},{"arcs":[[-10,42,-16,-24,43]],"type":"Polygon","properties":{"adm1_psgc":1400000000,"adm2_psgc":1400100000,"adm3_psgc":1400103000,"adm4_psgc":1400103011,"adm4_en":"Pagala","geo_level":"Bgy","len_crs":11677,"area_crs":6066219,"len_km":11,"area_km2":6},"id":1400103011},{"arcs":[[44,45,-43,-9,-25]],"type":"Polygon","properties":{"adm1_psgc":1400000000,"adm2_psgc":1400100000,"adm3_psgc":1400103000,"adm4_psgc":1400103012,"adm4_en":"Palaquio","geo_level":"Bgy","len_crs":12054,"area_crs":4567009,"len_km":12,"area_km2":4},"id":1400103012},{"arcs":[[-39,46,-18,-4]],"type":"Polygon","properties":{"adm1_psgc":1400000000,"adm2_psgc":1400100000,"adm3_psgc":1400103000,"adm4_psgc":1400103013,"adm4_en":"Pakiling","geo_level":"Bgy","len_crs":7634,"area_crs":2951045,"len_km":7,"area_km2":2},"id":1400103013},{"arcs":[[47,-40,-28]],"type":"Polygon","properties":{"adm1_psgc":1400000000,"adm2_psgc":1400100000,"adm3_psgc":1400103000,"adm4_psgc":1400103014,"adm4_en":"Patoc","geo_level":"Bgy","len_crs":8654,"area_crs":3490344,"len_km":8,"area_km2":3},"id":1400103014},{"arcs":[[48,49,-33,50]],"type":"Polygon","properties":{"adm1_psgc":1400000000,"adm2_psgc":1400100000,"adm3_psgc":1400103000,"adm4_psgc":1400103016,"adm4_en":"North Poblacion","geo_level":"Bgy","len_crs":5685,"area_crs":1098041,"len_km":5,"area_km2":1},"id":1400103016},{"arcs":[[51,-6,-17,52,-49]],"type":"Polygon","properties":{"adm1_psgc":1400000000,"adm2_psgc":1400100000,"adm3_psgc":1400103000,"adm4_psgc":1400103017,"adm4_en":"South Poblacion","geo_level":"Bgy","len_crs":4265,"area_crs":769202,"len_km":4,"area_km2":0},"id":1400103017},{"arcs":[[53,-31,54,-36,-2]],"type":"Polygon","properties":{"adm1_psgc":1400000000,"adm2_psgc":1400100000,"adm3_psgc":1400103000,"adm4_psgc":1400103018,"adm4_en":"Quimloong","geo_level":"Bgy","len_crs":11104,"area_crs":5364173,"len_km":11,"area_km2":5},"id":1400103018},{"arcs":[[-55,-30,-42,55,-37]],"type":"Polygon","properties":{"adm1_psgc":1400000000,"adm2_psgc":1400100000,"adm3_psgc":1400103000,"adm4_psgc":1400103019,"adm4_en":"Salnec","geo_level":"Bgy","len_crs":9098,"area_crs":3418861,"len_km":9,"area_km2":3},"id":1400103019},{"arcs":[[-35,56,-21,-14]],"type":"Polygon","properties":{"adm1_psgc":1400000000,"adm2_psgc":1400100000,"adm3_psgc":1400103000,"adm4_psgc":1400103020,"adm4_en":"San Miguel","geo_level":"Bgy","len_crs":4583,"area_crs":1275781,"len_km":4,"area_km2":1},"id":1400103020},{"arcs":[[-34,-50,-53,-20,57,-22,-57]],"type":"Polygon","properties":{"adm1_psgc":1400000000,"adm2_psgc":1400100000,"adm3_psgc":1400103000,"adm4_psgc":1400103021,"adm4_en":"Siblong","geo_level":"Bgy","len_crs":8893,"area_crs":3515710,"len_km":8,"area_km2":3},"id":1400103021},{"arcs":[[58,-7,-52,-51,-32,-12,-46]],"type":"Polygon","properties":{"adm1_psgc":1400000000,"adm2_psgc":1400100000,"adm3_psgc":1400103000,"adm4_psgc":1400103022,"adm4_en":"Tabiog","geo_level":"Bgy","len_crs":16040,"area_crs":11628981,"len_km":16,"area_km2":11},"id":1400103022}]}}}