{"type":"Topology","arcs":[[[206,362],[-48,-76]],[[158,286],[-40,67]],[[118,353],[21,61]],[[139,414],[67,-52]],[[617,455],[-96,18]],[[521,473],[4,43]],[[525,516],[63,11],[29,-72]],[[80,353],[38,0]],[[158,286],[-84,-87]],[[74,199],[-74,108],[80,46]],[[197,454],[-58,-33]],[[139,421],[-3,44]],[[136,465],[16,25]],[[152,490],[51,12]],[[203,502],[-6,-48]],[[440,372],[-109,-59]],[[331,313],[-39,63]],[[292,376],[105,53]],[[397,429],[33,10]],[[430,439],[10,-67]],[[397,518],[0,-89]],[[292,376],[-20,38]],[[272,414],[-6,36]],[[266,450],[81,29],[14,48]],[[361,527],[36,-9]],[[331,313],[24,-34]],[[355,279],[-41,-85]],[[314,194],[-57,53]],[[257,247],[3,62]],[[260,309],[32,67]],[[410,208],[-55,71]],[[440,372],[13,-95],[-43,-69]],[[410,208],[-81,-125]],[[329,83],[-36,40]],[[293,123],[21,71]],[[266,450],[-15,12]],[[251,462],[28,70]],[[279,532],[82,-5]],[[251,462],[-48,40]],[[152,490],[24,48]],[[176,538],[103,-6]],[[564,413],[-124,-41]],[[430,439],[91,28]],[[521,467],[43,-54]],[[228,225],[-30,-32]],[[198,193],[-63,-65]],[[135,128],[-61,71]],[[158,286],[70,-61]],[[293,123],[-95,70]],[[228,225],[29,22]],[[329,83],[-95,-83],[-99,128]],[[197,454],[75,-40]],[[260,309],[-54,53]],[[139,414],[0,7]],[[136,465],[-73,-5]],[[63,460],[113,78]],[[80,353],[-17,107]],[[617,455],[-53,-42]],[[521,467],[0,6]],[[397,518],[128,-2]]],"transform":{"scale":[0.00009791220097246945,0.00007866358736052915],"translate":[124.25427090300002,7.747591730000068]},"objects":{"bgysubmuns-municity-1903636000":{"type":"GeometryCollection","geometries":[{"arcs":[[0,1,2,3]],"type":"Polygon","properties":{"adm1_psgc":1900000000,"adm2_psgc":1903600000,"adm3_psgc":1903636000,"adm4_psgc":1903636004,"adm4_en":"Bagoaingud","geo_level":"Bgy","len_crs":3178,"area_crs":613328,"len_km":3,"area_km2":0},"id":1903636004},{"arcs":[[4,5,6]],"type":"Polygon","properties":{"adm1_psgc":1900000000,"adm2_psgc":1903600000,"adm3_psgc":1903636000,"adm4_psgc":1903636005,"adm4_en":"Balaigay","geo_level":"Bgy","len_crs":2994,"area_crs":442475,"len_km":2,"area_km2":0},"id":1903636005},{"arcs":[[7,-2,8,9]],"type":"Polygon","properties":{"adm1_psgc":1900000000,"adm2_psgc":1903600000,"adm3_psgc":1903636000,"adm4_psgc":1903636007,"adm4_en":"Bualan","geo_level":"Bgy","len_crs":5154,"area_crs":1381124,"len_km":5,"area_km2":1},"id":1903636007},{"arcs":[[10,11,12,13,14]],"type":"Polygon","properties":{"adm1_psgc":1900000000,"adm2_psgc":1903600000,"adm3_psgc":1903636000,"adm4_psgc":1903636008,"adm4_en":"Cadingilan","geo_level":"Bgy","len_crs":2479,"area_crs":334802,"len_km":2,"area_km2":0},"id":1903636008},{"arcs":[[15,16,17,18,19]],"type":"Polygon","properties":{"adm1_psgc":1900000000,"adm2_psgc":1903600000,"adm3_psgc":1903636000,"adm4_psgc":1903636009,"adm4_en":"Casalayan","geo_level":"Bgy","len_crs":4298,"area_crs":791766,"len_km":4,"area_km2":0},"id":1903636009},{"arcs":[[20,-18,21,22,23,24]],"type":"Polygon","properties":{"adm1_psgc":1900000000,"adm2_psgc":1903600000,"adm3_psgc":1903636000,"adm4_psgc":1903636010,"adm4_en":"Dala","geo_level":"Bgy","len_crs":4677,"area_crs":1208000,"len_km":4,"area_km2":1},"id":1903636010},{"arcs":[[25,26,27,28,29,-17]],"type":"Polygon","properties":{"adm1_psgc":1900000000,"adm2_psgc":1903600000,"adm3_psgc":1903636000,"adm4_psgc":1903636012,"adm4_en":"Dilimbayan","geo_level":"Bgy","len_crs":3921,"area_crs":927274,"len_km":3,"area_km2":0},"id":1903636012},{"arcs":[[30,-26,-16,31]],"type":"Polygon","properties":{"adm1_psgc":1900000000,"adm2_psgc":1903600000,"adm3_psgc":1903636000,"adm4_psgc":1903636013,"adm4_en":"Cabuntungan","geo_level":"Bgy","len_crs":4120,"area_crs":1009072,"len_km":4,"area_km2":1},"id":1903636013},{"arcs":[[32,33,34,-27,-31]],"type":"Polygon","properties":{"adm1_psgc":1900000000,"adm2_psgc":1903600000,"adm3_psgc":1903636000,"adm4_psgc":1903636014,"adm4_en":"Lamin","geo_level":"Bgy","len_crs":4302,"area_crs":1032186,"len_km":4,"area_km2":1},"id":1903636014},{"arcs":[[-24,35,36,37]],"type":"Polygon","properties":{"adm1_psgc":1900000000,"adm2_psgc":1903600000,"adm3_psgc":1903636000,"adm4_psgc":1903636015,"adm4_en":"Diromoyod","geo_level":"Bgy","len_crs":3206,"area_crs":443429,"len_km":3,"area_km2":0},"id":1903636015},{"arcs":[[-37,38,-14,39,40]],"type":"Polygon","properties":{"adm1_psgc":1900000000,"adm2_psgc":1903600000,"adm3_psgc":1903636000,"adm4_psgc":1903636017,"adm4_en":"Kabasaran","geo_level":"Bgy","len_crs":3620,"area_crs":502260,"len_km":3,"area_km2":0},"id":1903636017},{"arcs":[[41,-20,42,43]],"type":"Polygon","properties":{"adm1_psgc":1900000000,"adm2_psgc":1903600000,"adm3_psgc":1903636000,"adm4_psgc":1903636018,"adm4_en":"Nanagun","geo_level":"Bgy","len_crs":3701,"area_crs":690490,"len_km":3,"area_km2":0},"id":1903636018},{"arcs":[[44,45,46,-9,47]],"type":"Polygon","properties":{"adm1_psgc":1900000000,"adm2_psgc":1903600000,"adm3_psgc":1903636000,"adm4_psgc":1903636019,"adm4_en":"Mapantao-Balangas","geo_level":"Bgy","len_crs":4643,"area_crs":950245,"len_km":4,"area_km2":0},"id":1903636019},{"arcs":[[-35,48,-45,49,-28]],"type":"Polygon","properties":{"adm1_psgc":1900000000,"adm2_psgc":1903600000,"adm3_psgc":1903636000,"adm4_psgc":1903636020,"adm4_en":"Miniros","geo_level":"Bgy","len_crs":3515,"area_crs":755559,"len_km":3,"area_km2":0},"id":1903636020},{"arcs":[[-34,50,-46,-49]],"type":"Polygon","properties":{"adm1_psgc":1900000000,"adm2_psgc":1903600000,"adm3_psgc":1903636000,"adm4_psgc":1903636022,"adm4_en":"Pantaon","geo_level":"Bgy","len_crs":6101,"area_crs":1743132,"len_km":6,"area_km2":1},"id":1903636022},{"arcs":[[51,-22,-30,52,-4,53,-11]],"type":"Polygon","properties":{"adm1_psgc":1900000000,"adm2_psgc":1903600000,"adm3_psgc":1903636000,"adm4_psgc":1903636023,"adm4_en":"Pindolonan","geo_level":"Bgy","len_crs":5033,"area_crs":767073,"len_km":5,"area_km2":0},"id":1903636023},{"arcs":[[-13,54,55,-40]],"type":"Polygon","properties":{"adm1_psgc":1900000000,"adm2_psgc":1903600000,"adm3_psgc":1903636000,"adm4_psgc":1903636025,"adm4_en":"Pitatanglan","geo_level":"Bgy","len_crs":3558,"area_crs":450903,"len_km":3,"area_km2":0},"id":1903636025},{"arcs":[[-54,-3,-8,56,-55,-12]],"type":"Polygon","properties":{"adm1_psgc":1900000000,"adm2_psgc":1903600000,"adm3_psgc":1903636000,"adm4_psgc":1903636026,"adm4_en":"Poctan","geo_level":"Bgy","len_crs":3762,"area_crs":552168,"len_km":3,"area_km2":0},"id":1903636026},{"arcs":[[57,-44,58,-5]],"type":"Polygon","properties":{"adm1_psgc":1900000000,"adm2_psgc":1903600000,"adm3_psgc":1903636000,"adm4_psgc":1903636030,"adm4_en":"Singcara","geo_level":"Bgy","len_crs":3511,"area_crs":524248,"len_km":3,"area_km2":0},"id":1903636030},{"arcs":[[-29,-50,-48,-1,-53]],"type":"Polygon","properties":{"adm1_psgc":1900000000,"adm2_psgc":1903600000,"adm3_psgc":1903636000,"adm4_psgc":1903636033,"adm4_en":"Wago","geo_level":"Bgy","len_crs":3727,"area_crs":917816,"len_km":3,"area_km2":0},"id":1903636033},{"arcs":[[-6,-59,-43,-19,-21,59]],"type":"Polygon","properties":{"adm1_psgc":1900000000,"adm2_psgc":1903600000,"adm3_psgc":1903636000,"adm4_psgc":1903636035,"adm4_en":"Cadayonan","geo_level":"Bgy","len_crs":3983,"area_crs":775911,"len_km":3,"area_km2":0},"id":1903636035},{"arcs":[[-36,-23,-52,-15,-39]],"type":"Polygon","properties":{"adm1_psgc":1900000000,"adm2_psgc":1903600000,"adm3_psgc":1903636000,"adm4_psgc":1903636036,"adm4_en":"Cadingilan A","geo_level":"Bgy","len_crs":2914,"area_crs":427761,"len_km":2,"area_km2":0},"id":1903636036}]}}}