{"type":"Topology","arcs":[[[1004,415],[-165,-211],[-10,-28]],[[829,176],[-29,23],[-131,50],[-55,31]],[[614,280],[63,154]],[[677,434],[28,-10],[33,50]],[[738,474],[27,-25],[120,-32],[119,-2]],[[134,699],[24,-67]],[[158,632],[-147,-12],[-11,45],[12,87]],[[12,752],[112,-36],[10,-17]],[[170,831],[44,-115]],[[214,716],[-80,-17]],[[12,752],[38,39],[55,-2],[12,30],[53,12]],[[482,901],[-105,-14],[-8,-76]],[[369,811],[-108,94],[-24,7]],[[237,912],[15,30],[30,17],[15,30],[-2,51],[9,37]],[[304,1077],[178,-176]],[[602,1083],[-85,-124]],[[517,959],[-150,265],[-21,12]],[[346,1236],[31,41],[53,-3],[35,32],[14,-35],[28,-19],[-8,-36],[34,-29],[30,-68],[27,-2],[12,-34]],[[517,959],[-14,-65]],[[503,894],[-21,7]],[[304,1077],[27,40],[-14,35],[29,84]],[[369,811],[-67,-91]],[[302,720],[-88,-4]],[[170,831],[51,31],[16,50]],[[751,802],[-122,-71],[-53,-51]],[[576,680],[-57,107],[-150,24]],[[503,894],[24,-31],[105,39]],[[632,902],[34,-38],[5,-31],[80,-31]],[[602,1083],[-4,-33],[36,-56],[34,-21],[-36,-71]],[[576,680],[-13,-54],[9,-39]],[[572,587],[10,-60]],[[582,527],[-28,-34]],[[554,493],[-57,-28],[-72,6]],[[425,471],[-34,25],[40,185]],[[431,681],[69,-46],[76,45]],[[425,471],[-31,-73]],[[394,398],[-31,9],[-112,80],[-66,36]],[[185,523],[78,105],[39,92]],[[302,720],[45,-19],[84,-20]],[[1004,415],[67,-9],[6,-25],[-36,-50],[1,-50],[42,-30],[-4,-24],[105,-100],[-22,-127],[-269,120],[-65,56]],[[185,523],[-27,109]],[[548,327],[-34,39],[-111,18],[-9,14]],[[554,493],[22,-65],[-28,-101]],[[731,588],[-159,-1]],[[751,802],[25,-15],[-3,-33],[21,-27],[-9,-28],[-49,-49],[-5,-62]],[[614,280],[-66,47]],[[582,527],[95,-93]],[[731,588],[8,-32],[-25,-11],[24,-71]]],"transform":{"scale":[0.00014018016118148627,0.00014584311408882662],"translate":[122.97800209900002,8.303423715000065]},"objects":{"bgysubmuns-municity-907222000":{"type":"GeometryCollection","geometries":[{"arcs":[[0,1,2,3,4]],"type":"Polygon","properties":{"adm1_psgc":900000000,"adm2_psgc":907200000,"adm3_psgc":907222000,"adm4_psgc":907222001,"adm4_en":"Dinasan","geo_level":"Bgy","len_crs":17215,"area_crs":15238731,"len_km":17,"area_km2":15},"id":907222001},{"arcs":[[5,6,7]],"type":"Polygon","properties":{"adm1_psgc":900000000,"adm2_psgc":907200000,"adm3_psgc":907222000,"adm4_psgc":907222002,"adm4_en":"Madalag","geo_level":"Bgy","len_crs":8582,"area_crs":3647929,"len_km":8,"area_km2":3},"id":907222002},{"arcs":[[8,9,-8,10]],"type":"Polygon","properties":{"adm1_psgc":900000000,"adm2_psgc":907200000,"adm3_psgc":907222000,"adm4_psgc":907222003,"adm4_en":"Manawan","geo_level":"Bgy","len_crs":10320,"area_crs":3405643,"len_km":10,"area_km2":3},"id":907222003},{"arcs":[[11,12,13,14]],"type":"Polygon","properties":{"adm1_psgc":900000000,"adm2_psgc":907200000,"adm3_psgc":907222000,"adm4_psgc":907222004,"adm4_en":"Poblacion","geo_level":"Bgy","len_crs":14946,"area_crs":6486238,"len_km":14,"area_km2":6},"id":907222004},{"arcs":[[15,16,17]],"type":"Polygon","properties":{"adm1_psgc":900000000,"adm2_psgc":907200000,"adm3_psgc":907222000,"adm4_psgc":907222005,"adm4_en":"Siparok","geo_level":"Bgy","len_crs":15461,"area_crs":9405019,"len_km":15,"area_km2":9},"id":907222005},{"arcs":[[-17,18,19,-15,20]],"type":"Polygon","properties":{"adm1_psgc":900000000,"adm2_psgc":907200000,"adm3_psgc":907222000,"adm4_psgc":907222006,"adm4_en":"Tabon","geo_level":"Bgy","len_crs":14700,"area_crs":7368742,"len_km":14,"area_km2":7},"id":907222006},{"arcs":[[21,22,-9,23,-13]],"type":"Polygon","properties":{"adm1_psgc":900000000,"adm2_psgc":907200000,"adm3_psgc":907222000,"adm4_psgc":907222007,"adm4_en":"Tamil","geo_level":"Bgy","len_crs":9748,"area_crs":5696947,"len_km":9,"area_km2":5},"id":907222007},{"arcs":[[24,25,-12,-20,26,27]],"type":"Polygon","properties":{"adm1_psgc":900000000,"adm2_psgc":907200000,"adm3_psgc":907222000,"adm4_psgc":907222008,"adm4_en":"Balatakan","geo_level":"Bgy","len_crs":16463,"area_crs":10100292,"len_km":16,"area_km2":10},"id":907222008},{"arcs":[[-27,-19,-16,28]],"type":"Polygon","properties":{"adm1_psgc":900000000,"adm2_psgc":907200000,"adm3_psgc":907222000,"adm4_psgc":907222009,"adm4_en":"Bitoon","geo_level":"Bgy","len_crs":10297,"area_crs":4377396,"len_km":10,"area_km2":4},"id":907222009},{"arcs":[[29,30,31,32,33,34]],"type":"Polygon","properties":{"adm1_psgc":900000000,"adm2_psgc":907200000,"adm3_psgc":907222000,"adm4_psgc":907222010,"adm4_en":"Ilihan","geo_level":"Bgy","len_crs":12875,"area_crs":7278549,"len_km":12,"area_km2":7},"id":907222010},{"arcs":[[-34,35,36,37,38]],"type":"Polygon","properties":{"adm1_psgc":900000000,"adm2_psgc":907200000,"adm3_psgc":907222000,"adm4_psgc":907222011,"adm4_en":"Labakid","geo_level":"Bgy","len_crs":14961,"area_crs":11160754,"len_km":14,"area_km2":11},"id":907222011},{"arcs":[[-1,39]],"type":"Polygon","properties":{"adm1_psgc":900000000,"adm2_psgc":907200000,"adm3_psgc":907222000,"adm4_psgc":907222012,"adm4_en":"Lipay","geo_level":"Bgy","len_crs":20871,"area_crs":17710630,"len_km":20,"area_km2":17},"id":907222012},{"arcs":[[40,-6,-10,-23,-38]],"type":"Polygon","properties":{"adm1_psgc":900000000,"adm2_psgc":907200000,"adm3_psgc":907222000,"adm4_psgc":907222013,"adm4_en":"Litalip","geo_level":"Bgy","len_crs":9282,"area_crs":4296960,"len_km":9,"area_km2":4},"id":907222013},{"arcs":[[41,-36,-33,42]],"type":"Polygon","properties":{"adm1_psgc":900000000,"adm2_psgc":907200000,"adm3_psgc":907222000,"adm4_psgc":907222014,"adm4_en":"Lopero","geo_level":"Bgy","len_crs":9113,"area_crs":4248969,"len_km":9,"area_km2":4},"id":907222014},{"arcs":[[43,-30,-25,44]],"type":"Polygon","properties":{"adm1_psgc":900000000,"adm2_psgc":907200000,"adm3_psgc":907222000,"adm4_psgc":907222015,"adm4_en":"Lumanping","geo_level":"Bgy","len_crs":13206,"area_crs":7554908,"len_km":13,"area_km2":7},"id":907222015},{"arcs":[[-3,45,-43,-32,46]],"type":"Polygon","properties":{"adm1_psgc":900000000,"adm2_psgc":907200000,"adm3_psgc":907222000,"adm4_psgc":907222016,"adm4_en":"Marupay","geo_level":"Bgy","len_crs":10214,"area_crs":4540858,"len_km":10,"area_km2":4},"id":907222016},{"arcs":[[-35,-39,-22,-26]],"type":"Polygon","properties":{"adm1_psgc":900000000,"adm2_psgc":907200000,"adm3_psgc":907222000,"adm4_psgc":907222017,"adm4_en":"Sigamok","geo_level":"Bgy","len_crs":10846,"area_crs":6864445,"len_km":10,"area_km2":6},"id":907222017},{"arcs":[[-4,-47,-31,-44,47]],"type":"Polygon","properties":{"adm1_psgc":900000000,"adm2_psgc":907200000,"adm3_psgc":907222000,"adm4_psgc":907222018,"adm4_en":"Tamarok","geo_level":"Bgy","len_crs":9414,"area_crs":4554936,"len_km":9,"area_km2":4},"id":907222018}]}}}