{"type":"Topology","arcs":[[[590,762],[-30,26]],[[560,788],[30,-26]],[[416,885],[31,-49]],[[447,836],[6,-21]],[[453,815],[-16,-14]],[[437,801],[-30,68]],[[407,869],[3,32]],[[410,901],[6,-16]],[[536,828],[-25,3]],[[511,831],[25,-3]],[[493,748],[-58,-21]],[[435,727],[-11,39]],[[424,766],[61,26]],[[485,792],[8,-44]],[[593,602],[8,-74]],[[601,528],[-75,-4]],[[526,524],[-13,39]],[[513,563],[80,49]],[[593,612],[0,-10]],[[402,829],[9,-35]],[[411,794],[-40,4]],[[371,798],[-6,11]],[[365,809],[37,20]],[[590,762],[54,-68],[-43,-32]],[[601,662],[-68,3]],[[533,665],[-2,81]],[[531,746],[10,57]],[[541,803],[19,-15]],[[526,524],[-112,-108],[-68,-39],[-248,-192]],[[98,185],[-6,79]],[[92,264],[209,106],[133,113],[57,94]],[[491,577],[22,-14]],[[371,798],[3,-30]],[[374,768],[-41,-35]],[[333,733],[-35,-34],[-52,54]],[[246,753],[76,34]],[[322,787],[43,22]],[[426,594],[-45,-80],[-295,-173]],[[86,341],[-21,79]],[[65,420],[153,45],[51,68],[95,6],[17,68]],[[381,607],[33,9]],[[414,616],[12,-22]],[[420,693],[-6,-77]],[[381,607],[-1,95]],[[380,702],[40,-9]],[[333,733],[47,-31]],[[65,420],[-17,64],[-48,46],[176,178],[70,45]],[[407,869],[-5,-40]],[[322,787],[-4,39],[54,107],[38,-32]],[[609,495],[-8,33]],[[593,602],[104,-4],[-6,-62],[-82,-41]],[[416,885],[31,-49]],[[533,665],[-58,-53]],[[475,612],[-49,-18]],[[420,693],[15,34]],[[493,748],[38,-2]],[[484,793],[1,-1]],[[424,766],[-50,2]],[[411,794],[26,7]],[[453,815],[31,-22]],[[475,612],[16,-35]],[[92,264],[-6,77]],[[536,828],[5,-25]],[[484,793],[27,38]],[[609,495],[2,-12]],[[611,483],[-85,-12],[-145,-94],[-283,-243]],[[98,134],[0,51]],[[611,483],[12,-52],[-86,-40],[-50,7],[-47,-47],[-77,-136],[-231,-215],[-32,48],[-2,86]],[[601,662],[-8,-50]]],"transform":{"scale":[0.000247506797704401,0.00019024051982851497],"translate":[120.09371044000012,15.826255600000025]},"objects":{"bgysubmuns-municity-105515000":{"type":"GeometryCollection","geometries":[{"arcs":[[0,1]],"type":"Polygon","properties":{"adm1_psgc":100000000,"adm2_psgc":105500000,"adm3_psgc":105515000,"adm4_psgc":105515001,"adm4_en":"Angarian","geo_level":"Bgy","len_crs":5527,"area_crs":1788116,"len_km":5,"area_km2":1},"id":105515001},{"arcs":[[2,3,4,5,6,7]],"type":"Polygon","properties":{"adm1_psgc":100000000,"adm2_psgc":105500000,"adm3_psgc":105515000,"adm4_psgc":105515002,"adm4_en":"Asinan","geo_level":"Bgy","len_crs":5344,"area_crs":956021,"len_km":5,"area_km2":0},"id":105515002},{"arcs":[[8,9]],"type":"Polygon","properties":{"adm1_psgc":100000000,"adm2_psgc":105500000,"adm3_psgc":105515000,"adm4_psgc":105515003,"adm4_en":"Banaga","geo_level":"Bgy","len_crs":4852,"area_crs":1419809,"len_km":4,"area_km2":1},"id":105515003},{"arcs":[[10,11,12,13]],"type":"Polygon","properties":{"adm1_psgc":100000000,"adm2_psgc":105500000,"adm3_psgc":105515000,"adm4_psgc":105515004,"adm4_en":"Bacabac","geo_level":"Bgy","len_crs":5452,"area_crs":1740327,"len_km":5,"area_km2":1},"id":105515004},{"arcs":[[14,15,16,17,18]],"type":"Polygon","properties":{"adm1_psgc":100000000,"adm2_psgc":105500000,"adm3_psgc":105515000,"adm4_psgc":105515005,"adm4_en":"Bolaoen","geo_level":"Bgy","len_crs":8239,"area_crs":3068858,"len_km":8,"area_km2":3},"id":105515005},{"arcs":[[19,20,21,22]],"type":"Polygon","properties":{"adm1_psgc":100000000,"adm2_psgc":105500000,"adm3_psgc":105515000,"adm4_psgc":105515006,"adm4_en":"Buenlag","geo_level":"Bgy","len_crs":3710,"area_crs":701991,"len_km":3,"area_km2":0},"id":105515006},{"arcs":[[-1,23,24,25,26,27]],"type":"Polygon","properties":{"adm1_psgc":100000000,"adm2_psgc":105500000,"adm3_psgc":105515000,"adm4_psgc":105515007,"adm4_en":"Cabayaoasan","geo_level":"Bgy","len_crs":10289,"area_crs":5276541,"len_km":10,"area_km2":5},"id":105515007},{"arcs":[[-17,28,29,30,31]],"type":"Polygon","properties":{"adm1_psgc":100000000,"adm2_psgc":105500000,"adm3_psgc":105515000,"adm4_psgc":105515008,"adm4_en":"Cayanga","geo_level":"Bgy","len_crs":30770,"area_crs":11889912,"len_km":30,"area_km2":11},"id":105515008},{"arcs":[[32,33,34,35,36,-22]],"type":"Polygon","properties":{"adm1_psgc":100000000,"adm2_psgc":105500000,"adm3_psgc":105515000,"adm4_psgc":105515009,"adm4_en":"Gueset","geo_level":"Bgy","len_crs":9488,"area_crs":3489100,"len_km":9,"area_km2":3},"id":105515009},{"arcs":[[37,38,39,40,41]],"type":"Polygon","properties":{"adm1_psgc":100000000,"adm2_psgc":105500000,"adm3_psgc":105515000,"adm4_psgc":105515010,"adm4_en":"Hacienda","geo_level":"Bgy","len_crs":26000,"area_crs":12913644,"len_km":26,"area_km2":12},"id":105515010},{"arcs":[[42,-41,43,44]],"type":"Polygon","properties":{"adm1_psgc":100000000,"adm2_psgc":105500000,"adm3_psgc":105515000,"adm4_psgc":105515011,"adm4_en":"Laguit Centro","geo_level":"Bgy","len_crs":6292,"area_crs":1716073,"len_km":6,"area_km2":1},"id":105515011},{"arcs":[[45,-44,-40,46,-35]],"type":"Polygon","properties":{"adm1_psgc":100000000,"adm2_psgc":105500000,"adm3_psgc":105515000,"adm4_psgc":105515012,"adm4_en":"Laguit Padilla","geo_level":"Bgy","len_crs":32219,"area_crs":40198533,"len_km":32,"area_km2":40},"id":105515012},{"arcs":[[-7,47,-23,-37,48]],"type":"Polygon","properties":{"adm1_psgc":100000000,"adm2_psgc":105500000,"adm3_psgc":105515000,"adm4_psgc":105515013,"adm4_en":"Magtaking","geo_level":"Bgy","len_crs":10225,"area_crs":4180487,"len_km":10,"area_km2":4},"id":105515013},{"arcs":[[49,-15,50]],"type":"Polygon","properties":{"adm1_psgc":100000000,"adm2_psgc":105500000,"adm3_psgc":105515000,"adm4_psgc":105515014,"adm4_en":"Pangascasan","geo_level":"Bgy","len_crs":9107,"area_crs":5127724,"len_km":9,"area_km2":5},"id":105515014},{"arcs":[[-3,51]],"type":"Polygon","properties":{"adm1_psgc":100000000,"adm2_psgc":105500000,"adm3_psgc":105515000,"adm4_psgc":105515015,"adm4_en":"Pantal","geo_level":"Bgy","len_crs":6813,"area_crs":1951760,"len_km":6,"area_km2":1},"id":105515015},{"arcs":[[-26,52,53,-42,-43,54,-11,55]],"type":"Polygon","properties":{"adm1_psgc":100000000,"adm2_psgc":105500000,"adm3_psgc":105515000,"adm4_psgc":105515016,"adm4_en":"Poblacion","geo_level":"Bgy","len_crs":12550,"area_crs":7128747,"len_km":12,"area_km2":7},"id":105515016},{"arcs":[[56,-13,57,-33,-21,58,-5,59]],"type":"Polygon","properties":{"adm1_psgc":100000000,"adm2_psgc":105500000,"adm3_psgc":105515000,"adm4_psgc":105515017,"adm4_en":"Polong","geo_level":"Bgy","len_crs":7371,"area_crs":1564986,"len_km":7,"area_km2":1},"id":105515017},{"arcs":[[60,-31,61,-38,-54]],"type":"Polygon","properties":{"adm1_psgc":100000000,"adm2_psgc":105500000,"adm3_psgc":105515000,"adm4_psgc":105515018,"adm4_en":"Portic","geo_level":"Bgy","len_crs":28364,"area_crs":19690522,"len_km":28,"area_km2":19},"id":105515018},{"arcs":[[62,-27,-56,-14,-57,63,-9]],"type":"Polygon","properties":{"adm1_psgc":100000000,"adm2_psgc":105500000,"adm3_psgc":105515000,"adm4_psgc":105515019,"adm4_en":"Salasa","geo_level":"Bgy","len_crs":6193,"area_crs":2192384,"len_km":6,"area_km2":2},"id":105515019},{"arcs":[[64,65,66,-29,-16,-50]],"type":"Polygon","properties":{"adm1_psgc":100000000,"adm2_psgc":105500000,"adm3_psgc":105515000,"adm4_psgc":105515020,"adm4_en":"Salomague Norte","geo_level":"Bgy","len_crs":33555,"area_crs":11183881,"len_km":33,"area_km2":11},"id":105515020},{"arcs":[[-66,67]],"type":"Polygon","properties":{"adm1_psgc":100000000,"adm2_psgc":105500000,"adm3_psgc":105515000,"adm4_psgc":105515021,"adm4_en":"Salomague Sur","geo_level":"Bgy","len_crs":37790,"area_crs":32868024,"len_km":37,"area_km2":32},"id":105515021},{"arcs":[[-59,-20,-48,-6]],"type":"Polygon","properties":{"adm1_psgc":100000000,"adm2_psgc":105500000,"adm3_psgc":105515000,"adm4_psgc":105515022,"adm4_en":"Samat","geo_level":"Bgy","len_crs":4519,"area_crs":697783,"len_km":4,"area_km2":0},"id":105515022},{"arcs":[[-12,-55,-45,-46,-34,-58]],"type":"Polygon","properties":{"adm1_psgc":100000000,"adm2_psgc":105500000,"adm3_psgc":105515000,"adm4_psgc":105515023,"adm4_en":"San Francisco","geo_level":"Bgy","len_crs":8332,"area_crs":2908849,"len_km":8,"area_km2":2},"id":105515023},{"arcs":[[68,-18,-32,-61,-53,-25]],"type":"Polygon",