{"type":"Topology","arcs":[[[732,535],[-138,-59]],[[594,476],[21,205],[-91,112]],[[524,793],[36,46]],[[560,839],[138,-144],[34,-160]],[[229,524],[32,-91]],[[261,433],[-77,-5]],[[184,428],[6,97]],[[190,525],[39,-1]],[[431,514],[1,-20]],[[432,494],[-5,-11]],[[427,483],[-5,-16]],[[422,467],[-86,-1]],[[336,466],[-76,65]],[[260,531],[27,80]],[[287,611],[144,-97]],[[184,428],[-58,23]],[[126,451],[-10,70]],[[116,521],[74,4]],[[126,451],[-42,2]],[[84,453],[-69,91]],[[15,544],[74,116]],[[89,660],[27,-139]],[[84,453],[-45,10]],[[39,463],[-39,64]],[[0,527],[15,17]],[[459,538],[-10,-13]],[[449,525],[-6,-6]],[[443,519],[-12,-5]],[[287,611],[-31,54]],[[256,665],[119,34]],[[375,699],[84,-161]],[[477,497],[-17,-1]],[[460,496],[-11,29]],[[459,538],[18,-41]],[[468,470],[-7,0]],[[461,470],[-1,26]],[[477,497],[-9,-27]],[[460,496],[-11,-1]],[[449,495],[-6,24]],[[461,470],[-9,-2]],[[452,468],[-3,27]],[[449,495],[-7,-1]],[[442,494],[-10,0]],[[383,192],[50,-155],[-239,-37],[-101,132],[290,60]],[[452,468],[-8,0]],[[444,468],[-1,16]],[[443,484],[-1,10]],[[443,484],[-16,-1]],[[444,468],[-22,-1]],[[594,476],[-51,-2]],[[543,474],[22,84],[-77,190]],[[488,748],[36,45]],[[39,463],[-39,64]],[[260,531],[-31,-7]],[[89,660],[167,5]],[[336,466],[-75,-33]],[[560,839],[76,26],[137,-173],[-41,-157]],[[543,474],[-75,-4]],[[375,699],[113,49]]],"transform":{"scale":[0.00011515408150072548,0.00016504027167628992],"translate":[120.970152847,14.011166635000052]},"objects":{"bgysubmuns-municity-401030000":{"type":"GeometryCollection","geometries":[{"arcs":[[0,1,2,3]],"type":"Polygon","properties":{"adm1_psgc":400000000,"adm2_psgc":401000000,"adm3_psgc":401030000,"adm4_psgc":401030001,"adm4_en":"Aya","geo_level":"Bgy","len_crs":16702,"area_crs":6758318,"len_km":16,"area_km2":6},"id":401030001},{"arcs":[[4,5,6,7]],"type":"Polygon","properties":{"adm1_psgc":400000000,"adm2_psgc":401000000,"adm3_psgc":401030000,"adm4_psgc":401030003,"adm4_en":"Balas","geo_level":"Bgy","len_crs":5266,"area_crs":1365413,"len_km":5,"area_km2":1},"id":401030003},{"arcs":[[8,9,10,11,12,13,14]],"type":"Polygon","properties":{"adm1_psgc":400000000,"adm2_psgc":401000000,"adm3_psgc":401030000,"adm4_psgc":401030004,"adm4_en":"Banga","geo_level":"Bgy","len_crs":8034,"area_crs":3235602,"len_km":8,"area_km2":3},"id":401030004},{"arcs":[[-7,15,16,17]],"type":"Polygon","properties":{"adm1_psgc":400000000,"adm2_psgc":401000000,"adm3_psgc":401030000,"adm4_psgc":401030006,"adm4_en":"Buco","geo_level":"Bgy","len_crs":5336,"area_crs":1457088,"len_km":5,"area_km2":1},"id":401030006},{"arcs":[[-17,18,19,20,21]],"type":"Polygon","properties":{"adm1_psgc":400000000,"adm2_psgc":401000000,"adm3_psgc":401030000,"adm4_psgc":401030008,"adm4_en":"Caloocan","geo_level":"Bgy","len_crs":9111,"area_crs":2607992,"len_km":9,"area_km2":2},"id":401030008},{"arcs":[[22,23,24,-20]],"type":"Polygon","properties":{"adm1_psgc":400000000,"adm2_psgc":401000000,"adm3_psgc":401030000,"adm4_psgc":401030009,"adm4_en":"Leynes","geo_level":"Bgy","len_crs":4818,"area_crs":786135,"len_km":4,"area_km2":0},"id":401030009},{"arcs":[[25,26,27,-15,28,29,30]],"type":"Polygon","properties":{"adm1_psgc":400000000,"adm2_psgc":401000000,"adm3_psgc":401030000,"adm4_psgc":401030010,"adm4_en":"Miranda","geo_level":"Bgy","len_crs":9467,"area_crs":4221088,"len_km":9,"area_km2":4},"id":401030010},{"arcs":[[31,32,-26,33]],"type":"Polygon","properties":{"adm1_psgc":400000000,"adm2_psgc":401000000,"adm3_psgc":401030000,"adm4_psgc":401030011,"adm4_en":"Poblacion Barangay 1","geo_level":"Bgy","len_crs":1959,"area_crs":202081,"len_km":1,"area_km2":0},"id":401030011},{"arcs":[[34,35,-32,36]],"type":"Polygon","properties":{"adm1_psgc":400000000,"adm2_psgc":401000000,"adm3_psgc":401030000,"adm4_psgc":401030012,"adm4_en":"Poblacion Barangay 2","geo_level":"Bgy","len_crs":1322,"area_crs":55153,"len_km":1,"area_km2":0},"id":401030012},{"arcs":[[37,38,-27,-33]],"type":"Polygon","properties":{"adm1_psgc":400000000,"adm2_psgc":401000000,"adm3_psgc":401030000,"adm4_psgc":401030013,"adm4_en":"Poblacion Barangay 3","geo_level":"Bgy","len_crs":1319,"area_crs":62218,"len_km":1,"area_km2":0},"id":401030013},{"arcs":[[39,40,-38,-36]],"type":"Polygon","properties":{"adm1_psgc":400000000,"adm2_psgc":401000000,"adm3_psgc":401030000,"adm4_psgc":401030014,"adm4_en":"Poblacion Barangay 4","geo_level":"Bgy","len_crs":1235,"area_crs":68131,"len_km":1,"area_km2":0},"id":401030014},{"arcs":[[41,42,-9,-28,-39]],"type":"Polygon","properties":{"adm1_psgc":400000000,"adm2_psgc":401000000,"adm3_psgc":401030000,"adm4_psgc":401030015,"adm4_en":"Poblacion Barangay 5","geo_level":"Bgy","len_crs":1297,"area_crs":75764,"len_km":1,"area_km2":0},"id":401030015},{"arcs":[[[43]],[[44,45,46,-42,-41]]],"type":"MultiPolygon","properties":{"adm1_psgc":400000000,"adm2_psgc":401000000,"adm3_psgc":401030000,"adm4_psgc":401030016,"adm4_en":"Poblacion Barangay 6","geo_level":"Bgy","len_crs":25969,"area_crs":12538405,"len_km":25,"area_km2":12},"id":401030016},{"arcs":[[47,-10,-43,-47]],"type":"Polygon","properties":{"adm1_psgc":400000000,"adm2_psgc":401000000,"adm3_psgc":401030000,"adm4_psgc":401030017,"adm4_en":"Poblacion Barangay 7","geo_level":"Bgy","len_crs":774,"area_crs":27585,"len_km":0,"area_km2":0},"id":401030017},{"arcs":[[48,-11,-48,-46]],"type":"Polygon","properties":{"adm1_psgc":400000000,"adm2_psgc":401000000,"adm3_psgc":401030000,"adm4_psgc":401030018,"adm4_en":"Poblacion Barangay 8","geo_level":"Bgy","len_crs":1097,"area_crs":59110,"len_km":1,"area_km2":0},"id":401030018},{"arcs":[[49,50,51,-2]],"type":"Polygon","properties":{"adm1_psgc":400000000,"adm2_psgc":401000000,"adm3_psgc":401030000,"adm4_psgc":401030019,"adm4_en":"Quiling","geo_level":"Bgy","len_crs":13471,"area_crs":4524537,"len_km":13,"area_km2":4},"id":401030019},{"arcs":[[-24,52]],"type":"Polygon","properties":{"adm1_psgc":400000000,"adm2_psgc":401000000,"adm3_psgc":401030000,"adm4_psgc":401030020,"adm4_en":"Sampaloc","geo_level":"Bgy","len_crs":8074,"area_crs":2580411,"len_km":8,"area_km2":2},"id":401030020},{"arcs":[[-14,53,-8,-18,-22,54,-29]],"type":"Polygon","properties":{"adm1_psgc":400000000,"adm2_psgc":401000000,"adm3_psgc":401030000,"adm4_psgc":401030021,"adm4_en":"San Guillermo","geo_level":"Bgy","len_crs":9135,"area_crs":5302746,"len_km":9,"area_km2":5},"id":401030021},{"arcs":[[55,-5,-54,-13]],"type":"Polygon","properties":{"adm1_psgc":400000000,"adm2_psgc":401000000,"adm3_psgc":401030000,"adm4_psgc":401030023,"adm4_en":"Santa Maria","geo_level":"Bgy","len_crs":4860,"area_crs":947479,"len_km":4,"area_km2":0},"id":401030023},{"arcs":[[-4,56]],"type":"Polygon","properties":{"adm1_psgc":400000000,"adm2_psgc":401000000,"adm3_psgc":401030000,"adm4_psgc":401030024,"adm4_en":"Tranca","geo_level":"Bgy","len_crs":14359,"area_crs":6512483,"len_km":14,"area_km2":6},"id":401030024},{"arcs":[[57,-37,-34,-31,58,-51]],"type":"Polygon","properties":{"adm1_psgc":400000000,"adm2_psgc":401000000,"adm3_psgc":401030000,"adm4_psgc":401030025,"adm4_en":"Tumaway","geo_level":"Bgy","len_crs":12893,"area_crs":5835892,"len_km":12,"area_km2":5},"id":401030025}]}}}