{"type":"Topology","arcs":[[[135,796],[-60,41]],[[75,837],[83,69]],[[158,906],[39,-28],[-25,-42],[-37,-40]],[[132,1061],[23,-16],[57,-91]],[[212,954],[-30,-25]],[[182,929],[-24,-23]],[[158,906],[-13,8],[-85,87]],[[60,1001],[12,18],[60,42]],[[203,1053],[58,-63]],[[261,990],[-49,-36]],[[132,1061],[29,16],[18,-46],[24,22]],[[342,944],[39,1],[-17,-106],[13,-11]],[[377,828],[-63,-29],[-14,-24]],[[300,775],[-30,28]],[[270,803],[-33,42]],[[237,845],[-55,84]],[[261,990],[35,-66],[46,20]],[[622,580],[-6,-23],[-103,-108],[-35,-64]],[[478,385],[-26,56]],[[452,441],[-20,53]],[[432,494],[80,90],[35,28],[9,27]],[[556,639],[66,-59]],[[235,1103],[-23,0]],[[212,1103],[-13,35],[-23,22],[-9,50],[4,57],[36,11],[27,-13],[9,-23],[-8,-139]],[[836,51],[-13,88]],[[823,139],[-13,97]],[[810,236],[93,24],[184,37],[166,64]],[[1253,361],[-24,-159],[-393,-151]],[[494,702],[-16,-40],[-62,-47],[-26,-41]],[[390,574],[-41,80]],[[349,654],[-2,5]],[[347,659],[36,102],[21,42]],[[404,803],[90,-101]],[[237,845],[-20,-25],[-58,-39]],[[159,781],[-24,15]],[[349,654],[-39,-41]],[[310,613],[-26,18],[-16,37]],[[268,668],[37,36]],[[305,704],[42,-45]],[[432,494],[-42,80]],[[494,702],[62,-63]],[[478,385],[26,-75],[10,-58]],[[514,252],[-81,-6],[-32,24],[-55,-15]],[[346,255],[-16,131]],[[330,386],[57,21],[65,34]],[[810,236],[-5,72],[-33,73],[-7,33]],[[765,414],[109,-12],[180,28],[176,58],[23,-127]],[[305,704],[-25,37],[20,34]],[[377,828],[27,-25]],[[330,386],[-17,122]],[[313,508],[35,20],[22,-4],[20,50]],[[823,139],[-274,-60]],[[549,79],[-13,70]],[[536,149],[-6,29]],[[530,178],[280,58]],[[270,803],[-26,-31],[-47,-17]],[[197,755],[-38,26]],[[836,51],[-272,-51],[-15,79]],[[203,1053],[9,50]],[[235,1103],[40,-52],[33,-13],[9,-51],[25,-43]],[[313,508],[-13,80],[10,25]],[[514,252],[16,-74]],[[536,149],[-179,-1],[-11,107]],[[622,580],[71,-123],[72,-43]],[[75,837],[-75,89],[60,75]],[[268,668],[-71,87]]],"transform":{"scale":[0.00013996997605744105,0.00011793550547732535],"translate":[124.96499841500008,11.49054177100004]},"objects":{"bgysubmuns-municity-806013000":{"type":"GeometryCollection","geometries":[{"arcs":[[0,1,2]],"type":"Polygon","properties":{"adm1_psgc":800000000,"adm2_psgc":806000000,"adm3_psgc":806013000,"adm4_psgc":806013001,"adm4_en":"Bangon","geo_level":"Bgy","len_crs":4775,"area_crs":1310021,"len_km":4,"area_km2":1},"id":806013001},{"arcs":[[3,4,5,6,7]],"type":"Polygon","properties":{"adm1_psgc":800000000,"adm2_psgc":806000000,"adm3_psgc":806013000,"adm4_psgc":806013002,"adm4_en":"Barangay I","geo_level":"Bgy","len_crs":7039,"area_crs":2427429,"len_km":7,"area_km2":2},"id":806013002},{"arcs":[[8,9,-4,10]],"type":"Polygon","properties":{"adm1_psgc":800000000,"adm2_psgc":806000000,"adm3_psgc":806013000,"adm4_psgc":806013003,"adm4_en":"Barangay II","geo_level":"Bgy","len_crs":6530,"area_crs":1097109,"len_km":6,"area_km2":1},"id":806013003},{"arcs":[[11,12,13,14,15,-5,-10,16]],"type":"Polygon","properties":{"adm1_psgc":800000000,"adm2_psgc":806000000,"adm3_psgc":806013000,"adm4_psgc":806013004,"adm4_en":"Botoc","geo_level":"Bgy","len_crs":9737,"area_crs":4605817,"len_km":9,"area_km2":4},"id":806013004},{"arcs":[[17,18,19,20,21]],"type":"Polygon","properties":{"adm1_psgc":800000000,"adm2_psgc":806000000,"adm3_psgc":806013000,"adm4_psgc":806013005,"adm4_en":"Bugho","geo_level":"Bgy","len_crs":9002,"area_crs":3987254,"len_km":9,"area_km2":3},"id":806013005},{"arcs":[[22,23]],"type":"Polygon","properties":{"adm1_psgc":800000000,"adm2_psgc":806000000,"adm3_psgc":806013000,"adm4_psgc":806013006,"adm4_en":"Calampong","geo_level":"Bgy","len_crs":7228,"area_crs":2002671,"len_km":7,"area_km2":2},"id":806013006},{"arcs":[[24,25,26,27]],"type":"Polygon","properties":{"adm1_psgc":800000000,"adm2_psgc":806000000,"adm3_psgc":806013000,"adm4_psgc":806013007,"adm4_en":"Canlobo","geo_level":"Bgy","len_crs":17844,"area_crs":13701930,"len_km":17,"area_km2":13},"id":806013007},{"arcs":[[28,29,30,31,32]],"type":"Polygon","properties":{"adm1_psgc":800000000,"adm2_psgc":806000000,"adm3_psgc":806013000,"adm4_psgc":806013008,"adm4_en":"Catigawan","geo_level":"Bgy","len_crs":7940,"area_crs":3470855,"len_km":7,"area_km2":3},"id":806013008},{"arcs":[[33,34,-3,-6,-16]],"type":"Polygon","properties":{"adm1_psgc":800000000,"adm2_psgc":806000000,"adm3_psgc":806013000,"adm4_psgc":806013010,"adm4_en":"Dolores","geo_level":"Bgy","len_crs":5900,"area_crs":1073829,"len_km":5,"area_km2":1},"id":806013010},{"arcs":[[-31,35,36,37,38]],"type":"Polygon","properties":{"adm1_psgc":800000000,"adm2_psgc":806000000,"adm3_psgc":806013000,"adm4_psgc":806013011,"adm4_en":"Lale","geo_level":"Bgy","len_crs":3553,"area_crs":812122,"len_km":3,"area_km2":0},"id":806013011},{"arcs":[[-21,39,-29,40]],"type":"Polygon","properties":{"adm1_psgc":800000000,"adm2_psgc":806000000,"adm3_psgc":806013000,"adm4_psgc":806013012,"adm4_en":"Lawaan","geo_level":"Bgy","len_crs":7913,"area_crs":3004722,"len_km":7,"area_km2":3},"id":806013012},{"arcs":[[41,42,43,44,-19]],"type":"Polygon","properties":{"adm1_psgc":800000000,"adm2_psgc":806000000,"adm3_psgc":806013000,"adm4_psgc":806013013,"adm4_en":"Laygayon","geo_level":"Bgy","len_crs":9121,"area_crs":4875024,"len_km":9,"area_km2":4},"id":806013013},{"arcs":[[-27,45,46]],"type":"Polygon","properties":{"adm1_psgc":800000000,"adm2_psgc":806000000,"adm3_psgc":806013000,"adm4_psgc":806013014,"adm4_en":"Layo","geo_level":"Bgy","len_crs":18598,"area_crs":13050864,"len_km":18,"area_km2":13},"id":806013014},{"arcs":[[-32,-39,47,-13,48]],"type":"Polygon","properties":{"adm1_psgc":800000000,"adm2_psgc":806000000,"adm3_psgc":806013000,"adm4_psgc":806013015,"adm4_en":"Loctob","geo_level":"Bgy","len_crs":6036,"area_crs":2164100,"len_km":6,"area_km2":2},"id":806013015},{"arcs":[[-20,-45,49,50,-40]],"type":"Polygon","properties":{"adm1_psgc":800000000,"adm2_psgc":806000000,"adm3_psgc":806013000,"adm4_psgc":806013016,"adm4_en":"Madalunot","geo_level":"Bgy","len_crs":7399,"area_crs":2935242,"len_km":7,"area_km2":2},"id":806013016},{"arcs":[[51,52,53,54,-26]],"type":"Polygon","properties":{"adm1_psgc":800000000,"adm2_psgc":806000000,"adm3_psgc":806013000,"adm4_psgc":806013017,"adm4_en":"Magdawat","geo_level":"Bgy","len_crs":11194,"area_crs":5570457,"len_km":11,"area_km2":5},"id":806013017},{"arcs":[[55,56,-34,-15]],"type":"Polygon","properties":{"adm1_psgc":800000000,"adm2_psgc":806000000,"adm3_psgc":806013000,"adm4_psgc":806013018,"adm4_en":"Mambog","geo_level":"Bgy","len_crs":4260,"area_crs":1000234,"len_km":4,"area_km2":1},"id":806013018},{"arcs":[[57,-52,-25]],"type":"Polygon","properties":{"adm1_psgc":800000000,"adm2_psgc":806000000,"adm3_psgc":806013000,"adm4_psgc":806013019,"adm4_en":"Manaing","geo_level":"Bgy","len_crs":10677,"area_crs":4703181,"len_km":10,"area_km2":4},"id":806013019},{"arcs":[[-17,-9,58,-23,59]],"type":"Polygon","properties":{"adm1_psgc":800000000,"adm2_psgc":806000000,"adm3_psgc":806013000,"adm4_psgc":806013020,"adm4_en":"Obayan","geo_level":"Bgy","len_crs":7048,"area_crs":2003970,"len_km":7,"area_km2":2},"id":806013020},{"arcs":[[-51,60,-36,-30]],"type":"Polygon","properties":{"adm1_psgc":800000000,"adm2_psgc":806000000,"adm3_psgc":806013000,"adm4_psgc":806013021,"adm4_en":"Pahug","geo_level":"Bgy","len_crs":5291,"area_crs":1610405,"len_km":5,"area_km2":1},"id":806013021},{"arcs":[[61,-54,62,-43]],"type":"Polygon","properties":{"adm1_psgc":800000000,"adm2_psgc":806000000,"adm3_psgc":806013000,"adm4_psgc":806013022,"adm4_en":"Parasanon","geo_level":"Bgy","len_crs":8249,"area_crs":3717194,"len_km":8,"area_km2":3},"id":806013022},{"arcs":[[-46,-55,-62,-42,-18,63]],"type":"Polygon","properties":{"adm1_psgc":800000000,"adm2_psgc":806000000,"adm3_psgc":806013000,"adm4_psgc":806013023,"adm4_en":"Pelaon","geo_level":"Bgy","len_crs":16422,"area_crs":16030328,"len_km":16,"area_km2":16},"id":806013023},{"arcs":[[-2,64,-7]],"type":"Polygon","properties":{"adm1_psgc":800000000,"adm2_psgc":806000000,"adm3_psgc":806013000,"adm4_psgc":806013025,"adm4_en":"San Isidro","geo_level":"Bgy","len_crs":7415,"area_crs":2505847,