{"type":"Topology","arcs":[[[635,950],[-29,-50],[-31,-13],[-14,-47]],[[561,840],[-122,25]],[[439,865],[-16,47],[-121,183]],[[302,1095],[199,5],[99,-138],[35,-12]],[[759,1264],[-104,14],[-97,21],[-46,34],[-166,42],[-116,49]],[[230,1424],[30,39],[126,-40],[106,21],[82,35],[162,16],[106,-75],[-44,-95],[-39,-61]],[[439,865],[-42,-122]],[[397,743],[-34,-70],[30,-55]],[[393,618],[-46,-44],[-23,-5],[-46,-33]],[[278,536],[-35,8]],[[243,544],[2,39],[-19,89],[-46,8],[-12,39],[35,40],[-57,9],[-49,-27],[-22,-72]],[[75,669],[-44,4]],[[31,673],[-10,87],[-18,217],[-3,171],[78,131],[63,54]],[[141,1333],[67,-26],[94,-212]],[[72,328],[75,17],[124,41]],[[271,386],[34,-43]],[[305,343],[-6,-51],[-33,-6],[-1,-22],[-41,-8],[-41,-19],[42,-27],[23,-5],[14,-30],[-72,-3],[30,-26],[27,-42],[-5,-37],[23,-19],[-1,-48],[-70,30],[-77,49],[-50,200],[5,49]],[[75,669],[14,-89],[58,-39]],[[147,541],[125,-94],[-1,-61]],[[72,328],[-5,54],[14,12],[-30,143],[-20,136]],[[436,601],[-45,-29],[-26,-55],[13,-34],[28,-22]],[[406,461],[-67,18],[-9,21],[-52,36]],[[393,618],[43,-17]],[[561,840],[-28,-93],[-25,-45]],[[508,702],[-72,13],[-39,28]],[[759,1264],[-32,-69],[-64,-91],[7,-21],[45,-30],[32,-10],[-29,-45],[-41,-9]],[[677,989],[-53,45],[-122,194],[-127,77],[-184,70]],[[191,1375],[39,49]],[[243,544],[-96,-3]],[[406,461],[-62,-82],[19,-19],[-21,-19],[-37,2]],[[508,702],[0,-17],[-39,-15],[-6,-27],[-27,-42]],[[677,989],[-42,-39]],[[141,1333],[50,42]]],"transform":{"scale":[0.00008464581472684469,0.00010627982006689913],"translate":[122.02481208800009,12.20348012200003]},"objects":{"bgysubmuns-municity-1705901000":{"type":"GeometryCollection","geometries":[{"arcs":[[0,1,2,3]],"type":"Polygon","properties":{"adm1_psgc":1700000000,"adm2_psgc":1705900000,"adm3_psgc":1705901000,"adm4_psgc":1705901001,"adm4_en":"Bonlao","geo_level":"Bgy","len_crs":9773,"area_crs":5152096,"len_km":9,"area_km2":5},"id":1705901001},{"arcs":[[4,5]],"type":"Polygon","properties":{"adm1_psgc":1700000000,"adm2_psgc":1705900000,"adm3_psgc":1705901000,"adm4_psgc":1705901002,"adm4_en":"Calagonsao","geo_level":"Bgy","len_crs":13821,"area_crs":8263178,"len_km":13,"area_km2":8},"id":1705901002},{"arcs":[[-3,6,7,8,9,10,11,12,13]],"type":"Polygon","properties":{"adm1_psgc":1700000000,"adm2_psgc":1705900000,"adm3_psgc":1705901000,"adm4_psgc":1705901003,"adm4_en":"Camili","geo_level":"Bgy","len_crs":24774,"area_crs":23273654,"len_km":24,"area_km2":23},"id":1705901003},{"arcs":[[14,15,16]],"type":"Polygon","properties":{"adm1_psgc":1700000000,"adm2_psgc":1705900000,"adm3_psgc":1705901000,"adm4_psgc":1705901004,"adm4_en":"Comod-om","geo_level":"Bgy","len_crs":17401,"area_crs":5575876,"len_km":17,"area_km2":5},"id":1705901004},{"arcs":[[17,18,-15,19,-12]],"type":"Polygon","properties":{"adm1_psgc":1700000000,"adm2_psgc":1705900000,"adm3_psgc":1705901000,"adm4_psgc":1705901005,"adm4_en":"Madalag","geo_level":"Bgy","len_crs":10591,"area_crs":4224977,"len_km":10,"area_km2":4},"id":1705901005},{"arcs":[[20,21,-9,22]],"type":"Polygon","properties":{"adm1_psgc":1700000000,"adm2_psgc":1705900000,"adm3_psgc":1705901000,"adm4_psgc":1705901006,"adm4_en":"Poblacion","geo_level":"Bgy","len_crs":5614,"area_crs":932919,"len_km":5,"area_km2":0},"id":1705901006},{"arcs":[[23,24,-7,-2]],"type":"Polygon","properties":{"adm1_psgc":1700000000,"adm2_psgc":1705900000,"adm3_psgc":1705901000,"adm4_psgc":1705901007,"adm4_en":"San Isidro","geo_level":"Bgy","len_crs":5592,"area_crs":1899598,"len_km":5,"area_km2":1},"id":1705901007},{"arcs":[[25,26,27,-5]],"type":"Polygon","properties":{"adm1_psgc":1700000000,"adm2_psgc":1705900000,"adm3_psgc":1705901000,"adm4_psgc":1705901008,"adm4_en":"Tugdan","geo_level":"Bgy","len_crs":16941,"area_crs":7176460,"len_km":16,"area_km2":7},"id":1705901008},{"arcs":[[28,-18,-11]],"type":"Polygon","properties":{"adm1_psgc":1700000000,"adm2_psgc":1705900000,"adm3_psgc":1705901000,"adm4_psgc":1705901009,"adm4_en":"Bagsik","geo_level":"Bgy","len_crs":7623,"area_crs":2915786,"len_km":7,"area_km2":2},"id":1705901009},{"arcs":[[-22,29,-16,-19,-29,-10]],"type":"Polygon","properties":{"adm1_psgc":1700000000,"adm2_psgc":1705900000,"adm3_psgc":1705901000,"adm4_psgc":1705901010,"adm4_en":"Gui-ob","geo_level":"Bgy","len_crs":8528,"area_crs":2252784,"len_km":8,"area_km2":2},"id":1705901010},{"arcs":[[30,-23,-8,-25]],"type":"Polygon","properties":{"adm1_psgc":1700000000,"adm2_psgc":1705900000,"adm3_psgc":1705901000,"adm4_psgc":1705901011,"adm4_en":"Lawan","geo_level":"Bgy","len_crs":4864,"area_crs":1130180,"len_km":4,"area_km2":1},"id":1705901011},{"arcs":[[31,-4,-14,32,-27]],"type":"Polygon","properties":{"adm1_psgc":1700000000,"adm2_psgc":1705900000,"adm3_psgc":1705901000,"adm4_psgc":1705901012,"adm4_en":"San Roque","geo_level":"Bgy","len_crs":15330,"area_crs":7643441,"len_km":15,"area_km2":7},"id":1705901012}]}}}