{"type":"Topology","arcs":[[[790,875],[15,-65],[-21,-69]],[[784,741],[-143,-100]],[[641,641],[-5,34]],[[636,675],[39,38],[31,103]],[[706,816],[28,69]],[[734,885],[56,-10]],[[189,703],[-165,17]],[[24,720],[-24,61],[53,46]],[[53,827],[111,-86],[25,-38]],[[636,675],[-88,66]],[[548,741],[-5,6]],[[543,747],[30,39]],[[573,786],[82,47],[51,-17]],[[408,750],[-58,-182]],[[350,568],[-59,16],[-28,36]],[[263,620],[-41,40]],[[222,660],[23,3],[78,100],[1,32]],[[324,795],[63,24]],[[387,819],[21,-69]],[[610,931],[-37,-145]],[[543,747],[-67,36]],[[476,783],[22,99],[-12,40]],[[486,922],[124,9]],[[771,652],[-86,-63],[-74,-36]],[[611,553],[-43,39]],[[568,592],[73,49]],[[784,741],[-13,-89]],[[548,741],[6,-46],[-49,-63]],[[505,632],[-40,-41]],[[465,591],[-113,-58]],[[352,533],[-2,35]],[[408,750],[68,33]],[[324,795],[-41,24],[-42,57],[-32,-18]],[[209,858],[-15,33]],[[194,891],[168,23]],[[362,914],[-19,-51],[44,-44]],[[874,863],[0,-50],[30,-27],[-91,-74],[-42,-60]],[[790,875],[38,11]],[[828,886],[46,-23]],[[488,437],[-62,-26],[-38,-51]],[[388,360],[-17,60],[-50,20]],[[321,440],[31,93]],[[465,591],[-1,-73],[24,-81]],[[734,885],[-56,57]],[[678,942],[171,28]],[[849,970],[-32,-57],[11,-27]],[[610,931],[68,11]],[[568,592],[-43,-9],[-20,49]],[[611,553],[-63,-107]],[[548,446],[-60,-9]],[[222,660],[-12,20]],[[210,680],[3,46],[35,44],[-39,88]],[[299,268],[89,92]],[[548,446],[11,-64],[-38,-23],[33,-185],[26,-75],[-16,-99],[-178,7],[-113,27],[-48,82],[23,17],[-2,73],[53,62]],[[299,268],[-16,54],[-99,39],[-35,55],[34,59]],[[183,475],[75,-10],[63,-25]],[[849,970],[72,18],[8,-38],[-55,-87]],[[189,703],[21,-23]],[[263,620],[-146,-24]],[[117,596],[-34,7],[-59,117]],[[362,914],[124,8]],[[53,827],[49,53],[92,11]],[[183,475],[-67,70],[1,51]]],"transform":{"scale":[0.0001491733336921096,0.00017165083704455517],"translate":[123.04457431700008,8.363003615000027]},"objects":{"bgysubmuns-municity-907207000":{"type":"GeometryCollection","geometries":[{"arcs":[[0,1,2,3,4,5]],"type":"Polygon","properties":{"adm1_psgc":900000000,"adm2_psgc":907200000,"adm3_psgc":907207000,"adm4_psgc":907207002,"adm4_en":"Dipane","geo_level":"Bgy","len_crs":11782,"area_crs":5652772,"len_km":11,"area_km2":5},"id":907207002},{"arcs":[[6,7,8]],"type":"Polygon","properties":{"adm1_psgc":900000000,"adm2_psgc":907200000,"adm3_psgc":907207000,"adm4_psgc":907207003,"adm4_en":"Disakan","geo_level":"Bgy","len_crs":9703,"area_crs":4148416,"len_km":9,"area_km2":4},"id":907207003},{"arcs":[[-4,9,10,11,12]],"type":"Polygon","properties":{"adm1_psgc":900000000,"adm2_psgc":907200000,"adm3_psgc":907207000,"adm4_psgc":907207004,"adm4_en":"Gupot","geo_level":"Bgy","len_crs":9113,"area_crs":4444312,"len_km":9,"area_km2":4},"id":907207004},{"arcs":[[13,14,15,16,17,18]],"type":"Polygon","properties":{"adm1_psgc":900000000,"adm2_psgc":907200000,"adm3_psgc":907207000,"adm4_psgc":907207005,"adm4_en":"Libuton","geo_level":"Bgy","len_crs":13748,"area_crs":7397779,"len_km":13,"area_km2":7},"id":907207005},{"arcs":[[19,-12,20,21,22]],"type":"Polygon","properties":{"adm1_psgc":900000000,"adm2_psgc":907200000,"adm3_psgc":907207000,"adm4_psgc":907207006,"adm4_en":"Linay","geo_level":"Bgy","len_crs":12552,"area_crs":5475303,"len_km":12,"area_km2":5},"id":907207006},{"arcs":[[23,24,25,-2,26]],"type":"Polygon","properties":{"adm1_psgc":900000000,"adm2_psgc":907200000,"adm3_psgc":907207000,"adm4_psgc":907207007,"adm4_en":"Lupasang","geo_level":"Bgy","len_crs":11623,"area_crs":4217224,"len_km":11,"area_km2":4},"id":907207007},{"arcs":[[-21,-11,27,28,29,30,-14,31]],"type":"Polygon","properties":{"adm1_psgc":900000000,"adm2_psgc":907200000,"adm3_psgc":907207000,"adm4_psgc":907207010,"adm4_en":"Mate","geo_level":"Bgy","len_crs":13885,"area_crs":8199748,"len_km":13,"area_km2":8},"id":907207010},{"arcs":[[-18,32,33,34,35]],"type":"Polygon","properties":{"adm1_psgc":900000000,"adm2_psgc":907200000,"adm3_psgc":907207000,"adm4_psgc":907207011,"adm4_en":"Poblacion","geo_level":"Bgy","len_crs":12372,"area_crs":3557326,"len_km":12,"area_km2":3},"id":907207011},{"arcs":[[36,-27,-1,37,38]],"type":"Polygon","properties":{"adm1_psgc":900000000,"adm2_psgc":907200000,"adm3_psgc":907207000,"adm4_psgc":907207013,"adm4_en":"Saluyong","geo_level":"Bgy","len_crs":12317,"area_crs":4479204,"len_km":12,"area_km2":4},"id":907207013},{"arcs":[[39,40,41,-30,42]],"type":"Polygon","properties":{"adm1_psgc":900000000,"adm2_psgc":907200000,"adm3_psgc":907207000,"adm4_psgc":907207014,"adm4_en":"Serongan","geo_level":"Bgy","len_crs":11718,"area_crs":6190234,"len_km":11,"area_km2":6},"id":907207014},{"arcs":[[-38,-6,43,44,45]],"type":"Polygon","properties":{"adm1_psgc":900000000,"adm2_psgc":907200000,"adm3_psgc":907207000,"adm4_psgc":907207018,"adm4_en":"Villaramos","geo_level":"Bgy","len_crs":8605,"area_crs":2968815,"len_km":8,"area_km2":2},"id":907207018},{"arcs":[[-5,-13,-20,46,-44]],"type":"Polygon","properties":{"adm1_psgc":900000000,"adm2_psgc":907200000,"adm3_psgc":907207000,"adm4_psgc":907207019,"adm4_en":"Don Jose Aguirre","geo_level":"Bgy","len_crs":10755,"area_crs":4892579,"len_km":10,"area_km2":4},"id":907207019},{"arcs":[[-3,-26,47,-28,-10]],"type":"Polygon","properties":{"adm1_psgc":900000000,"adm2_psgc":907200000,"adm3_psgc":907207000,"adm4_psgc":907207020,"adm4_en":"Lingatongan","geo_level":"Bgy","len_crs":9026,"area_crs":3738565,"len_km":9,"area_km2":3},"id":907207020},{"arcs":[[-48,-25,48,49,-43,-29]],"type":"Polygon","properties":{"adm1_psgc":900000000,"adm2_psgc":907200000,"adm3_psgc":907207000,"adm4_psgc":907207021,"adm4_en":"Meses","geo_level":"Bgy","len_crs":12073,"area_crs":5398691,"len_km":12,"area_km2":5},"id":907207021},{"arcs":[[-17,50,51,-33]],"type":"Polygon","properties":{"adm1_psgc":900000000,"adm2_psgc":907200000,"adm3_psgc":907207000,"adm4_psgc":907207022,"adm4_en":"Palaranan","geo_level":"Bgy","len_crs":12273,"area_crs":4330903,"len_km":12,"area_km2":4},"id":907207022},{"arcs":[[52,-40,-50,53]],"type":"Polygon","properties":{"adm1_psgc":900000000,"adm2_psgc":907200000,"adm3_psgc":907207000,"adm4_psgc":907207023,"adm4_en":"Pangandao","geo_level":"Bgy","len_crs":30350,"area_crs":33796021,"len_km":30,"area_km2":33},"id":907207023},{"arcs":[[-41,-53,54,55]],"type":"Polygon","properties":{"adm1_psgc":900000000,"adm2_psgc":907200000,"adm3_psgc":907207000,"adm4_psgc":907207024,"adm4_en":"Patagan","geo_level":"Bgy","len_crs":13002,"area_crs":8293245,"len_km":13,"area_km2":8},"id":907207024},{"arcs":[[-39,-46,56]],"type":"Polygon","properties":{"adm1_psgc":900000000,"adm2_psgc":907200000,"adm3_psgc":907207000,"adm4_psgc":907207025,"adm4_en":"San Antonio","geo_level":"Bgy","len_crs":9106,"area_crs":3076259,"len_km":9,"area_km2":3},"id":907207025},{"arcs":[[57,-51,-16,58,59,-7]],"type":"Polygon","properties":{"adm1_psgc":900000000,"adm2_psgc":907200000,"adm3_psgc":907207000,"adm4_psgc":907207026,"adm4_en":"Upper Disakan","geo_level":"Bgy","len_crs":10657,"area_crs":5649127,"len_km":10,"area_km2":5},"id":907207026},{"arcs":[[-22,-32,-19,-36,60]],"type":"Polygon","properties":{"adm1_psgc":900000000,"adm2_psgc":907200000,"adm3_psgc":907207000,"adm4_psgc":907207027,"adm4_en":"East Poblacion","geo_level":"Bgy","len_crs":12306,"area_crs":5357955,"len_km":12,"area_km2":5},"id":907207027},{"arcs":[[-52,-58,-9,61,-34]],"type":"Polygon","properties":{"adm1_psgc":900000000,"adm2_psgc":907200000,"adm3_psgc":907207000,"adm4_psgc":907207028,"adm4_en":"Punta Blanca","geo_level":"Bgy","len_crs":13484,"area_crs":6387034,"len_km":13,"area_km2":6},"id":907207028},{"arcs":[[-31,-42,-56,62,-59,-15]],"type":"Polygon","properties":{"adm1_psgc":900000000,"adm2_psgc":907200000,"adm3_psgc":907207000,"adm4_psgc":907207029,"adm4_en":"Suisayan","geo_level":"Bgy","len_crs":12712,"area_crs":9083729,"len_km":12,"area_km2":9},"id":907207029}]}}}