{"type":"Topology","arcs":[[[596,541],[-41,-14]],[[555,527],[-38,6]],[[517,533],[-3,45]],[[514,578],[63,26]],[[577,604],[32,24]],[[609,628],[-13,-87]],[[295,634],[55,-65]],[[350,569],[-10,-17]],[[340,552],[-100,-40]],[[240,512],[-7,85]],[[233,597],[2,70]],[[235,667],[60,-33]],[[457,565],[3,-84]],[[460,481],[-108,-54]],[[352,427],[-12,125]],[[350,569],[25,13]],[[375,582],[82,-17]],[[244,308],[18,-85]],[[262,223],[34,-120]],[[296,103],[-108,-78]],[[188,25],[-104,18],[-59,90],[-25,255]],[[0,388],[227,6]],[[227,394],[17,-86]],[[582,220],[6,-116]],[[588,104],[-95,3]],[[493,107],[26,120]],[[519,227],[63,-7]],[[434,261],[-36,-144]],[[398,117],[-102,-14]],[[262,223],[172,57]],[[434,280],[0,-19]],[[588,104],[25,-6]],[[613,98],[-97,-98]],[[516,0],[-25,86]],[[491,86],[2,21]],[[611,443],[-3,-3]],[[608,440],[-53,87]],[[596,541],[15,-98]],[[479,571],[-22,-6]],[[375,582],[82,45]],[[457,627],[22,-56]],[[233,597],[-56,4]],[[177,601],[-56,6]],[[121,607],[19,94],[104,39]],[[244,740],[-9,-73]],[[375,740],[-80,-106]],[[244,740],[131,0]],[[661,437],[-31,-2]],[[630,435],[-19,8]],[[609,628],[65,-103],[-13,-88]],[[491,86],[-67,22]],[[424,108],[-26,9]],[[434,261],[85,-34]],[[642,304],[-4,-42]],[[638,262],[-56,-42]],[[519,227],[58,97]],[[577,324],[65,-20]],[[638,262],[-25,-164]],[[434,280],[9,27]],[[443,307],[134,17]],[[652,373],[-10,-69]],[[577,324],[-12,42]],[[565,366],[38,6]],[[603,372],[49,1]],[[656,406],[-23,5]],[[633,411],[-3,24]],[[661,437],[-5,-31]],[[424,108],[-48,-79]],[[376,29],[-188,-4]],[[244,308],[192,55]],[[436,363],[7,-56]],[[577,604],[-86,27]],[[491,631],[3,94]],[[494,725],[86,-12],[29,-85]],[[240,512],[-13,-118]],[[0,388],[91,135]],[[91,523],[86,78]],[[564,415],[1,-49]],[[436,363],[64,82]],[[500,445],[64,-30]],[[516,0],[-140,29]],[[633,411],[-24,-1]],[[609,410],[-1,30]],[[609,410],[-45,5]],[[564,415],[44,25]],[[609,410],[-6,-38]],[[656,406],[-4,-33]],[[352,427],[-125,-33]],[[514,578],[-35,-7]],[[457,627],[34,4]],[[517,533],[-57,-52]],[[375,740],[119,-15]],[[500,445],[-40,36]],[[91,523],[30,84]]],"transform":{"scale":[0.0001513499792285147,0.0001249841270270115],"translate":[124.86458807900011,10.840150607000055]},"objects":{"bgysubmuns-municity-803728000":{"type":"GeometryCollection","geometries":[{"arcs":[[0,1,2,3,4,5]],"type":"Polygon","properties":{"adm1_psgc":800000000,"adm2_psgc":803700000,"adm3_psgc":803728000,"adm4_psgc":803728001,"adm4_en":"Bagacay East","geo_level":"Bgy","len_crs":5880,"area_crs":1336299,"len_km":5,"area_km2":1},"id":803728001},{"arcs":[[6,7,8,9,10,11]],"type":"Polygon","properties":{"adm1_psgc":800000000,"adm2_psgc":803700000,"adm3_psgc":803728000,"adm4_psgc":803728002,"adm4_en":"Bagacay West","geo_level":"Bgy","len_crs":6569,"area_crs":2509873,"len_km":6,"area_km2":2},"id":803728002},{"arcs":[[12,13,14,-8,15,16]],"type":"Polygon","properties":{"adm1_psgc":800000000,"adm2_psgc":803700000,"adm3_psgc":803728000,"adm4_psgc":803728003,"adm4_en":"Bongtod","geo_level":"Bgy","len_crs":7417,"area_crs":2519422,"len_km":7,"area_km2":2},"id":803728003},{"arcs":[[17,18,19,20,21,22]],"type":"Polygon","properties":{"adm1_psgc":800000000,"adm2_psgc":803700000,"adm3_psgc":803728000,"adm4_psgc":803728004,"adm4_en":"Bocawon","geo_level":"Bgy","len_crs":19314,"area_crs":19404454,"len_km":19,"area_km2":19},"id":803728004},{"arcs":[[23,24,25,26]],"type":"Polygon","properties":{"adm1_psgc":800000000,"adm2_psgc":803700000,"adm3_psgc":803728000,"adm4_psgc":803728005,"adm4_en":"Buracan","geo_level":"Bgy","len_crs":6050,"area_crs":2177649,"len_km":6,"area_km2":2},"id":803728005},{"arcs":[[27,28,-19,29,30]],"type":"Polygon","properties":{"adm1_psgc":800000000,"adm2_psgc":803700000,"adm3_psgc":803728000,"adm4_psgc":803728006,"adm4_en":"Caabangan","geo_level":"Bgy","len_crs":8763,"area_crs":4434088,"len_km":8,"area_km2":4},"id":803728006},{"arcs":[[31,32,33,34,-25]],"type":"Polygon","properties":{"adm1_psgc":800000000,"adm2_psgc":803700000,"adm3_psgc":803728000,"adm4_psgc":803728007,"adm4_en":"Cacao","geo_level":"Bgy","len_crs":6614,"area_crs":2558346,"len_km":6,"area_km2":2},"id":803728007},{"arcs":[[35,36,-1,37]],"type":"Polygon","properties":{"adm1_psgc":800000000,"adm2_psgc":803700000,"adm3_psgc":803728000,"adm4_psgc":803728008,"adm4_en":"Cagngaran","geo_level":"Bgy","len_crs":4431,"area_crs":890824,"len_km":4,"area_km2":0},"id":803728008},{"arcs":[[38,-17,39,40]],"type":"Polygon","properties":{"adm1_psgc":800000000,"adm2_psgc":803700000,"adm3_psgc":803728000,"adm4_psgc":803728009,"adm4_en":"Calabnian","geo_level":"Bgy","len_crs":4295,"area_crs":938751,"len_km":4,"area_km2":0},"id":803728009},{"arcs":[[-11,41,42,43,44]],"type":"Polygon","properties":{"adm1_psgc":800000000,"adm2_psgc":803700000,"adm3_psgc":803728000,"adm4_psgc":803728010,"adm4_en":"Calaghusan","geo_level":"Bgy","len_crs":7325,"area_crs":3028096,"len_km":7,"area_km2":3},"id":803728010},{"arcs":[[45,-12,-45,46]],"type":"Polygon","properties":{"adm1_psgc":800000000,"adm2_psgc":803700000,"adm3_psgc":803728000,"adm4_psgc":803728011,"adm4_en":"Caltayan","geo_level":"Bgy","len_crs":7227,"area_crs":2520729,"len_km":7,"area_km2":2},"id":803728011},{"arcs":[[47,48,-38,-6,49]],"type":"Polygon","properties":{"adm1_psgc":800000000,"adm2_psgc":803700000,"adm3_psgc":803728000,"adm4_psgc":803728012,"adm4_en":"Canbañez","geo_level":"Bgy","len_crs":8553,"area_crs":2316323,"len_km":8,"area_km2":2},"id":803728012},{"arcs":[[-26,-35,50,51,-28,52]],"type":"Polygon","properties":{"adm1_psgc":800000000,"adm2_psgc":803700000,"adm3_psgc":803728000,"adm4_psgc":803728013,"adm4_en":"Cogon","geo_level":"Bgy","len_crs":7212,"area_crs":3099185,"len_km":7,"area_km2":3},"id":803728013},{"arcs":[[53,54,-27,55,56]],"type":"Polygon","properties":{"adm1_psgc":800000000,"adm2_psgc":803700000,"adm3_psgc":803728000,"adm4_psgc":803728014,"adm4_en":"Duyog","geo_level":"Bgy","len_crs":5655,"area_crs":1591135,"len_km":5,"area_km2":1},"id":803728014},{"arcs":[[-32,-24,-55,57]],"type":"Polygon","properties":{"adm1_psgc":800000000,"adm2_psgc":803700000,"adm3_psgc":803728000,"adm4_psgc":803728015,"adm4_en":"Gimenarat East","geo_level":"Bgy","len_crs":5654,"area_crs":1438497,"len_km":5,"area_km2":1},"id":803728015},{"arcs":[[-53,-31,58,59,-56]],"type":"Polygon","properties":{"adm1_psgc":800000000,"adm2_psgc":803700000,"adm3_psgc":803728000,"adm4_psgc":803728016,"adm4_en":"Gimenarat West","geo_level":"Bgy","len_crs":6038,"area_crs":1939049,"len_km":6,"area_km2":1},"id":803728016},{"arcs":[[60,-57,61,62,63]],"type":"Polygon","properties":{"adm1_psgc":800000000,"adm2_psgc":803700000,"adm3_psgc":803728000,"adm4_psgc":803728017,"adm4_en":"Limba","geo_level":"Bgy","len_crs":4152,"area_crs":1021708,"len_km":4,"area_km2":1},"id":803728017},{"arcs":[[64,65,-48,66]],"type":"Polygon","properties":{"adm1_psgc":800000000,"adm2_psgc":803700000,"adm3_psgc":803728000,"adm4_psgc":803728018,"adm4_en":"Lubi-lubi","geo_level":"Bgy","len_crs":1682,"area_crs":172866,"len_km":1,"area_km2":0},"id":803728018},{"arcs":[[67,68,-20,-29,-52]],"type":"Polygon","properties":{"adm1_psgc":800000000,"adm2_psgc":803700000,"adm3_psgc":803728000,"adm4_psgc":803728019,"adm4_en":"Luneta","geo_level":"Bgy","len_crs":8865,"area_crs":3640716,"len_km":8,"area_km2":3},"id":803728019},{"arcs":[[-59,-30,-18,69,70]],"type":"Polygon","properties":{"adm1_psgc":800000000,"adm2_psgc":803700000,"adm3_psgc":803728000,"adm4_psgc":803728020,"adm4_en":"Mag-aso","geo_level":"Bgy","len_crs":8639,"area_crs":3727191,"len_km":8,"area_km2":3},"id":803728020},{"arcs":[[-5,71,72,73]],"type":"Polygon","properties":{"adm1_psgc":800000000,"adm2_psgc":803700000,"adm3_psgc":803728000,"adm4_psgc":803728021,"adm4_en":"Moroboro","geo_level":"Bgy","len_crs":6186,"area_crs":2366617,"len_km":6,"area_km2":2},"id":803728021},{"arcs":[[-10,74,-22,75,76,-42]],"type":"Polygon","properties":{"adm1_psgc":800000000,"adm2_psgc":803700000,"adm3_psgc":803728000,"adm4_psgc":803728022,"adm4_en":"Pansud","geo_level":"Bgy","len_crs":12195,"area_crs":7716097,"len_km":12,"area_km2":7},