{"type":"Topology","arcs":[[[507,289],[-123,-60]],[[384,229],[-13,89]],[[371,318],[53,39]],[[424,357],[59,7]],[[483,364],[24,-75]],[[399,792],[-3,-55]],[[396,737],[32,-42]],[[428,695],[15,-80]],[[443,615],[37,-73]],[[480,542],[-29,-11]],[[451,531],[-47,-20]],[[404,511],[-76,-22]],[[328,489],[-16,66]],[[312,555],[-20,61]],[[292,616],[-22,67]],[[270,683],[27,24]],[[297,707],[92,93]],[[389,800],[10,-8]],[[328,489],[0,-92]],[[328,397],[-223,-11]],[[105,386],[-24,114]],[[81,500],[79,-2],[152,57]],[[289,760],[-66,-11]],[[223,749],[-17,98]],[[206,847],[71,22]],[[277,869],[12,-109]],[[356,873],[17,-30]],[[373,843],[16,-43]],[[297,707],[-8,53]],[[277,869],[79,4]],[[224,660],[46,23]],[[292,616],[-140,-41],[-92,28]],[[60,603],[-23,83]],[[37,686],[187,-26]],[[384,229],[0,-86]],[[384,143],[-254,10]],[[130,153],[-9,162]],[[121,315],[250,3]],[[499,394],[-16,-30]],[[424,357],[-9,38]],[[415,395],[-11,116]],[[451,531],[48,-137]],[[121,315],[-16,71]],[[328,397],[87,-2]],[[411,895],[-28,-19]],[[383,876],[-11,16]],[[372,892],[23,20]],[[395,912],[16,-17]],[[510,751],[-37,-24]],[[473,727],[-27,37]],[[446,764],[55,25]],[[501,789],[9,-38]],[[446,764],[-1,3]],[[445,767],[-15,41]],[[430,808],[42,44]],[[472,852],[29,-63]],[[519,646],[-76,-31]],[[428,695],[45,32]],[[510,751],[9,-105]],[[396,737],[49,30]],[[372,892],[-7,-1]],[[365,891],[-6,9]],[[359,900],[29,27]],[[388,927],[7,-15]],[[579,422],[-80,-28]],[[480,542],[40,15]],[[520,557],[59,-135]],[[430,808],[-31,-16]],[[373,843],[21,12]],[[394,855],[45,28]],[[439,883],[33,-31]],[[519,646],[1,-89]],[[526,161],[-4,-123],[-371,-38],[-21,153]],[[384,143],[142,18]],[[542,189],[-35,100]],[[579,422],[24,-168],[-61,-65]],[[394,855],[-11,21]],[[411,895],[28,-12]],[[356,873],[9,18]],[[81,500],[-21,103]],[[224,660],[-1,89]],[[542,189],[-16,-28]],[[359,900],[29,27]],[[37,686],[-37,178],[206,-17]]],"transform":{"scale":[0.00024411484245431546,0.00016017842826321707],"translate":[121.6650404730001,17.19619667400007]},"objects":{"bgysubmuns-municity-203118000":{"type":"GeometryCollection","geometries":[{"arcs":[[0,1,2,3,4]],"type":"Polygon","properties":{"adm1_psgc":200000000,"adm2_psgc":203100000,"adm3_psgc":203118000,"adm4_psgc":203118001,"adm4_en":"Aga","geo_level":"Bgy","len_crs":9603,"area_crs":5683034,"len_km":9,"area_km2":5},"id":203118001},{"arcs":[[5,6,7,8,9,10,11,12,13,14,15,16,17]],"type":"Polygon","properties":{"adm1_psgc":200000000,"adm2_psgc":203100000,"adm3_psgc":203118000,"adm4_psgc":203118002,"adm4_en":"Andarayan","geo_level":"Bgy","len_crs":19598,"area_crs":16361628,"len_km":19,"area_km2":16},"id":203118002},{"arcs":[[18,19,20,21,-13]],"type":"Polygon","properties":{"adm1_psgc":200000000,"adm2_psgc":203100000,"adm3_psgc":203118000,"adm4_psgc":203118003,"adm4_en":"Aneg","geo_level":"Bgy","len_crs":17014,"area_crs":13653784,"len_km":17,"area_km2":13},"id":203118003},{"arcs":[[22,23,24,25]],"type":"Polygon","properties":{"adm1_psgc":200000000,"adm2_psgc":203100000,"adm3_psgc":203118000,"adm4_psgc":203118004,"adm4_en":"Bayabo","geo_level":"Bgy","len_crs":7349,"area_crs":3297718,"len_km":7,"area_km2":3},"id":203118004},{"arcs":[[26,27,-17,28,-26,29]],"type":"Polygon","properties":{"adm1_psgc":200000000,"adm2_psgc":203100000,"adm3_psgc":203118000,"adm4_psgc":203118006,"adm4_en":"Calinaoan Sur","geo_level":"Bgy","len_crs":10328,"area_crs":5483383,"len_km":10,"area_km2":5},"id":203118006},{"arcs":[[30,-15,31,32,33]],"type":"Polygon","properties":{"adm1_psgc":200000000,"adm2_psgc":203100000,"adm3_psgc":203118000,"adm4_psgc":203118007,"adm4_en":"Capitol","geo_level":"Bgy","len_crs":15177,"area_crs":8529197,"len_km":15,"area_km2":8},"id":203118007},{"arcs":[[34,35,36,37,-2]],"type":"Polygon","properties":{"adm1_psgc":200000000,"adm2_psgc":203100000,"adm3_psgc":203118000,"adm4_psgc":203118008,"adm4_en":"Carmencita","geo_level":"Bgy","len_crs":19225,"area_crs":19402531,"len_km":19,"area_km2":19},"id":203118008},{"arcs":[[38,-4,39,40,-11,41]],"type":"Polygon","properties":{"adm1_psgc":200000000,"adm2_psgc":203100000,"adm3_psgc":203118000,"adm4_psgc":203118009,"adm4_en":"Concepcion","geo_level":"Bgy","len_crs":8985,"area_crs":5049954,"len_km":8,"area_km2":5},"id":203118009},{"arcs":[[-40,-3,-38,42,-20,43]],"type":"Polygon","properties":{"adm1_psgc":200000000,"adm2_psgc":203100000,"adm3_psgc":203118000,"adm4_psgc":203118010,"adm4_en":"Maui","geo_level":"Bgy","len_crs":18127,"area_crs":10650686,"len_km":18,"area_km2":10},"id":203118010},{"arcs":[[44,45,46,47]],"type":"Polygon","properties":{"adm1_psgc":200000000,"adm2_psgc":203100000,"adm3_psgc":203118000,"adm4_psgc":203118011,"adm4_en":"Quibal","geo_level":"Bgy","len_crs":2407,"area_crs":318672,"len_km":2,"area_km2":0},"id":203118011},{"arcs":[[48,49,50,51]],"type":"Polygon","properties":{"adm1_psgc":200000000,"adm2_psgc":203100000,"adm3_psgc":203118000,"adm4_psgc":203118012,"adm4_en":"Ragan Almacen","geo_level":"Bgy","len_crs":4243,"area_crs":905803,"len_km":4,"area_km2":0},"id":203118012},{"arcs":[[-51,52,53,54,55]],"type":"Polygon","properties":{"adm1_psgc":200000000,"adm2_psgc":203100000,"adm3_psgc":203118000,"adm4_psgc":203118013,"adm4_en":"Ragan Norte","geo_level":"Bgy","len_crs":5077,"area_crs":1509611,"len_km":5,"area_km2":1},"id":203118013},{"arcs":[[56,-8,57,-49,58]],"type":"Polygon","properties":{"adm1_psgc":200000000,"adm2_psgc":203100000,"adm3_psgc":203118000,"adm4_psgc":203118014,"adm4_en":"Ragan Sur","geo_level":"Bgy","len_crs":8479,"area_crs":3533686,"len_km":8,"area_km2":3},"id":203118014},{"arcs":[[-50,-58,-7,59,-53]],"type":"Polygon","properties":{"adm1_psgc":200000000,"adm2_psgc":203100000,"adm3_psgc":203118000,"adm4_psgc":203118015,"adm4_en":"Rizal","geo_level":"Bgy","len_crs":5814,"area_crs":1110667,"len_km":5,"area_km2":1},"id":203118015},{"arcs":[[-47,60,61,62,63]],"type":"Polygon","properties":{"adm1_psgc":200000000,"adm2_psgc":203100000,"adm3_psgc":203118000,"adm4_psgc":203118016,"adm4_en":"San Andres","geo_level":"Bgy","len_crs":2384,"area_crs":238919,"len_km":2,"area_km2":0},"id":203118016},{"arcs":[[64,-42,-10,65,66]],"type":"Polygon","properties":{"adm1_psgc":200000000,"adm2_psgc":203100000,"adm3_psgc":203118000,"adm4_psgc":203118017,"adm4_en":"San Antonio","geo_level":"Bgy","len_crs":9840,"area_crs":5211634,"len_km":9,"area_km2":5},"id":203118017},{"arcs":[[-44,-19,-12,-41]],"type":"Polygon","properties":{"adm1_psgc":200000000,"adm2_psgc":203100000,"adm3_psgc":203118000,"adm4_psgc":203118018,"adm4_en":"San Isidro","geo_level":"Bgy","len_crs":7971,"area_crs":3798569,"len_km":7,"area_km2":3},"id":203118018},{"arcs":[[-55,67,-18,-28,68,69,70]],"type":"Polygon","properties":{"adm1_psgc":200000000,"adm2_psgc":203100000,"adm3_psgc":203118000,"adm4_psgc":203118019,"adm4_en":"San Jose","geo_level":"Bgy","len_crs":6931,"area_crs":2272287,"len_km":6,"area_km2":2},"id":203118019},{"arcs":[[-66,-9,-57,71]],"type":"Polygon","properties":{"adm1_psgc":200000000,"adm2_psgc":203100000,"adm3_psgc":203118000,"adm4_psgc":203118020,"adm4_en":"San Juan","geo_level":"Bgy","len_crs":6719,"area_crs":2662271,"len_km":6,"area_km2":2},"id":203118020},{"arcs":[[72,-36,73]],"type":"Polygon","properties":{"adm1_psgc":200000000,"adm2_psgc":203100000,"adm3_psgc":203118000,"adm4_psgc":203118021,"adm4_en":"San Macario","geo_level":"Bgy","len_crs":29929,"area_crs":23512030,"len_km":29,"area_km2":23},"id":203118021},{"arcs":[[74,-5,-39,-65,75]],"type":"Polygon","properties":{"adm1_psgc":200000000,"adm2_psgc":203100000,"adm3_psgc":203118000,"adm4_psgc":203118022,"adm4_en":"San Nicolas","geo_level":"Bgy","len_crs":11589,"area_crs":7803447,"len_km":11,"area_km2":7},"id":203118022},{"arcs":[[-70,76,-45,77]],"type":"Polygon","properties":{"adm1_psgc":200000000,"adm2_psgc":203100000,"adm3_psgc":203118000,"adm4_psgc":203118023,"adm4_en":"San Patricio","geo_level":"Bgy","len_crs":3646,"area_crs":574575,"len_km":3,"area_km2":0},"id":203118023},{"arcs":[[-46,-77,-69,-27,78,-61]],"type":"Polygon","properties":{"adm1_psgc":200000000,"adm2_psgc":203100000,"adm3_psgc":203118000,"adm4_psgc":203118024,