{"type":"Topology","arcs":[[[632,45],[-13,-16]],[[619,29],[-9,20]],[[610,49],[-13,24]],[[597,73],[11,8]],[[608,81],[24,-36]],[[481,47],[-7,-20]],[[474,27],[-21,27]],[[453,54],[-6,3]],[[447,57],[9,9]],[[456,66],[25,-19]],[[434,7],[-33,7]],[[401,14],[-6,13]],[[395,27],[28,5]],[[423,32],[11,-25]],[[401,14],[-27,-14],[-374,421],[35,11]],[[35,432],[360,-405]],[[553,180],[-8,-9]],[[545,171],[-10,-11]],[[535,160],[-13,-13]],[[522,147],[-22,-24]],[[500,123],[-20,-21]],[[480,102],[-7,-8]],[[473,94],[-6,-6]],[[467,88],[-5,-4]],[[462,84],[-47,45],[-278,337]],[[137,466],[65,13],[231,-250],[120,-49]],[[619,29],[-25,7]],[[594,36],[16,13]],[[485,51],[-4,-4]],[[456,66],[8,7]],[[464,73],[21,-22]],[[588,103],[-37,-26]],[[551,77],[-9,3]],[[542,80],[-20,67]],[[535,160],[53,-57]],[[453,54],[-30,-22]],[[423,32],[-357,409]],[[66,441],[34,12]],[[100,453],[347,-396]],[[551,77],[-12,-14]],[[539,63],[-14,9]],[[525,72],[6,14]],[[531,86],[11,-6]],[[495,55],[-10,-4]],[[464,73],[6,5]],[[470,78],[25,-23]],[[650,53],[-18,-8]],[[608,81],[-20,22]],[[545,171],[105,-118]],[[462,84],[8,-6]],[[100,453],[37,13]],[[507,70],[-6,-6]],[[501,64],[-34,24]],[[473,94],[34,-24]],[[474,27],[-40,-20]],[[553,180],[97,-127]],[[501,64],[-6,-9]],[[594,36],[-34,7]],[[560,43],[37,30]],[[560,43],[-21,20]],[[514,74],[-7,-4]],[[480,102],[34,-28]],[[35,432],[31,9]],[[525,72],[-11,2]],[[500,123],[31,-37]]],"transform":{"scale":[0.00014134645538470855,0.0001463321920667412],"translate":[124.100709208,7.871887720000073]},"objects":{"bgysubmuns-municity-1903629000":{"type":"GeometryCollection","geometries":[{"arcs":[[0,1,2,3,4]],"type":"Polygon","properties":{"adm1_psgc":1900000000,"adm2_psgc":1903600000,"adm3_psgc":1903629000,"adm4_psgc":1903629001,"adm4_en":"Bagoaingud","geo_level":"Bgy","len_crs":2202,"area_crs":230505,"len_km":2,"area_km2":0},"id":1903629001},{"arcs":[[5,6,7,8,9]],"type":"Polygon","properties":{"adm1_psgc":1900000000,"adm2_psgc":1903600000,"adm3_psgc":1903629000,"adm4_psgc":1903629004,"adm4_en":"Bubong","geo_level":"Bgy","len_crs":1754,"area_crs":129180,"len_km":1,"area_km2":0},"id":1903629004},{"arcs":[[10,11,12,13]],"type":"Polygon","properties":{"adm1_psgc":1900000000,"adm2_psgc":1903600000,"adm3_psgc":1903629000,"adm4_psgc":1903629005,"adm4_en":"Buadi Alawang","geo_level":"Bgy","len_crs":1739,"area_crs":156581,"len_km":1,"area_km2":0},"id":1903629005},{"arcs":[[-12,14,15]],"type":"Polygon","properties":{"adm1_psgc":1900000000,"adm2_psgc":1903600000,"adm3_psgc":1903629000,"adm4_psgc":1903629006,"adm4_en":"Buadi Dico","geo_level":"Bgy","len_crs":19064,"area_crs":5169350,"len_km":19,"area_km2":5},"id":1903629006},{"arcs":[[16,17,18,19,20,21,22,23,24,25]],"type":"Polygon","properties":{"adm1_psgc":1900000000,"adm2_psgc":1903600000,"adm3_psgc":1903629000,"adm4_psgc":1903629010,"adm4_en":"Campong Talao","geo_level":"Bgy","len_crs":18682,"area_crs":9719901,"len_km":18,"area_km2":9},"id":1903629010},{"arcs":[[26,27,-2]],"type":"Polygon","properties":{"adm1_psgc":1900000000,"adm2_psgc":1903600000,"adm3_psgc":1903629000,"adm4_psgc":1903629011,"adm4_en":"Cayagan","geo_level":"Bgy","len_crs":1336,"area_crs":90843,"len_km":1,"area_km2":0},"id":1903629011},{"arcs":[[28,-10,29,30]],"type":"Polygon","properties":{"adm1_psgc":1900000000,"adm2_psgc":1903600000,"adm3_psgc":1903629000,"adm4_psgc":1903629012,"adm4_en":"Dandanun","geo_level":"Bgy","len_crs":1278,"area_crs":73664,"len_km":1,"area_km2":0},"id":1903629012},{"arcs":[[31,32,33,-19,34]],"type":"Polygon","properties":{"adm1_psgc":1900000000,"adm2_psgc":1903600000,"adm3_psgc":1903629000,"adm4_psgc":1903629014,"adm4_en":"Dilimbayan","geo_level":"Bgy","len_crs":3705,"area_crs":635881,"len_km":3,"area_km2":0},"id":1903629014},{"arcs":[[-8,35,36,37,38]],"type":"Polygon","properties":{"adm1_psgc":1900000000,"adm2_psgc":1903600000,"adm3_psgc":1903629000,"adm4_psgc":1903629016,"adm4_en":"Gurain","geo_level":"Bgy","len_crs":18308,"area_crs":4146379,"len_km":18,"area_km2":4},"id":1903629016},{"arcs":[[-33,39,40,41,42]],"type":"Polygon","properties":{"adm1_psgc":1900000000,"adm2_psgc":1903600000,"adm3_psgc":1903629000,"adm4_psgc":1903629017,"adm4_en":"Poblacion","geo_level":"Bgy","len_crs":1340,"area_crs":82574,"len_km":1,"area_km2":0},"id":1903629017},{"arcs":[[43,-31,44,45]],"type":"Polygon","properties":{"adm1_psgc":1900000000,"adm2_psgc":1903600000,"adm3_psgc":1903629000,"adm4_psgc":1903629019,"adm4_en":"Lumbac","geo_level":"Bgy","len_crs":1343,"area_crs":69136,"len_km":1,"area_km2":0},"id":1903629019},{"arcs":[[46,-5,47,-35,-18,48]],"type":"Polygon","properties":{"adm1_psgc":1900000000,"adm2_psgc":1903600000,"adm3_psgc":1903629000,"adm4_psgc":1903629021,"adm4_en":"Maidan","geo_level":"Bgy","len_crs":5568,"area_crs":539136,"len_km":5,"area_km2":0},"id":1903629021},{"arcs":[[49,-45,-30,-9,-39,50,-25]],"type":"Polygon","properties":{"adm1_psgc":1900000000,"adm2_psgc":1903600000,"adm3_psgc":1903629000,"adm4_psgc":1903629022,"adm4_en":"Mapantao","geo_level":"Bgy","len_crs":17623,"area_crs":4119598,"len_km":17,"area_km2":4},"id":1903629022},{"arcs":[[51,52,-23,53]],"type":"Polygon","properties":{"adm1_psgc":1900000000,"adm2_psgc":1903600000,"adm3_psgc":1903629000,"adm4_psgc":1903629025,"adm4_en":"Pagalamatan","geo_level":"Bgy","len_crs":1652,"area_crs":86792,"len_km":1,"area_km2":0},"id":1903629025},{"arcs":[[54,-14,-36,-7]],"type":"Polygon","properties":{"adm1_psgc":1900000000,"adm2_psgc":1903600000,"adm3_psgc":1903629000,"adm4_psgc":1903629026,"adm4_en":"Pandiaranao","geo_level":"Bgy","len_crs":2494,"area_crs":311081,"len_km":2,"area_km2":0},"id":1903629026},{"arcs":[[-49,-17,55]],"type":"Polygon","properties":{"adm1_psgc":1900000000,"adm2_psgc":1903600000,"adm3_psgc":1903629000,"adm4_psgc":1903629027,"adm4_en":"Pindolonan I","geo_level":"Bgy","len_crs":5781,"area_crs":645850,"len_km":5,"area_km2":0},"id":1903629027},{"arcs":[[56,-46,-50,-24,-53]],"type":"Polygon","properties":{"adm1_psgc":1900000000,"adm2_psgc":1903600000,"adm3_psgc":1903629000,"adm4_psgc":1903629028,"adm4_en":"Pindolonan II","geo_level":"Bgy","len_crs":1726,"area_crs":85917,"len_km":1,"area_km2":0},"id":1903629028},{"arcs":[[-28,57,58,-3]],"type":"Polygon","properties":{"adm1_psgc":1900000000,"adm2_psgc":1903600000,"adm3_psgc":1903629000,"adm4_psgc":1903629030,"adm4_en":"Putad","geo_level":"Bgy","len_crs":2174,"area_crs":239295,"len_km":2,"area_km2":0},"id":1903629030},{"arcs":[[-4,-59,59,-40,-32,-48]],"type":"Polygon","properties":{"adm1_psgc":1900000000,"adm2_psgc":1903600000,"adm3_psgc":1903629000,"adm4_psgc":1903629031,"adm4_en":"Raya","geo_level":"Bgy","len_crs":2998,"area_crs":464042,"len_km":2,"area_km2":0},"id":1903629031},{"arcs":[[60,-54,-22,61]],"type":"Polygon","properties":{"adm1_psgc":1900000000,"adm2_psgc":1903600000,"adm3_psgc":1903629000,"adm4_psgc":1903629034,"adm4_en":"Sugod I","geo_level":"Bgy","len_crs":1736,"area_crs":97308,"len_km":1,"area_km2":0},"id":1903629034},{"arcs":[[-13,-16,62,-37]],"type":"Polygon","properties":{"adm1_psgc":1900000000,"adm2_psgc":1903600000,"adm3_psgc":1903629000,"adm4_psgc":1903629036,"adm4_en":"Sugod Mawatan","geo_level":"Bgy","len_crs":18234,"area_crs":3416369,"len_km":18,"area_km2":3},"id":1903629036},{"arcs":[[-42,63,-62,-21,64]],"type":"Polygon","properties":{"adm1_psgc":1900000000,"adm2_psgc":1903600000,"adm3_psgc":1903629000,"adm4_psgc":1903629037,"adm4_en":"Sumbaga Rogong","geo_level":"Bgy","len_crs":2465,"area_crs":311177,"len_km":2,"area_km2":0},"id":1903629037},{"arcs":[[-43,-65,-20,-34]],"type":"Polygon","properties":{"adm1_psgc":1900000000,"adm2_psgc":1903600000,"adm3_psgc":1903629000,"adm4_psgc":1903629038,"adm4_en":"Tangcal","geo_level":"Bgy","len_crs":2713,"area_crs":307604,"len_km":2,"area_km2":0},"id":1903629038}]}}}