{"type":"Topology","arcs":[[[735,270],[-15,-18]],[[720,252],[-93,65]],[[627,317],[-10,31]],[[617,348],[74,32]],[[691,380],[10,-46],[39,-18],[-5,-46]],[[617,348],[-87,85],[-5,40]],[[525,473],[119,-38],[47,-55]],[[796,168],[11,-48]],[[807,120],[-76,-38]],[[731,82],[-68,100]],[[663,182],[35,43]],[[698,225],[98,-57]],[[643,159],[26,-118]],[[669,41],[-98,-41]],[[571,0],[-7,85],[18,55]],[[582,140],[-16,35]],[[566,175],[77,-16]],[[508,553],[-81,-31]],[[427,522],[-34,-1]],[[393,521],[-41,11],[-67,57],[-14,74]],[[271,663],[53,49],[92,-22],[8,63]],[[424,753],[59,-165],[25,-35]],[[627,317],[-60,-57]],[[567,260],[-48,53]],[[519,313],[-44,50],[-12,71],[-36,88]],[[508,553],[17,-80]],[[465,298],[22,-72],[58,11]],[[545,237],[-43,-65]],[[502,172],[-53,18]],[[449,190],[-27,70],[12,41]],[[434,301],[31,-3]],[[449,190],[-40,-87]],[[409,103],[-13,-3]],[[396,100],[-11,143],[-20,56]],[[365,299],[69,2]],[[519,313],[-54,-15]],[[365,299],[-24,74],[-68,87]],[[273,460],[120,61]],[[245,790],[-66,-19],[-78,-43]],[[101,728],[-71,68],[-30,91],[111,19]],[[111,906],[196,-34],[-62,-82]],[[502,172],[39,-39]],[[541,133],[-19,-4]],[[522,129],[-113,-26]],[[731,82],[-62,-41]],[[643,159],[20,23]],[[486,17],[-79,14],[-11,69]],[[522,129],[-36,-112]],[[566,175],[10,61]],[[576,236],[95,5],[27,-16]],[[927,254],[-56,-72],[-75,-14]],[[698,225],[22,27]],[[735,270],[88,-22],[104,6]],[[576,236],[-4,10]],[[572,246],[-5,14]],[[927,254],[-72,-128],[-48,-6]],[[273,460],[-68,92],[-104,176]],[[245,790],[26,-127]],[[571,0],[-85,17]],[[541,133],[41,7]],[[111,906],[26,79],[65,-24],[45,10],[39,-41],[134,-68],[4,-109]],[[545,237],[27,9]]],"transform":{"scale":[0.000099692370010771,0.00010425946192891762],"translate":[123.77792813200006,10.23529526900006]},"objects":{"bgysubmuns-municity-702250000":{"type":"GeometryCollection","geometries":[{"arcs":[[0,1,2,3,4]],"type":"Polygon","properties":{"adm1_psgc":700000000,"adm2_psgc":702200000,"adm3_psgc":702250000,"adm4_psgc":702250001,"adm4_en":"Bulacao","geo_level":"Bgy","len_crs":4832,"area_crs":1080852,"len_km":4,"area_km2":1},"id":702250001},{"arcs":[[-4,5,6]],"type":"Polygon","properties":{"adm1_psgc":700000000,"adm2_psgc":702200000,"adm3_psgc":702250000,"adm4_psgc":702250002,"adm4_en":"Cadulawan","geo_level":"Bgy","len_crs":5242,"area_crs":1285241,"len_km":5,"area_km2":1},"id":702250002},{"arcs":[[7,8,9,10,11]],"type":"Polygon","properties":{"adm1_psgc":700000000,"adm2_psgc":702200000,"adm3_psgc":702250000,"adm4_psgc":702250003,"adm4_en":"Cansojong","geo_level":"Bgy","len_crs":5996,"area_crs":1212926,"len_km":5,"area_km2":1},"id":702250003},{"arcs":[[12,13,14,15,16]],"type":"Polygon","properties":{"adm1_psgc":700000000,"adm2_psgc":702200000,"adm3_psgc":702250000,"adm4_psgc":702250004,"adm4_en":"Dumlog","geo_level":"Bgy","len_crs":6186,"area_crs":1581677,"len_km":6,"area_km2":1},"id":702250004},{"arcs":[[17,18,19,20,21]],"type":"Polygon","properties":{"adm1_psgc":700000000,"adm2_psgc":702200000,"adm3_psgc":702250000,"adm4_psgc":702250005,"adm4_en":"Jaclupan","geo_level":"Bgy","len_crs":8829,"area_crs":3967152,"len_km":8,"area_km2":3},"id":702250005},{"arcs":[[-6,-3,22,23,24,-18,25]],"type":"Polygon","properties":{"adm1_psgc":700000000,"adm2_psgc":702200000,"adm3_psgc":702250000,"adm4_psgc":702250006,"adm4_en":"Lagtang","geo_level":"Bgy","len_crs":9054,"area_crs":2813804,"len_km":9,"area_km2":2},"id":702250006},{"arcs":[[26,27,28,29,30]],"type":"Polygon","properties":{"adm1_psgc":700000000,"adm2_psgc":702200000,"adm3_psgc":702250000,"adm4_psgc":702250007,"adm4_en":"Lawaan I","geo_level":"Bgy","len_crs":5064,"area_crs":891474,"len_km":5,"area_km2":0},"id":702250007},{"arcs":[[-30,31,32,33,34]],"type":"Polygon","properties":{"adm1_psgc":700000000,"adm2_psgc":702200000,"adm3_psgc":702250000,"adm4_psgc":702250008,"adm4_en":"Linao","geo_level":"Bgy","len_crs":6633,"area_crs":1031692,"len_km":6,"area_km2":1},"id":702250008},{"arcs":[[35,-31,-35,36,37,-19,-25]],"type":"Polygon","properties":{"adm1_psgc":700000000,"adm2_psgc":702200000,"adm3_psgc":702250000,"adm4_psgc":702250009,"adm4_en":"Maghaway","geo_level":"Bgy","len_crs":8930,"area_crs":3984823,"len_km":8,"area_km2":3},"id":702250009},{"arcs":[[38,39,40]],"type":"Polygon","properties":{"adm1_psgc":700000000,"adm2_psgc":702200000,"adm3_psgc":702250000,"adm4_psgc":702250010,"adm4_en":"Manipis","geo_level":"Bgy","len_crs":8537,"area_crs":4237190,"len_km":8,"area_km2":4},"id":702250010},{"arcs":[[-29,41,42,43,-32]],"type":"Polygon","properties":{"adm1_psgc":700000000,"adm2_psgc":702200000,"adm3_psgc":702250000,"adm4_psgc":702250011,"adm4_en":"Mohon","geo_level":"Bgy","len_crs":4510,"area_crs":935365,"len_km":4,"area_km2":0},"id":702250011},{"arcs":[[44,-13,45,-10]],"type":"Polygon","properties":{"adm1_psgc":700000000,"adm2_psgc":702200000,"adm3_psgc":702250000,"adm4_psgc":702250012,"adm4_en":"Poblacion","geo_level":"Bgy","len_crs":5216,"area_crs":887690,"len_km":5,"area_km2":0},"id":702250012},{"arcs":[[46,-33,-44,47]],"type":"Polygon","properties":{"adm1_psgc":700000000,"adm2_psgc":702200000,"adm3_psgc":702250000,"adm4_psgc":702250013,"adm4_en":"Pooc","geo_level":"Bgy","len_crs":4843,"area_crs":1156629,"len_km":4,"area_km2":1},"id":702250013},{"arcs":[[-11,-46,-17,48,49]],"type":"Polygon","properties":{"adm1_psgc":700000000,"adm2_psgc":702200000,"adm3_psgc":702250000,"adm4_psgc":702250014,"adm4_en":"San Isidro","geo_level":"Bgy","len_crs":4318,"area_crs":959315,"len_km":4,"area_km2":0},"id":702250014},{"arcs":[[50,-12,51,-1,52]],"type":"Polygon","properties":{"adm1_psgc":700000000,"adm2_psgc":702200000,"adm3_psgc":702250000,"adm4_psgc":702250015,"adm4_en":"San Roque","geo_level":"Bgy","len_crs":6662,"area_crs":1787842,"len_km":6,"area_km2":1},"id":702250015},{"arcs":[[-52,-50,53,54,-23,-2]],"type":"Polygon","properties":{"adm1_psgc":700000000,"adm2_psgc":702200000,"adm3_psgc":702250000,"adm4_psgc":702250016,"adm4_en":"Tabunoc","geo_level":"Bgy","len_crs":4829,"area_crs":891842,"len_km":4,"area_km2":0},"id":702250016},{"arcs":[[-8,-51,55]],"type":"Polygon","properties":{"adm1_psgc":700000000,"adm2_psgc":702200000,"adm3_psgc":702250000,"adm4_psgc":702250017,"adm4_en":"Tangke","geo_level":"Bgy","len_crs":5853,"area_crs":634875,"len_km":5,"area_km2":0},"id":702250017},{"arcs":[[-20,-38,56,-39,57]],"type":"Polygon","properties":{"adm1_psgc":700000000,"adm2_psgc":702200000,"adm3_psgc":702250000,"adm4_psgc":702250018,"adm4_en":"Tapul","geo_level":"Bgy","len_crs":10914,"area_crs":4683240,"len_km":10,"area_km2":4},"id":702250018},{"arcs":[[-15,58,-48,-43,59]],"type":"Polygon","properties":{"adm1_psgc":700000000,"adm2_psgc":702200000,"adm3_psgc":702250000,"adm4_psgc":702250019,"adm4_en":"Biasong","geo_level":"Bgy","len_crs":5604,"area_crs":1158889,"len_km":5,"area_km2":1},"id":702250019},{"arcs":[[-21,-58,-41,60]],"type":"Polygon","properties":{"adm1_psgc":700000000,"adm2_psgc":702200000,"adm3_psgc":702250000,"adm4_psgc":702250020,"adm4_en":"Camp IV","geo_level":"Bgy","len_crs":15810,"area_crs":5454258,"len_km":15,"area_km2":5},"id":702250020},{"arcs":[[-49,-16,-60,-42,-28,61,-54]],"type":"Polygon","properties":{"adm1_psgc":700000000,"adm2_psgc":702200000,"adm3_psgc":702250000,"adm4_psgc":702250021,"adm4_en":"Lawaan II","geo_level":"Bgy","len_crs":3775,"area_crs":658736,"len_km":3,"area_km2":0},"id":702250021},{"arcs":[[-55,-62,-27,-36,-24]],"type":"Polygon","properties":{"adm1_psgc":700000000,"adm2_psgc":702200000,"adm3_psgc":702250000,"adm4_psgc":702250022,"adm4_en":"Lawaan III","geo_level":"Bgy","len_crs":3561,"area_crs":790023,"len_km":3,"area_km2":0},"id":702250022}]}}}