{"type":"Topology","arcs":[[[846,108],[-35,13],[-30,-7],[-57,19]],[[724,133],[13,55]],[[737,188],[106,21]],[[843,209],[3,-101]],[[1163,52],[-59,6]],[[1104,58],[1,27],[31,50],[86,259],[22,106],[14,42]],[[1258,542],[73,9]],[[1331,551],[-79,-275],[-38,-33],[15,-41],[-31,-14],[10,-40],[-10,-30],[-29,-16],[-6,-50]],[[1400,545],[-45,-76],[-96,-325],[-33,-66],[-10,-43]],[[1216,35],[-53,17]],[[1331,551],[69,-6]],[[659,241],[-13,-23],[2,-28]],[[648,190],[-102,-22]],[[546,168],[-46,-12]],[[500,156],[56,117],[20,49]],[[576,322],[50,-16],[33,-65]],[[959,78],[-32,17],[-81,13]],[[843,209],[57,90],[45,91]],[[945,390],[72,134]],[[1017,524],[115,5]],[[1132,529],[-143,-337],[-3,-52],[-27,-62]],[[945,390],[-242,-130],[-44,-19]],[[576,322],[6,21]],[[582,343],[22,31],[48,34],[54,21],[71,49],[64,32],[54,12],[122,2]],[[403,151],[-77,-21]],[[326,130],[-36,-12],[-126,-8]],[[164,110],[-1,27]],[[163,137],[110,16],[47,13],[68,104]],[[388,270],[14,-20],[1,-99]],[[1104,58],[-58,5]],[[1046,63],[48,160],[98,308]],[[1192,531],[66,11]],[[164,110],[10,-48]],[[174,62],[-96,17],[-66,17],[-12,20],[163,21]],[[1546,512],[-172,-258],[-44,-201],[3,-20]],[[1333,33],[-84,-8],[-33,10]],[[1400,545],[95,-7],[55,-15],[-4,-11]],[[737,188],[-45,-2]],[[692,186],[-38,3]],[[654,189],[-6,1]],[[1046,63],[-69,4],[-18,11]],[[1132,529],[60,2]],[[724,133],[-19,5]],[[705,138],[1,31],[-14,17]],[[705,138],[-54,-6]],[[651,132],[3,57]],[[1546,512],[63,-110],[4,-26],[-32,-88],[-79,-123],[-42,-165],[-59,11],[-68,22]],[[349,62],[-52,3],[-37,-9],[-86,6]],[[326,130],[23,-68]],[[500,156],[-97,-5]],[[388,270],[72,91],[36,7],[68,-10],[18,-15]],[[651,132],[-44,-15],[-8,-18],[-32,-15]],[[567,84],[-15,36],[-6,48]],[[567,84],[-66,-16],[-64,10],[-88,-16]]],"transform":{"scale":[0.00010680619342836938,0.00014526203992735475],"translate":[121.84359594500006,11.747344514000076]},"objects":{"bgysubmuns-municity-600610000":{"type":"GeometryCollection","geometries":[{"arcs":[[0,1,2,3]],"type":"Polygon","properties":{"adm1_psgc":600000000,"adm2_psgc":600600000,"adm3_psgc":600610000,"adm4_psgc":600610001,"adm4_en":"Barusbus","geo_level":"Bgy","len_crs":5474,"area_crs":1718922,"len_km":5,"area_km2":1},"id":600610001},{"arcs":[[4,5,6,7]],"type":"Polygon","properties":{"adm1_psgc":600000000,"adm2_psgc":600600000,"adm3_psgc":600610000,"adm4_psgc":600610002,"adm4_en":"Bulanao","geo_level":"Bgy","len_crs":18832,"area_crs":5842283,"len_km":18,"area_km2":5},"id":600610002},{"arcs":[[8,9,-8,10]],"type":"Polygon","properties":{"adm1_psgc":600000000,"adm2_psgc":600600000,"adm3_psgc":600610000,"adm4_psgc":600610003,"adm4_en":"Cubay","geo_level":"Bgy","len_crs":19100,"area_crs":5269084,"len_km":19,"area_km2":5},"id":600610003},{"arcs":[[11,12,13,14,15]],"type":"Polygon","properties":{"adm1_psgc":600000000,"adm2_psgc":600600000,"adm3_psgc":600610000,"adm4_psgc":600610004,"adm4_en":"Codiong","geo_level":"Bgy","len_crs":7343,"area_crs":2740869,"len_km":7,"area_km2":2},"id":600610004},{"arcs":[[16,-4,17,18,19,20]],"type":"Polygon","properties":{"adm1_psgc":600000000,"adm2_psgc":600600000,"adm3_psgc":600610000,"adm4_psgc":600610005,"adm4_en":"Igcagay","geo_level":"Bgy","len_crs":17449,"area_crs":10681696,"len_km":17,"area_km2":10},"id":600610005},{"arcs":[[-19,21,-16,22,23]],"type":"Polygon","properties":{"adm1_psgc":600000000,"adm2_psgc":600600000,"adm3_psgc":600610000,"adm4_psgc":600610006,"adm4_en":"Inyawan","geo_level":"Bgy","len_crs":14743,"area_crs":11140572,"len_km":14,"area_km2":11},"id":600610006},{"arcs":[[24,25,26,27,28]],"type":"Polygon","properties":{"adm1_psgc":600000000,"adm2_psgc":600600000,"adm3_psgc":600610000,"adm4_psgc":600610007,"adm4_en":"Lindero","geo_level":"Bgy","len_crs":9004,"area_crs":2220734,"len_km":9,"area_km2":2},"id":600610007},{"arcs":[[29,30,31,-6]],"type":"Polygon","properties":{"adm1_psgc":600000000,"adm2_psgc":600600000,"adm3_psgc":600610000,"adm4_psgc":600610008,"adm4_en":"Maramig","geo_level":"Bgy","len_crs":17424,"area_crs":6036637,"len_km":17,"area_km2":6},"id":600610008},{"arcs":[[32,33,-27]],"type":"Polygon","properties":{"adm1_psgc":600000000,"adm2_psgc":600600000,"adm3_psgc":600610000,"adm4_psgc":600610009,"adm4_en":"Pucio","geo_level":"Bgy","len_crs":5641,"area_crs":1495456,"len_km":5,"area_km2":1},"id":600610009},{"arcs":[[34,35,-9,36]],"type":"Polygon","properties":{"adm1_psgc":600000000,"adm2_psgc":600600000,"adm3_psgc":600610000,"adm4_psgc":600610010,"adm4_en":"Pajo","geo_level":"Bgy","len_crs":20190,"area_crs":11004966,"len_km":20,"area_km2":11},"id":600610010},{"arcs":[[-3,37,38,39,-12,-22,-18]],"type":"Polygon","properties":{"adm1_psgc":600000000,"adm2_psgc":600600000,"adm3_psgc":600610000,"adm4_psgc":600610011,"adm4_en":"Panangkilon","geo_level":"Bgy","len_crs":10530,"area_crs":4545396,"len_km":10,"area_km2":4},"id":600610011},{"arcs":[[40,-21,41,-31]],"type":"Polygon","properties":{"adm1_psgc":600000000,"adm2_psgc":600600000,"adm3_psgc":600610000,"adm4_psgc":600610012,"adm4_en":"Paz","geo_level":"Bgy","len_crs":17107,"area_crs":6957738,"len_km":17,"area_km2":6},"id":600610012},{"arcs":[[-2,42,43,-38]],"type":"Polygon","properties":{"adm1_psgc":600000000,"adm2_psgc":600600000,"adm3_psgc":600610000,"adm4_psgc":600610013,"adm4_en":"Centro Este","geo_level":"Bgy","len_crs":2469,"area_crs":255510,"len_km":2,"area_km2":0},"id":600610013},{"arcs":[[-44,44,45,-39]],"type":"Polygon","properties":{"adm1_psgc":600000000,"adm2_psgc":600600000,"adm3_psgc":600610000,"adm4_psgc":600610014,"adm4_en":"Centro Weste","geo_level":"Bgy","len_crs":3157,"area_crs":481241,"len_km":3,"area_km2":0},"id":600610014},{"arcs":[[-35,46]],"type":"Polygon","properties":{"adm1_psgc":600000000,"adm2_psgc":600600000,"adm3_psgc":600610000,"adm4_psgc":600610015,"adm4_en":"San Roque","geo_level":"Bgy","len_crs":18591,"area_crs":12910245,"len_km":18,"area_km2":12},"id":600610015},{"arcs":[[47,-33,-26,48]],"type":"Polygon","properties":{"adm1_psgc":600000000,"adm2_psgc":600600000,"adm3_psgc":600610000,"adm4_psgc":600610016,"adm4_en":"Tinigbas","geo_level":"Bgy","len_crs":6779,"area_crs":1777030,"len_km":6,"area_km2":1},"id":600610016},{"arcs":[[-23,-15,49,-29,50]],"type":"Polygon","properties":{"adm1_psgc":600000000,"adm2_psgc":600600000,"adm3_psgc":600610000,"adm4_psgc":600610017,"adm4_en":"Tinindugan","geo_level":"Bgy","len_crs":9480,"area_crs":5277035,"len_km":9,"area_km2":5},"id":600610017},{"arcs":[[-46,51,52,-13,-40]],"type":"Polygon","properties":{"adm1_psgc":600000000,"adm2_psgc":600600000,"adm3_psgc":600610000,"adm4_psgc":600610018,"adm4_en":"Taboc","geo_level":"Bgy","len_crs":5557,"area_crs":1398533,"len_km":5,"area_km2":1},"id":600610018},{"arcs":[[53,-49,-25,-50,-14,-53]],"type":"Polygon","properties":{"adm1_psgc":600000000,"adm2_psgc":600600000,"adm3_psgc":600610000,"adm4_psgc":600610019,"adm4_en":"Union","geo_level":"Bgy","len_crs":9191,"area_crs":3285036,"len_km":9,"area_km2":3},"id":600610019}]}}}