{"type":"Topology","arcs":[[[672,195],[3,-86]],[[675,109],[-100,38],[-28,55]],[[547,202],[2,18]],[[549,220],[123,-25]],[[681,3],[-6,106]],[[672,195],[103,43]],[[775,238],[147,-102],[-56,-136],[-66,24],[-119,-21]],[[434,237],[64,-75]],[[498,162],[-7,-52]],[[491,110],[-94,-11]],[[397,99],[-25,63]],[[372,162],[44,78]],[[416,240],[18,-3]],[[714,286],[61,-48]],[[549,220],[13,54]],[[562,274],[49,-38],[103,50]],[[388,297],[-13,-32]],[[375,265],[-98,-42]],[[277,223],[-27,67]],[[250,290],[101,36]],[[351,326],[37,-29]],[[277,223],[-8,-21]],[[269,202],[-117,-94]],[[152,108],[-23,4]],[[129,112],[15,58]],[[144,170],[48,72],[26,145]],[[218,387],[32,-97]],[[96,170],[-4,-14]],[[92,156],[-36,-103]],[[56,53],[-22,0]],[[34,53],[2,45]],[[36,98],[40,101]],[[76,199],[20,-29]],[[144,170],[-18,17]],[[126,187],[-7,68],[47,118]],[[166,373],[58,27]],[[224,400],[-6,-13]],[[60,210],[-46,-103]],[[14,107],[-14,8]],[[0,115],[43,129]],[[43,244],[17,-34]],[[681,3],[-152,4]],[[529,7],[-38,103]],[[498,162],[49,40]],[[516,342],[-4,-39]],[[512,303],[-78,-66]],[[416,240],[-41,25]],[[388,297],[128,45]],[[529,7],[-160,57]],[[369,64],[28,35]],[[126,187],[-30,-17]],[[76,199],[-16,11]],[[43,244],[35,157],[88,-28]],[[344,375],[-108,24]],[[236,399],[76,31],[32,-55]],[[369,64],[-53,47]],[[316,111],[29,23]],[[345,134],[27,28]],[[14,107],[22,-9]],[[34,53],[-34,62]],[[345,134],[-76,68]],[[316,111],[-120,-20],[-44,17]],[[129,112],[-73,-59]],[[92,156],[37,-44]],[[512,303],[50,-29]],[[344,375],[7,-49]],[[224,400],[12,-1]],[[516,342],[134,60],[44,-2],[20,-114]]],"transform":{"scale":[0.0001149559956616524,0.00009726459534868276],"translate":[120.46301190500003,17.169011155000085]},"objects":{"bgysubmuns-municity-102909000":{"type":"GeometryCollection","geometries":[{"arcs":[[0,1,2,3]],"type":"Polygon","properties":{"adm1_psgc":100000000,"adm2_psgc":102900000,"adm3_psgc":102909000,"adm4_psgc":102909001,"adm4_en":"Abaya","geo_level":"Bgy","len_crs":5416,"area_crs":1404456,"len_km":5,"area_km2":1},"id":102909001},{"arcs":[[4,-1,5,6]],"type":"Polygon","properties":{"adm1_psgc":100000000,"adm2_psgc":102900000,"adm3_psgc":102909000,"adm4_psgc":102909002,"adm4_en":"Baracbac","geo_level":"Bgy","len_crs":9631,"area_crs":5524089,"len_km":9,"area_km2":5},"id":102909002},{"arcs":[[7,8,9,10,11,12]],"type":"Polygon","properties":{"adm1_psgc":100000000,"adm2_psgc":102900000,"adm3_psgc":102909000,"adm4_psgc":102909003,"adm4_en":"Bidbiday","geo_level":"Bgy","len_crs":5568,"area_crs":1485205,"len_km":5,"area_km2":1},"id":102909003},{"arcs":[[13,-6,-4,14,15]],"type":"Polygon","properties":{"adm1_psgc":100000000,"adm2_psgc":102900000,"adm3_psgc":102909000,"adm4_psgc":102909004,"adm4_en":"Bitong","geo_level":"Bgy","len_crs":7906,"area_crs":1445104,"len_km":7,"area_km2":1},"id":102909004},{"arcs":[[16,17,18,19,20]],"type":"Polygon","properties":{"adm1_psgc":100000000,"adm2_psgc":102900000,"adm3_psgc":102909000,"adm4_psgc":102909005,"adm4_en":"Borobor","geo_level":"Bgy","len_crs":5081,"area_crs":1138416,"len_km":5,"area_km2":1},"id":102909005},{"arcs":[[-19,21,22,23,24,25,26]],"type":"Polygon","properties":{"adm1_psgc":100000000,"adm2_psgc":102900000,"adm3_psgc":102909000,"adm4_psgc":102909006,"adm4_en":"Calimugtong","geo_level":"Bgy","len_crs":8671,"area_crs":2099128,"len_km":8,"area_km2":2},"id":102909006},{"arcs":[[27,28,29,30,31,32]],"type":"Polygon","properties":{"adm1_psgc":100000000,"adm2_psgc":102900000,"adm3_psgc":102909000,"adm4_psgc":102909007,"adm4_en":"Calongbuyan","geo_level":"Bgy","len_crs":4129,"area_crs":575431,"len_km":4,"area_km2":0},"id":102909007},{"arcs":[[-26,33,34,35,36]],"type":"Polygon","properties":{"adm1_psgc":100000000,"adm2_psgc":102900000,"adm3_psgc":102909000,"adm4_psgc":102909008,"adm4_en":"Calumbaya","geo_level":"Bgy","len_crs":6760,"area_crs":1313868,"len_km":6,"area_km2":1},"id":102909008},{"arcs":[[37,38,39,40]],"type":"Polygon","properties":{"adm1_psgc":100000000,"adm2_psgc":102900000,"adm3_psgc":102909000,"adm4_psgc":102909009,"adm4_en":"Daldagan","geo_level":"Bgy","len_crs":3609,"area_crs":381798,"len_km":3,"area_km2":0},"id":102909009},{"arcs":[[-5,41,42,-9,43,-2]],"type":"Polygon","properties":{"adm1_psgc":100000000,"adm2_psgc":102900000,"adm3_psgc":102909000,"adm4_psgc":102909010,"adm4_en":"Kilang","geo_level":"Bgy","len_crs":8432,"area_crs":3128957,"len_km":8,"area_km2":3},"id":102909010},{"arcs":[[44,45,-13,46,-17,47]],"type":"Polygon","properties":{"adm1_psgc":100000000,"adm2_psgc":102900000,"adm3_psgc":102909000,"adm4_psgc":102909011,"adm4_en":"Legaspi","geo_level":"Bgy","len_crs":5179,"area_crs":1023377,"len_km":5,"area_km2":1},"id":102909011},{"arcs":[[48,49,-10,-43]],"type":"Polygon","properties":{"adm1_psgc":100000000,"adm2_psgc":102900000,"adm3_psgc":102909000,"adm4_psgc":102909012,"adm4_en":"Mabayag","geo_level":"Bgy","len_crs":5397,"area_crs":1270620,"len_km":5,"area_km2":1},"id":102909012},{"arcs":[[-35,50,-33,51,-41,52]],"type":"Polygon","properties":{"adm1_psgc":100000000,"adm2_psgc":102900000,"adm3_psgc":102909000,"adm4_psgc":102909013,"adm4_en":"Matanubong","geo_level":"Bgy","len_crs":7306,"area_crs":2448958,"len_km":7,"area_km2":2},"id":102909013},{"arcs":[[53,54]],"type":"Polygon","properties":{"adm1_psgc":100000000,"adm2_psgc":102900000,"adm3_psgc":102909000,"adm4_psgc":102909014,"adm4_en":"Mckinley","geo_level":"Bgy","len_crs":3360,"area_crs":571882,"len_km":3,"area_km2":0},"id":102909014},{"arcs":[[-11,-50,55,56,57]],"type":"Polygon","properties":{"adm1_psgc":100000000,"adm2_psgc":102900000,"adm3_psgc":102909000,"adm4_psgc":102909015,"adm4_en":"Nagsingcaoan","geo_level":"Bgy","len_crs":3453,"area_crs":601137,"len_km":3,"area_km2":0},"id":102909015},{"arcs":[[58,-31,59,-39]],"type":"Polygon","properties":{"adm1_psgc":100000000,"adm2_psgc":102900000,"adm3_psgc":102909000,"adm4_psgc":102909016,"adm4_en":"Oaig-Daya","geo_level":"Bgy","len_crs":2063,"area_crs":235021,"len_km":2,"area_km2":0},"id":102909016},{"arcs":[[-12,-58,60,-22,-18,-47]],"type":"Polygon","properties":{"adm1_psgc":100000000,"adm2_psgc":102900000,"adm3_psgc":102909000,"adm4_psgc":102909017,"adm4_en":"Pagangpang","geo_level":"Bgy","len_crs":5567,"area_crs":1105595,"len_km":5,"area_km2":1},"id":102909017},{"arcs":[[-57,61,-23,-61]],"type":"Polygon","properties":{"adm1_psgc":100000000,"adm2_psgc":102900000,"adm3_psgc":102909000,"adm4_psgc":102909018,"adm4_en":"Patac","geo_level":"Bgy","len_crs":6119,"area_crs":1849688,"len_km":6,"area_km2":1},"id":102909018},{"arcs":[[-32,-59,-38,-52]],"type":"Polygon","properties":{"adm1_psgc":100000000,"adm2_psgc":102900000,"adm3_psgc":102909000,"adm4_psgc":102909019,"adm4_en":"Poblacion","geo_level":"Bgy","len_crs":3174,"area_crs":356556,"len_km":3,"area_km2":0},"id":102909019},{"arcs":[[62,-29,63]],"type":"Polygon","properties":{"adm1_psgc":100000000,"adm2_psgc":102900000,"adm3_psgc":102909000,"adm4_psgc":102909020,"adm4_en":"Rubio","geo_level":"Bgy","len_crs":3721,"area_crs":500973,"len_km":3,"area_km2":0},"id":102909020},{"arcs":[[-15,-3,-44,-8,-46,64]],"type":"Polygon","properties":{"adm1_psgc":100000000,"adm2_psgc":102900000,"adm3_psgc":102909000,"adm4_psgc":102909021,"adm4_en":"Sabangan-Bato","geo_level":"Bgy","len_crs":5489,"area_crs":1536090,"len_km":5,"area_km2":1},"id":102909021},{"arcs":[[-54,65,-20,-27,-37,66]],"type":"Polygon","properties":{"adm1_psgc":100000000,"adm2_psgc":102900000,"adm3_psgc":102909000,"adm4_psgc":102909022,"adm4_en":"Sacaang","geo_level":"Bgy","len_crs":4880,"area_crs":1255714,"len_km":4,"area_km2":1},"id":102909022},{"arcs":[[-16,-65,-45,67]],"type":"Polygon","properties":{"adm1_psgc":100000000,"adm2_psgc":102900000,"adm3_psgc":102909000,"adm4_psgc":102909023,"adm4_en":"San Vicente","geo_level":"Bgy","len_crs":8696,"area_crs":2613793,"len_km":8,"area_km2":2},"id":102909023},{"arcs":[[-25,-64,-28,-51,-34]],"type":"Polygon","properties":{"adm1_psgc":100000000,"adm2_psgc":102900000,"adm3_psgc":102909000,"adm4_psgc":102909024,"adm4_en":"Sapang","geo_level":"Bgy","len_crs":2548,"area_crs":285743,"len_km":2,"area_km2":0},