{"type":"Topology","arcs":[[[788,285],[-69,-36]],[[719,249],[-29,27]],[[690,276],[-9,23]],[[681,299],[107,-14]],[[719,249],[13,-101]],[[732,148],[-86,-5]],[[646,143],[1,64]],[[647,207],[43,69]],[[807,173],[-22,-49]],[[785,124],[-53,24]],[[719,249],[88,-76]],[[511,432],[58,-40]],[[569,392],[1,-2]],[[570,390],[-24,-87]],[[546,303],[-27,30]],[[519,333],[-43,68]],[[476,401],[21,36]],[[497,437],[14,-5]],[[546,303],[-17,-52]],[[529,251],[-44,-20]],[[485,231],[0,88]],[[485,319],[34,14]],[[627,222],[20,-15]],[[646,143],[-20,-24]],[[626,119],[-120,22]],[[506,141],[64,83]],[[570,224],[57,-2]],[[476,401],[-64,-43]],[[412,358],[-21,-7]],[[391,351],[3,58]],[[394,409],[68,74]],[[462,483],[35,-46]],[[610,491],[-37,-23]],[[573,468],[-22,12]],[[551,480],[-8,13]],[[543,493],[67,-2]],[[785,124],[-30,-91],[-103,0]],[[652,33],[-26,86]],[[412,358],[11,-36]],[[423,322],[-72,-82]],[[351,240],[-56,63]],[[295,303],[36,39]],[[331,342],[60,9]],[[435,512],[-66,-62]],[[369,450],[-32,-10]],[[337,440],[-41,110]],[[296,550],[34,21]],[[330,571],[105,-59]],[[573,468],[-4,-76]],[[511,432],[40,48]],[[619,349],[-49,41]],[[610,491],[9,-142]],[[148,282],[47,-101]],[[195,181],[-12,-171]],[[183,10],[-112,19],[-44,131],[78,136]],[[105,296],[43,-14]],[[650,309],[-23,-87]],[[570,224],[74,85]],[[644,309],[6,0]],[[570,224],[-17,34]],[[553,258],[66,91]],[[619,349],[25,-40]],[[485,231],[-56,-88],[-88,61]],[[341,204],[10,36]],[[423,322],[62,-3]],[[553,258],[-24,-7]],[[465,485],[-3,-2]],[[394,409],[-25,41]],[[435,512],[30,-27]],[[287,367],[44,-25]],[[295,303],[-128,35],[-19,-56]],[[105,296],[10,51]],[[115,347],[14,22]],[[129,369],[99,32]],[[228,401],[59,-34]],[[652,33],[-31,-33],[-222,11]],[[399,11],[107,130]],[[295,303],[-100,-122]],[[341,204],[-52,-183]],[[289,21],[-106,-11]],[[788,285],[19,-112]],[[465,485],[78,8]],[[399,11],[-110,10]],[[287,367],[50,73]],[[228,401],[0,60]],[[228,461],[68,89]],[[228,461],[-128,18]],[[100,479],[103,125],[127,-33]],[[115,347],[-115,21],[72,91]],[[72,459],[57,-90]],[[650,309],[31,-10]],[[72,459],[28,20]]],"transform":{"scale":[0.00026934031226753764,0.00024857229966887605],"translate":[123.15319331100011,7.963400750000062]},"objects":{"bgysubmuns-municity-907318000":{"type":"GeometryCollection","geometries":[{"arcs":[[0,1,2,3]],"type":"Polygon","properties":{"adm1_psgc":900000000,"adm2_psgc":907300000,"adm3_psgc":907318000,"adm4_psgc":907318001,"adm4_en":"Bacahan","geo_level":"Bgy","len_crs":8314,"area_crs":3770250,"len_km":8,"area_km2":3},"id":907318001},{"arcs":[[-2,4,5,6,7]],"type":"Polygon","properties":{"adm1_psgc":900000000,"adm2_psgc":907300000,"adm3_psgc":907318000,"adm4_psgc":907318003,"adm4_en":"Bibilop","geo_level":"Bgy","len_crs":11726,"area_crs":6557395,"len_km":11,"area_km2":6},"id":907318003},{"arcs":[[8,9,-5,10]],"type":"Polygon","properties":{"adm1_psgc":900000000,"adm2_psgc":907300000,"adm3_psgc":907318000,"adm4_psgc":907318005,"adm4_en":"Buloron","geo_level":"Bgy","len_crs":10620,"area_crs":5523073,"len_km":10,"area_km2":5},"id":907318005},{"arcs":[[11,12,13,14,15,16,17]],"type":"Polygon","properties":{"adm1_psgc":900000000,"adm2_psgc":907300000,"adm3_psgc":907318000,"adm4_psgc":907318007,"adm4_en":"Canipay Norte","geo_level":"Bgy","len_crs":11747,"area_crs":4520615,"len_km":11,"area_km2":4},"id":907318007},{"arcs":[[18,19,20,21,-15]],"type":"Polygon","properties":{"adm1_psgc":900000000,"adm2_psgc":907300000,"adm3_psgc":907318000,"adm4_psgc":907318008,"adm4_en":"Canipay Sur","geo_level":"Bgy","len_crs":9185,"area_crs":4090363,"len_km":9,"area_km2":4},"id":907318008},{"arcs":[[22,-7,23,24,25,26]],"type":"Polygon","properties":{"adm1_psgc":900000000,"adm2_psgc":907300000,"adm3_psgc":907318000,"adm4_psgc":907318009,"adm4_en":"Cumaron","geo_level":"Bgy","len_crs":11811,"area_crs":8783266,"len_km":11,"area_km2":8},"id":907318009},{"arcs":[[-17,27,28,29,30,31]],"type":"Polygon","properties":{"adm1_psgc":900000000,"adm2_psgc":907300000,"adm3_psgc":907318000,"adm4_psgc":907318011,"adm4_en":"Golictop","geo_level":"Bgy","len_crs":12122,"area_crs":5796178,"len_km":12,"area_km2":5},"id":907318011},{"arcs":[[32,33,34,35]],"type":"Polygon","properties":{"adm1_psgc":900000000,"adm2_psgc":907300000,"adm3_psgc":907318000,"adm4_psgc":907318012,"adm4_en":"Kahayagan","geo_level":"Bgy","len_crs":4609,"area_crs":1194634,"len_km":4,"area_km2":1},"id":907318012},{"arcs":[[36,37,-24,-6,-10]],"type":"Polygon","properties":{"adm1_psgc":900000000,"adm2_psgc":907300000,"adm3_psgc":907318000,"adm4_psgc":907318016,"adm4_en":"Lumpunid","geo_level":"Bgy","len_crs":13708,"area_crs":12107701,"len_km":13,"area_km2":12},"id":907318016},{"arcs":[[38,39,40,41,42,-29]],"type":"Polygon","properties":{"adm1_psgc":900000000,"adm2_psgc":907300000,"adm3_psgc":907318000,"adm4_psgc":907318017,"adm4_en":"Matalang","geo_level":"Bgy","len_crs":11336,"area_crs":8070944,"len_km":11,"area_km2":8},"id":907318017},{"arcs":[[43,44,45,46,47]],"type":"Polygon","properties":{"adm1_psgc":900000000,"adm2_psgc":907300000,"adm3_psgc":907318000,"adm4_psgc":907318018,"adm4_en":"New Katipunan","geo_level":"Bgy","len_crs":17462,"area_crs":8030123,"len_km":17,"area_km2":8},"id":907318018},{"arcs":[[48,-12,49,-34]],"type":"Polygon","properties":{"adm1_psgc":900000000,"adm2_psgc":907300000,"adm3_psgc":907318000,"adm4_psgc":907318019,"adm4_en":"New Unidos","geo_level":"Bgy","len_crs":8038,"area_crs":3316216,"len_km":8,"area_km2":3},"id":907318019},{"arcs":[[50,-13,-49,-33,51]],"type":"Polygon","properties":{"adm1_psgc":900000000,"adm2_psgc":907300000,"adm3_psgc":907318000,"adm4_psgc":907318020,"adm4_en":"Palili","geo_level":"Bgy","len_crs":12029,"area_crs":7314937,"len_km":12,"area_km2":7},"id":907318020},{"arcs":[[52,53,54,55]],"type":"Polygon","properties":{"adm1_psgc":900000000,"adm2_psgc":907300000,"adm3_psgc":907318000,"adm4_psgc":907318021,"adm4_en":"Piwan","geo_level":"Bgy","len_crs":23010,"area_crs":26845330,"len_km":23,"area_km2":26},"id":907318021},{"arcs":[[56,-27,57,58]],"type":"Polygon","properties":{"adm1_psgc":900000000,"adm2_psgc":907300000,"adm3_psgc":907318000,"adm4_psgc":907318022,"adm4_en":"Poblacion A","geo_level":"Bgy","len_crs":7816,"area_crs":2159489,"len_km":7,"area_km2":2},"id":907318022},{"arcs":[[-58,59,60,61]],"type":"Polygon","properties":{"adm1_psgc":900000000,"adm2_psgc":907300000,"adm3_psgc":907318000,"adm4_psgc":907318023,"adm4_en":"Poblacion B","geo_level":"Bgy","len_crs":10668,"area_crs":3675621,"len_km":10,"area_km2":3},"id":907318023},{"arcs":[[-21,62,63,-40,64]],"type":"Polygon","properties":{"adm1_psgc":900000000,"adm2_psgc":907300000,"adm3_psgc":907318000,"adm4_psgc":907318024,"adm4_en":"Sigapod","geo_level":"Bgy","len_crs":16107,"area_crs":13228440,"len_km":16,"area_km2":13},"id":907318024},{"arcs":[[-61,65,-19,-14,-51]],"type":"Polygon","properties":{"adm1_psgc":900000000,"adm2_psgc":907300000,"adm3_psgc":907318000,"adm4_psgc":907318026,"adm4_en":"Timbaboy","geo_level":"Bgy","len_crs":12805,"area_crs":4110585,"len_km":12,"area_km2":4},"id":907318026},{"arcs":[[66,-31,67,-44,68]],"type":"Polygon","properties":{"adm1_psgc":900000000,"adm2_psgc":907300000,"adm3_psgc":907318000,"adm4_psgc":907318027,"adm4_en":"Tulbong","geo_level":"Bgy","len_crs":10044,"area_crs":3561440,"len_km":10,"area_km2":3},"id":907318027},{"arcs":[[-22,-65,-39,-28,-16]],"type":"Polygon","properties":{"adm1_psgc":900000000,"adm2_psgc":907300000,"adm3_psgc":907318000,"adm4_psgc":907318028,"adm4_en":"Tuluan","geo_level":"Bgy","len_crs":8716,"area_crs":3951212,"len_km":8,"area_km2":3},"id":907318028},{"arcs":[[69,-42,70,-56,71,72,73,74]],"type":"Polygon","properties":{"adm1_psgc":900000000,"adm2_psgc":907300000,"adm3_psgc":907318000,"adm4_psgc":907318029,"adm4_en":"Pisompongan","geo_level":"Bgy","len_crs":18759,"area_crs":10053547,"len_km":18,"area_km2":10},"id":907318029},{"arcs":[[-38,75,76,-25]],"type":"Polygon","properties":{"adm1_psgc":900000000,"adm2_psgc":907300000,"adm3_psgc":907318000,"adm4_psgc":907318030,"adm4_en":"Cabaloran","geo_level":"Bgy","len_crs":20139,"area_crs":18146505,"len_km":20,