{"type":"Topology","arcs":[[[726,236],[-35,-49]],[[691,187],[-100,22],[-104,4]],[[487,213],[-10,57]],[[477,270],[47,7],[136,-38],[66,-3]],[[657,138],[-122,-63]],[[535,75],[-25,77]],[[510,152],[80,-2],[89,19]],[[679,169],[-22,-31]],[[775,301],[-18,34]],[[757,335],[-23,40],[-3,63],[-33,106]],[[698,544],[24,3],[161,-185],[-29,-38],[-79,-23]],[[757,335],[-30,19],[-97,-22]],[[630,332],[-35,89]],[[595,421],[21,145]],[[616,566],[13,28]],[[629,594],[37,-54],[32,4]],[[738,253],[-12,-17]],[[477,270],[-12,29]],[[465,299],[58,6],[122,-31],[89,5],[4,-26]],[[463,916],[34,-49]],[[497,867],[-99,-9],[-21,-48],[-54,-6],[-70,-38],[-64,5],[-42,-41]],[[147,730],[-74,93]],[[73,823],[85,17],[31,21],[82,-12],[42,67],[45,22],[73,5],[32,-27]],[[561,737],[3,-25],[-44,-116],[-33,-21],[-36,-74]],[[451,501],[-12,-36]],[[439,465],[-52,90]],[[387,555],[51,86],[35,20],[69,105]],[[542,766],[19,-29]],[[625,1],[-74,45],[-16,29]],[[657,138],[-9,-121],[-23,-16]],[[73,823],[-36,102]],[[37,925],[105,27],[76,49],[47,-22],[34,38],[48,-14],[61,30]],[[408,1033],[55,-117]],[[657,138],[24,-62],[-1,-76],[-55,1]],[[691,187],[-12,-18]],[[510,152],[-23,61]],[[501,841],[-100,-88],[-91,-36],[-52,3],[-68,-42]],[[190,678],[-43,52]],[[497,867],[4,-26]],[[319,1197],[89,-164]],[[37,925],[-19,60]],[[18,985],[80,44],[156,122],[60,-5],[5,51]],[[486,375],[-8,-23]],[[478,352],[-14,2]],[[464,354],[4,24]],[[468,378],[18,-3]],[[469,393],[47,-7]],[[516,386],[-30,-11]],[[468,378],[1,15]],[[550,456],[-78,-43]],[[472,413],[-33,52]],[[451,501],[99,-45]],[[387,555],[-74,46]],[[313,601],[52,95],[46,-1],[51,43],[55,74]],[[517,812],[25,-46]],[[616,566],[-66,-110]],[[561,737],[68,-143]],[[18,985],[-18,99],[41,80],[106,79],[10,306],[162,-352]],[[478,352],[152,-20]],[[775,301],[-37,-48]],[[465,299],[-1,55]],[[516,386],[32,-4],[47,39]],[[469,393],[3,20]],[[313,601],[-94,-19],[-29,96]],[[501,841],[16,-29]]],"transform":{"scale":[0.00009448078935437007,0.0000907673428018053],"translate":[125.2036660980001,9.909840648000056]},"objects":{"bgysubmuns-municity-806411000":{"type":"GeometryCollection","geometries":[{"arcs":[[0,1,2,3]],"type":"Polygon","properties":{"adm1_psgc":800000000,"adm2_psgc":806400000,"adm3_psgc":806411000,"adm4_psgc":806411001,"adm4_en":"Badiang","geo_level":"Bgy","len_crs":6232,"area_crs":1369696,"len_km":6,"area_km2":1},"id":806411001},{"arcs":[[4,5,6,7]],"type":"Polygon","properties":{"adm1_psgc":800000000,"adm2_psgc":806400000,"adm3_psgc":806411000,"adm4_psgc":806411002,"adm4_en":"Balongbalong","geo_level":"Bgy","len_crs":4717,"area_crs":745098,"len_km":4,"area_km2":0},"id":806411002},{"arcs":[[8,9,10]],"type":"Polygon","properties":{"adm1_psgc":800000000,"adm2_psgc":806400000,"adm3_psgc":806411000,"adm4_psgc":806411003,"adm4_en":"Buenavista","geo_level":"Bgy","len_crs":8093,"area_crs":2239037,"len_km":8,"area_km2":2},"id":806411003},{"arcs":[[-10,11,12,13,14,15]],"type":"Polygon","properties":{"adm1_psgc":800000000,"adm2_psgc":806400000,"adm3_psgc":806411000,"adm4_psgc":806411004,"adm4_en":"Bulawan","geo_level":"Bgy","len_crs":9107,"area_crs":2589623,"len_km":9,"area_km2":2},"id":806411004},{"arcs":[[16,-4,17,18]],"type":"Polygon","properties":{"adm1_psgc":800000000,"adm2_psgc":806400000,"adm3_psgc":806411000,"adm4_psgc":806411005,"adm4_en":"Canlawis","geo_level":"Bgy","len_crs":6658,"area_crs":897205,"len_km":6,"area_km2":0},"id":806411005},{"arcs":[[19,20,21,22]],"type":"Polygon","properties":{"adm1_psgc":800000000,"adm2_psgc":806400000,"adm3_psgc":806411000,"adm4_psgc":806411006,"adm4_en":"Catbawan","geo_level":"Bgy","len_crs":11325,"area_crs":3656515,"len_km":11,"area_km2":3},"id":806411006},{"arcs":[[23,24,25,26,27]],"type":"Polygon","properties":{"adm1_psgc":800000000,"adm2_psgc":806400000,"adm3_psgc":806411000,"adm4_psgc":806411007,"adm4_en":"Caubang","geo_level":"Bgy","len_crs":7954,"area_crs":1931708,"len_km":7,"area_km2":1},"id":806411007},{"arcs":[[28,-5,29]],"type":"Polygon","properties":{"adm1_psgc":800000000,"adm2_psgc":806400000,"adm3_psgc":806411000,"adm4_psgc":806411008,"adm4_en":"Cogon","geo_level":"Bgy","len_crs":4839,"area_crs":944188,"len_km":4,"area_km2":0},"id":806411008},{"arcs":[[-23,30,31,32]],"type":"Polygon","properties":{"adm1_psgc":800000000,"adm2_psgc":806400000,"adm3_psgc":806411000,"adm4_psgc":806411009,"adm4_en":"Dan-an","geo_level":"Bgy","len_crs":11943,"area_crs":4324816,"len_km":11,"area_km2":4},"id":806411009},{"arcs":[[-30,33]],"type":"Polygon","properties":{"adm1_psgc":800000000,"adm2_psgc":806400000,"adm3_psgc":806411000,"adm4_psgc":806411011,"adm4_en":"Lobo","geo_level":"Bgy","len_crs":4078,"area_crs":433029,"len_km":4,"area_km2":0},"id":806411011},{"arcs":[[34,-7,35,-2]],"type":"Polygon","properties":{"adm1_psgc":800000000,"adm2_psgc":806400000,"adm3_psgc":806411000,"adm4_psgc":806411012,"adm4_en":"Mainit","geo_level":"Bgy","len_crs":5080,"area_crs":864378,"len_km":5,"area_km2":0},"id":806411012},{"arcs":[[36,37,-21,38]],"type":"Polygon","properties":{"adm1_psgc":800000000,"adm2_psgc":806400000,"adm3_psgc":806411000,"adm4_psgc":806411013,"adm4_en":"Manglit","geo_level":"Bgy","len_crs":10224,"area_crs":2361197,"len_km":10,"area_km2":2},"id":806411013},{"arcs":[[39,-32,40,41]],"type":"Polygon","properties":{"adm1_psgc":800000000,"adm2_psgc":806400000,"adm3_psgc":806411000,"adm4_psgc":806411014,"adm4_en":"Nueva Estrella Sur","geo_level":"Bgy","len_crs":12657,"area_crs":4829217,"len_km":12,"area_km2":4},"id":806411014},{"arcs":[[42,43,44,45]],"type":"Polygon","properties":{"adm1_psgc":800000000,"adm2_psgc":806400000,"adm3_psgc":806411000,"adm4_psgc":806411015,"adm4_en":"Poblacion Ibabao","geo_level":"Bgy","len_crs":941,"area_crs":48484,"len_km":0,"area_km2":0},"id":806411015},{"arcs":[[46,47,-46,48]],"type":"Polygon","properties":{"adm1_psgc":800000000,"adm2_psgc":806400000,"adm3_psgc":806411000,"adm4_psgc":806411016,"adm4_en":"Poblacion Ubos","geo_level":"Bgy","len_crs":1327,"area_crs":74505,"len_km":1,"area_km2":0},"id":806411016},{"arcs":[[49,50,-25,51]],"type":"Polygon","properties":{"adm1_psgc":800000000,"adm2_psgc":806400000,"adm3_psgc":806411000,"adm4_psgc":806411017,"adm4_en":"Ponod","geo_level":"Bgy","len_crs":3662,"area_crs":480619,"len_km":3,"area_km2":0},"id":806411017},{"arcs":[[-27,52,53,54]],"type":"Polygon","properties":{"adm1_psgc":800000000,"adm2_psgc":806400000,"adm3_psgc":806411000,"adm4_psgc":806411019,"adm4_en":"Son-ok I","geo_level":"Bgy","len_crs":8482,"area_crs":1938425,"len_km":8,"area_km2":1},"id":806411019},{"arcs":[[-15,55,-52,-24,56]],"type":"Polygon","properties":{"adm1_psgc":800000000,"adm2_psgc":806400000,"adm3_psgc":806411000,"adm4_psgc":806411020,"adm4_en":"Tautag","geo_level":"Bgy","len_crs":7737,"area_crs":2446502,"len_km":7,"area_km2":2},"id":806411020},{"arcs":[[-42,57]],"type":"Polygon","properties":{"adm1_psgc":800000000,"adm2_psgc":806400000,"adm3_psgc":806411000,"adm4_psgc":806411021,"adm4_en":"Nueva Estrella Norte","geo_level":"Bgy","len_crs":16043,"area_crs":6633546,"len_km":16,"area_km2":6},"id":806411021},{"arcs":[[58,-12,-9,59,-19,60,-44]],"type":"Polygon","properties":{"adm1_psgc":800000000,"adm2_psgc":806400000,"adm3_psgc":806411000,"adm4_psgc":806411023,"adm4_en":"Pociano D. Equipilag","geo_level":"Bgy","len_crs":8350,"area_crs":1696363,"len_km":8,"area_km2":1},"id":806411023},{"arcs":[[-13,-59,-43,-48,61]],"type":"Polygon","properties":{"adm1_psgc":800000000,"adm2_psgc":806400000,"adm3_psgc":806411000,"adm4_psgc":806411024,"adm4_en":"San Roque","geo_level":"Bgy","len_crs":5083,"area_crs":730380,"len_km":5,"area_km2":0},"id":806411024},{"arcs":[[-62,-47,62,-50,-56,-14]],"type":"Polygon","properties":{"adm1_psgc":800000000,"adm2_psgc":806400000,"adm3_psgc":806411000,"adm4_psgc":806411025,"adm4_en":"Santa Cruz","geo_level":"Bgy","len_crs":6585,"area_crs":910737,"len_km":6,"area_km2":0},"id":806411025},{"arcs":[[-54,63,-37,64]],"type":"Polygon","properties":{"adm1_psgc":800000000,"adm2_psgc":806400000,"adm3_psgc":806411000,"adm4_psgc":806411026,"adm4_en":"Son-ok II","geo_level":"Bgy","len_crs":11691,