{"type":"Topology","arcs":[[[226,131],[-21,-37],[-87,-94],[-67,38],[4,29],[-28,22],[19,31]],[[46,120],[41,8],[56,52],[-3,26]],[[140,206],[86,-75]],[[637,391],[37,-111],[-124,-19]],[[550,261],[-5,27],[-38,36],[4,18]],[[511,342],[29,40],[74,43]],[[614,425],[23,-34]],[[533,494],[-70,-72]],[[463,422],[-81,-72]],[[382,350],[-47,25],[-53,14]],[[282,389],[91,96]],[[373,485],[71,17],[15,44]],[[459,546],[74,-52]],[[437,934],[-31,-47]],[[406,887],[-100,86]],[[306,973],[58,116],[22,-13],[12,-37],[58,-30],[-19,-75]],[[319,725],[-83,-115]],[[236,610],[-144,74]],[[92,684],[37,73],[60,73]],[[189,830],[82,-37],[48,-68]],[[282,389],[23,-120]],[[305,269],[-141,-20]],[[164,249],[-12,158]],[[152,407],[66,-17],[64,-1]],[[525,743],[69,-115]],[[594,628],[-137,-80]],[[457,548],[-20,37],[13,35],[-37,96]],[[413,716],[81,80]],[[494,796],[31,-53]],[[417,266],[133,-5]],[[550,261],[25,-27],[21,-48],[-12,-37],[-23,-19],[-105,60],[-110,-23]],[[346,167],[-41,102]],[[305,269],[112,-3]],[[346,167],[-42,-97],[-78,61]],[[140,206],[24,43]],[[413,716],[-43,-53],[-58,-92]],[[312,571],[-76,39]],[[319,725],[80,112]],[[399,837],[95,-41]],[[529,816],[-35,-20]],[[399,837],[-9,27],[16,23]],[[437,934],[45,-48],[22,-47],[25,-23]],[[609,594],[61,-131],[4,-62]],[[674,401],[-37,-10]],[[614,425],[0,12],[-81,57]],[[459,546],[-2,2]],[[594,628],[15,-34]],[[108,405],[44,2]],[[164,249],[-88,0],[-70,9]],[[6,258],[8,11],[-14,161],[108,-25]],[[609,594],[100,22]],[[709,616],[9,-37],[58,-45],[-11,-38],[8,-46],[-51,-54],[-48,5]],[[525,743],[51,35]],[[576,778],[30,-9],[22,-51],[39,-23],[42,-79]],[[373,485],[-61,86]],[[511,342],[-48,80]],[[529,816],[47,-38]],[[382,350],[35,-84]],[[312,571],[-145,-21],[1,-42]],[[168,508],[-142,25],[10,32],[56,119]],[[108,405],[15,56],[45,47]],[[189,830],[117,143]],[[46,120],[3,62],[-48,54],[5,22]]],"transform":{"scale":[0.00014405246778348538,0.00016154705417815272],"translate":[123.84640307800012,12.016725247000068]},"objects":{"bgysubmuns-municity-504115000":{"type":"GeometryCollection","geometries":[{"arcs":[[0,1,2]],"type":"Polygon","properties":{"adm1_psgc":500000000,"adm2_psgc":504100000,"adm3_psgc":504115000,"adm4_psgc":504115001,"adm4_en":"Antipolo","geo_level":"Bgy","len_crs":12469,"area_crs":5389485,"len_km":12,"area_km2":5},"id":504115001},{"arcs":[[3,4,5,6]],"type":"Polygon","properties":{"adm1_psgc":500000000,"adm2_psgc":504100000,"adm3_psgc":504115000,"adm4_psgc":504115003,"adm4_en":"Banco","geo_level":"Bgy","len_crs":9644,"area_crs":4701570,"len_km":9,"area_km2":4},"id":504115003},{"arcs":[[7,8,9,10,11,12]],"type":"Polygon","properties":{"adm1_psgc":500000000,"adm2_psgc":504100000,"adm3_psgc":504115000,"adm4_psgc":504115004,"adm4_en":"Biga-a","geo_level":"Bgy","len_crs":11145,"area_crs":5774752,"len_km":11,"area_km2":5},"id":504115004},{"arcs":[[13,14,15]],"type":"Polygon","properties":{"adm1_psgc":500000000,"adm2_psgc":504100000,"adm3_psgc":504115000,"adm4_psgc":504115005,"adm4_en":"Bontod","geo_level":"Bgy","len_crs":9204,"area_crs":4510771,"len_km":9,"area_km2":4},"id":504115005},{"arcs":[[16,17,18,19]],"type":"Polygon","properties":{"adm1_psgc":500000000,"adm2_psgc":504100000,"adm3_psgc":504115000,"adm4_psgc":504115006,"adm4_en":"Buenasuerte","geo_level":"Bgy","len_crs":12912,"area_crs":7952592,"len_km":12,"area_km2":7},"id":504115006},{"arcs":[[20,21,22,23]],"type":"Polygon","properties":{"adm1_psgc":500000000,"adm2_psgc":504100000,"adm3_psgc":504115000,"adm4_psgc":504115007,"adm4_en":"Intusan","geo_level":"Bgy","len_crs":9317,"area_crs":5103474,"len_km":9,"area_km2":5},"id":504115007},{"arcs":[[24,25,26,27,28]],"type":"Polygon","properties":{"adm1_psgc":500000000,"adm2_psgc":504100000,"adm3_psgc":504115000,"adm4_psgc":504115008,"adm4_en":"Jose A. Abenir Sr.","geo_level":"Bgy","len_crs":13130,"area_crs":6547029,"len_km":13,"area_km2":6},"id":504115008},{"arcs":[[29,30,31,32]],"type":"Polygon","properties":{"adm1_psgc":500000000,"adm2_psgc":504100000,"adm3_psgc":504115000,"adm4_psgc":504115009,"adm4_en":"Maanahao","geo_level":"Bgy","len_crs":14076,"area_crs":6959601,"len_km":14,"area_km2":6},"id":504115009},{"arcs":[[33,-3,34,-22,-32]],"type":"Polygon","properties":{"adm1_psgc":500000000,"adm2_psgc":504100000,"adm3_psgc":504115000,"adm4_psgc":504115010,"adm4_en":"Mabini","geo_level":"Bgy","len_crs":11201,"area_crs":6628868,"len_km":11,"area_km2":6},"id":504115010},{"arcs":[[-28,35,36,-17,37,38]],"type":"Polygon","properties":{"adm1_psgc":500000000,"adm2_psgc":504100000,"adm3_psgc":504115000,"adm4_psgc":504115011,"adm4_en":"Malibas","geo_level":"Bgy","len_crs":12880,"area_crs":6711923,"len_km":12,"area_km2":6},"id":504115011},{"arcs":[[39,-39,40,-14,41]],"type":"Polygon","properties":{"adm1_psgc":500000000,"adm2_psgc":504100000,"adm3_psgc":504115000,"adm4_psgc":504115012,"adm4_en":"Maravilla","geo_level":"Bgy","len_crs":7894,"area_crs":2532557,"len_km":7,"area_km2":2},"id":504115012},{"arcs":[[42,43,-7,44,-13,45,-26,46]],"type":"Polygon","properties":{"adm1_psgc":500000000,"adm2_psgc":504100000,"adm3_psgc":504115000,"adm4_psgc":504115013,"adm4_en":"Matugnao","geo_level":"Bgy","len_crs":12975,"area_crs":6317411,"len_km":12,"area_km2":6},"id":504115013},{"arcs":[[47,-23,48,49]],"type":"Polygon","properties":{"adm1_psgc":500000000,"adm2_psgc":504100000,"adm3_psgc":504115000,"adm4_psgc":504115014,"adm4_en":"Miabas","geo_level":"Bgy","len_crs":10953,"area_crs":6877889,"len_km":10,"area_km2":6},"id":504115014},{"arcs":[[-43,50,51]],"type":"Polygon","properties":{"adm1_psgc":500000000,"adm2_psgc":504100000,"adm3_psgc":504115000,"adm4_psgc":504115015,"adm4_en":"Nabangig","geo_level":"Bgy","len_crs":13363,"area_crs":6056592,"len_km":13,"area_km2":6},"id":504115015},{"arcs":[[-51,-47,-25,52,53]],"type":"Polygon","properties":{"adm1_psgc":500000000,"adm2_psgc":504100000,"adm3_psgc":504115000,"adm4_psgc":504115016,"adm4_en":"Nipa","geo_level":"Bgy","len_crs":11381,"area_crs":4657979,"len_km":11,"area_km2":4},"id":504115016},{"arcs":[[-46,-12,54,-36,-27]],"type":"Polygon","properties":{"adm1_psgc":500000000,"adm2_psgc":504100000,"adm3_psgc":504115000,"adm4_psgc":504115017,"adm4_en":"Parina","geo_level":"Bgy","len_crs":11056,"area_crs":5444947,"len_km":11,"area_km2":5},"id":504115017},{"arcs":[[-6,55,-8,-45]],"type":"Polygon","properties":{"adm1_psgc":500000000,"adm2_psgc":504100000,"adm3_psgc":504115000,"adm4_psgc":504115018,"adm4_en":"Piña","geo_level":"Bgy","len_crs":7798,"area_crs":3141046,"len_km":7,"area_km2":3},"id":504115018},{"arcs":[[-53,-29,-40,56]],"type":"Polygon","properties":{"adm1_psgc":500000000,"adm2_psgc":504100000,"adm3_psgc":504115000,"adm4_psgc":504115019,"adm4_en":"Poblacion","geo_level":"Bgy","len_crs":5245,"area_crs":931548,"len_km":5,"area_km2":0},"id":504115019},{"arcs":[[57,-33,-21,-10]],"type":"Polygon","properties":{"adm1_psgc":500000000,"adm2_psgc":504100000,"adm3_psgc":504115000,"adm4_psgc":504115020,"adm4_en":"Salvacion","geo_level":"Bgy","len_crs":7247,"area_crs":2952960,"len_km":7,"area_km2":2},"id":504115020},{"arcs":[[-37,58,59,-18]],"type":"Polygon","properties":{"adm1_psgc":500000000,"adm2_psgc":504100000,"adm3_psgc":504115000,"adm4_psgc":504115021,"adm4_en":"San Antonio","geo_level":"Bgy","len_crs":12187,"area_crs":6643942,"len_km":12,"area_km2":6},"id":504115021},{"arcs":[[-5,-30,-58,-9,-56]],"type":"Polygon","properties":{"adm1_psgc":500000000,"adm2_psgc":504100000,"adm3_psgc":504115000,"adm4_psgc":504115022,"adm4_en":"San Carlos","geo_level":"Bgy","len_crs":10089,"area_crs":4297702,"len_km":10,"area_km2":4},"id":504115022},{"arcs":[[-11,-24,-48,60,-59,-55]],"type":"Polygon","properties":{"adm1_psgc":500000000,"adm2_psgc":504100000,"adm3_psgc":504115000,"adm4_psgc":504115023,"adm4_en":"San Isidro","geo_level":"Bgy","len_crs":11996,"area_crs":9070402,"len_km":11,"area_km2":9},"id":504115023},{"arcs":[[-41,-38,-20,61,-15]],"type":"Polygon","properties":{"adm1_psgc":500000000,"adm2_psgc":504100000,"adm3_psgc":504115000,"adm4_psgc":504115024,"adm4_en":"Santa Cruz","geo_level":"Bgy","len_crs":13480,"area_crs":7623666,"len_km":13,