{"type":"Topology","arcs":[[[147,494],[-97,-133]],[[50,361],[-50,31]],[[0,392],[136,113]],[[136,505],[11,-11]],[[184,706],[-19,-49]],[[165,657],[-29,-26]],[[136,631],[-29,24]],[[107,655],[41,58]],[[148,713],[36,-7]],[[197,579],[-67,-34]],[[130,545],[-58,59]],[[72,604],[15,21]],[[87,625],[110,-46]],[[355,764],[-39,-48]],[[316,716],[-74,86]],[[242,802],[41,24]],[[283,826],[72,-62]],[[138,380],[-15,-57]],[[123,323],[-73,38]],[[147,494],[-9,-114]],[[192,517],[-6,-28]],[[186,489],[-39,5]],[[136,505],[-15,15]],[[121,520],[3,3]],[[124,523],[6,22]],[[130,545],[62,-28]],[[281,592],[-89,-75]],[[197,579],[30,30]],[[227,609],[54,-17]],[[316,716],[-17,-17]],[[299,699],[-62,-3]],[[237,696],[-53,10]],[[148,713],[94,89]],[[457,745],[-59,-90],[-99,44]],[[355,764],[40,37]],[[395,801],[62,-56]],[[275,424],[-54,-27]],[[221,397],[-35,92]],[[186,489],[85,5]],[[271,494],[4,-70]],[[0,392],[12,126]],[[12,518],[109,2]],[[226,358],[22,-142]],[[248,216],[-61,-11]],[[187,205],[19,75],[-83,43]],[[138,380],[88,-22]],[[124,523],[-75,47]],[[49,570],[23,34]],[[197,642],[-18,-17]],[[179,625],[-43,6]],[[165,657],[32,-15]],[[476,577],[-162,15]],[[314,592],[-33,0]],[[281,592],[18,107]],[[457,745],[90,-24],[-71,-144]],[[283,826],[112,-25]],[[331,228],[-83,-12]],[[226,358],[-5,39]],[[275,424],[101,15]],[[376,439],[19,-38],[-64,-173]],[[331,228],[-83,-228],[-78,129],[17,76]],[[237,696],[-26,-38]],[[211,658],[-14,-16]],[[314,592],[-43,-98]],[[476,577],[-100,-138]],[[12,518],[37,52]],[[214,614],[-35,11]],[[211,658],[3,-44]],[[227,609],[-13,5]],[[87,625],[20,30]]],"transform":{"scale":[0.00033323557038375176,0.00028620099394673337],"translate":[124.77549187000011,12.137552355000023]},"objects":{"bgysubmuns-municity-804822000":{"type":"GeometryCollection","geometries":[{"arcs":[[0,1,2,3]],"type":"Polygon","properties":{"adm1_psgc":800000000,"adm2_psgc":804800000,"adm3_psgc":804822000,"adm4_psgc":804822001,"adm4_en":"Balud","geo_level":"Bgy","len_crs":15008,"area_crs":6836845,"len_km":15,"area_km2":6},"id":804822001},{"arcs":[[4,5,6,7,8]],"type":"Polygon","properties":{"adm1_psgc":800000000,"adm2_psgc":804800000,"adm3_psgc":804822000,"adm4_psgc":804822002,"adm4_en":"Cababayogan","geo_level":"Bgy","len_crs":8022,"area_crs":3793135,"len_km":8,"area_km2":3},"id":804822002},{"arcs":[[9,10,11,12]],"type":"Polygon","properties":{"adm1_psgc":800000000,"adm2_psgc":804800000,"adm3_psgc":804822000,"adm4_psgc":804822003,"adm4_en":"Cabunga-an","geo_level":"Bgy","len_crs":10884,"area_crs":4425978,"len_km":10,"area_km2":4},"id":804822003},{"arcs":[[13,14,15,16]],"type":"Polygon","properties":{"adm1_psgc":800000000,"adm2_psgc":804800000,"adm3_psgc":804822000,"adm4_psgc":804822004,"adm4_en":"Cagda-o","geo_level":"Bgy","len_crs":11388,"area_crs":7161300,"len_km":11,"area_km2":7},"id":804822004},{"arcs":[[17,18,-1,19]],"type":"Polygon","properties":{"adm1_psgc":800000000,"adm2_psgc":804800000,"adm3_psgc":804822000,"adm4_psgc":804822005,"adm4_en":"Caghilot","geo_level":"Bgy","len_crs":16564,"area_crs":9608549,"len_km":16,"area_km2":9},"id":804822005},{"arcs":[[20,21,-4,22,23,24,25]],"type":"Polygon","properties":{"adm1_psgc":800000000,"adm2_psgc":804800000,"adm3_psgc":804822000,"adm4_psgc":804822006,"adm4_en":"Camanggaran","geo_level":"Bgy","len_crs":6942,"area_crs":2563470,"len_km":6,"area_km2":2},"id":804822006},{"arcs":[[26,-26,-10,27,28]],"type":"Polygon","properties":{"adm1_psgc":800000000,"adm2_psgc":804800000,"adm3_psgc":804822000,"adm4_psgc":804822007,"adm4_en":"Camaya-an","geo_level":"Bgy","len_crs":13063,"area_crs":5709744,"len_km":13,"area_km2":5},"id":804822007},{"arcs":[[29,30,31,-9,32,-15]],"type":"Polygon","properties":{"adm1_psgc":800000000,"adm2_psgc":804800000,"adm3_psgc":804822000,"adm4_psgc":804822008,"adm4_en":"Deit De Suba","geo_level":"Bgy","len_crs":15259,"area_crs":11324671,"len_km":15,"area_km2":11},"id":804822008},{"arcs":[[33,-30,-14,34,35]],"type":"Polygon","properties":{"adm1_psgc":800000000,"adm2_psgc":804800000,"adm3_psgc":804822000,"adm4_psgc":804822009,"adm4_en":"Deit De Turag","geo_level":"Bgy","len_crs":14997,"area_crs":13107501,"len_km":14,"area_km2":13},"id":804822009},{"arcs":[[36,37,38,39]],"type":"Polygon","properties":{"adm1_psgc":800000000,"adm2_psgc":804800000,"adm3_psgc":804822000,"adm4_psgc":804822010,"adm4_en":"Gebonawan","geo_level":"Bgy","len_crs":11401,"area_crs":6894684,"len_km":11,"area_km2":6},"id":804822010},{"arcs":[[-23,-3,40,41]],"type":"Polygon","properties":{"adm1_psgc":800000000,"adm2_psgc":804800000,"adm3_psgc":804822000,"adm4_psgc":804822011,"adm4_en":"Gebolwangan","geo_level":"Bgy","len_crs":18196,"area_crs":14723077,"len_km":18,"area_km2":14},"id":804822011},{"arcs":[[42,43,44,-18,45]],"type":"Polygon","properties":{"adm1_psgc":800000000,"adm2_psgc":804800000,"adm3_psgc":804822000,"adm4_psgc":804822012,"adm4_en":"Gecbo-an","geo_level":"Bgy","len_crs":18901,"area_crs":14323316,"len_km":18,"area_km2":14},"id":804822012},{"arcs":[[-25,46,47,-11]],"type":"Polygon","properties":{"adm1_psgc":800000000,"adm2_psgc":804800000,"adm3_psgc":804822000,"adm4_psgc":804822013,"adm4_en":"Giguimitan","geo_level":"Bgy","len_crs":8124,"area_crs":2839368,"len_km":8,"area_km2":2},"id":804822013},{"arcs":[[48,49,-6,50]],"type":"Polygon","properties":{"adm1_psgc":800000000,"adm2_psgc":804800000,"adm3_psgc":804822000,"adm4_psgc":804822014,"adm4_en":"Genagasan","geo_level":"Bgy","len_crs":5957,"area_crs":1191219,"len_km":5,"area_km2":1},"id":804822014},{"arcs":[[51,52,53,-34,54]],"type":"Polygon","properties":{"adm1_psgc":800000000,"adm2_psgc":804800000,"adm3_psgc":804822000,"adm4_psgc":804822015,"adm4_en":"Geparayan De Turag","geo_level":"Bgy","len_crs":26631,"area_crs":30051800,"len_km":26,"area_km2":30},"id":804822015},{"arcs":[[-35,-17,55]],"type":"Polygon","properties":{"adm1_psgc":800000000,"adm2_psgc":804800000,"adm3_psgc":804822000,"adm4_psgc":804822016,"adm4_en":"Gusaran","geo_level":"Bgy","len_crs":10081,"area_crs":5523685,"len_km":10,"area_km2":5},"id":804822016},{"arcs":[[56,-43,57,-37,58,59]],"type":"Polygon","properties":{"adm1_psgc":800000000,"adm2_psgc":804800000,"adm3_psgc":804822000,"adm4_psgc":804822017,"adm4_en":"Imelda","geo_level":"Bgy","len_crs":23226,"area_crs":30662698,"len_km":23,"area_km2":30},"id":804822017},{"arcs":[[-44,-57,60]],"type":"Polygon","properties":{"adm1_psgc":800000000,"adm2_psgc":804800000,"adm3_psgc":804822000,"adm4_psgc":804822018,"adm4_en":"Montalban","geo_level":"Bgy","len_crs":21099,"area_crs":22084735,"len_km":21,"area_km2":22},"id":804822018},{"arcs":[[61,62,-51,-5,-32]],"type":"Polygon","properties":{"adm1_psgc":800000000,"adm2_psgc":804800000,"adm3_psgc":804822000,"adm4_psgc":804822019,"adm4_en":"Suba","geo_level":"Bgy","len_crs":9033,"area_crs":3110678,"len_km":9,"area_km2":3},"id":804822019},{"arcs":[[63,-39,-21,-27,-53]],"type":"Polygon","properties":{"adm1_psgc":800000000,"adm2_psgc":804800000,"adm3_psgc":804822000,"adm4_psgc":804822020,"adm4_en":"San Isidro","geo_level":"Bgy","len_crs":13978,"area_crs":8739852,"len_km":13,"area_km2":8},"id":804822020},{"arcs":[[64,-59,-40,-64,-52]],"type":"Polygon","properties":{"adm1_psgc":800000000,"adm2_psgc":804800000,"adm3_psgc":804822000,"adm4_psgc":804822021,"adm4_en":"Senonogan de Tubang","geo_level":"Bgy","len_crs":22110,"area_crs":25553155,"len_km":22,"area_km2":25},"id":804822021},{"arcs":[[-38,-58,-46,-20,-22]],"type":"Polygon","properties":{"adm1_psgc":800000000,"adm2_psgc":804800000,"adm3_psgc":804822000,"adm4_psgc":804822022,"adm4_en":"Tobgon","geo_level":"Bgy","len_crs":15247,"area_crs":8493793,"len_km":15,"area_km2":8},"id":804822022},{"arcs":[[-24,-42,65,-47]],"type":"Polygon","properties":{"adm1_psgc":800000000,"adm2_psgc":804800000,"adm3_psgc":804822000,"adm4_psgc":804822023,"adm4_en":"Victory","geo_level":"Bgy","len_crs":9661,"area_crs":3023655,"len_km":9,"area_km2":3},"id":804822023},{"arcs":[[66,-49,-63,67]],"type":"Polygon","properties":{"adm1_psgc":800000000,"adm2_psgc":804800000,"adm3_psgc":804822000,"adm4_psgc":804822024,"adm4_en":"Poblacion I",