{"type":"Topology","arcs":[[[2033,569],[-21,-116]],[[2012,453],[-140,14]],[[1872,467],[-61,65],[35,105]],[[1846,637],[169,-27],[18,-41]],[[1828,755],[24,-82]],[[1852,673],[-15,-18]],[[1837,655],[-128,-10],[-99,30]],[[1610,675],[-11,10]],[[1599,685],[-3,32],[117,118]],[[1713,835],[33,6]],[[1746,841],[82,-86]],[[2067,769],[-37,-65],[37,-126]],[[2067,578],[-34,-9]],[[1846,637],[-9,18]],[[1852,673],[57,-9],[31,86],[51,-25],[45,45]],[[2036,770],[31,-1]],[[2254,924],[-6,-85],[92,-41],[19,-39]],[[2359,759],[-12,-40]],[[2347,719],[-19,-49],[-73,1]],[[2255,671],[-89,87],[-76,41]],[[2090,799],[22,86]],[[2112,885],[142,39]],[[2090,799],[-23,-30]],[[2036,770],[-101,41]],[[1935,811],[-34,72]],[[1901,883],[10,98]],[[1911,981],[69,3],[75,73]],[[2055,1057],[12,3]],[[2067,1060],[45,-175]],[[1610,675],[5,-22]],[[1615,653],[-54,-11]],[[1561,642],[-4,21]],[[1557,663],[9,25]],[[1566,688],[33,-3]],[[2408,675],[12,-110],[36,-67]],[[2456,498],[-37,-84],[-115,18]],[[2304,432],[-7,85],[-78,16]],[[2219,533],[36,138]],[[2347,719],[61,-44]],[[2486,841],[-110,-70]],[[2376,771],[-9,150]],[[2367,921],[40,37]],[[2407,958],[61,-55],[18,-62]],[[1530,797],[20,-81]],[[1550,716],[-12,-11]],[[1538,705],[-17,3]],[[1521,708],[-46,75]],[[1475,783],[55,14]],[[2327,1073],[11,-113]],[[2338,960],[-84,-36]],[[2067,1060],[105,36],[35,-53],[120,30]],[[1521,708],[-4,-36]],[[1517,672],[-42,111]],[[2200,506],[32,-96]],[[2232,410],[-92,55]],[[2140,465],[25,35]],[[2165,500],[35,6]],[[1557,663],[-10,-2]],[[1547,661],[-9,44]],[[1550,716],[16,-28]],[[1547,661],[-30,1]],[[1517,662],[0,10]],[[2470,1051],[-63,-93]],[[2367,921],[-29,39]],[[2327,1073],[123,66],[20,-88]],[[2219,533],[-19,-27]],[[2165,500],[-50,66],[-48,12]],[[1911,981],[-6,14]],[[1905,995],[68,49],[82,13]],[[1901,883],[-71,46],[-72,-31],[-12,-57]],[[1713,835],[-75,48]],[[1638,883],[267,112]],[[2530,837],[23,-257]],[[2553,580],[-58,96],[-87,-1]],[[2359,759],[17,12]],[[2486,841],[44,-4]],[[2470,1051],[60,-214]],[[1561,642],[-33,-7]],[[1528,635],[-11,27]],[[1669,508],[-122,7],[-2,53]],[[1545,568],[68,69]],[[1613,637],[36,-27],[20,-102]],[[1828,755],[107,56]],[[2553,580],[-25,-75],[-72,-7]],[[1530,797],[10,39],[98,47]],[[1545,568],[-17,67]],[[1615,653],[-2,-16]],[[1872,467],[-110,1],[-93,40]],[[2304,432],[-72,-22]],[[2140,465],[-128,-12]]],"transform":{"scale":[0.00011184597336466595,0.00009404905179978879],"translate":[124.61781340200005,10.265897783000069]},"objects":{"bgysubmuns-municity-803707000":{"type":"GeometryCollection","geometries":[{"arcs":[[0,1,2,3]],"type":"Polygon","properties":{"adm1_psgc":800000000,"adm2_psgc":803700000,"adm3_psgc":803707000,"adm4_psgc":803707001,"adm4_en":"Alegria","geo_level":"Bgy","len_crs":11004,"area_crs":3636296,"len_km":11,"area_km2":3},"id":803707001},{"arcs":[[4,5,6,7,8,9,10]],"type":"Polygon","properties":{"adm1_psgc":800000000,"adm2_psgc":803700000,"adm3_psgc":803707000,"adm4_psgc":803707002,"adm4_en":"Alejos","geo_level":"Bgy","len_crs":13550,"area_crs":4069702,"len_km":13,"area_km2":4},"id":803707002},{"arcs":[[11,12,-4,13,-6,14,15]],"type":"Polygon","properties":{"adm1_psgc":800000000,"adm2_psgc":803700000,"adm3_psgc":803707000,"adm4_psgc":803707003,"adm4_en":"Amagos","geo_level":"Bgy","len_crs":14131,"area_crs":2896571,"len_km":14,"area_km2":2},"id":803707003},{"arcs":[[16,17,18,19,20,21]],"type":"Polygon","properties":{"adm1_psgc":800000000,"adm2_psgc":803700000,"adm3_psgc":803707000,"adm4_psgc":803707004,"adm4_en":"Anahawan","geo_level":"Bgy","len_crs":14413,"area_crs":5068017,"len_km":14,"area_km2":5},"id":803707004},{"arcs":[[-21,22,-16,23,24,25,26,27,28]],"type":"Polygon","properties":{"adm1_psgc":800000000,"adm2_psgc":803700000,"adm3_psgc":803707000,"adm4_psgc":803707005,"adm4_en":"Bago","geo_level":"Bgy","len_crs":12314,"area_crs":5460054,"len_km":12,"area_km2":5},"id":803707005},{"arcs":[[-8,29,30,31,32,33]],"type":"Polygon","properties":{"adm1_psgc":800000000,"adm2_psgc":803700000,"adm3_psgc":803707000,"adm4_psgc":803707006,"adm4_en":"Bagong Bayan District","geo_level":"Bgy","len_crs":2506,"area_crs":234007,"len_km":2,"area_km2":0},"id":803707006},{"arcs":[[34,35,36,37,-19,38]],"type":"Polygon","properties":{"adm1_psgc":800000000,"adm2_psgc":803700000,"adm3_psgc":803707000,"adm4_psgc":803707008,"adm4_en":"Buli","geo_level":"Bgy","len_crs":13750,"area_crs":5690972,"len_km":13,"area_km2":5},"id":803707008},{"arcs":[[39,40,41,42]],"type":"Polygon","properties":{"adm1_psgc":800000000,"adm2_psgc":803700000,"adm3_psgc":803707000,"adm4_psgc":803707009,"adm4_en":"Cebuana","geo_level":"Bgy","len_crs":7543,"area_crs":1898112,"len_km":7,"area_km2":1},"id":803707009},{"arcs":[[43,44,45,46,47]],"type":"Polygon","properties":{"adm1_psgc":800000000,"adm2_psgc":803700000,"adm3_psgc":803707000,"adm4_psgc":803707010,"adm4_en":"Daan Lungsod","geo_level":"Bgy","len_crs":3467,"area_crs":482310,"len_km":3,"area_km2":0},"id":803707010},{"type":null,"properties":{"adm1_psgc":800000000,"adm2_psgc":803700000,"adm3_psgc":803707000,"adm4_psgc":803707011,"adm4_en":"Dawahon","geo_level":"Bgy","len_crs":1351,"area_crs":113005,"len_km":1,"area_km2":0},"id":803707011},{"arcs":[[48,49,-22,-29,50]],"type":"Polygon","properties":{"adm1_psgc":800000000,"adm2_psgc":803700000,"adm3_psgc":803707000,"adm4_psgc":803707012,"adm4_en":"Himamaa","geo_level":"Bgy","len_crs":11955,"area_crs":4422545,"len_km":11,"area_km2":4},"id":803707012},{"arcs":[[51,52,-47]],"type":"Polygon","properties":{"adm1_psgc":800000000,"adm2_psgc":803700000,"adm3_psgc":803707000,"adm4_psgc":803707013,"adm4_en":"Dolho","geo_level":"Bgy","len_crs":3174,"area_crs":389875,"len_km":3,"area_km2":0},"id":803707013},{"arcs":[[53,54,55,56]],"type":"Polygon","properties":{"adm1_psgc":800000000,"adm2_psgc":803700000,"adm3_psgc":803707000,"adm4_psgc":803707014,"adm4_en":"Domagocdoc","geo_level":"Bgy","len_crs":4435,"area_crs":719740,"len_km":4,"area_km2":0},"id":803707014},{"arcs":[[-33,57,58,-45,59]],"type":"Polygon","properties":{"adm1_psgc":800000000,"adm2_psgc":803700000,"adm3_psgc":803707000,"adm4_psgc":803707015,"adm4_en":"Guerrero District","geo_level":"Bgy","len_crs":1953,"area_crs":113718,"len_km":1,"area_km2":0},"id":803707015},{"arcs":[[-59,60,61,-52,-46]],"type":"Polygon","properties":{"adm1_psgc":800000000,"adm2_psgc":803700000,"adm3_psgc":803707000,"adm4_psgc":803707016,"adm4_en":"Iniguihan District","geo_level":"Bgy","len_crs":1808,"area_crs":152436,"len_km":1,"area_km2":0},"id":803707016},{"arcs":[[62,-42,63,-49,64]],"type":"Polygon","properties":{"adm1_psgc":800000000,"adm2_psgc":803700000,"adm3_psgc":803707000,"adm4_psgc":803707017,"adm4_en":"Katipunan","geo_level":"Bgy","len_crs":7998,"area_crs":2354065,"len_km":7,"area_km2":2},"id":803707017},{"arcs":[[-38,65,-57,66,-12,-23,-20]],"type":"Polygon","properties":{"adm1_psgc":800000000,"adm2_psgc":803700000,"adm3_psgc":803707000,"adm4_psgc":803707018,"adm4_en":"Liberty","geo_level":"Bgy","len_crs":12941,"area_crs":4661116,"len_km":12,"area_km2":4},"id":803707018},{"arcs":[[67,68,-27]],"type":"Polygon","properties":{"adm1_psgc":800000000,"adm2_psgc":803700000,"adm3_psgc":803707000,"adm4_psgc":803707019,"adm4_en":"Mabini","geo_level":"Bgy","len_crs":5424,"area_crs":575712,"len_km":5,"area_km2":0},"id":803707019},{"arcs":[[-26,69,-10,70,71,-68]],"type":"Polygon","properties":{"adm1_psgc":800000000,"adm2_psgc":803700000,"adm3_psgc":803707000,"adm4_psgc":803707020,"adm4_en":"Naga","geo_level":"Bgy","len_crs":9751,"area_crs":1922435,"len_km":9,"area_km2":1},"id":803707020},{"arcs":[[72,73,-39,-18,74,-40,75]],"type":"Polygon","properties":{"adm1_psgc":800000000,"adm2_psgc":803700000,"adm3_psgc":803707000,"adm4_psgc":803707021,"adm4_en":"Osmeña","geo_level":"Bgy","len_crs":10610,"area_crs":3175169,"len_km":10,"area_km2":3},"id":803707021},{"arcs":[[-76,-43,-63,76]],"type":"Polygon","properties":{"adm1_psgc":800000000,"adm2_psgc":803700000,"adm3_psgc":803707000,"adm4_psgc":803707022,"adm4_en":"Plaridel","geo_level":"Bgy","len_crs":8972,"area_crs":1547248,"len_km":8,"area_km2":1},