{"type":"Topology","arcs":[[[524,261],[-73,-48]],[[451,213],[-6,1]],[[445,214],[-2,122]],[[443,336],[11,26]],[[454,362],[67,15]],[[521,377],[3,-116]],[[451,213],[-1,-58]],[[450,155],[2,-84]],[[452,71],[-63,-71],[-41,81]],[[348,81],[-2,135]],[[346,216],[99,-2]],[[266,740],[-3,-58]],[[263,682],[-1,-134]],[[262,548],[-39,17]],[[223,565],[-100,70]],[[123,635],[-19,109]],[[104,744],[162,-4]],[[603,463],[-4,-63]],[[599,400],[-78,-23]],[[454,362],[-2,89]],[[452,451],[99,27]],[[551,478],[52,-15]],[[930,441],[-5,-63]],[[925,378],[-91,24]],[[834,402],[16,60]],[[850,462],[80,-21]],[[406,772],[-139,-4]],[[267,768],[0,190]],[[267,958],[42,-18],[22,-59],[38,-34],[37,-75]],[[346,216],[-23,83]],[[323,299],[-18,40]],[[305,339],[138,-3]],[[406,772],[5,-13]],[[411,759],[45,-111]],[[456,648],[-92,4]],[[364,652],[-15,28],[-86,2]],[[266,740],[1,28]],[[138,347],[62,-48]],[[200,299],[-6,-133]],[[194,166],[-92,11],[-54,116]],[[48,293],[31,1],[59,53]],[[200,299],[123,0]],[[348,81],[-145,3],[-9,82]],[[1191,322],[-122,2]],[[1069,324],[-56,35]],[[1013,359],[45,57],[-2,97]],[[1056,513],[101,-10],[8,-135],[26,-46]],[[223,565],[2,-84]],[[225,481],[-180,-1]],[[45,480],[-41,75],[72,73],[47,7]],[[1069,324],[-1,-48]],[[1068,276],[-70,0]],[[998,276],[-58,13],[-12,38]],[[928,327],[2,31]],[[930,358],[83,1]],[[735,698],[-3,-73],[-22,-97]],[[710,528],[-33,-77],[-32,-16],[-42,28]],[[551,478],[-49,86],[-60,28],[14,56]],[[411,759],[176,-28],[148,-33]],[[64,445],[46,-26],[28,-72]],[[48,293],[-38,78],[-10,74],[64,0]],[[930,358],[-5,20]],[[930,441],[39,104]],[[969,545],[18,-50],[69,18]],[[305,339],[-2,73]],[[303,412],[25,8],[-3,128]],[[325,548],[127,-97]],[[543,154],[44,-1],[4,-84],[-139,2]],[[450,155],[93,-1]],[[325,548],[-2,9]],[[323,557],[41,95]],[[998,276],[-11,-125],[-92,63],[-40,-47],[-170,135]],[[685,302],[74,-2],[61,20]],[[820,320],[74,-16],[34,23]],[[820,320],[14,82]],[[323,557],[-61,-9]],[[1191,322],[-5,-49],[-118,3]],[[64,445],[-19,35]],[[225,481],[6,-67],[72,-2]],[[524,261],[19,-28],[0,-79]],[[685,302],[-19,45],[-67,53]],[[710,528],[140,-66]],[[104,744],[109,132],[54,82]],[[735,698],[89,-22],[45,-59],[41,1],[59,-73]]],"transform":{"scale":[0.0001893874164567204,0.00016204206993740812],"translate":[124.8278391860001,7.6192837220000325]},"objects":{"bgysubmuns-municity-1001304000":{"type":"GeometryCollection","geometries":[{"arcs":[[0,1,2,3,4,5]],"type":"Polygon","properties":{"adm1_psgc":1000000000,"adm2_psgc":1001300000,"adm3_psgc":1001304000,"adm4_psgc":1001304001,"adm4_en":"Cabadiangan","geo_level":"Bgy","len_crs":9086,"area_crs":3785559,"len_km":9,"area_km2":3},"id":1001304001},{"arcs":[[-2,6,7,8,9,10]],"type":"Polygon","properties":{"adm1_psgc":1000000000,"adm2_psgc":1001300000,"adm3_psgc":1001304000,"adm4_psgc":1001304002,"adm4_en":"Bocboc","geo_level":"Bgy","len_crs":10741,"area_crs":6959065,"len_km":10,"area_km2":6},"id":1001304002},{"arcs":[[11,12,13,14,15,16]],"type":"Polygon","properties":{"adm1_psgc":1000000000,"adm2_psgc":1001300000,"adm3_psgc":1001304000,"adm4_psgc":1001304003,"adm4_en":"Buyot","geo_level":"Bgy","len_crs":14410,"area_crs":8561228,"len_km":14,"area_km2":8},"id":1001304003},{"arcs":[[17,18,-5,19,20,21]],"type":"Polygon","properties":{"adm1_psgc":1000000000,"adm2_psgc":1001300000,"adm3_psgc":1001304000,"adm4_psgc":1001304004,"adm4_en":"Calaocalao","geo_level":"Bgy","len_crs":11192,"area_crs":5135780,"len_km":11,"area_km2":5},"id":1001304004},{"arcs":[[22,23,24,25]],"type":"Polygon","properties":{"adm1_psgc":1000000000,"adm2_psgc":1001300000,"adm3_psgc":1001304000,"adm4_psgc":1001304005,"adm4_en":"Don Carlos Norte","geo_level":"Bgy","len_crs":6012,"area_crs":2121696,"len_km":6,"area_km2":2},"id":1001304005},{"arcs":[[26,27,28]],"type":"Polygon","properties":{"adm1_psgc":1000000000,"adm2_psgc":1001300000,"adm3_psgc":1001304000,"adm4_psgc":1001304006,"adm4_en":"Embayao","geo_level":"Bgy","len_crs":12222,"area_crs":5678799,"len_km":12,"area_km2":5},"id":1001304006},{"arcs":[[-3,-11,29,30,31]],"type":"Polygon","properties":{"adm1_psgc":1000000000,"adm2_psgc":1001300000,"adm3_psgc":1001304000,"adm4_psgc":1001304008,"adm4_en":"Kalubihon","geo_level":"Bgy","len_crs":9735,"area_crs":4944050,"len_km":9,"area_km2":4},"id":1001304008},{"arcs":[[32,33,34,35,-12,36,-27]],"type":"Polygon","properties":{"adm1_psgc":1000000000,"adm2_psgc":1001300000,"adm3_psgc":1001304000,"adm4_psgc":1001304009,"adm4_en":"Kasigkot","geo_level":"Bgy","len_crs":12410,"area_crs":6617150,"len_km":12,"area_km2":6},"id":1001304009},{"arcs":[[37,38,39,40]],"type":"Polygon","properties":{"adm1_psgc":1000000000,"adm2_psgc":1001300000,"adm3_psgc":1001304000,"adm4_psgc":1001304010,"adm4_en":"Kawilihan","geo_level":"Bgy","len_crs":16945,"area_crs":6937793,"len_km":16,"area_km2":6},"id":1001304010},{"arcs":[[41,-30,-10,42,-39]],"type":"Polygon","properties":{"adm1_psgc":1000000000,"adm2_psgc":1001300000,"adm3_psgc":1001304000,"adm4_psgc":1001304011,"adm4_en":"Kiara","geo_level":"Bgy","len_crs":16489,"area_crs":11793396,"len_km":16,"area_km2":11},"id":1001304011},{"arcs":[[43,44,45,46]],"type":"Polygon","properties":{"adm1_psgc":1000000000,"adm2_psgc":1001300000,"adm3_psgc":1001304000,"adm4_psgc":1001304012,"adm4_en":"Kibatang","geo_level":"Bgy","len_crs":14113,"area_crs":8665483,"len_km":14,"area_km2":8},"id":1001304012},{"arcs":[[47,48,49,-15]],"type":"Polygon","properties":{"adm1_psgc":1000000000,"adm2_psgc":1001300000,"adm3_psgc":1001304000,"adm4_psgc":1001304013,"adm4_en":"Mahayahay","geo_level":"Bgy","len_crs":14469,"area_crs":9593770,"len_km":14,"area_km2":9},"id":1001304013},{"arcs":[[50,51,52,53,54,-45]],"type":"Polygon","properties":{"adm1_psgc":1000000000,"adm2_psgc":1001300000,"adm3_psgc":1001304000,"adm4_psgc":1001304014,"adm4_en":"Manlamonay","geo_level":"Bgy","len_crs":8063,"area_crs":3603625,"len_km":8,"area_km2":3},"id":1001304014},{"arcs":[[55,56,-22,57,-34,58]],"type":"Polygon","properties":{"adm1_psgc":1000000000,"adm2_psgc":1001300000,"adm3_psgc":1001304000,"adm4_psgc":1001304015,"adm4_en":"Maraymaray","geo_level":"Bgy","len_crs":23856,"area_crs":24320848,"len_km":23,"area_km2":24},"id":1001304015},{"arcs":[[59,-41,60]],"type":"Polygon","properties":{"adm1_psgc":1000000000,"adm2_psgc":1001300000,"adm3_psgc":1001304000,"adm4_psgc":1001304016,"adm4_en":"Mauswagon","geo_level":"Bgy","len_crs":12406,"area_crs":4795440,"len_km":12,"area_km2":4},"id":1001304016},{"arcs":[[-46,-55,61,-23,62,63]],"type":"Polygon","properties":{"adm1_psgc":1000000000,"adm2_psgc":1001300000,"adm3_psgc":1001304000,"adm4_psgc":1001304017,"adm4_en":"Minsalagan","geo_level":"Bgy","len_crs":12547,"area_crs":6293017,"len_km":12,"area_km2":6},"id":1001304017},{"arcs":[[-20,-4,-32,64,65,66]],"type":"Polygon","properties":{"adm1_psgc":1000000000,"adm2_psgc":1001300000,"adm3_psgc":1001304000,"adm4_psgc":1001304018,"adm4_en":"New Nongnongan","geo_level":"Bgy","len_crs":13996,"area_crs":8217226,"len_km":13,"area_km2":8},"id":1001304018},{"arcs":[[67,-8,68]],"type":"Polygon","properties":{"adm1_psgc":1000000000,"adm2_psgc":1001300000,"adm3_psgc":1001304000,"adm4_psgc":1001304019,"adm4_en":"New Visayas","geo_level":"Bgy","len_crs":8950,"area_crs":4606846,"len_km":8,"area_km2":4},"id":1001304019},{"arcs":[[-58,-21,-67,69,70,-35]],"type":"Polygon","properties":{"adm1_psgc":1000000000,"adm2_psgc":1001300000,"adm3_psgc":1001304000,"adm4_psgc":1001304020,"adm4_en":"Old Nongnongan","geo_level":"Bgy","len_crs":16490,"area_crs":9374081,"len_km":16,"area_km2":9},"id":1001304020},{"arcs":[[-53,71,72,73]],"type":"Polygon","properties":{"adm1_psgc":1000000000,"adm2_psgc":1001300000,"adm3_psgc":1001304000,"adm4_psgc":1001304021,"adm4_en":"Pinamaloy","geo_level":"Bgy","len_crs":27849,"area_crs":11574121,"len_km":27,"area_km2":11},"id":1001304021},{"arcs":[[-62,-54,-74,74,-24]],"type":"Polygon","properties":{"adm1_psgc":1000000000,"adm2_psgc":1001300000,"adm3_psgc":1001304000,"adm4_psgc":1001304022,"adm4_en":"Don Carlos Sur","geo_level":"Bgy","len_crs":7268,"area_crs":2600152,"len_km":7,"area_km2":2},