{"type":"Topology","arcs":[[[396,591],[-11,-1]],[[385,590],[-22,-4]],[[363,586],[-41,-7]],[[322,579],[-76,-12],[-205,-82]],[[41,485],[-4,81]],[[37,566],[51,30],[287,76]],[[375,672],[21,-81]],[[437,390],[20,-28]],[[457,362],[-15,-23]],[[442,339],[-74,-29],[-18,14]],[[350,324],[-8,20]],[[342,344],[39,17]],[[381,361],[25,26]],[[406,387],[31,3]],[[37,566],[-6,50],[-31,69],[111,-1],[257,8],[7,-20]],[[406,63],[-189,-63],[-46,149],[-83,73],[-32,65]],[[56,287],[192,28]],[[248,315],[13,-71],[78,-85],[67,-96]],[[326,481],[-82,-20]],[[244,461],[-42,39],[-72,-32]],[[130,468],[-91,-18]],[[39,450],[2,35]],[[322,579],[4,-98]],[[244,461],[1,-3]],[[245,458],[-75,-42]],[[170,416],[-40,52]],[[264,332],[-16,-17]],[[56,287],[-9,62]],[[47,349],[120,19]],[[167,368],[63,10]],[[230,378],[34,-46]],[[437,390],[-52,200]],[[396,591],[58,-174],[3,-55]],[[442,339],[-28,-65],[60,-25],[8,-152],[-40,-20]],[[442,77],[-101,139],[-7,65],[16,43]],[[406,387],[-43,199]],[[295,366],[-31,-34]],[[230,378],[34,45]],[[264,423],[31,-57]],[[340,405],[-24,-57]],[[316,348],[-21,18]],[[264,423],[-4,6]],[[260,429],[80,-24]],[[348,401],[33,-40]],[[342,344],[-26,4]],[[340,405],[8,-4]],[[167,368],[3,48]],[[245,458],[15,-29]],[[442,77],[-36,-14]],[[326,481],[22,-80]],[[47,349],[-8,101]]],"transform":{"scale":[0.00045754182780092004,0.0004994330968208666],"translate":[125.87104082000006,8.739795165000032]},"objects":{"bgysubmuns-municity-1606816000":{"type":"GeometryCollection","geometries":[{"arcs":[[0,1,2,3,4,5,6]],"type":"Polygon","properties":{"adm1_psgc":1600000000,"adm2_psgc":1606800000,"adm3_psgc":1606816000,"adm4_psgc":1606816001,"adm4_en":"Bagyang","geo_level":"Bgy","len_crs":46125,"area_crs":76221134,"len_km":46,"area_km2":76},"id":1606816001},{"arcs":[[7,8,9,10,11,12,13]],"type":"Polygon","properties":{"adm1_psgc":1600000000,"adm2_psgc":1606800000,"adm3_psgc":1606816000,"adm4_psgc":1606816002,"adm4_en":"Baras","geo_level":"Bgy","len_crs":22924,"area_crs":11556075,"len_km":22,"area_km2":11},"id":1606816002},{"arcs":[[-6,14]],"type":"Polygon","properties":{"adm1_psgc":1600000000,"adm2_psgc":1606800000,"adm3_psgc":1606816000,"adm4_psgc":1606816003,"adm4_en":"Bitaugan","geo_level":"Bgy","len_crs":44636,"area_crs":62854760,"len_km":44,"area_km2":62},"id":1606816003},{"arcs":[[15,16,17]],"type":"Polygon","properties":{"adm1_psgc":1600000000,"adm2_psgc":1606800000,"adm3_psgc":1606816000,"adm4_psgc":1606816004,"adm4_en":"Bolhoon","geo_level":"Bgy","len_crs":57477,"area_crs":143872136,"len_km":57,"area_km2":143},"id":1606816004},{"arcs":[[18,19,20,21,-4,22]],"type":"Polygon","properties":{"adm1_psgc":1600000000,"adm2_psgc":1606800000,"adm3_psgc":1606816000,"adm4_psgc":1606816005,"adm4_en":"Calatngan","geo_level":"Bgy","len_crs":43761,"area_crs":52158353,"len_km":43,"area_km2":52},"id":1606816005},{"arcs":[[23,24,25,-20]],"type":"Polygon","properties":{"adm1_psgc":1600000000,"adm2_psgc":1606800000,"adm3_psgc":1606816000,"adm4_psgc":1606816006,"adm4_en":"Carromata","geo_level":"Bgy","len_crs":18384,"area_crs":13954544,"len_km":18,"area_km2":13},"id":1606816006},{"arcs":[[26,-17,27,28,29,30]],"type":"Polygon","properties":{"adm1_psgc":1600000000,"adm2_psgc":1606800000,"adm3_psgc":1606816000,"adm4_psgc":1606816007,"adm4_en":"Castillo","geo_level":"Bgy","len_crs":28064,"area_crs":37383170,"len_km":28,"area_km2":37},"id":1606816007},{"arcs":[[-8,31,-1,32]],"type":"Polygon","properties":{"adm1_psgc":1600000000,"adm2_psgc":1606800000,"adm3_psgc":1606816000,"adm4_psgc":1606816008,"adm4_en":"Libas Gua","geo_level":"Bgy","len_crs":29476,"area_crs":11705228,"len_km":29,"area_km2":11},"id":1606816008},{"arcs":[[33,34,-10]],"type":"Polygon","properties":{"adm1_psgc":1600000000,"adm2_psgc":1606800000,"adm3_psgc":1606816000,"adm4_psgc":1606816009,"adm4_en":"Libas Sud","geo_level":"Bgy","len_crs":48799,"area_crs":63413254,"len_km":48,"area_km2":63},"id":1606816009},{"arcs":[[-14,35,-2,-32]],"type":"Polygon","properties":{"adm1_psgc":1600000000,"adm2_psgc":1606800000,"adm3_psgc":1606816000,"adm4_psgc":1606816010,"adm4_en":"Magroyong","geo_level":"Bgy","len_crs":29575,"area_crs":20247409,"len_km":29,"area_km2":20},"id":1606816010},{"arcs":[[36,-31,37,38]],"type":"Polygon","properties":{"adm1_psgc":1600000000,"adm2_psgc":1606800000,"adm3_psgc":1606816000,"adm4_psgc":1606816011,"adm4_en":"Mahayag","geo_level":"Bgy","len_crs":12971,"area_crs":8367022,"len_km":12,"area_km2":8},"id":1606816011},{"arcs":[[39,40,-39,41,42]],"type":"Polygon","properties":{"adm1_psgc":1600000000,"adm2_psgc":1606800000,"adm3_psgc":1606816000,"adm4_psgc":1606816012,"adm4_en":"Patong","geo_level":"Bgy","len_crs":14648,"area_crs":8471964,"len_km":14,"area_km2":8},"id":1606816012},{"arcs":[[43,-12,44,-40,45]],"type":"Polygon","properties":{"adm1_psgc":1600000000,"adm2_psgc":1606800000,"adm3_psgc":1606816000,"adm4_psgc":1606816013,"adm4_en":"Poblacion","geo_level":"Bgy","len_crs":12867,"area_crs":7086916,"len_km":12,"area_km2":7},"id":1606816013},{"arcs":[[-42,-38,-30,46,-25,47]],"type":"Polygon","properties":{"adm1_psgc":1600000000,"adm2_psgc":1606800000,"adm3_psgc":1606816000,"adm4_psgc":1606816014,"adm4_en":"Sagbayan","geo_level":"Bgy","len_crs":16013,"area_crs":13119405,"len_km":16,"area_km2":13},"id":1606816014},{"arcs":[[-45,-11,-35,48,-18,-27,-37,-41]],"type":"Polygon","properties":{"adm1_psgc":1600000000,"adm2_psgc":1606800000,"adm3_psgc":1606816000,"adm4_psgc":1606816016,"adm4_en":"San Roque","geo_level":"Bgy","len_crs":49882,"area_crs":47447988,"len_km":49,"area_km2":47},"id":1606816016},{"arcs":[[-46,-43,-48,-24,-19,49]],"type":"Polygon","properties":{"adm1_psgc":1600000000,"adm2_psgc":1606800000,"adm3_psgc":1606816000,"adm4_psgc":1606816017,"adm4_en":"Siagao","geo_level":"Bgy","len_crs":17805,"area_crs":13106363,"len_km":17,"area_km2":13},"id":1606816017},{"arcs":[[-47,-29,50,-21,-26]],"type":"Polygon","properties":{"adm1_psgc":1600000000,"adm2_psgc":1606800000,"adm3_psgc":1606816000,"adm4_psgc":1606816018,"adm4_en":"Umalag","geo_level":"Bgy","len_crs":22766,"area_crs":34013675,"len_km":22,"area_km2":34},"id":1606816018},{"arcs":[[-13,-44,-50,-23,-3,-36]],"type":"Polygon","properties":{"adm1_psgc":1600000000,"adm2_psgc":1606800000,"adm3_psgc":1606816000,"adm4_psgc":1606816019,"adm4_en":"Tina","geo_level":"Bgy","len_crs":33740,"area_crs":29542843,"len_km":33,"area_km2":29},"id":1606816019}]}}}