{"type":"Topology","arcs":[[[402,592],[58,-84]],[[460,508],[-80,32],[-48,45],[-121,29]],[[211,614],[45,76]],[[256,690],[74,-59],[72,-39]],[[492,680],[4,-172]],[[496,508],[-36,0]],[[402,592],[23,71]],[[425,663],[67,17]],[[571,243],[-31,-44],[-51,-11]],[[489,188],[-98,73],[14,61]],[[405,322],[29,-28],[88,-10],[49,-41]],[[405,322],[-4,22]],[[401,344],[37,34],[107,18]],[[545,396],[38,5],[19,-61],[74,-45],[-105,-52]],[[344,424],[-20,-14],[-85,28]],[[239,438],[-12,7]],[[227,445],[-21,51]],[[206,496],[18,9]],[[224,505],[10,3]],[[234,508],[32,-12],[78,-72]],[[468,798],[-91,-9]],[[377,789],[-21,22]],[[356,811],[-24,57]],[[332,868],[79,54]],[[411,922],[57,-124]],[[344,424],[8,3]],[[352,427],[49,-83]],[[405,322],[-33,3],[-125,-59]],[[247,266],[-36,-17]],[[211,249],[50,111],[-22,78]],[[356,92],[-174,128]],[[182,220],[29,29]],[[247,266],[82,-65],[25,-37],[2,-72]],[[211,249],[-64,114],[-81,53]],[[66,416],[70,39]],[[136,455],[91,-10]],[[356,92],[46,-92]],[[402,0],[-52,4],[-106,91],[-62,125]],[[136,455],[-33,67]],[[103,522],[65,13]],[[168,535],[38,-39]],[[356,811],[-93,-28]],[[263,783],[-7,78]],[[256,861],[76,7]],[[256,690],[7,43]],[[263,733],[132,18]],[[395,751],[30,-88]],[[510,470],[35,-74]],[[352,427],[92,56],[66,-13]],[[489,188],[-56,-60],[-31,-128]],[[496,508],[14,-38]],[[234,508],[-21,54]],[[213,562],[-2,52]],[[66,416],[-66,42],[103,64]],[[224,505],[-47,40]],[[177,545],[36,17]],[[395,751],[-18,38]],[[468,798],[24,-118]],[[182,220],[-49,86],[-69,92],[2,18]],[[256,861],[5,69],[56,94],[47,-3],[47,-99]],[[168,535],[9,10]],[[263,733],[0,50]]],"transform":{"scale":[0.00010653743786981429,0.00010790413085937088],"translate":[123.56927008300008,9.190382836000028]},"objects":{"bgysubmuns-municity-706102000":{"type":"GeometryCollection","geometries":[{"arcs":[[0,1,2,3]],"type":"Polygon","properties":{"adm1_psgc":700000000,"adm2_psgc":706100000,"adm3_psgc":706102000,"adm4_psgc":706102001,"adm4_en":"Bagacay","geo_level":"Bgy","len_crs":8533,"area_crs":1722498,"len_km":8,"area_km2":1},"id":706102001},{"arcs":[[4,5,-1,6,7]],"type":"Polygon","properties":{"adm1_psgc":700000000,"adm2_psgc":706100000,"adm3_psgc":706102000,"adm4_psgc":706102002,"adm4_en":"Balolang","geo_level":"Bgy","len_crs":6329,"area_crs":1618260,"len_km":6,"area_km2":1},"id":706102002},{"arcs":[[8,9,10]],"type":"Polygon","properties":{"adm1_psgc":700000000,"adm2_psgc":706100000,"adm3_psgc":706102000,"adm4_psgc":706102003,"adm4_en":"Basac","geo_level":"Bgy","len_crs":7139,"area_crs":1594776,"len_km":7,"area_km2":1},"id":706102003},{"arcs":[[-11,11,12,13]],"type":"Polygon","properties":{"adm1_psgc":700000000,"adm2_psgc":706100000,"adm3_psgc":706102000,"adm4_psgc":706102004,"adm4_en":"Bintangan","geo_level":"Bgy","len_crs":9842,"area_crs":3472019,"len_km":9,"area_km2":3},"id":706102004},{"arcs":[[14,15,16,17,18,19]],"type":"Polygon","properties":{"adm1_psgc":700000000,"adm2_psgc":706100000,"adm3_psgc":706102000,"adm4_psgc":706102005,"adm4_en":"Bontod","geo_level":"Bgy","len_crs":4929,"area_crs":908316,"len_km":4,"area_km2":0},"id":706102005},{"arcs":[[20,21,22,23,24]],"type":"Polygon","properties":{"adm1_psgc":700000000,"adm2_psgc":706100000,"adm3_psgc":706102000,"adm4_psgc":706102006,"adm4_en":"Cabulihan","geo_level":"Bgy","len_crs":5763,"area_crs":1692360,"len_km":5,"area_km2":1},"id":706102006},{"arcs":[[25,26,-12,27,28,29,-15]],"type":"Polygon","properties":{"adm1_psgc":700000000,"adm2_psgc":706100000,"adm3_psgc":706102000,"adm4_psgc":706102007,"adm4_en":"Calunasan","geo_level":"Bgy","len_crs":8164,"area_crs":2336566,"len_km":8,"area_km2":2},"id":706102007},{"arcs":[[30,31,-29,32]],"type":"Polygon","properties":{"adm1_psgc":700000000,"adm2_psgc":706100000,"adm3_psgc":706102000,"adm4_psgc":706102008,"adm4_en":"Candigum","geo_level":"Bgy","len_crs":6867,"area_crs":1882237,"len_km":6,"area_km2":1},"id":706102008},{"arcs":[[-16,-30,33,34,35]],"type":"Polygon","properties":{"adm1_psgc":700000000,"adm2_psgc":706100000,"adm3_psgc":706102000,"adm4_psgc":706102009,"adm4_en":"Cang-allas","geo_level":"Bgy","len_crs":8702,"area_crs":2554718,"len_km":8,"area_km2":2},"id":706102009},{"arcs":[[36,37,-31]],"type":"Polygon","properties":{"adm1_psgc":700000000,"adm2_psgc":706100000,"adm3_psgc":706102000,"adm4_psgc":706102010,"adm4_en":"Cang-apa","geo_level":"Bgy","len_crs":8649,"area_crs":1852253,"len_km":8,"area_km2":1},"id":706102010},{"arcs":[[-17,-36,38,39,40]],"type":"Polygon","properties":{"adm1_psgc":700000000,"adm2_psgc":706100000,"adm3_psgc":706102000,"adm4_psgc":706102011,"adm4_en":"Cangbagsa","geo_level":"Bgy","len_crs":5106,"area_crs":1000817,"len_km":5,"area_km2":1},"id":706102011},{"arcs":[[-23,41,42,43]],"type":"Polygon","properties":{"adm1_psgc":700000000,"adm2_psgc":706100000,"adm3_psgc":706102000,"adm4_psgc":706102012,"adm4_en":"Cangmalalag","geo_level":"Bgy","len_crs":4053,"area_crs":839379,"len_km":4,"area_km2":0},"id":706102012},{"arcs":[[-7,-4,44,45,46]],"type":"Polygon","properties":{"adm1_psgc":700000000,"adm2_psgc":706100000,"adm3_psgc":706102000,"adm4_psgc":706102013,"adm4_en":"Canlambo","geo_level":"Bgy","len_crs":7087,"area_crs":2157373,"len_km":7,"area_km2":2},"id":706102013},{"arcs":[[47,-13,-27,48]],"type":"Polygon","properties":{"adm1_psgc":700000000,"adm2_psgc":706100000,"adm3_psgc":706102000,"adm4_psgc":706102014,"adm4_en":"Canlasog","geo_level":"Bgy","len_crs":7054,"area_crs":2267815,"len_km":7,"area_km2":2},"id":706102014},{"arcs":[[-10,49,-37,-33,-28]],"type":"Polygon","properties":{"adm1_psgc":700000000,"adm2_psgc":706100000,"adm3_psgc":706102000,"adm4_psgc":706102015,"adm4_en":"Catamboan","geo_level":"Bgy","len_crs":11293,"area_crs":4267016,"len_km":11,"area_km2":4},"id":706102015},{"arcs":[[-6,50,-49,-26,-20,51,52,-2]],"type":"Polygon","properties":{"adm1_psgc":700000000,"adm2_psgc":706100000,"adm3_psgc":706102000,"adm4_psgc":706102016,"adm4_en":"Helen","geo_level":"Bgy","len_crs":11107,"area_crs":3572790,"len_km":11,"area_km2":3},"id":706102016},{"arcs":[[-39,-35,53]],"type":"Polygon","properties":{"adm1_psgc":700000000,"adm2_psgc":706100000,"adm3_psgc":706102000,"adm4_psgc":706102017,"adm4_en":"Nonoc","geo_level":"Bgy","len_crs":5293,"area_crs":1134948,"len_km":5,"area_km2":1},"id":706102017},{"arcs":[[-52,-19,54,55]],"type":"Polygon","properties":{"adm1_psgc":700000000,"adm2_psgc":706100000,"adm3_psgc":706102000,"adm4_psgc":706102018,"adm4_en":"North Poblacion","geo_level":"Bgy","len_crs":2359,"area_crs":216569,"len_km":2,"area_km2":0},"id":706102018},{"arcs":[[-8,-47,56,-21,57]],"type":"Polygon","properties":{"adm1_psgc":700000000,"adm2_psgc":706100000,"adm3_psgc":706102000,"adm4_psgc":706102019,"adm4_en":"South Poblacion","geo_level":"Bgy","len_crs":5821,"area_crs":1322193,"len_km":5,"area_km2":1},"id":706102019},{"arcs":[[-32,58,-34]],"type":"Polygon","properties":{"adm1_psgc":700000000,"adm2_psgc":706100000,"adm3_psgc":706102000,"adm4_psgc":706102020,"adm4_en":"Ponong","geo_level":"Bgy","len_crs":6183,"area_crs":1131598,"len_km":6,"area_km2":1},"id":706102020},{"arcs":[[-24,-44,59]],"type":"Polygon","properties":{"adm1_psgc":700000000,"adm2_psgc":706100000,"adm3_psgc":706102000,"adm4_psgc":706102021,"adm4_en":"Sabang","geo_level":"Bgy","len_crs":6809,"area_crs":2306290,"len_km":6,"area_km2":2},"id":706102021},{"arcs":[[-18,-41,60,-55]],"type":"Polygon","properties":{"adm1_psgc":700000000,"adm2_psgc":706100000,"adm3_psgc":706102000,"adm4_psgc":706102022,"adm4_en":"Sandugan","geo_level":"Bgy","len_crs":2016,"area_crs":214285,"len_km":2,"area_km2":0},"id":706102022},{"arcs":[[-57,-46,61,-42,-22]],"type":"Polygon","properties":{"adm1_psgc":700000000,"adm2_psgc":706100000,"adm3_psgc":706102000,"adm4_psgc":706102023,"adm4_en":"Taculing","geo_level":"Bgy","len_crs":4505,"area_crs":990960,"len_km":4,"area_km2":0},"id":706102023}]}}}