{"type":"Topology","arcs":[[[543,170],[-89,-68],[-79,-11],[-256,-88]],[[119,3],[63,77],[24,89],[29,41],[10,99],[-14,45]],[[231,354],[77,18]],[[308,372],[63,-36],[52,-13],[46,-120],[1,-36],[73,3]],[[289,1057],[43,-81]],[[332,976],[-65,-20],[19,-54]],[[286,902],[-93,2],[-126,-76]],[[67,828],[-4,52],[26,68],[45,-6],[42,31],[47,112]],[[223,1085],[61,5],[5,-33]],[[674,986],[56,-22],[60,5],[70,-179]],[[860,790],[-18,-6]],[[842,784],[-77,54],[-59,-10],[-34,-45],[-24,11]],[[648,794],[-19,100],[-60,-23],[-15,-26],[-54,-8],[-64,41]],[[436,878],[-13,13]],[[423,891],[8,112]],[[431,1003],[4,15]],[[435,1018],[32,0],[55,40]],[[522,1058],[12,-24],[140,-48]],[[119,3],[-53,-3],[-29,23],[16,49],[-4,77],[53,25],[58,45],[-13,83],[-49,54],[-60,11]],[[38,367],[81,15],[112,-28]],[[431,1003],[-37,-4]],[[394,999],[-59,7],[-46,51]],[[223,1085],[-40,-7],[-9,69],[-40,40],[-4,88],[15,31]],[[145,1306],[81,20],[44,25]],[[270,1351],[42,-29],[5,-43],[101,-184],[17,-77]],[[791,1143],[-48,-102],[-69,-55]],[[522,1058],[42,91],[59,9],[36,146],[12,18]],[[671,1322],[90,-80],[30,-99]],[[369,939],[54,-48]],[[436,878],[-79,0],[-71,24]],[[332,976],[37,-37]],[[38,367],[-28,45],[6,65],[40,65]],[[56,542],[84,-6],[54,27],[61,-21],[29,23]],[[284,565],[39,-74],[-15,-119]],[[320,1497],[22,-44],[-72,-102]],[[145,1306],[-23,31],[-98,8],[-24,37],[46,79],[-17,49],[8,57],[40,68],[82,5],[64,-19],[97,-124]],[[648,794],[-35,-33],[1,-60],[-18,-43]],[[596,658],[-52,-11],[-84,10],[-43,-24],[-65,15]],[[352,648],[-57,34],[-37,67],[-36,0],[-94,-32]],[[128,717],[-23,62],[-38,49]],[[596,658],[64,-23]],[[660,635],[-117,-465]],[[284,565],[68,83]],[[320,1497],[115,1],[80,-34],[41,-31],[21,-79],[54,-4],[40,-28]],[[369,939],[25,60]],[[842,784],[-22,-81],[-160,-68]],[[56,542],[33,66],[-9,61],[48,48]],[[791,1143],[85,-37],[69,25],[56,-10],[1,-88],[49,-95],[-191,-148]]],"transform":{"scale":[0.00011686942721215427,0.00012905383231705307],"translate":[119.75490576600009,15.993168925000077]},"objects":{"bgysubmuns-municity-105501000":{"type":"GeometryCollection","geometries":[{"arcs":[[0,1,2,3]],"type":"Polygon","properties":{"adm1_psgc":100000000,"adm2_psgc":105500000,"adm3_psgc":105501000,"adm4_psgc":105501001,"adm4_en":"Allabon","geo_level":"Bgy","len_crs":17304,"area_crs":12403051,"len_km":17,"area_km2":12},"id":105501001},{"arcs":[[4,5,6,7,8]],"type":"Polygon","properties":{"adm1_psgc":100000000,"adm2_psgc":105500000,"adm3_psgc":105501000,"adm4_psgc":105501002,"adm4_en":"Aloleng","geo_level":"Bgy","len_crs":13223,"area_crs":5152442,"len_km":13,"area_km2":5},"id":105501002},{"arcs":[[9,10,11,12,13,14,15,16,17]],"type":"Polygon","properties":{"adm1_psgc":100000000,"adm2_psgc":105500000,"adm3_psgc":105501000,"adm4_psgc":105501003,"adm4_en":"Bangan-Oda","geo_level":"Bgy","len_crs":18202,"area_crs":11385804,"len_km":18,"area_km2":11},"id":105501003},{"arcs":[[-2,18,19]],"type":"Polygon","properties":{"adm1_psgc":100000000,"adm2_psgc":105500000,"adm3_psgc":105501000,"adm4_psgc":105501004,"adm4_en":"Baruan","geo_level":"Bgy","len_crs":18240,"area_crs":7292820,"len_km":18,"area_km2":7},"id":105501004},{"arcs":[[-16,20,21,-9,22,23,24]],"type":"Polygon","properties":{"adm1_psgc":100000000,"adm2_psgc":105500000,"adm3_psgc":105501000,"adm4_psgc":105501005,"adm4_en":"Boboy","geo_level":"Bgy","len_crs":15460,"area_crs":10818929,"len_km":15,"area_km2":10},"id":105501005},{"arcs":[[25,-18,26,27]],"type":"Polygon","properties":{"adm1_psgc":100000000,"adm2_psgc":105500000,"adm3_psgc":105501000,"adm4_psgc":105501006,"adm4_en":"Cayungnan","geo_level":"Bgy","len_crs":13086,"area_crs":8722047,"len_km":13,"area_km2":8},"id":105501006},{"arcs":[[28,-14,29,-6,30]],"type":"Polygon","properties":{"adm1_psgc":100000000,"adm2_psgc":105500000,"adm3_psgc":105501000,"adm4_psgc":105501007,"adm4_en":"Dangley","geo_level":"Bgy","len_crs":5771,"area_crs":1673380,"len_km":5,"area_km2":1},"id":105501007},{"arcs":[[-3,-20,31,32,33]],"type":"Polygon","properties":{"adm1_psgc":100000000,"adm2_psgc":105500000,"adm3_psgc":105501000,"adm4_psgc":105501009,"adm4_en":"Gayusan","geo_level":"Bgy","len_crs":12827,"area_crs":9242615,"len_km":12,"area_km2":9},"id":105501009},{"arcs":[[34,-24,35]],"type":"Polygon","properties":{"adm1_psgc":100000000,"adm2_psgc":105500000,"adm3_psgc":105501000,"adm4_psgc":105501010,"adm4_en":"Macaboboni","geo_level":"Bgy","len_crs":17817,"area_crs":13818014,"len_km":17,"area_km2":13},"id":105501010},{"arcs":[[-30,-13,36,37,38,39,-7]],"type":"Polygon","properties":{"adm1_psgc":100000000,"adm2_psgc":105500000,"adm3_psgc":105501000,"adm4_psgc":105501011,"adm4_en":"Magsaysay","geo_level":"Bgy","len_crs":20745,"area_crs":18431110,"len_km":20,"area_km2":18},"id":105501011},{"arcs":[[40,41,-4,-34,42,-38]],"type":"Polygon","properties":{"adm1_psgc":100000000,"adm2_psgc":105500000,"adm3_psgc":105501000,"adm4_psgc":105501012,"adm4_en":"Namatucan","geo_level":"Bgy","len_crs":20373,"area_crs":20412006,"len_km":20,"area_km2":20},"id":105501012},{"arcs":[[-27,-17,-25,-35,43]],"type":"Polygon","properties":{"adm1_psgc":100000000,"adm2_psgc":105500000,"adm3_psgc":105501000,"adm4_psgc":105501013,"adm4_en":"Patar","geo_level":"Bgy","len_crs":20475,"area_crs":19718351,"len_km":20,"area_km2":19},"id":105501013},{"arcs":[[-29,44,-21,-15]],"type":"Polygon","properties":{"adm1_psgc":100000000,"adm2_psgc":105500000,"adm3_psgc":105501000,"adm4_psgc":105501014,"adm4_en":"Poblacion East","geo_level":"Bgy","len_crs":4074,"area_crs":779127,"len_km":4,"area_km2":0},"id":105501014},{"arcs":[[-45,-31,-5,-22]],"type":"Polygon","properties":{"adm1_psgc":100000000,"adm2_psgc":105500000,"adm3_psgc":105501000,"adm4_psgc":105501015,"adm4_en":"Poblacion West","geo_level":"Bgy","len_crs":4667,"area_crs":671034,"len_km":4,"area_km2":0},"id":105501015},{"arcs":[[45,-41,-37,-12]],"type":"Polygon","properties":{"adm1_psgc":100000000,"adm2_psgc":105500000,"adm3_psgc":105501000,"adm4_psgc":105501016,"adm4_en":"San Juan","geo_level":"Bgy","len_crs":9688,"area_crs":5705601,"len_km":9,"area_km2":5},"id":105501016},{"arcs":[[-43,-33,46,-39]],"type":"Polygon","properties":{"adm1_psgc":100000000,"adm2_psgc":105500000,"adm3_psgc":105501000,"adm4_psgc":105501017,"adm4_en":"Tupa","geo_level":"Bgy","len_crs":11844,"area_crs":7503729,"len_km":11,"area_km2":7},"id":105501017},{"arcs":[[-10,-26,47]],"type":"Polygon","properties":{"adm1_psgc":100000000,"adm2_psgc":105500000,"adm3_psgc":105501000,"adm4_psgc":105501018,"adm4_en":"Viga","geo_level":"Bgy","len_crs":16878,"area_crs":12398843,"len_km":16,"area_km2":12},"id":105501018}]}}}