{"type":"Topology","arcs":[[[796,640],[-18,-39],[-66,-9]],[[712,592],[-77,37],[-27,54]],[[608,683],[-35,52]],[[573,735],[59,21],[47,-3],[48,31],[70,76]],[[797,860],[-1,-220]],[[925,461],[-29,141],[25,40]],[[921,642],[42,4],[57,24],[56,-26],[-6,-41],[-92,-123],[-53,-19]],[[490,210],[2,-86],[-31,-76],[-22,-11],[-74,88],[-46,3],[-59,58],[1,74]],[[261,260],[74,-4],[155,-46]],[[688,355],[-40,-23],[-62,-3]],[[586,329],[22,23],[3,51]],[[611,403],[56,3],[21,-51]],[[226,321],[1,-29]],[[227,292],[-26,-140],[-22,-26]],[[179,126],[-50,25],[-129,-46]],[[0,105],[38,108],[-27,113],[15,143],[0,49],[46,38]],[[72,556],[74,-114],[51,-59],[29,-62]],[[395,690],[-28,-109],[-21,-52]],[[346,529],[-1,-5]],[[345,524],[-128,40],[-31,25],[-10,82]],[[176,671],[-100,61],[40,23]],[[116,755],[74,3],[42,-40],[36,34],[76,43]],[[344,795],[51,-105]],[[925,461],[-117,0],[-41,-19],[-27,-57],[-52,-30]],[[611,403],[-64,24],[-21,33]],[[526,460],[78,25],[108,107]],[[796,640],[125,2]],[[179,126],[-37,-90],[-41,20],[-50,-46],[-50,-10],[-1,105]],[[573,735],[-178,-45]],[[344,795],[-10,101]],[[334,896],[221,28]],[[555,924],[18,-189]],[[555,924],[16,66]],[[571,990],[50,6],[35,31],[69,35],[18,-79],[54,-123]],[[116,755],[-27,77]],[[89,832],[65,23],[95,49]],[[249,904],[85,-8]],[[89,832],[-20,75]],[[69,907],[47,7],[120,45]],[[236,959],[13,-55]],[[499,490],[27,-30]],[[586,329],[-46,-60],[-33,-7],[-17,-52]],[[261,260],[-34,32]],[[226,321],[43,36],[9,50],[67,117]],[[346,529],[35,-10],[53,-47],[40,-5],[25,23]],[[72,556],[104,115]],[[69,907],[-31,14],[-37,65],[39,25],[37,70],[122,15]],[[199,1096],[35,-41],[2,-96]],[[499,490],[-31,68],[66,66],[74,59]],[[199,1096],[74,-4],[187,-42],[46,-4],[26,-45],[39,-11]]],"transform":{"scale":[0.00012833606319705338,0.00012759940875909766],"translate":[123.08431667000002,7.698448443000071]},"objects":{"bgysubmuns-municity-907311000":{"type":"GeometryCollection","geometries":[{"arcs":[[0,1,2,3,4]],"type":"Polygon","properties":{"adm1_psgc":900000000,"adm2_psgc":907300000,"adm3_psgc":907311000,"adm4_psgc":907311004,"adm4_en":"Bogayo","geo_level":"Bgy","len_crs":11514,"area_crs":6459999,"len_km":11,"area_km2":6},"id":907311004},{"arcs":[[5,6]],"type":"Polygon","properties":{"adm1_psgc":900000000,"adm2_psgc":907300000,"adm3_psgc":907311000,"adm4_psgc":907311005,"adm4_en":"Bolisong","geo_level":"Bgy","len_crs":8605,"area_crs":4620755,"len_km":8,"area_km2":4},"id":907311005},{"arcs":[[7,8]],"type":"Polygon","properties":{"adm1_psgc":900000000,"adm2_psgc":907300000,"adm3_psgc":907311000,"adm4_psgc":907311006,"adm4_en":"Bualan","geo_level":"Bgy","len_crs":14678,"area_crs":6233755,"len_km":14,"area_km2":6},"id":907311006},{"arcs":[[9,10,11]],"type":"Polygon","properties":{"adm1_psgc":900000000,"adm2_psgc":907300000,"adm3_psgc":907311000,"adm4_psgc":907311008,"adm4_en":"Boyugan East","geo_level":"Bgy","len_crs":5574,"area_crs":1201257,"len_km":5,"area_km2":1},"id":907311008},{"arcs":[[12,13,14,15,16]],"type":"Polygon","properties":{"adm1_psgc":900000000,"adm2_psgc":907300000,"adm3_psgc":907311000,"adm4_psgc":907311009,"adm4_en":"Boyugan West","geo_level":"Bgy","len_crs":17480,"area_crs":13045527,"len_km":17,"area_km2":13},"id":907311009},{"arcs":[[17,18,19,20,21,22]],"type":"Polygon","properties":{"adm1_psgc":900000000,"adm2_psgc":907300000,"adm3_psgc":907311000,"adm4_psgc":907311010,"adm4_en":"Diplo","geo_level":"Bgy","len_crs":13921,"area_crs":9126471,"len_km":13,"area_km2":9},"id":907311010},{"arcs":[[23,-12,24,25,-1,26,-6]],"type":"Polygon","properties":{"adm1_psgc":900000000,"adm2_psgc":907300000,"adm3_psgc":907311000,"adm4_psgc":907311013,"adm4_en":"Gawil","geo_level":"Bgy","len_crs":16608,"area_crs":11066108,"len_km":16,"area_km2":11},"id":907311013},{"arcs":[[27,-15]],"type":"Polygon","properties":{"adm1_psgc":900000000,"adm2_psgc":907300000,"adm3_psgc":907311000,"adm4_psgc":907311014,"adm4_en":"Gusom","geo_level":"Bgy","len_crs":11094,"area_crs":3315662,"len_km":11,"area_km2":3},"id":907311014},{"arcs":[[28,-23,29,30,31]],"type":"Polygon","properties":{"adm1_psgc":900000000,"adm2_psgc":907300000,"adm3_psgc":907311000,"adm4_psgc":907311015,"adm4_en":"Kitaan Dagat","geo_level":"Bgy","len_crs":11505,"area_crs":8583745,"len_km":11,"area_km2":8},"id":907311015},{"arcs":[[-4,-32,32,33]],"type":"Polygon","properties":{"adm1_psgc":900000000,"adm2_psgc":907300000,"adm3_psgc":907311000,"adm4_psgc":907311017,"adm4_en":"Limamawan","geo_level":"Bgy","len_crs":13001,"area_crs":10281107,"len_km":13,"area_km2":10},"id":907311017},{"arcs":[[-30,-22,34,35,36]],"type":"Polygon","properties":{"adm1_psgc":900000000,"adm2_psgc":907300000,"adm3_psgc":907311000,"adm4_psgc":907311019,"adm4_en":"Mahayahay","geo_level":"Bgy","len_crs":10188,"area_crs":6064726,"len_km":10,"area_km2":6},"id":907311019},{"arcs":[[-36,37,38,39]],"type":"Polygon","properties":{"adm1_psgc":900000000,"adm2_psgc":907300000,"adm3_psgc":907311000,"adm4_psgc":907311020,"adm4_en":"Pangi","geo_level":"Bgy","len_crs":6900,"area_crs":2292585,"len_km":6,"area_km2":2},"id":907311020},{"arcs":[[40,-25,-11,41,-9,42,-13,43,-19,44]],"type":"Polygon","properties":{"adm1_psgc":900000000,"adm2_psgc":907300000,"adm3_psgc":907311000,"adm4_psgc":907311022,"adm4_en":"Poblacion","geo_level":"Bgy","len_crs":17347,"area_crs":14700323,"len_km":17,"area_km2":14},"id":907311022},{"arcs":[[-44,-17,45,-20]],"type":"Polygon","properties":{"adm1_psgc":900000000,"adm2_psgc":907300000,"adm3_psgc":907311000,"adm4_psgc":907311023,"adm4_en":"Picanan","geo_level":"Bgy","len_crs":13328,"area_crs":8089673,"len_km":13,"area_km2":8},"id":907311023},{"arcs":[[-39,46,47]],"type":"Polygon","properties":{"adm1_psgc":900000000,"adm2_psgc":907300000,"adm3_psgc":907311000,"adm4_psgc":907311024,"adm4_en":"Salagmanok","geo_level":"Bgy","len_crs":10205,"area_crs":6457890,"len_km":10,"area_km2":6},"id":907311024},{"arcs":[[-26,-41,48,-2]],"type":"Polygon","properties":{"adm1_psgc":900000000,"adm2_psgc":907300000,"adm3_psgc":907311000,"adm4_psgc":907311026,"adm4_en":"Secade","geo_level":"Bgy","len_crs":9666,"area_crs":5645072,"len_km":9,"area_km2":5},"id":907311026},{"arcs":[[-33,-31,-37,-40,-48,49]],"type":"Polygon","properties":{"adm1_psgc":900000000,"adm2_psgc":907300000,"adm3_psgc":907311000,"adm4_psgc":907311027,"adm4_en":"Suminalum","geo_level":"Bgy","len_crs":14125,"area_crs":10032978,"len_km":14,"area_km2":10},"id":907311027},{"arcs":[[-49,-45,-18,-29,-3]],"type":"Polygon","properties":{"adm1_psgc":900000000,"adm2_psgc":907300000,"adm3_psgc":907311000,"adm4_psgc":907311029,"adm4_en":"Lantawan","geo_level":"Bgy","len_crs":12226,"area_crs":6885830,"len_km":12,"area_km2":6},"id":907311029}]}}}