{"type":"Topology","arcs":[[[575,575],[-29,-19],[-20,-63],[9,-63]],[[535,430],[-147,-137],[-21,-37],[-193,-158],[-91,-98],[-52,355]],[[31,355],[281,129],[157,121],[58,51]],[[527,656],[48,-81]],[[577,897],[44,-26]],[[621,871],[-49,-70]],[[572,801],[-78,-29]],[[494,772],[-15,43]],[[479,815],[54,37],[44,45]],[[672,743],[-12,-34],[26,-24]],[[686,685],[-9,-7]],[[677,678],[-80,22],[-7,14]],[[590,714],[18,3]],[[608,717],[16,-6],[11,28],[37,4]],[[428,881],[25,-63]],[[453,818],[-16,-13],[-44,-4],[-33,-15],[-29,-52],[-21,22]],[[310,756],[57,90],[50,59]],[[417,905],[11,-24]],[[479,815],[-26,3]],[[428,881],[21,31],[29,18]],[[478,930],[38,-8],[25,-20],[36,-5]],[[310,756],[-62,-68],[-248,-136]],[[0,552],[60,173]],[[60,725],[86,58],[98,104]],[[244,887],[10,-64],[35,29],[69,70]],[[358,922],[59,-17]],[[639,525],[-29,65]],[[610,590],[40,67],[27,21]],[[686,685],[36,-27],[19,-39],[-102,-94]],[[494,772],[-85,-31],[-127,-86],[-272,-159]],[[10,496],[-10,56]],[[482,698],[-16,1],[-78,-40],[-124,-116],[-245,-110]],[[19,433],[-9,63]],[[494,772],[6,-33],[-20,-8],[2,-33]],[[676,775],[-32,6],[-63,-4]],[[581,777],[-9,24]],[[621,871],[37,-23],[16,-38],[2,-35]],[[327,1068],[-68,-41],[-50,-17]],[[209,1010],[12,61],[-3,19],[61,27],[28,-18],[20,-31]],[[355,1032],[40,-53],[19,-9],[18,-29],[46,-11]],[[358,922],[-31,25],[-11,31]],[[316,978],[39,54]],[[482,698],[26,-2]],[[508,696],[19,-40]],[[31,355],[-12,78]],[[610,590],[-35,-15]],[[508,696],[82,18]],[[244,887],[40,68],[32,23]],[[639,525],[-104,-95]],[[676,775],[-4,-32]],[[608,717],[-27,60]],[[60,725],[37,108],[45,121],[19,30],[48,26]],[[327,1068],[28,-36]]],"transform":{"scale":[0.00014955985695010995,0.00012657996866609773],"translate":[124.92573898700005,8.811678011000026]},"objects":{"bgysubmuns-municity-1004319000":{"type":"GeometryCollection","geometries":[{"arcs":[[0,1,2,3]],"type":"Polygon","properties":{"adm1_psgc":1000000000,"adm2_psgc":1004300000,"adm3_psgc":1004319000,"adm4_psgc":1004319001,"adm4_en":"Bangbang","geo_level":"Bgy","len_crs":27663,"area_crs":32295046,"len_km":27,"area_km2":32},"id":1004319001},{"arcs":[[4,5,6,7,8]],"type":"Polygon","properties":{"adm1_psgc":1000000000,"adm2_psgc":1004300000,"adm3_psgc":1004319000,"adm4_psgc":1004319002,"adm4_en":"Bulwa","geo_level":"Bgy","len_crs":6275,"area_crs":1878476,"len_km":6,"area_km2":1},"id":1004319002},{"arcs":[[9,10,11,12,13]],"type":"Polygon","properties":{"adm1_psgc":1000000000,"adm2_psgc":1004300000,"adm3_psgc":1004319000,"adm4_psgc":1004319003,"adm4_en":"Cabug","geo_level":"Bgy","len_crs":4704,"area_crs":668804,"len_km":4,"area_km2":0},"id":1004319003},{"arcs":[[14,15,16,17]],"type":"Polygon","properties":{"adm1_psgc":1000000000,"adm2_psgc":1004300000,"adm3_psgc":1004319000,"adm4_psgc":1004319004,"adm4_en":"Dig-aguyan","geo_level":"Bgy","len_crs":7259,"area_crs":1943570,"len_km":7,"area_km2":1},"id":1004319004},{"arcs":[[-9,18,-15,19,20]],"type":"Polygon","properties":{"adm1_psgc":1000000000,"adm2_psgc":1004300000,"adm3_psgc":1004319000,"adm4_psgc":1004319005,"adm4_en":"Duka","geo_level":"Bgy","len_crs":6779,"area_crs":2297819,"len_km":6,"area_km2":2},"id":1004319005},{"arcs":[[-17,21,22,23,24,25]],"type":"Polygon","properties":{"adm1_psgc":1000000000,"adm2_psgc":1004300000,"adm3_psgc":1004319000,"adm4_psgc":1004319006,"adm4_en":"Gasa","geo_level":"Bgy","len_crs":19168,"area_crs":11552976,"len_km":19,"area_km2":11},"id":1004319006},{"arcs":[[26,27,-11,28]],"type":"Polygon","properties":{"adm1_psgc":1000000000,"adm2_psgc":1004300000,"adm3_psgc":1004319000,"adm4_psgc":1004319007,"adm4_en":"Maanas","geo_level":"Bgy","len_crs":6741,"area_crs":2474792,"len_km":6,"area_km2":2},"id":1004319007},{"arcs":[[-8,29,30,-22,-16,-19]],"type":"Polygon","properties":{"adm1_psgc":1000000000,"adm2_psgc":1004300000,"adm3_psgc":1004319000,"adm4_psgc":1004319008,"adm4_en":"Mananum Bag-o","geo_level":"Bgy","len_crs":19834,"area_crs":6649204,"len_km":19,"area_km2":6},"id":1004319008},{"arcs":[[31,32,-30,33]],"type":"Polygon","properties":{"adm1_psgc":1000000000,"adm2_psgc":1004300000,"adm3_psgc":1004319000,"adm4_psgc":1004319009,"adm4_en":"Mananum Daan","geo_level":"Bgy","len_crs":19662,"area_crs":8833058,"len_km":19,"area_km2":8},"id":1004319009},{"arcs":[[34,35,-6,36]],"type":"Polygon","properties":{"adm1_psgc":1000000000,"adm2_psgc":1004300000,"adm3_psgc":1004319000,"adm4_psgc":1004319011,"adm4_en":"North Poblacion","geo_level":"Bgy","len_crs":5597,"area_crs":1543163,"len_km":5,"area_km2":1},"id":1004319011},{"arcs":[[37,38]],"type":"Polygon","properties":{"adm1_psgc":1000000000,"adm2_psgc":1004300000,"adm3_psgc":1004319000,"adm4_psgc":1004319012,"adm4_en":"Pahindong","geo_level":"Bgy","len_crs":5547,"area_crs":1660384,"len_km":5,"area_km2":1},"id":1004319012},{"arcs":[[39,-20,-18,-26,40,41]],"type":"Polygon","properties":{"adm1_psgc":1000000000,"adm2_psgc":1004300000,"adm3_psgc":1004319000,"adm4_psgc":1004319013,"adm4_en":"Portulin","geo_level":"Bgy","len_crs":8154,"area_crs":2099975,"len_km":8,"area_km2":2},"id":1004319013},{"arcs":[[42,43,-3,44,-32]],"type":"Polygon","properties":{"adm1_psgc":1000000000,"adm2_psgc":1004300000,"adm3_psgc":1004319000,"adm4_psgc":1004319014,"adm4_en":"San Isidro","geo_level":"Bgy","len_crs":20016,"area_crs":10288436,"len_km":20,"area_km2":10},"id":1004319014},{"arcs":[[-28,45,-4,-44,46,-12]],"type":"Polygon","properties":{"adm1_psgc":1000000000,"adm2_psgc":1004300000,"adm3_psgc":1004319000,"adm4_psgc":1004319015,"adm4_en":"San Jose","geo_level":"Bgy","len_crs":7278,"area_crs":2804665,"len_km":7,"area_km2":2},"id":1004319015},{"arcs":[[-25,47,-41]],"type":"Polygon","properties":{"adm1_psgc":1000000000,"adm2_psgc":1004300000,"adm3_psgc":1004319000,"adm4_psgc":1004319016,"adm4_en":"San Roque","geo_level":"Bgy","len_crs":6090,"area_crs":1915866,"len_km":6,"area_km2":1},"id":1004319016},{"arcs":[[48,-1,-46,-27]],"type":"Polygon","properties":{"adm1_psgc":1000000000,"adm2_psgc":1004300000,"adm3_psgc":1004319000,"adm4_psgc":1004319017,"adm4_en":"San Vicente","geo_level":"Bgy","len_crs":6195,"area_crs":2214859,"len_km":6,"area_km2":2},"id":1004319017},{"arcs":[[49,-14,50,-35]],"type":"Polygon","properties":{"adm1_psgc":1000000000,"adm2_psgc":1004300000,"adm3_psgc":1004319000,"adm4_psgc":1004319018,"adm4_en":"South Poblacion","geo_level":"Bgy","len_crs":4345,"area_crs":883668,"len_km":4,"area_km2":0},"id":1004319018},{"arcs":[[-51,-13,-47,-43,-34,-7,-36]],"type":"Polygon","properties":{"adm1_psgc":1000000000,"adm2_psgc":1004300000,"adm3_psgc":1004319000,"adm4_psgc":1004319019,"adm4_en":"Tambagan","geo_level":"Bgy","len_crs":6036,"area_crs":1983914,"len_km":6,"area_km2":1},"id":1004319019},{"arcs":[[-42,-48,-24,51,-38,52]],"type":"Polygon","properties":{"adm1_psgc":1000000000,"adm2_psgc":1004300000,"adm3_psgc":1004319000,"adm4_psgc":1004319020,"adm4_en":"Tup-on","geo_level":"Bgy","len_crs":14473,"area_crs":7639671,"len_km":14,"area_km2":7},"id":1004319020}]}}}