{"type":"Topology","arcs":[[[396,0],[21,19]],[[417,19],[17,13]],[[434,32],[-38,-32]],[[402,178],[-50,-51]],[[352,127],[-108,135]],[[244,262],[24,44]],[[268,306],[81,-105],[53,-23]],[[365,316],[72,-134]],[[437,182],[-24,-16]],[[413,166],[-11,12]],[[268,306],[58,49]],[[326,355],[39,-39]],[[244,262],[-65,-43]],[[179,219],[-31,95],[-64,78]],[[84,392],[162,76]],[[246,468],[80,-113]],[[352,127],[32,-10]],[[384,117],[-68,-17]],[[316,100],[-36,-15]],[[280,85],[-101,134]],[[595,363],[-74,-30]],[[521,333],[-59,30]],[[462,363],[-24,23]],[[438,386],[-42,40]],[[396,426],[107,63],[92,-126]],[[521,333],[21,-45]],[[542,288],[-31,-44]],[[511,244],[-24,19]],[[487,263],[-25,100]],[[590,205],[-19,90]],[[571,295],[45,10]],[[616,305],[45,-56],[-71,-44]],[[511,244],[24,-72]],[[535,172],[-46,-21]],[[489,151],[-52,31]],[[437,182],[50,81]],[[590,205],[-55,-33]],[[542,288],[29,7]],[[595,363],[21,-58]],[[451,60],[-12,-13]],[[439,47],[-52,20]],[[387,67],[8,17]],[[395,84],[56,-24]],[[439,47],[-5,-15]],[[417,19],[-33,16]],[[384,35],[3,32]],[[396,0],[-121,24],[5,61]],[[316,100],[68,-65]],[[465,110],[-14,-50]],[[395,84],[-11,33]],[[384,117],[81,-7]],[[365,316],[73,70]],[[489,151],[-18,-19]],[[471,132],[-58,34]],[[471,132],[-6,-22]],[[246,468],[-13,122]],[[233,590],[107,27],[-22,-134],[78,-57]],[[84,392],[-84,103],[146,105],[87,-10]]],"transform":{"scale":[0.00015570066868367274,0.0001679941539708308],"translate":[124.33351183200011,9.685885851000025]},"objects":{"bgysubmuns-municity-701221000":{"type":"GeometryCollection","geometries":[{"arcs":[[0,1,2]],"type":"Polygon","properties":{"adm1_psgc":700000000,"adm2_psgc":701200000,"adm3_psgc":701221000,"adm4_psgc":701221001,"adm4_en":"Alejawan","geo_level":"Bgy","len_crs":3360,"area_crs":485521,"len_km":3,"area_km2":0},"id":701221001},{"arcs":[[3,4,5,6]],"type":"Polygon","properties":{"adm1_psgc":700000000,"adm2_psgc":701200000,"adm3_psgc":701221000,"adm4_psgc":701221002,"adm4_en":"Angilan","geo_level":"Bgy","len_crs":8844,"area_crs":3398679,"len_km":8,"area_km2":3},"id":701221002},{"arcs":[[7,8,9,-7,10,11]],"type":"Polygon","properties":{"adm1_psgc":700000000,"adm2_psgc":701200000,"adm3_psgc":701221000,"adm4_psgc":701221003,"adm4_en":"Anibongan","geo_level":"Bgy","len_crs":9310,"area_crs":4189282,"len_km":9,"area_km2":4},"id":701221003},{"arcs":[[-11,-6,12,13,14,15]],"type":"Polygon","properties":{"adm1_psgc":700000000,"adm2_psgc":701200000,"adm3_psgc":701221000,"adm4_psgc":701221004,"adm4_en":"Bangwalog","geo_level":"Bgy","len_crs":13159,"area_crs":9702904,"len_km":13,"area_km2":9},"id":701221004},{"arcs":[[16,17,18,19,-13,-5]],"type":"Polygon","properties":{"adm1_psgc":700000000,"adm2_psgc":701200000,"adm3_psgc":701221000,"adm4_psgc":701221005,"adm4_en":"Cansuhay","geo_level":"Bgy","len_crs":11062,"area_crs":4327887,"len_km":11,"area_km2":4},"id":701221005},{"arcs":[[20,21,22,23,24]],"type":"Polygon","properties":{"adm1_psgc":700000000,"adm2_psgc":701200000,"adm3_psgc":701221000,"adm4_psgc":701221006,"adm4_en":"Danao","geo_level":"Bgy","len_crs":9831,"area_crs":4597412,"len_km":9,"area_km2":4},"id":701221006},{"arcs":[[25,26,27,28,-22]],"type":"Polygon","properties":{"adm1_psgc":700000000,"adm2_psgc":701200000,"adm3_psgc":701221000,"adm4_psgc":701221007,"adm4_en":"Duay","geo_level":"Bgy","len_crs":6531,"area_crs":1565476,"len_km":6,"area_km2":1},"id":701221007},{"arcs":[[29,30,31]],"type":"Polygon","properties":{"adm1_psgc":700000000,"adm2_psgc":701200000,"adm3_psgc":701221000,"adm4_psgc":701221008,"adm4_en":"Guinsularan","geo_level":"Bgy","len_crs":5830,"area_crs":1840430,"len_km":5,"area_km2":1},"id":701221008},{"arcs":[[32,33,34,35,-28]],"type":"Polygon","properties":{"adm1_psgc":700000000,"adm2_psgc":701200000,"adm3_psgc":701221000,"adm4_psgc":701221009,"adm4_en":"Itum","geo_level":"Bgy","len_crs":5984,"area_crs":1841017,"len_km":5,"area_km2":1},"id":701221009},{"arcs":[[36,-33,-27,37,-30]],"type":"Polygon","properties":{"adm1_psgc":700000000,"adm2_psgc":701200000,"adm3_psgc":701221000,"adm4_psgc":701221010,"adm4_en":"Langkis","geo_level":"Bgy","len_crs":5820,"area_crs":2022769,"len_km":5,"area_km2":2},"id":701221010},{"arcs":[[-31,-38,-26,-21,38]],"type":"Polygon","properties":{"adm1_psgc":700000000,"adm2_psgc":701200000,"adm3_psgc":701221000,"adm4_psgc":701221011,"adm4_en":"Lobogon","geo_level":"Bgy","len_crs":5174,"area_crs":1431694,"len_km":5,"area_km2":1},"id":701221011},{"arcs":[[39,40,41,42]],"type":"Polygon","properties":{"adm1_psgc":700000000,"adm2_psgc":701200000,"adm3_psgc":701221000,"adm4_psgc":701221012,"adm4_en":"Madua Norte","geo_level":"Bgy","len_crs":2882,"area_crs":382765,"len_km":2,"area_km2":0},"id":701221012},{"arcs":[[43,-2,44,45,-41]],"type":"Polygon","properties":{"adm1_psgc":700000000,"adm2_psgc":701200000,"adm3_psgc":701221000,"adm4_psgc":701221013,"adm4_en":"Madua Sur","geo_level":"Bgy","len_crs":2952,"area_crs":546761,"len_km":2,"area_km2":0},"id":701221013},{"arcs":[[-45,-1,46,-19,47]],"type":"Polygon","properties":{"adm1_psgc":700000000,"adm2_psgc":701200000,"adm3_psgc":701221000,"adm4_psgc":701221014,"adm4_en":"Mambool","geo_level":"Bgy","len_crs":8090,"area_crs":1885737,"len_km":8,"area_km2":1},"id":701221014},{"arcs":[[48,-43,49,50]],"type":"Polygon","properties":{"adm1_psgc":700000000,"adm2_psgc":701200000,"adm3_psgc":701221000,"adm4_psgc":701221015,"adm4_en":"Mawi","geo_level":"Bgy","len_crs":4243,"area_crs":785112,"len_km":4,"area_km2":0},"id":701221015},{"arcs":[[-29,-36,-8,51,-23]],"type":"Polygon","properties":{"adm1_psgc":700000000,"adm2_psgc":701200000,"adm3_psgc":701221000,"adm4_psgc":701221016,"adm4_en":"Payao","geo_level":"Bgy","len_crs":9256,"area_crs":3990873,"len_km":9,"area_km2":3},"id":701221016},{"arcs":[[52,53,-9,-35]],"type":"Polygon","properties":{"adm1_psgc":700000000,"adm2_psgc":701200000,"adm3_psgc":701221000,"adm4_psgc":701221017,"adm4_en":"San Antonio","geo_level":"Bgy","len_crs":3266,"area_crs":562546,"len_km":3,"area_km2":0},"id":701221017},{"arcs":[[-42,-46,-48,-18,-50]],"type":"Polygon","properties":{"adm1_psgc":700000000,"adm2_psgc":701200000,"adm3_psgc":701221000,"adm4_psgc":701221018,"adm4_en":"San Isidro","geo_level":"Bgy","len_crs":5099,"area_crs":1650808,"len_km":5,"area_km2":1},"id":701221018},{"arcs":[[-54,54,-51,-17,-4,-10]],"type":"Polygon","properties":{"adm1_psgc":700000000,"adm2_psgc":701200000,"adm3_psgc":701221000,"adm4_psgc":701221019,"adm4_en":"San Pedro","geo_level":"Bgy","len_crs":5210,"area_crs":1361466,"len_km":5,"area_km2":1},"id":701221019},{"arcs":[[-24,-52,-12,-16,55,56]],"type":"Polygon","properties":{"adm1_psgc":700000000,"adm2_psgc":701200000,"adm3_psgc":701221000,"adm4_psgc":701221020,"adm4_en":"Imelda","geo_level":"Bgy","len_crs":15159,"area_crs":8074393,"len_km":15,"area_km2":8},"id":701221020},{"arcs":[[-56,-15,57]],"type":"Polygon","properties":{"adm1_psgc":700000000,"adm2_psgc":701200000,"adm3_psgc":701221000,"adm4_psgc":701221021,"adm4_en":"Taytay","geo_level":"Bgy","len_crs":12501,"area_crs":10203770,"len_km":12,"area_km2":10},"id":701221021}]}}}