{"type":"Topology","arcs":[[[968,501],[-50,-65]],[[918,436],[-115,29]],[[803,465],[-24,47]],[[779,512],[-5,12]],[[774,524],[48,25],[25,58]],[[847,607],[7,10]],[[854,617],[43,-74],[71,-42]],[[803,465],[3,-70],[-37,-12]],[[769,383],[-48,94]],[[721,477],[58,35]],[[774,524],[-99,65]],[[675,589],[39,63]],[[714,652],[66,-37],[67,-8]],[[543,749],[2,-11]],[[545,738],[-49,-54],[41,-62]],[[537,622],[-28,-27]],[[509,595],[-89,69]],[[420,664],[-19,1]],[[401,665],[46,137]],[[447,802],[96,-53]],[[702,842],[-41,-105]],[[661,737],[-80,-99]],[[581,638],[-8,81],[-28,19]],[[543,749],[69,102]],[[612,851],[90,-9]],[[227,683],[-27,-39],[-10,-82],[76,-20]],[[266,542],[-10,-20]],[[256,522],[-121,36],[-1,58],[49,76],[44,-9]],[[832,343],[-54,-60]],[[778,283],[-18,53]],[[760,336],[-39,27]],[[721,363],[48,20]],[[769,383],[63,-40]],[[240,689],[73,-37]],[[313,652],[88,13]],[[401,665],[-34,-42],[-86,-18],[-15,-63]],[[227,683],[13,6]],[[564,616],[67,-39]],[[631,577],[-11,-14]],[[620,563],[-45,-54],[91,-106]],[[666,403],[-32,-26],[-75,12]],[[559,389],[-79,59]],[[480,448],[-4,78],[33,69]],[[537,622],[27,-6]],[[765,8],[-59,-8]],[[706,0],[59,8]],[[872,679],[-18,-62]],[[714,652],[45,48]],[[759,700],[38,26]],[[797,726],[75,-47]],[[760,336],[2,-57]],[[762,279],[-23,0]],[[739,279],[1,42]],[[740,321],[-19,42]],[[477,984],[-26,-117]],[[451,867],[-141,1]],[[310,868],[113,224],[68,-69],[-14,-39]],[[675,589],[-44,-12]],[[564,616],[17,22]],[[661,737],[98,-37]],[[480,448],[-112,46]],[[368,494],[52,170]],[[721,477],[-101,86]],[[702,842],[95,-116]],[[1026,260],[-29,23]],[[997,283],[-134,82]],[[863,365],[55,71]],[[968,501],[55,66]],[[1023,567],[77,-28],[11,-149],[-85,-130]],[[872,679],[75,-37],[87,2],[25,-46],[-36,-31]],[[368,494],[-112,28]],[[1026,260],[-92,-105],[-58,58]],[[876,213],[82,65],[39,5]],[[699,331],[-8,-63]],[[691,268],[-132,121]],[[666,403],[33,-72]],[[721,477],[-55,-74]],[[778,283],[-2,-6]],[[776,277],[-14,2]],[[240,689],[-2,46],[36,77]],[[274,812],[41,-19],[40,-62],[-42,-79]],[[765,8],[-59,-8]],[[740,321],[-41,10]],[[447,802],[4,65]],[[477,984],[135,-133]],[[876,213],[-100,64]],[[832,343],[31,22]],[[274,812],[36,56]],[[739,279],[-48,-11]]],"transform":{"scale":[0.00019497830783075319,0.0002027263965201216],"translate":[123.76770703000011,11.809336249000065]},"objects":{"bgysubmuns-municity-504117000":{"type":"GeometryCollection","geometries":[{"arcs":[[0,1,2,3,4,5,6]],"type":"Polygon","properties":{"adm1_psgc":500000000,"adm2_psgc":504100000,"adm3_psgc":504117000,"adm4_psgc":504117001,"adm4_en":"Aguada","geo_level":"Bgy","len_crs":14914,"area_crs":8541836,"len_km":14,"area_km2":8},"id":504117001},{"arcs":[[7,8,9,-3]],"type":"Polygon","properties":{"adm1_psgc":500000000,"adm2_psgc":504100000,"adm3_psgc":504117000,"adm4_psgc":504117002,"adm4_en":"Ban-Ao","geo_level":"Bgy","len_crs":7535,"area_crs":3022121,"len_km":7,"area_km2":3},"id":504117002},{"arcs":[[-5,10,11,12]],"type":"Polygon","properties":{"adm1_psgc":500000000,"adm2_psgc":504100000,"adm3_psgc":504117000,"adm4_psgc":504117003,"adm4_en":"Burabod","geo_level":"Bgy","len_crs":9999,"area_crs":5678225,"len_km":9,"area_km2":5},"id":504117003},{"arcs":[[13,14,15,16,17,18,19]],"type":"Polygon","properties":{"adm1_psgc":500000000,"adm2_psgc":504100000,"adm3_psgc":504117000,"adm4_psgc":504117004,"adm4_en":"Cabangcalan","geo_level":"Bgy","len_crs":16847,"area_crs":8837794,"len_km":16,"area_km2":8},"id":504117004},{"arcs":[[20,21,22,-14,23,24]],"type":"Polygon","properties":{"adm1_psgc":500000000,"adm2_psgc":504100000,"adm3_psgc":504117000,"adm4_psgc":504117005,"adm4_en":"Calumpang","geo_level":"Bgy","len_crs":14458,"area_crs":7809520,"len_km":14,"area_km2":7},"id":504117005},{"arcs":[[25,26,27]],"type":"Polygon","properties":{"adm1_psgc":500000000,"adm2_psgc":504100000,"adm3_psgc":504117000,"adm4_psgc":504117006,"adm4_en":"Camayabsan","geo_level":"Bgy","len_crs":15008,"area_crs":4569262,"len_km":15,"area_km2":4},"id":504117006},{"arcs":[[28,29,30,31,32]],"type":"Polygon","properties":{"adm1_psgc":500000000,"adm2_psgc":504100000,"adm3_psgc":504117000,"adm4_psgc":504117008,"adm4_en":"Daanlungsod","geo_level":"Bgy","len_crs":7109,"area_crs":2316692,"len_km":7,"area_km2":2},"id":504117008},{"arcs":[[33,34,35,-26,36]],"type":"Polygon","properties":{"adm1_psgc":500000000,"adm2_psgc":504100000,"adm3_psgc":504117000,"adm4_psgc":504117009,"adm4_en":"Dangpanan","geo_level":"Bgy","len_crs":16478,"area_crs":6610922,"len_km":16,"area_km2":6},"id":504117009},{"arcs":[[37,38,39,40,41,42,-16,43]],"type":"Polygon","properties":{"adm1_psgc":500000000,"adm2_psgc":504100000,"adm3_psgc":504117000,"adm4_psgc":504117010,"adm4_en":"Daraga","geo_level":"Bgy","len_crs":18049,"area_crs":12371244,"len_km":18,"area_km2":12},"id":504117010},{"arcs":[[44,45]],"type":"Polygon","properties":{"adm1_psgc":500000000,"adm2_psgc":504100000,"adm3_psgc":504117000,"adm4_psgc":504117011,"adm4_en":"Guin-Awayan","geo_level":"Bgy","len_crs":4627,"area_crs":920321,"len_km":4,"area_km2":0},"id":504117011},{"arcs":[[46,-6,-13,47,48,49]],"type":"Polygon","properties":{"adm1_psgc":500000000,"adm2_psgc":504100000,"adm3_psgc":504117000,"adm4_psgc":504117012,"adm4_en":"Guinhan-Ayan","geo_level":"Bgy","len_crs":9852,"area_crs":5589720,"len_km":9,"area_km2":5},"id":504117012},{"arcs":[[50,51,52,53,-31]],"type":"Polygon","properties":{"adm1_psgc":500000000,"adm2_psgc":504100000,"adm3_psgc":504117000,"adm4_psgc":504117013,"adm4_en":"Katipunan","geo_level":"Bgy","len_crs":4813,"area_crs":709562,"len_km":4,"area_km2":0},"id":504117013},{"arcs":[[54,55,56]],"type":"Polygon","properties":{"adm1_psgc":500000000,"adm2_psgc":504100000,"adm3_psgc":504117000,"adm4_psgc":504117014,"adm4_en":"Libas","geo_level":"Bgy","len_crs":15599,"area_crs":10162473,"len_km":15,"area_km2":10},"id":504117014},{"arcs":[[-48,-12,57,-38,58,-22,59]],"type":"Polygon","properties":{"adm1_psgc":500000000,"adm2_psgc":504100000,"adm3_psgc":504117000,"adm4_psgc":504117015,"adm4_en":"Locso-An","geo_level":"Bgy","len_crs":11543,"area_crs":6995155,"len_km":11,"area_km2":6},"id":504117015},{"arcs":[[-43,60,61,-17]],"type":"Polygon","properties":{"adm1_psgc":500000000,"adm2_psgc":504100000,"adm3_psgc":504117000,"adm4_psgc":504117016,"adm4_en":"Luna","geo_level":"Bgy","len_crs":14360,"area_crs":8344477,"len_km":14,"area_km2":8},"id":504117016},{"arcs":[[-4,-10,62,-39,-58,-11]],"type":"Polygon","properties":{"adm1_psgc":500000000,"adm2_psgc":504100000,"adm3_psgc":504117000,"adm4_psgc":504117017,"adm4_en":"Mahayag","geo_level":"Bgy","len_crs":8599,"area_crs":4278476,"len_km":8,"area_km2":4},"id":504117017},{"arcs":[[-49,-60,-21,63]],"type":"Polygon","properties":{"adm1_psgc":500000000,"adm2_psgc":504100000,"adm3_psgc":504117000,"adm4_psgc":504117018,"adm4_en":"Mahayahay","geo_level":"Bgy","len_crs":9098,"area_crs":4654900,"len_km":9,"area_km2":4},"id":504117018},{"arcs":[[64,65,66,-1,67,68]],"type":"Polygon","properties":{"adm1_psgc":500000000,"adm2_psgc":504100000,"adm3_psgc":504117000,"adm4_psgc":504117019,"adm4_en":"Manlut-Od","geo_level":"Bgy","len_crs":19558,"area_crs":20608798,"len_km":19,"area_km2":20},"id":504117019},{"arcs":[[-68,-7,-47,69]],"type":"Polygon","properties":{"adm1_psgc":500000000,"adm2_psgc":504100000,"adm3_psgc":504117000,"adm4_psgc":504117020,"adm4_en":"Matagantang","geo_level":"Bgy","len_crs":20339,"area_crs":9104806,"len_km":20,"area_km2":9},"id":504117020},{"type":null,"properties":{"adm1_psgc":500000000,"adm2_psgc":504100000,"adm3_psgc":504117000,"adm4_psgc":504117021,"adm4_en":"Naboctot","geo_level":"Bgy","len_crs":1378,"area_crs":87324,"len_km":1,"area_km2":0},"id":504117021},{"type":null,"properties":{"adm1_psgc":500000000,"adm2_psgc":504100000,"adm3_psgc":504117000,"adm4_psgc":504117022,"adm4_en":"Nagarao","geo_level":"Bgy","len_crs":886,"area_crs":48584,"len_km":0,"area_km2":0},"id":504117022},{"arcs":[[-62,70,-27,-36,-18]],"type":"Polygon","properties":{"adm1_psgc":500000000,"adm2_psgc":504100000,"adm3_psgc":504117000,"adm4_psgc":504117023,"adm4_en":"Nainday","geo_level":"Bgy","len_crs":13847,