{"type":"Topology","arcs":[[[1684,1494],[-35,-65]],[[1649,1429],[-94,-170]],[[1555,1259],[-186,81]],[[1369,1340],[-32,96]],[[1337,1436],[73,39],[99,4],[54,21],[75,81]],[[1638,1581],[14,-21],[32,-66]],[[1644,1172],[-17,-146]],[[1627,1026],[-23,-159],[-134,-43]],[[1470,824],[90,311]],[[1560,1135],[18,60]],[[1578,1195],[13,-3],[53,-20]],[[1676,1399],[25,-12]],[[1701,1387],[5,-19],[-10,-28],[-14,-21],[8,-18],[9,-3],[24,15]],[[1723,1313],[9,-49],[-53,-55]],[[1679,1209],[-35,-37]],[[1578,1195],[-23,64]],[[1649,1429],[27,-30]],[[1560,1135],[-38,10],[-120,4]],[[1402,1149],[-28,164],[-5,27]],[[1470,824],[-120,-40],[-213,-76]],[[1137,708],[265,441]],[[1137,708],[-248,-157],[-556,-388],[-88,-61],[-245,-102],[119,243],[115,241],[194,328],[-64,100],[251,73],[528,230]],[[1143,1215],[259,-66]],[[1804,1357],[-1,-1],[15,-223]],[[1818,1133],[-96,58],[-43,18]],[[1723,1313],[17,8],[18,19],[22,-7],[24,24]],[[1818,1133],[44,-24]],[[1862,1109],[-37,-70],[-87,-18],[-111,5]],[[1143,1215],[56,150],[138,71]],[[1804,1357],[30,-2],[22,2],[12,-8],[12,16],[10,-13],[-4,-24],[11,-5],[13,1],[-22,-39],[-26,-176]],[[1811,1515],[-6,22]],[[1805,1537],[4,3],[7,30],[-16,74],[-1,8]],[[1799,1652],[20,-13],[8,-10],[-4,-20],[17,-15],[22,-15],[2,-6],[18,2],[15,9],[14,-6],[5,-10],[-8,-15],[-25,3],[-17,-5],[-8,2],[-19,-23],[-28,-15]],[[1805,1537],[-2,3]],[[1803,1540],[-33,132]],[[1770,1672],[10,4],[8,-5],[-1,-14],[12,-5]],[[1811,1515],[-19,-22],[-2,-17],[-9,-18],[2,-13],[-20,-15],[-1,-10],[-22,-17],[-8,-14],[-31,-2]],[[1676,1399],[19,-1],[13,10],[20,0],[15,9],[8,13],[2,17],[-8,11],[0,15],[10,10],[15,2],[26,43],[9,9]],[[1803,1540],[-15,-10],[-104,-36]],[[1638,1581],[7,89],[54,39],[14,-4],[9,10],[8,-12],[11,-26],[12,7],[17,-12]]],"transform":{"scale":[0.00014680929749480065,0.00010432895626822947],"translate":[125.246335917,11.311455266000051]},"objects":{"bgysubmuns-municity-802603000":{"type":"GeometryCollection","geometries":[{"arcs":[[0,1,2,3,4,5]],"type":"Polygon","properties":{"adm1_psgc":800000000,"adm2_psgc":802600000,"adm3_psgc":802603000,"adm4_psgc":802603001,"adm4_en":"Balogo","geo_level":"Bgy","len_crs":14270,"area_crs":10293956,"len_km":14,"area_km2":10},"id":802603001},{"arcs":[[6,7,8,9,10]],"type":"Polygon","properties":{"adm1_psgc":800000000,"adm2_psgc":802600000,"adm3_psgc":802603000,"adm4_psgc":802603002,"adm4_en":"Bangon","geo_level":"Bgy","len_crs":11548,"area_crs":6207862,"len_km":11,"area_km2":6},"id":802603002},{"arcs":[[11,12,13,14,-11,15,-2,16]],"type":"Polygon","properties":{"adm1_psgc":800000000,"adm2_psgc":802600000,"adm3_psgc":802603000,"adm4_psgc":802603004,"adm4_en":"Cabay","geo_level":"Bgy","len_crs":10513,"area_crs":4752280,"len_km":10,"area_km2":4},"id":802603004},{"arcs":[[-16,-10,17,18,-3]],"type":"Polygon","properties":{"adm1_psgc":800000000,"adm2_psgc":802600000,"adm3_psgc":802603000,"adm4_psgc":802603008,"adm4_en":"Caisawan","geo_level":"Bgy","len_crs":9532,"area_crs":4963614,"len_km":9,"area_km2":4},"id":802603008},{"arcs":[[-9,19,20,-18]],"type":"Polygon","properties":{"adm1_psgc":800000000,"adm2_psgc":802600000,"adm3_psgc":802603000,"adm4_psgc":802603009,"adm4_en":"Cantubi","geo_level":"Bgy","len_crs":18543,"area_crs":15399863,"len_km":18,"area_km2":15},"id":802603009},{"arcs":[[-21,21,22]],"type":"Polygon","properties":{"adm1_psgc":800000000,"adm2_psgc":802600000,"adm3_psgc":802603000,"adm4_psgc":802603010,"adm4_en":"General Malvar","geo_level":"Bgy","len_crs":57023,"area_crs":116120861,"len_km":57,"area_km2":116},"id":802603010},{"arcs":[[23,24,-14,25]],"type":"Polygon","properties":{"adm1_psgc":800000000,"adm2_psgc":802600000,"adm3_psgc":802603000,"adm4_psgc":802603011,"adm4_en":"Guinpoliran","geo_level":"Bgy","len_crs":8672,"area_crs":2988920,"len_km":8,"area_km2":2},"id":802603011},{"arcs":[[26,27,-7,-15,-25]],"type":"Polygon","properties":{"adm1_psgc":800000000,"adm2_psgc":802600000,"adm3_psgc":802603000,"adm4_psgc":802603012,"adm4_en":"Julag","geo_level":"Bgy","len_crs":9764,"area_crs":5537257,"len_km":9,"area_km2":5},"id":802603012},{"arcs":[[-19,-23,28,-4]],"type":"Polygon","properties":{"adm1_psgc":800000000,"adm2_psgc":802600000,"adm3_psgc":802603000,"adm4_psgc":802603013,"adm4_en":"Magsaysay","geo_level":"Bgy","len_crs":12027,"area_crs":8304851,"len_km":12,"area_km2":8},"id":802603013},{"arcs":[[-27,-24,29]],"type":"Polygon","properties":{"adm1_psgc":800000000,"adm2_psgc":802600000,"adm3_psgc":802603000,"adm4_psgc":802603014,"adm4_en":"Maramag","geo_level":"Bgy","len_crs":9641,"area_crs":3056280,"len_km":9,"area_km2":3},"id":802603014},{"arcs":[[30,31,32]],"type":"Polygon","properties":{"adm1_psgc":800000000,"adm2_psgc":802600000,"adm3_psgc":802603000,"adm4_psgc":802603015,"adm4_en":"Poblacion I","geo_level":"Bgy","len_crs":8008,"area_crs":974294,"len_km":8,"area_km2":0},"id":802603015},{"arcs":[[-32,33,34,35]],"type":"Polygon","properties":{"adm1_psgc":800000000,"adm2_psgc":802600000,"adm3_psgc":802603000,"adm4_psgc":802603016,"adm4_en":"Poblacion II","geo_level":"Bgy","len_crs":3850,"area_crs":488751,"len_km":3,"area_km2":0},"id":802603016},{"arcs":[[36,-12,37,-31]],"type":"Polygon","properties":{"adm1_psgc":800000000,"adm2_psgc":802600000,"adm3_psgc":802603000,"adm4_psgc":802603017,"adm4_en":"Poblacion III","geo_level":"Bgy","len_crs":7539,"area_crs":720346,"len_km":7,"area_km2":0},"id":802603017},{"arcs":[[-35,38,-6,39]],"type":"Polygon","properties":{"adm1_psgc":800000000,"adm2_psgc":802600000,"adm3_psgc":802603000,"adm4_psgc":802603018,"adm4_en":"Poblacion IV","geo_level":"Bgy","len_crs":9321,"area_crs":4551023,"len_km":9,"area_km2":4},"id":802603018},{"arcs":[[-38,-17,-1,-39,-34]],"type":"Polygon","properties":{"adm1_psgc":800000000,"adm2_psgc":802600000,"adm3_psgc":802603000,"adm4_psgc":802603019,"adm4_en":"Poblacion V","geo_level":"Bgy","len_crs":6707,"area_crs":1761305,"len_km":6,"area_km2":1},"id":802603019}]}}}