{"type":"Topology","arcs":[[[616,785],[-9,-90],[74,-42],[-6,-49],[42,-61],[-68,-89]],[[649,454],[1,146],[-34,-31],[-46,38],[-58,3]],[[512,610],[29,133],[-15,29]],[[526,772],[90,13]],[[211,442],[-21,-55],[46,-37],[43,-5],[37,-41],[5,-41],[48,3]],[[369,266],[-66,-67]],[[303,199],[-115,63],[-2,53],[-61,3],[-46,-36]],[[79,282],[-57,-18]],[[22,264],[-5,33],[65,67],[-10,105],[51,30]],[[123,499],[88,-57]],[[232,103],[-121,-55],[-79,-48],[-32,42],[33,82],[9,68],[-20,72]],[[79,282],[65,-33],[88,-146]],[[392,614],[-16,-121]],[[376,493],[-86,46],[-79,-97]],[[123,499],[21,36],[-62,145]],[[82,680],[108,-63],[39,46],[62,27]],[[291,690],[101,-76]],[[467,1101],[-39,-74],[-88,26]],[[340,1053],[-68,23]],[[272,1076],[-27,83]],[[245,1159],[125,60],[104,19]],[[474,1238],[-7,-137]],[[540,1067],[67,-30]],[[607,1037],[-55,-99]],[[552,938],[-68,-28]],[[484,910],[-60,3]],[[424,913],[-6,40],[-64,11],[-31,37],[17,52]],[[467,1101],[73,-34]],[[303,199],[4,-63]],[[307,136],[-75,-33]],[[649,454],[-18,-167],[-20,-24],[-114,5],[-137,-116],[-53,-16]],[[369,266],[-28,87],[32,78],[3,62]],[[392,614],[120,-4]],[[689,1042],[87,-31]],[[776,1011],[-4,-37]],[[772,974],[-74,-17],[-4,-67],[-44,-42]],[[650,848],[-94,43]],[[556,891],[-4,47]],[[607,1037],[82,5]],[[424,913],[-28,-61]],[[396,852],[-9,-31]],[[387,821],[-90,1],[-131,-24],[-50,-23]],[[116,775],[-28,73],[67,83]],[[155,931],[62,31],[0,67],[55,47]],[[883,1118],[-113,-50],[6,-57]],[[689,1042],[-31,50],[1,65],[-53,55],[0,42]],[[606,1254],[89,22],[87,-143],[95,13],[6,-28]],[[474,1238],[90,5]],[[564,1243],[0,-77],[25,-68],[-49,-31]],[[155,931],[-46,17],[-13,59],[-73,17],[-16,57],[95,40],[143,38]],[[883,1118],[121,-58],[-103,-60],[-49,30],[-80,-56]],[[510,835],[-17,-40]],[[493,795],[-57,-50]],[[436,745],[0,87]],[[436,832],[42,13]],[[478,845],[32,-10]],[[564,1243],[42,11]],[[387,821],[-12,-56]],[[375,765],[-26,0],[-58,-75]],[[82,680],[1,87],[33,8]],[[375,765],[61,-20]],[[493,795],[33,-23]],[[650,848],[-34,-63]],[[510,835],[46,56]],[[478,845],[6,65]],[[396,852],[40,-20]]],"transform":{"scale":[0.0001486711802789449,0.00015323934796239653],"translate":[125.73768398300001,7.324189626000019]},"objects":{"bgysubmuns-municity-1102319000":{"type":"GeometryCollection","geometries":[{"arcs":[[0,1,2,3]],"type":"Polygon","properties":{"adm1_psgc":1100000000,"adm2_psgc":1102300000,"adm3_psgc":1102319000,"adm4_psgc":1102319001,"adm4_en":"Apokon","geo_level":"Bgy","len_crs":19630,"area_crs":7772743,"len_km":19,"area_km2":7},"id":1102319001},{"arcs":[[4,5,6,7,8,9]],"type":"Polygon","properties":{"adm1_psgc":1100000000,"adm2_psgc":1102300000,"adm3_psgc":1102319000,"adm4_psgc":1102319003,"adm4_en":"Bincungan","geo_level":"Bgy","len_crs":25183,"area_crs":11666830,"len_km":25,"area_km2":11},"id":1102319003},{"arcs":[[10,-8,11]],"type":"Polygon","properties":{"adm1_psgc":1100000000,"adm2_psgc":1102300000,"adm3_psgc":1102319000,"adm4_psgc":1102319004,"adm4_en":"Busaon","geo_level":"Bgy","len_crs":22475,"area_crs":11488522,"len_km":22,"area_km2":11},"id":1102319004},{"arcs":[[12,13,-10,14,15,16]],"type":"Polygon","properties":{"adm1_psgc":1100000000,"adm2_psgc":1102300000,"adm3_psgc":1102319000,"adm4_psgc":1102319005,"adm4_en":"Canocotan","geo_level":"Bgy","len_crs":19891,"area_crs":11505798,"len_km":19,"area_km2":11},"id":1102319005},{"arcs":[[17,18,19,20,21]],"type":"Polygon","properties":{"adm1_psgc":1100000000,"adm2_psgc":1102300000,"adm3_psgc":1102319000,"adm4_psgc":1102319006,"adm4_en":"Cuambogan","geo_level":"Bgy","len_crs":12421,"area_crs":8796337,"len_km":12,"area_km2":8},"id":1102319006},{"arcs":[[22,23,24,25,26,-18,27]],"type":"Polygon","properties":{"adm1_psgc":1100000000,"adm2_psgc":1102300000,"adm3_psgc":1102319000,"adm4_psgc":1102319007,"adm4_en":"La Filipina","geo_level":"Bgy","len_crs":14574,"area_crs":8578269,"len_km":14,"area_km2":8},"id":1102319007},{"arcs":[[28,29,-12,-7]],"type":"Polygon","properties":{"adm1_psgc":1100000000,"adm2_psgc":1102300000,"adm3_psgc":1102319000,"adm4_psgc":1102319008,"adm4_en":"Liboganon","geo_level":"Bgy","len_crs":17985,"area_crs":5210484,"len_km":17,"area_km2":5},"id":1102319008},{"arcs":[[-2,30,-29,-6,31,-13,32]],"type":"Polygon","properties":{"adm1_psgc":1100000000,"adm2_psgc":1102300000,"adm3_psgc":1102319000,"adm4_psgc":1102319009,"adm4_en":"Madaum","geo_level":"Bgy","len_crs":32398,"area_crs":29711430,"len_km":32,"area_km2":29},"id":1102319009},{"arcs":[[33,34,35,36,37,-24,38]],"type":"Polygon","properties":{"adm1_psgc":1100000000,"adm2_psgc":1102300000,"adm3_psgc":1102319000,"adm4_psgc":1102319010,"adm4_en":"Magdum","geo_level":"Bgy","len_crs":14168,"area_crs":7390862,"len_km":14,"area_km2":7},"id":1102319010},{"arcs":[[-27,39,40,41,42,43,-19]],"type":"Polygon","properties":{"adm1_psgc":1100000000,"adm2_psgc":1102300000,"adm3_psgc":1102319000,"adm4_psgc":1102319011,"adm4_en":"Mankilam","geo_level":"Bgy","len_crs":20527,"area_crs":15144855,"len_km":20,"area_km2":15},"id":1102319011},{"arcs":[[44,-34,45,46]],"type":"Polygon","properties":{"adm1_psgc":1100000000,"adm2_psgc":1102300000,"adm3_psgc":1102319000,"adm4_psgc":1102319012,"adm4_en":"New Balamban","geo_level":"Bgy","len_crs":16855,"area_crs":8429274,"len_km":16,"area_km2":8},"id":1102319012},{"arcs":[[-28,-22,47,48]],"type":"Polygon","properties":{"adm1_psgc":1100000000,"adm2_psgc":1102300000,"adm3_psgc":1102319000,"adm4_psgc":1102319013,"adm4_en":"Nueva Fuerza","geo_level":"Bgy","len_crs":10316,"area_crs":4524904,"len_km":10,"area_km2":4},"id":1102319013},{"arcs":[[-44,49,-20]],"type":"Polygon","properties":{"adm1_psgc":1100000000,"adm2_psgc":1102300000,"adm3_psgc":1102319000,"adm4_psgc":1102319014,"adm4_en":"Pagsabangan","geo_level":"Bgy","len_crs":14182,"area_crs":9841011,"len_km":14,"area_km2":9},"id":1102319014},{"arcs":[[50,-35,-45]],"type":"Polygon","properties":{"adm1_psgc":1100000000,"adm2_psgc":1102300000,"adm3_psgc":1102319000,"adm4_psgc":1102319015,"adm4_en":"Pandapan","geo_level":"Bgy","len_crs":11965,"area_crs":5390566,"len_km":11,"area_km2":5},"id":1102319015},{"arcs":[[51,52,53,54,55]],"type":"Polygon","properties":{"adm1_psgc":1100000000,"adm2_psgc":1102300000,"adm3_psgc":1102319000,"adm4_psgc":1102319016,"adm4_en":"Magugpo Poblacion","geo_level":"Bgy","len_crs":5201,"area_crs":958803,"len_km":5,"area_km2":0},"id":1102319016},{"arcs":[[-39,-23,-49,56,-46]],"type":"Polygon","properties":{"adm1_psgc":1100000000,"adm2_psgc":1102300000,"adm3_psgc":1102319000,"adm4_psgc":1102319018,"adm4_en":"San Agustin","geo_level":"Bgy","len_crs":12662,"area_crs":4175491,"len_km":12,"area_km2":4},"id":1102319018},{"arcs":[[-32,-5,-14]],"type":"Polygon","properties":{"adm1_psgc":1100000000,"adm2_psgc":1102300000,"adm3_psgc":1102319000,"adm4_psgc":1102319019,"adm4_en":"San Isidro","geo_level":"Bgy","len_crs":15257,"area_crs":7996193,"len_km":15,"area_km2":7},"id":1102319019},{"arcs":[[57,58,-16,59,-42]],"type":"Polygon","properties":{"adm1_psgc":1100000000,"adm2_psgc":1102300000,"adm3_psgc":1102319000,"adm4_psgc":1102319020,"adm4_en":"San Miguel","geo_level":"Bgy","len_crs":15154,"area_crs":10265182,"len_km":15,"area_km2":10},"id":1102319020},{"arcs":[[-3,-33,-17,-59,60,-53,61]],"type":"Polygon","properties":{"adm1_psgc":1100000000,"adm2_psgc":1102300000,"adm3_psgc":1102319000,"adm4_psgc":1102319022,"adm4_en":"Visayan Village","geo_level":"Bgy","len_crs":13424,"area_crs":8156475,"len_km":13,"area_km2":8},"id":1102319022},{"arcs":[[62,-4,-62,-52,63,-37]],"type":"Polygon","properties":{"adm1_psgc":1100000000,"adm2_psgc":1102300000,"adm3_psgc":1102319000,"adm4_psgc":1102319023,"adm4_en":"Magugpo East","geo_level":"Bgy","len_crs":7825,"area_crs":2990475,"len_km":7,"area_km2":2},"id":1102319023},{"arcs":[[-64,-56,64,-25,-38]],"type":"Polygon","properties":{"adm1_psgc":1100000000,"adm2_psgc":1102300000,"adm3_psgc":1102319000,"adm4_psgc":1102319024,"adm4_en":"Magugpo North","geo_level":"Bgy","len_crs":5475,"area_crs":1191703,"len_km":5,"area_km2":1},"id":1102319024},{"arcs":[[65,-54,-61,-58,-41]],"type":"Polygon","properties":{"adm1_psgc":1100000000,