{"type":"Topology","arcs":[[[751,0],[-49,67]],[[702,67],[99,118],[78,176]],[[879,361],[111,-106],[237,-221],[-476,-34]],[[761,497],[-97,-253],[-11,-37]],[[653,207],[-58,47],[-68,-2],[-76,60]],[[451,312],[-13,87]],[[438,399],[48,6],[42,51]],[[528,456],[148,168]],[[676,624],[85,-127]],[[316,1287],[-71,2],[-27,-3],[-19,21],[-72,-15],[-51,75]],[[76,1367],[21,-4],[25,29],[23,7],[0,23],[-16,27],[-16,44],[47,33],[14,36],[34,35],[-5,9],[26,30],[87,-349]],[[316,1287],[25,-94]],[[341,1193],[-312,18]],[[29,1211],[23,58],[12,43],[-3,25],[-11,12],[26,18]],[[341,1193],[14,-52]],[[355,1141],[-301,-52],[-31,-5]],[[23,1084],[-2,25],[-21,49],[22,18],[7,35]],[[520,40],[-231,-31],[-3,25],[-27,27],[10,40],[26,34],[8,23],[-1,30],[11,28]],[[313,216],[3,11],[141,39]],[[457,266],[63,-226]],[[259,429],[43,-29],[30,-14],[3,21]],[[335,407],[103,-8]],[[451,312],[-52,23],[-109,39],[-41,11]],[[249,385],[10,44]],[[424,761],[-1,-9],[-78,-116],[-84,-12]],[[261,624],[-1,41],[-10,18]],[[250,683],[129,91]],[[379,774],[45,-13]],[[454,761],[-11,-116],[4,-80]],[[447,565],[-102,-39]],[[345,526],[-75,1]],[[270,527],[2,16],[-10,26],[-5,32],[4,23]],[[424,761],[30,0]],[[435,998],[-31,-8],[-99,-39]],[[305,951],[-136,-146],[-29,-11]],[[140,794],[-17,27],[-13,54],[9,41],[-41,113],[-28,22],[-27,33]],[[355,1141],[51,-103],[29,-40]],[[528,456],[-25,24],[-55,65],[-1,20]],[[454,761],[62,52]],[[516,813],[80,-53],[80,-136]],[[285,449],[12,-27],[22,1],[16,-16]],[[259,429],[26,20]],[[379,774],[-75,41]],[[304,815],[7,45],[-7,48],[1,43]],[[435,998],[33,-111],[48,-74]],[[304,815],[-109,-65]],[[195,750],[-30,14],[-25,30]],[[702,67],[-49,140]],[[761,497],[118,-136]],[[751,0],[-231,40]],[[457,266],[-6,46]],[[345,526],[-33,-63],[-16,1]],[[296,464],[-13,7],[-13,56]],[[313,216],[-13,24],[-38,39],[-15,42],[2,64]],[[285,449],[11,15]],[[250,683],[-23,13],[-32,54]]],"transform":{"scale":[0.00008289285656075005,0.00006506343092907396],"translate":[124.26086452300002,12.474230412000056]},"objects":{"bgysubmuns-municity-804801000":{"type":"GeometryCollection","geometries":[{"arcs":[[0,1,2]],"type":"Polygon","properties":{"adm1_psgc":800000000,"adm2_psgc":804800000,"adm3_psgc":804801000,"adm4_psgc":804801001,"adm4_en":"Alejandro Village","geo_level":"Bgy","len_crs":11558,"area_crs":5995595,"len_km":11,"area_km2":5},"id":804801001},{"arcs":[[3,4,5,6,7,8]],"type":"Polygon","properties":{"adm1_psgc":800000000,"adm2_psgc":804800000,"adm3_psgc":804801000,"adm4_psgc":804801002,"adm4_en":"Bonifacio","geo_level":"Bgy","len_crs":8940,"area_crs":4533724,"len_km":8,"area_km2":4},"id":804801002},{"arcs":[[9,10]],"type":"Polygon","properties":{"adm1_psgc":800000000,"adm2_psgc":804800000,"adm3_psgc":804801000,"adm4_psgc":804801003,"adm4_en":"Cabacungan","geo_level":"Bgy","len_crs":9120,"area_crs":2874252,"len_km":9,"area_km2":2},"id":804801003},{"arcs":[[11,12,13,-10]],"type":"Polygon","properties":{"adm1_psgc":800000000,"adm2_psgc":804800000,"adm3_psgc":804801000,"adm4_psgc":804801004,"adm4_en":"Calarayan","geo_level":"Bgy","len_crs":7694,"area_crs":1853122,"len_km":7,"area_km2":1},"id":804801004},{"arcs":[[14,15,16,-13]],"type":"Polygon","properties":{"adm1_psgc":800000000,"adm2_psgc":804800000,"adm3_psgc":804801000,"adm4_psgc":804801006,"adm4_en":"Guin-arawayan","geo_level":"Bgy","len_crs":7604,"area_crs":1959361,"len_km":7,"area_km2":1},"id":804801006},{"arcs":[[17,18,19]],"type":"Polygon","properties":{"adm1_psgc":800000000,"adm2_psgc":804800000,"adm3_psgc":804801000,"adm4_psgc":804801007,"adm4_en":"Jubasan","geo_level":"Bgy","len_crs":7846,"area_crs":2945938,"len_km":7,"area_km2":2},"id":804801007},{"arcs":[[20,21,-6,22,23]],"type":"Polygon","properties":{"adm1_psgc":800000000,"adm2_psgc":804800000,"adm3_psgc":804801000,"adm4_psgc":804801008,"adm4_en":"Kinabranan Zone I","geo_level":"Bgy","len_crs":4975,"area_crs":655771,"len_km":4,"area_km2":0},"id":804801008},{"arcs":[[24,25,26,27]],"type":"Polygon","properties":{"adm1_psgc":800000000,"adm2_psgc":804800000,"adm3_psgc":804801000,"adm4_psgc":804801009,"adm4_en":"Kinaguitman","geo_level":"Bgy","len_crs":4210,"area_crs":857121,"len_km":4,"area_km2":0},"id":804801009},{"arcs":[[28,29,30,31,-25,32]],"type":"Polygon","properties":{"adm1_psgc":800000000,"adm2_psgc":804800000,"adm3_psgc":804801000,"adm4_psgc":804801010,"adm4_en":"Lagundi","geo_level":"Bgy","len_crs":6203,"area_crs":1639327,"len_km":6,"area_km2":1},"id":804801010},{"arcs":[[33,34,35,-16,36]],"type":"Polygon","properties":{"adm1_psgc":800000000,"adm2_psgc":804800000,"adm3_psgc":804801000,"adm4_psgc":804801011,"adm4_en":"Lipata","geo_level":"Bgy","len_crs":10586,"area_crs":4534897,"len_km":10,"area_km2":4},"id":804801011},{"arcs":[[-8,37,-29,38,39]],"type":"Polygon","properties":{"adm1_psgc":800000000,"adm2_psgc":804800000,"adm3_psgc":804801000,"adm4_psgc":804801012,"adm4_en":"Londres","geo_level":"Bgy","len_crs":7025,"area_crs":3367018,"len_km":7,"area_km2":3},"id":804801012},{"arcs":[[40,-21,41]],"type":"Polygon","properties":{"adm1_psgc":800000000,"adm2_psgc":804800000,"adm3_psgc":804801000,"adm4_psgc":804801015,"adm4_en":"Sabang Zone I","geo_level":"Bgy","len_crs":1948,"area_crs":120171,"len_km":1,"area_km2":0},"id":804801015},{"arcs":[[-39,-33,-28,42,43,-34,44]],"type":"Polygon","properties":{"adm1_psgc":800000000,"adm2_psgc":804800000,"adm3_psgc":804801000,"adm4_psgc":804801016,"adm4_en":"Santa Rita","geo_level":"Bgy","len_crs":5859,"area_crs":2168153,"len_km":5,"area_km2":2},"id":804801016},{"arcs":[[45,46,-35,-44]],"type":"Polygon","properties":{"adm1_psgc":800000000,"adm2_psgc":804800000,"adm3_psgc":804801000,"adm4_psgc":804801017,"adm4_en":"Tasvilla","geo_level":"Bgy","len_crs":4737,"area_crs":950692,"len_km":4,"area_km2":0},"id":804801017},{"arcs":[[-2,47,-4,48]],"type":"Polygon","properties":{"adm1_psgc":800000000,"adm2_psgc":804800000,"adm3_psgc":804801000,"adm4_psgc":804801018,"adm4_en":"Frederic","geo_level":"Bgy","len_crs":7547,"area_crs":3160822,"len_km":7,"area_km2":3},"id":804801018},{"arcs":[[-48,-1,49,-20,50,-5]],"type":"Polygon","properties":{"adm1_psgc":800000000,"adm2_psgc":804800000,"adm3_psgc":804801000,"adm4_psgc":804801019,"adm4_en":"Imelda","geo_level":"Bgy","len_crs":7967,"area_crs":2861780,"len_km":7,"area_km2":2},"id":804801019},{"arcs":[[51,52,-31]],"type":"Polygon","properties":{"adm1_psgc":800000000,"adm2_psgc":804800000,"adm3_psgc":804801000,"adm4_psgc":804801020,"adm4_en":"Lo-oc","geo_level":"Bgy","len_crs":2435,"area_crs":231325,"len_km":2,"area_km2":0},"id":804801020},{"arcs":[[-23,-51,-19,53]],"type":"Polygon","properties":{"adm1_psgc":800000000,"adm2_psgc":804800000,"adm3_psgc":804801000,"adm4_psgc":804801021,"adm4_en":"Kinabranan Zone II","geo_level":"Bgy","len_crs":5851,"area_crs":1354369,"len_km":5,"area_km2":1},"id":804801021},{"arcs":[[-7,-22,-41,54,-52,-30,-38]],"type":"Polygon","properties":{"adm1_psgc":800000000,"adm2_psgc":804800000,"adm3_psgc":804801000,"adm4_psgc":804801022,"adm4_en":"Sabang Zone II","geo_level":"Bgy","len_crs":5512,"area_crs":1610003,"len_km":5,"area_km2":1},"id":804801022},{"arcs":[[-27,55,-46,-43]],"type":"Polygon","properties":{"adm1_psgc":800000000,"adm2_psgc":804800000,"adm3_psgc":804801000,"adm4_psgc":804801023,"adm4_en":"Victoria","geo_level":"Bgy","len_crs":4061,"area_crs":780474,"len_km":4,"area_km2":0},"id":804801023}]}}}