{"type":"Topology","arcs":[[[1115,396],[-165,-5]],[[950,391],[-25,90]],[[925,481],[125,66]],[[1050,547],[42,-37],[23,-114]],[[950,391],[24,-100],[-30,6]],[[944,297],[-53,-13],[-135,7]],[[756,291],[-31,91]],[[725,382],[115,10],[110,-1]],[[597,574],[33,-39]],[[630,535],[17,-36]],[[647,499],[-31,-27]],[[616,472],[-29,-16]],[[587,456],[-19,-8]],[[568,448],[-7,-6]],[[561,442],[-37,46]],[[524,488],[53,58],[-7,27]],[[570,573],[0,2]],[[570,575],[27,-1]],[[605,401],[16,-26]],[[621,375],[-10,-9]],[[611,366],[-20,32]],[[591,398],[8,6]],[[599,404],[6,-3]],[[888,227],[-4,-77]],[[884,150],[-235,24]],[[649,174],[-1,56]],[[648,230],[23,-12],[217,9]],[[787,812],[-126,-147],[-64,-91]],[[570,575],[-35,17]],[[535,592],[67,102]],[[602,694],[62,52],[51,126]],[[715,872],[72,-60]],[[826,533],[-51,-27],[-58,-1]],[[717,505],[-33,16],[-37,-22]],[[630,535],[29,9],[64,91]],[[723,635],[89,-66],[14,-36]],[[601,869],[-16,-51],[-41,-57]],[[544,761],[-80,-40]],[[464,721],[-70,-33]],[[394,688],[-50,18]],[[344,706],[-43,13]],[[301,719],[-76,29]],[[225,748],[12,55],[138,222]],[[375,1025],[40,-26],[73,-73],[113,-57]],[[595,415],[-27,33]],[[587,456],[8,-41]],[[668,417],[-47,-42]],[[605,401],[36,34]],[[641,435],[27,-18]],[[595,415],[4,-11]],[[591,398],[-30,44]],[[641,304],[41,-23],[74,10]],[[944,297],[-3,-71]],[[941,226],[-53,1]],[[648,230],[-7,74]],[[301,719],[-51,-177]],[[250,542],[-62,38]],[[188,580],[37,168]],[[804,793],[-81,-158]],[[787,812],[17,-19]],[[535,592],[-83,3]],[[452,595],[1,23]],[[453,618],[11,103]],[[544,761],[58,-67]],[[884,150],[0,-57]],[[884,93],[-59,-1],[-4,-33],[-43,-47],[-51,-12],[-20,28],[-83,17],[25,53],[0,76]],[[570,573],[-36,-25],[-57,-12]],[[477,536],[-41,30]],[[436,566],[16,29]],[[188,580],[-46,8]],[[142,588],[-21,164],[-91,67]],[[30,819],[54,142],[20,131],[-44,126],[88,-35],[227,-158]],[[941,226],[184,-2]],[[1125,224],[-25,-84],[-60,-79],[-142,36],[-14,-4]],[[394,688],[14,-87]],[[408,601],[-14,-40]],[[394,561],[-34,-32],[-55,-18]],[[305,511],[39,195]],[[1115,396],[-3,-58],[13,-114]],[[524,488],[-47,48]],[[142,588],[-57,-48],[-85,83],[30,196]],[[725,382],[-29,51]],[[696,433],[21,72]],[[826,533],[99,-52]],[[616,472],[25,-37]],[[641,304],[-13,28]],[[628,332],[97,50]],[[1005,640],[-78,-9],[-101,-98]],[[804,793],[48,-46],[63,2],[94,-46],[-4,-63]],[[1005,640],[45,-93]],[[601,869],[57,14],[57,-11]],[[628,332],[-17,34]],[[668,417],[28,16]],[[453,618],[-45,-17]],[[305,511],[-55,31]],[[436,566],[-42,-5]]],"transform":{"scale":[0.0001557411644443947,0.0001261133940886849],"translate":[121.99936578100008,11.668056057000054]},"objects":{"bgysubmuns-municity-600611000":{"type":"GeometryCollection","geometries":[{"arcs":[[0,1,2,3]],"type":"Polygon","properties":{"adm1_psgc":600000000,"adm2_psgc":600600000,"adm3_psgc":600611000,"adm4_psgc":600611001,"adm4_en":"Aracay","geo_level":"Bgy","len_crs":8967,"area_crs":4861670,"len_km":8,"area_km2":4},"id":600611001},{"arcs":[[4,5,6,7]],"type":"Polygon","properties":{"adm1_psgc":600000000,"adm2_psgc":600600000,"adm3_psgc":600611000,"adm4_psgc":600611002,"adm4_en":"Badiangan","geo_level":"Bgy","len_crs":10416,"area_crs":5468809,"len_km":10,"area_km2":5},"id":600611002},{"arcs":[[8,9,10,11,12,13,14,15,16,17]],"type":"Polygon","properties":{"adm1_psgc":600000000,"adm2_psgc":600600000,"adm3_psgc":600611000,"adm4_psgc":600611003,"adm4_en":"Bagumbayan","geo_level":"Bgy","len_crs":6287,"area_crs":2013559,"len_km":6,"area_km2":2},"id":600611003},{"arcs":[[18,19,20,21,22]],"type":"Polygon","properties":{"adm1_psgc":600000000,"adm2_psgc":600600000,"adm3_psgc":600611000,"adm4_psgc":600611004,"adm4_en":"Baybay","geo_level":"Bgy","len_crs":1582,"area_crs":125597,"len_km":1,"area_km2":0},"id":600611004},{"arcs":[[23,24,25,26]],"type":"Polygon","properties":{"adm1_psgc":600000000,"adm2_psgc":600600000,"adm3_psgc":600611000,"adm4_psgc":600611005,"adm4_en":"Botbot","geo_level":"Bgy","len_crs":10101,"area_crs":3400890,"len_km":10,"area_km2":3},"id":600611005},{"arcs":[[27,-18,28,29,30,31]],"type":"Polygon","properties":{"adm1_psgc":600000000,"adm2_psgc":600600000,"adm3_psgc":600611000,"adm4_psgc":600611007,"adm4_en":"Buang","geo_level":"Bgy","len_crs":12339,"area_crs":4962840,"len_km":12,"area_km2":4},"id":600611007},{"arcs":[[32,33,-10,34,35]],"type":"Polygon","properties":{"adm1_psgc":600000000,"adm2_psgc":600600000,"adm3_psgc":600611000,"adm4_psgc":600611008,"adm4_en":"Cabugao","geo_level":"Bgy","len_crs":8659,"area_crs":3315480,"len_km":8,"area_km2":3},"id":600611008},{"arcs":[[36,37,38,39,40,41,42,43]],"type":"Polygon","properties":{"adm1_psgc":600000000,"adm2_psgc":600600000,"adm3_psgc":600611000,"adm4_psgc":600611009,"adm4_en":"Candari","geo_level":"Bgy","len_crs":16927,"area_crs":16799942,"len_km":16,"area_km2":16},"id":600611009},{"arcs":[[44,-13,45]],"type":"Polygon","properties":{"adm1_psgc":600000000,"adm2_psgc":600600000,"adm3_psgc":600611000,"adm4_psgc":600611010,"adm4_en":"Carmen","geo_level":"Bgy","len_crs":1826,"area_crs":167994,"len_km":1,"area_km2":0},"id":600611010},{"arcs":[[46,-19,47,48]],"type":"Polygon","properties":{"adm1_psgc":600000000,"adm2_psgc":600600000,"adm3_psgc":600611000,"adm4_psgc":600611011,"adm4_en":"Centro Sur","geo_level":"Bgy","len_crs":2910,"area_crs":453415,"len_km":2,"area_km2":0},"id":600611011},{"arcs":[[49,-22,50,-14,-45]],"type":"Polygon","properties":{"adm1_psgc":600000000,"adm2_psgc":600600000,"adm3_psgc":600611000,"adm4_psgc":600611012,"adm4_en":"Dionela","geo_level":"Bgy","len_crs":1973,"area_crs":121332,"len_km":1,"area_km2":0},"id":600611012},{"arcs":[[51,-6,52,53,-27,54]],"type":"Polygon","properties":{"adm1_psgc":600000000,"adm2_psgc":600600000,"adm3_psgc":600611000,"adm4_psgc":600611013,"adm4_en":"Dumrog","geo_level":"Bgy","len_crs":12514,"area_crs":4412198,"len_km":12,"area_km2":4},"id":600611013},{"arcs":[[55,56,57,-42]],"type":"Polygon","properties":{"adm1_psgc":600000000,"adm2_psgc":600600000,"adm3_psgc":600611000,"adm4_psgc":600611014,"adm4_en":"Duyong","geo_level":"Bgy","len_crs":7610,"area_crs":3252633,"len_km":7,"area_km2":3},"id":600611014},{"arcs":[[58,-35,-9,-28,59]],"type":"Polygon","properties":{"adm1_psgc":600000000,"adm2_psgc":600600000,"adm3_psgc":600611000,"adm4_psgc":600611015,"adm4_en":"Fragante","geo_level":"Bgy","len_crs":10625,"area_crs":3947593,"len_km":10,"area_km2":3},"id":600611015},{"arcs":[[-30,60,61,62,-38,63]],"type":"Polygon","properties":{"adm1_psgc":600000000,"adm2_psgc":600600000,"adm3_psgc":600611000,"adm4_psgc":600611016,"adm4_en":"Guia","geo_level":"Bgy","len_crs":7891,"area_crs":3850688,"len_km":7,"area_km2":3},"id":600611016},{"arcs":[[64,65,-25]],"type":"Polygon","properties":{"adm1_psgc":600000000,"adm2_psgc":600600000,"adm3_psgc":600611000,"adm4_psgc":600611017,"adm4_en":"Idiacacan","geo_level":"Bgy","len_crs":12704,"area_crs":6974572,"len_km":12,"area_km2":6},"id":600611017},{"arcs":[[-29,-17,66,67,68,-61]],"type":"Polygon","properties":{"adm1_psgc":600000000,"adm2_psgc":600600000,"adm3_psgc":600611000,"adm4_psgc":600611018,"adm4_en":"Jinalinan","geo_level":"Bgy","len_crs":5643,"area_crs":1262983,"len_km":5,"area_km2":1},"id":600611018},{"arcs":[[-43,-58,69,70,71]],"type":"Polygon","properties":{"adm1_psgc":600000000,"adm2_psgc":600600000,"adm3_psgc":600611000,"adm4_psgc":600611019,"adm4_en":"Luhod-Bayang","geo_level":"Bgy","len_crs":24236,"area_crs":23855471,"len_km":24,"area_km2":23},"id":600611019},{"arcs":[[72,73,-65,-24,-54]],"type":"Polygon","properties":{"adm1_psgc":600000000,"adm2_psgc":600600000,"adm3_psgc":600611000,"adm4_psgc":600611020,"adm4_en":"Maadios","geo_level":"Bgy","len_crs":11355,"area_crs":7398510,"len_km":11,"area_km2":7},"id":600611020},{"arcs":[[74,75,76,77,-40]],"type":"Polygon","properties":{"adm1_psgc":600000000,"adm2_psgc":600600000,"adm3_psgc":600611000,"adm4_psgc":600611021,"adm4_en":"Mag-aba","geo_level":"Bgy","len_crs":7381,"area_crs":2953610,"len_km":7,"area_km2":2},"id":600611021},{"arcs":[[-73,-53,-5,-1,78]],"type":"Polygon","properties":{"adm1_psgc":600000000,"adm2_psgc":600600000,"adm3_psgc":600611000,