{"type":"Topology","arcs":[[[545,594],[5,-10]],[[550,584],[11,-33]],[[561,551],[-87,-17],[-1,-69]],[[473,465],[-45,-40]],[[428,425],[-185,0],[0,-26]],[[243,399],[-120,6]],[[123,405],[1,34]],[[124,439],[105,-3],[41,61],[88,53]],[[358,550],[8,27],[133,6]],[[499,583],[46,11]],[[761,594],[-33,-113]],[[728,481],[-39,-19],[-95,32]],[[594,494],[-33,57]],[[550,584],[112,-6],[24,37]],[[686,615],[75,-21]],[[605,247],[-53,-41]],[[552,206],[-16,15]],[[536,221],[10,81]],[[546,302],[59,-55]],[[520,351],[26,-49]],[[536,221],[-152,12],[1,71]],[[385,304],[45,5]],[[430,309],[90,42]],[[769,261],[-74,41]],[[695,302],[41,59],[-8,120]],[[761,594],[14,8]],[[775,602],[62,9]],[[837,611],[-37,-55],[6,-96],[-39,-62],[2,-137]],[[617,432],[49,-116]],[[666,316],[8,-82]],[[674,234],[-69,13]],[[520,351],[1,79]],[[521,430],[96,2]],[[745,89],[-4,-50],[-66,-39],[-39,107]],[[636,107],[24,44]],[[660,151],[85,-62]],[[775,602],[-43,137]],[[732,739],[73,2],[32,-130]],[[34,247],[53,-42],[-19,-59],[-68,-6],[34,107]],[[358,550],[-86,-2],[4,76],[186,16],[37,-57]],[[430,309],[-2,116]],[[473,465],[48,-35]],[[243,399],[0,-82]],[[243,317],[-118,-2]],[[125,315],[-2,90]],[[594,494],[23,-62]],[[545,594],[-18,36],[157,84]],[[684,714],[2,-99]],[[674,234],[-14,-83]],[[636,107],[-67,15],[-17,84]],[[125,315],[-99,1],[4,121],[94,2]],[[385,304],[-142,13]],[[695,302],[-29,14]],[[684,714],[48,25]],[[769,261],[-24,-172]]],"transform":{"scale":[0.00025029150418156095,0.00016611234547913786],"translate":[125.5481769810001,7.303627487000028]},"objects":{"bgysubmuns-municity-1102303000":{"type":"GeometryCollection","geometries":[{"arcs":[[0,1,2,3,4,5,6,7,8,9]],"type":"Polygon","properties":{"adm1_psgc":1100000000,"adm2_psgc":1102300000,"adm3_psgc":1102303000,"adm4_psgc":1102303001,"adm4_en":"Alejal","geo_level":"Bgy","len_crs":33392,"area_crs":16781831,"len_km":33,"area_km2":16},"id":1102303001},{"arcs":[[10,11,12,-2,13,14]],"type":"Polygon","properties":{"adm1_psgc":1100000000,"adm2_psgc":1102300000,"adm3_psgc":1102303000,"adm4_psgc":1102303002,"adm4_en":"Anibongan","geo_level":"Bgy","len_crs":15398,"area_crs":10416019,"len_km":15,"area_km2":10},"id":1102303002},{"arcs":[[15,16,17,18]],"type":"Polygon","properties":{"adm1_psgc":1100000000,"adm2_psgc":1102300000,"adm3_psgc":1102303000,"adm4_psgc":1102303003,"adm4_en":"Asuncion","geo_level":"Bgy","len_crs":6578,"area_crs":2145986,"len_km":6,"area_km2":2},"id":1102303003},{"arcs":[[19,-18,20,21,22]],"type":"Polygon","properties":{"adm1_psgc":1100000000,"adm2_psgc":1102300000,"adm3_psgc":1102303000,"adm4_psgc":1102303005,"adm4_en":"Cebulano","geo_level":"Bgy","len_crs":13100,"area_crs":7948365,"len_km":13,"area_km2":7},"id":1102303005},{"arcs":[[23,24,-11,25,26,27]],"type":"Polygon","properties":{"adm1_psgc":1100000000,"adm2_psgc":1102300000,"adm3_psgc":1102303000,"adm4_psgc":1102303006,"adm4_en":"Guadalupe","geo_level":"Bgy","len_crs":18610,"area_crs":9685695,"len_km":18,"area_km2":9},"id":1102303006},{"arcs":[[28,29,30,-19,-20,31,32]],"type":"Polygon","properties":{"adm1_psgc":1100000000,"adm2_psgc":1102300000,"adm3_psgc":1102303000,"adm4_psgc":1102303007,"adm4_en":"Ising","geo_level":"Bgy","len_crs":14759,"area_crs":10204643,"len_km":14,"area_km2":10},"id":1102303007},{"arcs":[[33,34,35]],"type":"Polygon","properties":{"adm1_psgc":1100000000,"adm2_psgc":1102300000,"adm3_psgc":1102303000,"adm4_psgc":1102303008,"adm4_en":"La Paz","geo_level":"Bgy","len_crs":13952,"area_crs":4860406,"len_km":13,"area_km2":4},"id":1102303008},{"arcs":[[-27,36,37]],"type":"Polygon","properties":{"adm1_psgc":1100000000,"adm2_psgc":1102300000,"adm3_psgc":1102303000,"adm4_psgc":1102303010,"adm4_en":"Mabaus","geo_level":"Bgy","len_crs":12069,"area_crs":5708960,"len_km":12,"area_km2":5},"id":1102303010},{"arcs":[[38]],"type":"Polygon","properties":{"adm1_psgc":1100000000,"adm2_psgc":1102300000,"adm3_psgc":1102303000,"adm4_psgc":1102303011,"adm4_en":"Mabuhay","geo_level":"Bgy","len_crs":8597,"area_crs":4295228,"len_km":8,"area_km2":4},"id":1102303011},{"arcs":[[-9,39]],"type":"Polygon","properties":{"adm1_psgc":1100000000,"adm2_psgc":1102300000,"adm3_psgc":1102303000,"adm4_psgc":1102303012,"adm4_en":"Magsaysay","geo_level":"Bgy","len_crs":14932,"area_crs":7278614,"len_km":14,"area_km2":7},"id":1102303012},{"arcs":[[-32,-23,40,-4,41]],"type":"Polygon","properties":{"adm1_psgc":1100000000,"adm2_psgc":1102300000,"adm3_psgc":1102303000,"adm4_psgc":1102303014,"adm4_en":"Mangalcal","geo_level":"Bgy","len_crs":9938,"area_crs":4979376,"len_km":9,"area_km2":4},"id":1102303014},{"arcs":[[42,43,44,-6]],"type":"Polygon","properties":{"adm1_psgc":1100000000,"adm2_psgc":1102300000,"adm3_psgc":1102303000,"adm4_psgc":1102303015,"adm4_en":"Minda","geo_level":"Bgy","len_crs":9742,"area_crs":5171156,"len_km":9,"area_km2":5},"id":1102303015},{"arcs":[[45,-33,-42,-3,-13]],"type":"Polygon","properties":{"adm1_psgc":1100000000,"adm2_psgc":1102300000,"adm3_psgc":1102303000,"adm4_psgc":1102303016,"adm4_en":"New Camiling","geo_level":"Bgy","len_crs":11196,"area_crs":5821118,"len_km":11,"area_km2":5},"id":1102303016},{"arcs":[[-14,-1,46,47]],"type":"Polygon","properties":{"adm1_psgc":1100000000,"adm2_psgc":1102300000,"adm3_psgc":1102303000,"adm4_psgc":1102303018,"adm4_en":"San Isidro","geo_level":"Bgy","len_crs":12132,"area_crs":7137929,"len_km":12,"area_km2":7},"id":1102303018},{"arcs":[[48,-35,49,-16,-31]],"type":"Polygon","properties":{"adm1_psgc":1100000000,"adm2_psgc":1102300000,"adm3_psgc":1102303000,"adm4_psgc":1102303019,"adm4_en":"Santo Niño","geo_level":"Bgy","len_crs":12034,"area_crs":6746176,"len_km":12,"area_km2":6},"id":1102303019},{"arcs":[[-45,50,-7]],"type":"Polygon","properties":{"adm1_psgc":1100000000,"adm2_psgc":1102300000,"adm3_psgc":1102303000,"adm4_psgc":1102303020,"adm4_en":"Tibulao","geo_level":"Bgy","len_crs":9841,"area_crs":6025143,"len_km":9,"area_km2":6},"id":1102303020},{"arcs":[[-41,-22,51,-43,-5]],"type":"Polygon","properties":{"adm1_psgc":1100000000,"adm2_psgc":1102300000,"adm3_psgc":1102303000,"adm4_psgc":1102303021,"adm4_en":"Tubod","geo_level":"Bgy","len_crs":14446,"area_crs":10529088,"len_km":14,"area_km2":10},"id":1102303021},{"arcs":[[-25,52,-29,-46,-12]],"type":"Polygon","properties":{"adm1_psgc":1100000000,"adm2_psgc":1102300000,"adm3_psgc":1102303000,"adm4_psgc":1102303022,"adm4_en":"Tuganay","geo_level":"Bgy","len_crs":12486,"area_crs":7930019,"len_km":12,"area_km2":7},"id":1102303022},{"arcs":[[-26,-15,-48,53,-37]],"type":"Polygon","properties":{"adm1_psgc":1100000000,"adm2_psgc":1102300000,"adm3_psgc":1102303000,"adm4_psgc":1102303023,"adm4_en":"Salvacion","geo_level":"Bgy","len_crs":9475,"area_crs":4735035,"len_km":9,"area_km2":4},"id":1102303023},{"arcs":[[-24,54,-36,-49,-30,-53]],"type":"Polygon","properties":{"adm1_psgc":1100000000,"adm2_psgc":1102300000,"adm3_psgc":1102303000,"adm4_psgc":1102303024,"adm4_en":"Taba","geo_level":"Bgy","len_crs":18060,"area_crs":7529088,"len_km":18,"area_km2":7},"id":1102303024}]}}}