{"type":"Topology","arcs":[[[335,749],[-16,-86]],[[319,663],[-109,-53]],[[210,610],[-12,118]],[[198,728],[91,53],[46,-32]],[[613,679],[-1,-81]],[[612,598],[-114,-4]],[[498,594],[-75,17]],[[423,611],[-8,69]],[[415,680],[198,-1]],[[473,509],[-14,-36]],[[459,473],[10,-147]],[[469,326],[-28,-119]],[[441,207],[-81,-2]],[[360,205],[-56,-5]],[[304,200],[-72,14]],[[232,214],[47,57],[-1,55]],[[278,326],[3,107],[18,49]],[[299,482],[23,22]],[[322,504],[80,17]],[[402,521],[71,-12]],[[631,512],[30,-166]],[[661,346],[-87,21],[-19,74]],[[555,441],[15,69]],[[570,510],[61,2]],[[415,680],[-20,12]],[[395,692],[16,88]],[[411,780],[15,32]],[[426,812],[116,31],[-14,-49],[58,-49],[27,-66]],[[714,222],[-12,-52],[57,-96],[-116,-2],[-46,24]],[[597,96],[-23,119]],[[574,215],[140,7]],[[512,153],[-60,-6]],[[452,147],[-11,60]],[[441,207],[62,10]],[[503,217],[9,-64]],[[504,100],[15,-100],[-82,17],[-25,53]],[[412,70],[-43,79]],[[369,149],[83,-2]],[[512,153],[-8,-53]],[[423,611],[-21,-90]],[[322,504],[50,92],[-4,51]],[[368,647],[27,45]],[[498,594],[-25,-85]],[[661,346],[-2,-28]],[[659,318],[-131,0]],[[528,318],[-28,92]],[[500,410],[55,31]],[[612,598],[19,-86]],[[570,510],[-97,-1]],[[210,610],[-42,-119]],[[168,491],[-115,11]],[[53,502],[-40,69],[45,103],[53,45],[87,9]],[[168,491],[10,-125],[-13,-49],[113,9]],[[232,214],[-22,-62]],[[210,152],[-159,12],[-51,88],[45,79],[-18,35],[26,136]],[[528,318],[-59,8]],[[459,473],[41,-63]],[[304,200],[23,-79],[-42,-53]],[[285,68],[-9,-14]],[[276,54],[-109,3]],[[167,57],[43,95]],[[597,96],[-93,4]],[[503,217],[71,-2]],[[369,149],[-9,56]],[[411,780],[-76,-130]],[[335,650],[-16,13]],[[335,749],[91,63]],[[412,70],[-127,-2]],[[368,647],[-33,3]],[[659,318],[4,-67],[51,-29]],[[168,491],[131,-9]],[[276,54],[8,-38],[-121,-11],[4,52]]],"transform":{"scale":[0.00010973252700931307,0.00011361952669040721],"translate":[124.08097984100004,8.050334233000058]},"objects":{"bgysubmuns-municity-1003517000":{"type":"GeometryCollection","geometries":[{"arcs":[[0,1,2,3]],"type":"Polygon","properties":{"adm1_psgc":1000000000,"adm2_psgc":1003500000,"adm3_psgc":1003517000,"adm4_psgc":1003517001,"adm4_en":"Alowin","geo_level":"Bgy","len_crs":6665,"area_crs":2311097,"len_km":6,"area_km2":2},"id":1003517001},{"arcs":[[4,5,6,7,8]],"type":"Polygon","properties":{"adm1_psgc":1000000000,"adm2_psgc":1003500000,"adm3_psgc":1003517000,"adm4_psgc":1003517002,"adm4_en":"Bubong-Dinaig","geo_level":"Bgy","len_crs":7299,"area_crs":2272199,"len_km":7,"area_km2":2},"id":1003517002},{"arcs":[[9,10,11,12,13,14,15,16,17,18,19]],"type":"Polygon","properties":{"adm1_psgc":1000000000,"adm2_psgc":1003500000,"adm3_psgc":1003517000,"adm4_psgc":1003517003,"adm4_en":"Caromatan","geo_level":"Bgy","len_crs":13697,"area_crs":8353878,"len_km":13,"area_km2":8},"id":1003517003},{"arcs":[[20,21,22,23]],"type":"Polygon","properties":{"adm1_psgc":1000000000,"adm2_psgc":1003500000,"adm3_psgc":1003517000,"adm4_psgc":1003517004,"adm4_en":"Daramba","geo_level":"Bgy","len_crs":7234,"area_crs":1988879,"len_km":7,"area_km2":1},"id":1003517004},{"arcs":[[-9,24,25,26,27]],"type":"Polygon","properties":{"adm1_psgc":1000000000,"adm2_psgc":1003500000,"adm3_psgc":1003517000,"adm4_psgc":1003517005,"adm4_en":"Dinaig","geo_level":"Bgy","len_crs":11106,"area_crs":3779890,"len_km":11,"area_km2":3},"id":1003517005},{"arcs":[[28,29,30]],"type":"Polygon","properties":{"adm1_psgc":1000000000,"adm2_psgc":1003500000,"adm3_psgc":1003517000,"adm4_psgc":1003517007,"adm4_en":"Cabasaran","geo_level":"Bgy","len_crs":9019,"area_crs":3222501,"len_km":9,"area_km2":3},"id":1003517007},{"arcs":[[31,32,33,34]],"type":"Polygon","properties":{"adm1_psgc":1000000000,"adm2_psgc":1003500000,"adm3_psgc":1003517000,"adm4_psgc":1003517008,"adm4_en":"Kablangan","geo_level":"Bgy","len_crs":3118,"area_crs":517934,"len_km":3,"area_km2":0},"id":1003517008},{"arcs":[[35,36,37,-32,38]],"type":"Polygon","properties":{"adm1_psgc":1000000000,"adm2_psgc":1003500000,"adm3_psgc":1003517000,"adm4_psgc":1003517009,"adm4_en":"Cadayonan","geo_level":"Bgy","len_crs":7520,"area_crs":2284618,"len_km":7,"area_km2":2},"id":1003517009},{"arcs":[[-8,39,-19,40,41,-25]],"type":"Polygon","properties":{"adm1_psgc":1000000000,"adm2_psgc":1003500000,"adm3_psgc":1003517000,"adm4_psgc":1003517010,"adm4_en":"Linindingan","geo_level":"Bgy","len_crs":8088,"area_crs":1543748,"len_km":8,"area_km2":1},"id":1003517010},{"arcs":[[42,-20,-40,-7]],"type":"Polygon","properties":{"adm1_psgc":1000000000,"adm2_psgc":1003500000,"adm3_psgc":1003517000,"adm4_psgc":1003517012,"adm4_en":"Lumbatan","geo_level":"Bgy","len_crs":4265,"area_crs":1168523,"len_km":4,"area_km2":1},"id":1003517012},{"arcs":[[43,44,45,46,-22]],"type":"Polygon","properties":{"adm1_psgc":1000000000,"adm2_psgc":1003500000,"adm3_psgc":1003517000,"adm4_psgc":1003517013,"adm4_en":"Lupitan","geo_level":"Bgy","len_crs":7222,"area_crs":1239897,"len_km":7,"area_km2":1},"id":1003517013},{"arcs":[[47,-24,48,-43,-6]],"type":"Polygon","properties":{"adm1_psgc":1000000000,"adm2_psgc":1003500000,"adm3_psgc":1003517000,"adm4_psgc":1003517014,"adm4_en":"Madamba","geo_level":"Bgy","len_crs":6778,"area_crs":1625256,"len_km":6,"area_km2":1},"id":1003517014},{"arcs":[[49,50,51,-3]],"type":"Polygon","properties":{"adm1_psgc":1000000000,"adm2_psgc":1003500000,"adm3_psgc":1003517000,"adm4_psgc":1003517015,"adm4_en":"Madaya","geo_level":"Bgy","len_crs":9805,"area_crs":5126693,"len_km":9,"area_km2":5},"id":1003517015},{"arcs":[[52,-16,53,54,-51]],"type":"Polygon","properties":{"adm1_psgc":1000000000,"adm2_psgc":1003500000,"adm3_psgc":1003517000,"adm4_psgc":1003517016,"adm4_en":"Maliwanag","geo_level":"Bgy","len_crs":17755,"area_crs":9129229,"len_km":17,"area_km2":9},"id":1003517016},{"arcs":[[-46,55,-11,56]],"type":"Polygon","properties":{"adm1_psgc":1000000000,"adm2_psgc":1003500000,"adm3_psgc":1003517000,"adm4_psgc":1003517017,"adm4_en":"Nunang","geo_level":"Bgy","len_crs":5450,"area_crs":1046732,"len_km":5,"area_km2":1},"id":1003517017},{"arcs":[[57,58,59,60,-54,-15]],"type":"Polygon","properties":{"adm1_psgc":1000000000,"adm2_psgc":1003500000,"adm3_psgc":1003517000,"adm4_psgc":1003517018,"adm4_en":"Nunungan","geo_level":"Bgy","len_crs":7000,"area_crs":2478416,"len_km":7,"area_km2":2},"id":1003517018},{"arcs":[[-30,61,-39,-35,62]],"type":"Polygon","properties":{"adm1_psgc":1000000000,"adm2_psgc":1003500000,"adm3_psgc":1003517000,"adm4_psgc":1003517019,"adm4_en":"Pantao Raya","geo_level":"Bgy","len_crs":5342,"area_crs":1380706,"len_km":5,"area_km2":1},"id":1003517019},{"arcs":[[-38,63,-13,-33]],"type":"Polygon","properties":{"adm1_psgc":1000000000,"adm2_psgc":1003500000,"adm3_psgc":1003517000,"adm4_psgc":1003517020,"adm4_en":"Pantaon","geo_level":"Bgy","len_crs":3512,"area_crs":698095,"len_km":3,"area_km2":0},"id":1003517020},{"arcs":[[-27,64,65,-1,66]],"type":"Polygon","properties":{"adm1_psgc":1000000000,"adm2_psgc":1003500000,"adm3_psgc":1003517000,"adm4_psgc":1003517021,"adm4_en":"Pened","geo_level":"Bgy","len_crs":6222,"area_crs":1071025,"len_km":6,"area_km2":1},"id":1003517021},{"arcs":[[-64,-37,67,-58,-14]],"type":"Polygon","properties":{"adm1_psgc":1000000000,"adm2_psgc":1003500000,"adm3_psgc":1003517000,"adm4_psgc":1003517022,"adm4_en":"Piangamangaan","geo_level":"Bgy","len_crs":6434,"area_crs":1595544,"len_km":6,"area_km2":1},"id":1003517022},{"arcs":[[-26,-42,68,-65]],"type":"Polygon","properties":{"adm1_psgc":1000000000,"adm2_psgc":1003500000,"adm3_psgc":1003517000,"adm4_psgc":1003517023,"adm4_en":"Pendolonan","geo_level":"Bgy","len_crs":5473,"area_crs":806150,"len_km":5,"area_km2":0},"id":1003517023},{"arcs":[[-45,69,-31,-63,-34,-12,-56]],"type":"Polygon","properties":{"adm1_psgc":1000000000,"adm2_psgc":1003500000,"adm3_psgc":1003517000,"adm4_psgc":1003517024,"adm4_en":"Poblacion","geo_level":"Bgy","len_crs":9512,"area_crs":3278699,"len_km":9,"area_km2":3},"id":1003517024},{"arcs":[[-47,-57,-10,-49,-23]],"type":"Polygon","properties":{"adm1_psgc":1000000000,"adm2_psgc":1003500000,"adm3_psgc":1003517000,"adm4_psgc":1003517025,