{"type":"Topology","arcs":[[[757,643],[4,-40],[36,-57]],[[797,546],[-17,-2],[-37,36],[-51,-26],[-103,27]],[[589,581],[-2,136]],[[587,717],[132,-50],[38,-24]],[[741,165],[13,-34],[-6,-25],[1,-63],[-29,-16],[-12,-27],[-20,12],[-23,-11],[-36,68],[-13,13],[5,64],[-21,21],[-22,-3],[-21,18],[-61,-4],[-42,21],[-21,-30],[-58,-5],[-375,-20],[34,95]],[[34,239],[498,19],[97,-39],[112,-54]],[[797,546],[5,-65],[-24,-16],[-11,-32]],[[767,433],[-29,28],[-45,-12],[-20,-37],[-12,24],[-44,5]],[[617,441],[-28,140]],[[761,1032],[2,-50],[19,-49]],[[782,933],[-30,-29],[-53,52],[-41,28],[-55,50]],[[603,1034],[-4,111]],[[599,1145],[48,-44],[46,-8],[18,-48],[21,-14],[29,1]],[[546,1212],[53,-7]],[[599,1205],[0,-60]],[[603,1034],[2,-122]],[[605,912],[-47,32],[-76,5]],[[482,949],[-1,82],[-16,191]],[[465,1222],[81,-10]],[[733,1223],[-134,-18]],[[546,1212],[-25,192],[-52,73]],[[469,1477],[-9,92],[61,119],[32,-16],[23,-72],[41,-82],[-4,-48],[17,-59],[23,-5],[25,-22],[20,-55],[24,-92],[11,-14]],[[465,1222],[-165,-28]],[[300,1194],[-10,72],[26,-14],[26,80],[4,110],[40,5],[83,30]],[[482,949],[-26,2],[-120,-30],[-66,118]],[[270,1039],[30,155]],[[733,1223],[2,-28],[22,-46],[-8,-41],[12,-76]],[[782,933],[10,-64],[-8,-63]],[[784,806],[-37,4],[-142,102]],[[784,806],[-24,-108],[-3,-55]],[[587,717],[-102,46],[-212,22]],[[273,785],[-10,119],[7,135]],[[588,362],[163,-7]],[[751,355],[-11,-122],[9,-14],[-8,-54]],[[34,239],[21,78],[-9,45]],[[46,362],[195,14],[347,-14]],[[589,581],[-39,19],[-268,29]],[[282,629],[-9,156]],[[767,433],[-16,-78]],[[588,362],[29,79]],[[46,362],[-7,33],[11,53],[-19,84],[24,23],[227,74]]],"transform":{"scale":[0.00023493406109723937,0.00017032795853081517],"translate":[125.52569471000002,6.016600993000056]},"objects":{"bgysubmuns-municity-1108601000":{"type":"GeometryCollection","geometries":[{"arcs":[[0,1,2,3]],"type":"Polygon","properties":{"adm1_psgc":1100000000,"adm2_psgc":1108600000,"adm3_psgc":1108601000,"adm4_psgc":1108601001,"adm4_en":"Calian","geo_level":"Bgy","len_crs":15654,"area_crs":10147457,"len_km":15,"area_km2":10},"id":1108601001},{"arcs":[[4,5]],"type":"Polygon","properties":{"adm1_psgc":1100000000,"adm2_psgc":1108600000,"adm3_psgc":1108601000,"adm4_psgc":1108601002,"adm4_en":"Kiobog","geo_level":"Bgy","len_crs":50880,"area_crs":35401848,"len_km":50,"area_km2":35},"id":1108601002},{"arcs":[[6,7,8,-2]],"type":"Polygon","properties":{"adm1_psgc":1100000000,"adm2_psgc":1108600000,"adm3_psgc":1108601000,"adm4_psgc":1108601003,"adm4_en":"North Lamidan","geo_level":"Bgy","len_crs":16466,"area_crs":11281123,"len_km":16,"area_km2":11},"id":1108601003},{"arcs":[[9,10,11,12]],"type":"Polygon","properties":{"adm1_psgc":1100000000,"adm2_psgc":1108600000,"adm3_psgc":1108601000,"adm4_psgc":1108601004,"adm4_en":"Lawa","geo_level":"Bgy","len_crs":15457,"area_crs":9652416,"len_km":15,"area_km2":9},"id":1108601004},{"arcs":[[13,14,-12,15,16,17,18]],"type":"Polygon","properties":{"adm1_psgc":1100000000,"adm2_psgc":1108600000,"adm3_psgc":1108601000,"adm4_psgc":1108601005,"adm4_en":"Nueva Villa","geo_level":"Bgy","len_crs":17552,"area_crs":16903270,"len_km":17,"area_km2":16},"id":1108601005},{"arcs":[[19,-14,20,21]],"type":"Polygon","properties":{"adm1_psgc":1100000000,"adm2_psgc":1108600000,"adm3_psgc":1108601000,"adm4_psgc":1108601006,"adm4_en":"Talagutong","geo_level":"Bgy","len_crs":29695,"area_crs":31636704,"len_km":29,"area_km2":31},"id":1108601006},{"arcs":[[-19,22,23,-21]],"type":"Polygon","properties":{"adm1_psgc":1100000000,"adm2_psgc":1108600000,"adm3_psgc":1108601000,"adm4_psgc":1108601007,"adm4_en":"Baluntaya","geo_level":"Bgy","len_crs":21154,"area_crs":23660954,"len_km":21,"area_km2":23},"id":1108601007},{"arcs":[[24,25,-23,-18]],"type":"Polygon","properties":{"adm1_psgc":1100000000,"adm2_psgc":1108600000,"adm3_psgc":1108601000,"adm4_psgc":1108601008,"adm4_en":"Dalupan","geo_level":"Bgy","len_crs":19194,"area_crs":24622733,"len_km":19,"area_km2":24},"id":1108601008},{"arcs":[[26,-13,-15,-20]],"type":"Polygon","properties":{"adm1_psgc":1100000000,"adm2_psgc":1108600000,"adm3_psgc":1108601000,"adm4_psgc":1108601009,"adm4_en":"Kinanga","geo_level":"Bgy","len_crs":14210,"area_crs":9094226,"len_km":14,"area_km2":9},"id":1108601009},{"arcs":[[27,28,-16,-11]],"type":"Polygon","properties":{"adm1_psgc":1100000000,"adm2_psgc":1108600000,"adm3_psgc":1108601000,"adm4_psgc":1108601010,"adm4_en":"Lanao","geo_level":"Bgy","len_crs":15890,"area_crs":10039995,"len_km":15,"area_km2":10},"id":1108601010},{"arcs":[[-17,-29,29,-4,30,31,-25]],"type":"Polygon","properties":{"adm1_psgc":1100000000,"adm2_psgc":1108600000,"adm3_psgc":1108601000,"adm4_psgc":1108601011,"adm4_en":"Lapuan","geo_level":"Bgy","len_crs":36305,"area_crs":45098058,"len_km":36,"area_km2":45},"id":1108601011},{"arcs":[[32,33,-6,34,35]],"type":"Polygon","properties":{"adm1_psgc":1100000000,"adm2_psgc":1108600000,"adm3_psgc":1108601000,"adm4_psgc":1108601012,"adm4_en":"Linadasan","geo_level":"Bgy","len_crs":43632,"area_crs":43951953,"len_km":43,"area_km2":43},"id":1108601012},{"arcs":[[-3,36,37,-31]],"type":"Polygon","properties":{"adm1_psgc":1100000000,"adm2_psgc":1108600000,"adm3_psgc":1108601000,"adm4_psgc":1108601013,"adm4_en":"Mabuhay","geo_level":"Bgy","len_crs":21910,"area_crs":22952390,"len_km":21,"area_km2":22},"id":1108601013},{"arcs":[[38,-33,39,-8]],"type":"Polygon","properties":{"adm1_psgc":1100000000,"adm2_psgc":1108600000,"adm3_psgc":1108601000,"adm4_psgc":1108601014,"adm4_en":"South Lamidan","geo_level":"Bgy","len_crs":12582,"area_crs":6568129,"len_km":12,"area_km2":6},"id":1108601014},{"arcs":[[-9,-40,-36,40,-37]],"type":"Polygon","properties":{"adm1_psgc":1100000000,"adm2_psgc":1108600000,"adm3_psgc":1108601000,"adm4_psgc":1108601015,"adm4_en":"West Lamidan","geo_level":"Bgy","len_crs":36749,"area_crs":64035451,"len_km":36,"area_km2":64},"id":1108601015}]}}}