{"type":"Topology","arcs":[[[105,212],[33,-75]],[[138,137],[4,-14]],[[142,123],[-53,-2]],[[89,121],[-40,0]],[[49,121],[-38,29],[-11,112]],[[0,262],[105,-50]],[[570,83],[-32,-83],[-126,18]],[[412,18],[30,33]],[[442,51],[128,32]],[[257,512],[-100,-73]],[[157,439],[-92,-24]],[[65,415],[-25,100],[28,66]],[[68,581],[189,-69]],[[299,369],[-65,-36]],[[234,333],[34,73],[45,4]],[[313,410],[-14,-41]],[[341,366],[-54,-111]],[[287,255],[-36,4]],[[251,259],[-17,74]],[[299,369],[42,-3]],[[267,720],[27,-35]],[[294,685],[-226,-104]],[[68,581],[80,163]],[[148,744],[119,-24]],[[310,150],[-18,35]],[[292,185],[97,45]],[[389,230],[-79,-80]],[[89,121],[30,-46]],[[119,75],[-70,46]],[[142,123],[7,-57]],[[149,66],[-30,9]],[[180,201],[46,-33]],[[226,168],[7,-54]],[[233,114],[-95,23]],[[105,212],[75,-11]],[[233,114],[-5,-12]],[[228,102],[-8,-43]],[[220,59],[-71,7]],[[310,150],[-10,-24]],[[300,126],[-12,-29]],[[288,97],[-60,5]],[[226,168],[19,28]],[[245,196],[47,-11]],[[349,119],[-7,-80]],[[342,39],[-22,9]],[[320,48],[-35,42]],[[285,90],[3,7]],[[300,126],[49,-7]],[[460,122],[31,-1]],[[491,121],[-49,-70]],[[412,18],[-42,28]],[[370,46],[11,66],[45,29]],[[426,141],[34,-19]],[[251,259],[-37,0]],[[214,259],[-50,11],[-10,60]],[[154,330],[8,61]],[[162,391],[67,-10],[5,-48]],[[154,330],[-129,0]],[[25,330],[40,85]],[[157,439],[5,-48]],[[430,434],[-22,-106]],[[408,328],[-67,38]],[[313,410],[40,89]],[[353,499],[77,-65]],[[448,683],[-32,-189],[-63,5]],[[353,499],[-43,6]],[[310,505],[79,120],[4,59]],[[393,684],[55,-1]],[[310,505],[-53,7]],[[294,685],[99,-1]],[[214,259],[-34,-58]],[[0,262],[25,68]],[[408,328],[-19,-98]],[[245,196],[42,59]],[[579,130],[-9,-47]],[[491,121],[88,9]],[[264,765],[3,-45]],[[148,744],[39,61]],[[187,805],[77,-40]],[[595,680],[-147,3]],[[264,765],[124,56],[71,73]],[[459,894],[71,0],[65,-214]],[[400,158],[-51,-39]],[[389,230],[11,-72]],[[187,805],[7,55],[267,146],[-2,-112]],[[610,289],[-73,6]],[[537,295],[-33,152]],[[504,447],[95,106]],[[599,553],[77,-116],[6,-69],[-72,-79]],[[285,90],[-16,-42]],[[269,48],[-49,11]],[[320,48],[-51,0]],[[370,46],[-28,-7]],[[400,158],[26,-17]],[[610,289],[-2,-94],[-29,-65]],[[460,122],[74,108],[3,65]],[[430,434],[74,13]],[[595,680],[4,-127]]],"transform":{"scale":[0.00011995135630504935,0.0001467080775347976],"translate":[124.17737967100005,9.598845582000024]},"objects":{"bgysubmuns-municity-701247000":{"type":"GeometryCollection","geometries":[{"arcs":[[0,1,2,3,4,5]],"type":"Polygon","properties":{"adm1_psgc":700000000,"adm2_psgc":701200000,"adm3_psgc":701247000,"adm4_psgc":701247001,"adm4_en":"Adlawan","geo_level":"Bgy","len_crs":7539,"area_crs":2910693,"len_km":7,"area_km2":2},"id":701247001},{"arcs":[[6,7,8]],"type":"Polygon","properties":{"adm1_psgc":700000000,"adm2_psgc":701200000,"adm3_psgc":701247000,"adm4_psgc":701247002,"adm4_en":"Anas","geo_level":"Bgy","len_crs":6498,"area_crs":2165723,"len_km":6,"area_km2":2},"id":701247002},{"arcs":[[9,10,11,12]],"type":"Polygon","properties":{"adm1_psgc":700000000,"adm2_psgc":701200000,"adm3_psgc":701247000,"adm4_psgc":701247003,"adm4_en":"Anonang","geo_level":"Bgy","len_crs":9173,"area_crs":4280477,"len_km":9,"area_km2":4},"id":701247003},{"arcs":[[13,14,15]],"type":"Polygon","properties":{"adm1_psgc":700000000,"adm2_psgc":701200000,"adm3_psgc":701247000,"adm4_psgc":701247004,"adm4_en":"Anoyon","geo_level":"Bgy","len_crs":3843,"area_crs":762787,"len_km":3,"area_km2":0},"id":701247004},{"arcs":[[16,17,18,-14,19]],"type":"Polygon","properties":{"adm1_psgc":700000000,"adm2_psgc":701200000,"adm3_psgc":701247000,"adm4_psgc":701247005,"adm4_en":"Balingasao","geo_level":"Bgy","len_crs":5619,"area_crs":1463842,"len_km":5,"area_km2":1},"id":701247005},{"arcs":[[20,21,22,23]],"type":"Polygon","properties":{"adm1_psgc":700000000,"adm2_psgc":701200000,"adm3_psgc":701247000,"adm4_psgc":701247006,"adm4_en":"Botong","geo_level":"Bgy","len_crs":9021,"area_crs":3648064,"len_km":9,"area_km2":3},"id":701247006},{"arcs":[[24,25,26]],"type":"Polygon","properties":{"adm1_psgc":700000000,"adm2_psgc":701200000,"adm3_psgc":701247000,"adm4_psgc":701247007,"adm4_en":"Buyog","geo_level":"Bgy","len_crs":3969,"area_crs":658286,"len_km":3,"area_km2":0},"id":701247007},{"arcs":[[27,28,-4]],"type":"Polygon","properties":{"adm1_psgc":700000000,"adm2_psgc":701200000,"adm3_psgc":701247000,"adm4_psgc":701247008,"adm4_en":"Canduao Occidental","geo_level":"Bgy","len_crs":3211,"area_crs":529533,"len_km":3,"area_km2":0},"id":701247008},{"arcs":[[29,30,-28,-3]],"type":"Polygon","properties":{"adm1_psgc":700000000,"adm2_psgc":701200000,"adm3_psgc":701247000,"adm4_psgc":701247009,"adm4_en":"Canduao Oriental","geo_level":"Bgy","len_crs":3080,"area_crs":494531,"len_km":3,"area_km2":0},"id":701247009},{"arcs":[[31,32,33,-1,34]],"type":"Polygon","properties":{"adm1_psgc":700000000,"adm2_psgc":701200000,"adm3_psgc":701247000,"adm4_psgc":701247010,"adm4_en":"Canlusong","geo_level":"Bgy","len_crs":6281,"area_crs":1380104,"len_km":6,"area_km2":1},"id":701247010},{"arcs":[[35,36,37,-30,-2,-34]],"type":"Polygon","properties":{"adm1_psgc":700000000,"adm2_psgc":701200000,"adm3_psgc":701247000,"adm4_psgc":701247011,"adm4_en":"Canmanico","geo_level":"Bgy","len_crs":5002,"area_crs":1181462,"len_km":5,"area_km2":1},"id":701247011},{"arcs":[[-25,38,39,40,-36,-33,41,42]],"type":"Polygon","properties":{"adm1_psgc":700000000,"adm2_psgc":701200000,"adm3_psgc":701247000,"adm4_psgc":701247012,"adm4_en":"Cansibao","geo_level":"Bgy","len_crs":5017,"area_crs":1296339,"len_km":5,"area_km2":1},"id":701247012},{"arcs":[[43,44,45,46,-40,47]],"type":"Polygon","properties":{"adm1_psgc":700000000,"adm2_psgc":701200000,"adm3_psgc":701247000,"adm4_psgc":701247013,"adm4_en":"Catug-a","geo_level":"Bgy","len_crs":3847,"area_crs":681903,"len_km":3,"area_km2":0},"id":701247013},{"arcs":[[48,49,-8,50,51,52]],"type":"Polygon","properties":{"adm1_psgc":700000000,"adm2_psgc":701200000,"adm3_psgc":701247000,"adm4_psgc":701247014,"adm4_en":"Cutcutan","geo_level":"Bgy","len_crs":6007,"area_crs":1786243,"len_km":6,"area_km2":1},"id":701247014},{"arcs":[[-19,53,54,55,56]],"type":"Polygon","properties":{"adm1_psgc":700000000,"adm2_psgc":701200000,"adm3_psgc":701247000,"adm4_psgc":701247015,"adm4_en":"Danao","geo_level":"Bgy","len_crs":6279,"area_crs":2074617,"len_km":6,"area_km2":2},"id":701247015},{"arcs":[[-56,57,58,-11,59]],"type":"Polygon","properties":{"adm1_psgc":700000000,"adm2_psgc":701200000,"adm3_psgc":701247000,"adm4_psgc":701247016,"adm4_en":"Genoveva","geo_level":"Bgy","len_crs":6797,"area_crs":2152852,"len_km":6,"area_km2":2},"id":701247016},{"arcs":[[60,61,-20,-16,62,63]],"type":"Polygon","properties":{"adm1_psgc":700000000,"adm2_psgc":701200000,"adm3_psgc":701247000,"adm4_psgc":701247017,"adm4_en":"Ginopolan","geo_level":"Bgy","len_crs":7081,"area_crs":2574290,"len_km":7,"area_km2":2},"id":701247017},{"arcs":[[64,65,66,67]],"type":"Polygon","properties":{"adm1_psgc":700000000,"adm2_psgc":701200000,"adm3_psgc":701247000,"adm4_psgc":701247018,"adm4_en":"La Victoria","geo_level":"Bgy","len_crs":8394,"area_crs":2891584,"len_km":8,"area_km2":2},"id":701247018},{"arcs":[[-67,68,-13,-22,69]],"type":"Polygon","properties":{"adm1_psgc":700000000,"adm2_psgc":701200000,"adm3_psgc":701247000,"adm4_psgc":701247019,"adm4_en":"Lantang","geo_level":"Bgy","len_crs":11327,"area_crs":7058980,"len_km":11,"area_km2":7},"id":701247019},{"arcs":[[-55,70,-35,-6,71,-58]],"type":"Polygon","properties":{"adm1_psgc":700000000,"adm2_psgc":701200000,"adm3_psgc":701247000,"adm4_psgc":701247020,"adm4_en":"Limocon","geo_level":"Bgy","len_crs":8972,"area_crs":3842530,"len_km":8,"area_km2":3},"id":701247020},{"arcs":[[72,-26,-43,73,-17,-62]],"type":"Polygon","properties":{"adm1_psgc":700000000,"adm2_psgc":701200000,"adm3_psgc":701247000,"adm4_psgc":701247021,"adm4_en":"Loctob","geo_level":"Bgy","len_crs":8034,"area_crs":3145034,"len_km":8,"area_km2":3},"id":701247021},{"arcs":[[74,-9,-50,75]],"type":"Polygon","properties":{"adm1_psgc":700000000,"adm2_psgc":701200000,"adm3_psgc":701247000,