{"type":"Topology","arcs":[[[580,329],[90,-123]],[[670,206],[-63,-56],[-156,-112],[-57,-38],[-82,167],[-43,162]],[[269,329],[311,0]],[[1196,1024],[-26,-169]],[[1170,855],[-89,-3],[-121,16]],[[960,868],[10,8],[8,28],[12,15],[45,32],[8,-2],[4,108]],[[1047,1057],[149,-33]],[[196,906],[205,-357],[179,-220]],[[269,329],[-55,134],[-214,465],[196,-22]],[[960,868],[-29,161]],[[931,1029],[116,28]],[[1170,855],[-22,-143]],[[1148,712],[-191,-1]],[[957,711],[3,157]],[[957,711],[-106,-2]],[[851,709],[-26,73],[-38,182]],[[787,964],[144,65]],[[1473,651],[4,69]],[[1477,720],[176,2]],[[1653,722],[-6,-37],[-18,-27],[-31,12],[-5,-28],[-17,-34],[-11,-4],[-22,24],[-70,23]],[[1530,860],[19,-54],[21,-23],[25,-6],[23,9]],[[1618,786],[20,15],[23,42]],[[1661,843],[19,-1],[11,20],[15,-9],[-16,-25],[-32,-68],[-5,-38]],[[1477,720],[-9,87]],[[1468,807],[8,16],[2,42],[14,16],[18,-5],[20,-16]],[[1757,1052],[1,-13],[-53,-77]],[[1705,962],[-9,13],[-48,-45]],[[1648,930],[-37,-23]],[[1611,907],[-36,70],[-1,98]],[[1574,1075],[58,-10],[29,43],[28,-37],[20,-9],[48,-10]],[[1402,787],[59,14],[7,6]],[[1473,651],[-39,6],[-134,11]],[[1300,668],[22,147]],[[1322,815],[14,-26],[28,-18],[22,2],[16,14]],[[1219,666],[-83,-87],[-191,-115]],[[945,464],[-94,245]],[[1148,712],[71,-46]],[[1300,668],[-81,-2]],[[1196,1024],[94,-152],[32,-57]],[[1542,917],[-12,-57]],[[1402,787],[-1,87],[1,108]],[[1402,982],[140,-65]],[[1196,1024],[178,50]],[[1374,1074],[28,-92]],[[568,875],[238,-341],[64,-117]],[[870,417],[-93,-113],[-107,-98]],[[196,906],[372,-31]],[[1679,872],[-12,-3]],[[1667,869],[-2,7]],[[1665,876],[14,-4]],[[1611,907],[32,-8]],[[1643,899],[6,-19]],[[1649,880],[-24,-28],[-7,-29],[-13,-21],[13,-16]],[[1542,917],[15,4],[54,-14]],[[1667,869],[-7,-4]],[[1660,865],[-3,8]],[[1657,873],[4,1]],[[1661,874],[4,2]],[[1660,865],[-14,-7]],[[1646,858],[11,15]],[[1705,962],[9,-14],[36,-23]],[[1750,925],[-14,-31],[-50,-24],[-7,2]],[[1665,876],[-12,24]],[[1653,900],[-5,30]],[[1661,874],[-2,10]],[[1659,884],[-6,16]],[[1657,873],[-3,9]],[[1654,882],[5,2]],[[1646,858],[15,-15]],[[1649,880],[5,2]],[[1643,899],[11,-17]],[[945,464],[-75,-47]],[[568,875],[219,89]],[[1374,1074],[63,18],[85,-8],[52,-9]],[[1757,1052],[27,2],[17,27],[22,16],[0,18],[20,14],[18,1],[41,-32],[-35,-18],[-37,-34],[-33,-42],[-47,-79]]],"transform":{"scale":[0.00015449549263929466,0.00014179466991153734],"translate":[125.19247005000011,11.87214929500004]},"objects":{"bgysubmuns-municity-802605000":{"type":"GeometryCollection","geometries":[{"arcs":[[0,1,2]],"type":"Polygon","properties":{"adm1_psgc":800000000,"adm2_psgc":802600000,"adm3_psgc":802605000,"adm4_psgc":802605001,"adm4_en":"Balagon","geo_level":"Bgy","len_crs":18970,"area_crs":21664733,"len_km":18,"area_km2":21},"id":802605001},{"arcs":[[3,4,5,6]],"type":"Polygon","properties":{"adm1_psgc":800000000,"adm2_psgc":802600000,"adm3_psgc":802605000,"adm4_psgc":802605002,"adm4_en":"Baruk","geo_level":"Bgy","len_crs":12551,"area_crs":8154792,"len_km":12,"area_km2":8},"id":802605002},{"arcs":[[7,-3,8]],"type":"Polygon","properties":{"adm1_psgc":800000000,"adm2_psgc":802600000,"adm3_psgc":802605000,"adm4_psgc":802605003,"adm4_en":"Boco","geo_level":"Bgy","len_crs":30163,"area_crs":35562849,"len_km":30,"area_km2":35},"id":802605003},{"arcs":[[9,10,-6]],"type":"Polygon","properties":{"adm1_psgc":800000000,"adm2_psgc":802600000,"adm3_psgc":802605000,"adm4_psgc":802605004,"adm4_en":"Caghalong","geo_level":"Bgy","len_crs":8334,"area_crs":3457940,"len_km":8,"area_km2":3},"id":802605004},{"arcs":[[11,12,13,-5]],"type":"Polygon","properties":{"adm1_psgc":800000000,"adm2_psgc":802600000,"adm3_psgc":802605000,"adm4_psgc":802605005,"adm4_en":"Camantang","geo_level":"Bgy","len_crs":11524,"area_crs":7783807,"len_km":11,"area_km2":7},"id":802605005},{"arcs":[[-14,14,15,16,-10]],"type":"Polygon","properties":{"adm1_psgc":800000000,"adm2_psgc":802600000,"adm3_psgc":802605000,"adm4_psgc":802605007,"adm4_en":"Can-ilay","geo_level":"Bgy","len_crs":13607,"area_crs":10807092,"len_km":13,"area_km2":10},"id":802605007},{"arcs":[[17,18,19]],"type":"Polygon","properties":{"adm1_psgc":800000000,"adm2_psgc":802600000,"adm3_psgc":802605000,"adm4_psgc":802605008,"adm4_en":"Cansangaya","geo_level":"Bgy","len_crs":12742,"area_crs":3577505,"len_km":12,"area_km2":3},"id":802605008},{"arcs":[[20,21,22,-19,23,24]],"type":"Polygon","properties":{"adm1_psgc":800000000,"adm2_psgc":802600000,"adm3_psgc":802605000,"adm4_psgc":802605009,"adm4_en":"Canteros","geo_level":"Bgy","len_crs":13409,"area_crs":5334041,"len_km":13,"area_km2":5},"id":802605009},{"arcs":[[25,26,27,28,29]],"type":"Polygon","properties":{"adm1_psgc":800000000,"adm2_psgc":802600000,"adm3_psgc":802605000,"adm4_psgc":802605010,"adm4_en":"Carolina","geo_level":"Bgy","len_crs":10363,"area_crs":5511687,"len_km":10,"area_km2":5},"id":802605010},{"arcs":[[30,-24,-18,31,32,33]],"type":"Polygon","properties":{"adm1_psgc":800000000,"adm2_psgc":802600000,"adm3_psgc":802605000,"adm4_psgc":802605011,"adm4_en":"Guibuangan","geo_level":"Bgy","len_crs":10644,"area_crs":5546953,"len_km":10,"area_km2":5},"id":802605011},{"arcs":[[34,35,-15,-13,36]],"type":"Polygon","properties":{"adm1_psgc":800000000,"adm2_psgc":802600000,"adm3_psgc":802605000,"adm4_psgc":802605012,"adm4_en":"Jepaco","geo_level":"Bgy","len_crs":16206,"area_crs":14186152,"len_km":16,"area_km2":14},"id":802605012},{"arcs":[[-33,37,-37,-12,-4,38]],"type":"Polygon","properties":{"adm1_psgc":800000000,"adm2_psgc":802600000,"adm3_psgc":802605000,"adm4_psgc":802605013,"adm4_en":"Mabuhay","geo_level":"Bgy","len_crs":13961,"area_crs":10159690,"len_km":13,"area_km2":10},"id":802605013},{"arcs":[[39,-25,-31,40,41]],"type":"Polygon","properties":{"adm1_psgc":800000000,"adm2_psgc":802600000,"adm3_psgc":802605000,"adm4_psgc":802605014,"adm4_en":"Malogo","geo_level":"Bgy","len_crs":9777,"area_crs":4298222,"len_km":9,"area_km2":4},"id":802605014},{"arcs":[[-41,-34,-39,42,43]],"type":"Polygon","properties":{"adm1_psgc":800000000,"adm2_psgc":802600000,"adm3_psgc":802605000,"adm4_psgc":802605015,"adm4_en":"Obong","geo_level":"Bgy","len_crs":13358,"area_crs":9700418,"len_km":13,"area_km2":9},"id":802605015},{"arcs":[[44,45,-1,-8,46]],"type":"Polygon","properties":{"adm1_psgc":800000000,"adm2_psgc":802600000,"adm3_psgc":802605000,"adm4_psgc":802605016,"adm4_en":"Pandol","geo_level":"Bgy","len_crs":33433,"area_crs":57281249,"len_km":33,"area_km2":57},"id":802605016},{"arcs":[[47,48,49]],"type":"Polygon","properties":{"adm1_psgc":800000000,"adm2_psgc":802600000,"adm3_psgc":802605000,"adm4_psgc":802605018,"adm4_en":"Barangay 1 Poblacion","geo_level":"Bgy","len_crs":710,"area_crs":23467,"len_km":0,"area_km2":0},"id":802605018},{"arcs":[[50,51,52,-21,-40,53]],"type":"Polygon","properties":{"adm1_psgc":800000000,"adm2_psgc":802600000,"adm3_psgc":802605000,"adm4_psgc":802605019,"adm4_en":"Barangay 10 Poblacion","geo_level":"Bgy","len_crs":7284,"area_crs":2929790,"len_km":7,"area_km2":2},"id":802605019},{"arcs":[[54,55,56,57,-49]],"type":"Polygon","properties":{"adm1_psgc":800000000,"adm2_psgc":802600000,"adm3_psgc":802605000,"adm4_psgc":802605020,"adm4_en":"Barangay 2 Poblacion","geo_level":"Bgy","len_crs":634,"area_crs":16801,"len_km":0,"area_km2":0},"id":802605020},{"arcs":[[58,59,-56]],"type":"Polygon","properties":{"adm1_psgc":800000000,"adm2_psgc":802600000,"adm3_psgc":802605000,"adm4_psgc":802605021,"adm4_en":"Barangay 3 Poblacion","geo_level":"Bgy","len_crs":959,"area_crs":29912,"len_km":0,"area_km2":0},"id":802605021},{"arcs":[[60,61,-50,62,63,-27]],"type":"Polygon","properties":{"adm1_psgc":800000000,"adm2_psgc":802600000,"adm3_psgc":802605000,"adm4_psgc":802605022,"adm4_en":"Barangay 4 Poblacion","geo_level":"Bgy","len_crs":5414,"area_crs":1646547,"len_km":5,"area_km2":1},"id":802605022},{"arcs":[[-58,64,65,-63]],"type":"Polygon","properties":{"adm1_psgc":800000000,"adm2_psgc":802600000,"adm3_psgc":802605000,"adm4_psgc":802605023,"adm4_en":"Barangay 5 Poblacion","geo_level":"Bgy","len_crs":986,"area_crs":19544,"len_km":0,"area_km2":0},