{"type":"Topology","arcs":[[[1634,2088],[-25,-54],[-49,-25],[-8,-47],[-50,19],[-129,-57],[-11,-28],[-67,-80],[-20,19]],[[1275,1835],[-89,116]],[[1186,1951],[120,107],[22,27],[39,-21],[104,-6],[163,30]],[[758,2159],[196,-63],[72,4]],[[1026,2100],[22,-63]],[[1048,2037],[-49,-25]],[[999,2012],[-36,-20],[-92,0],[-237,65]],[[634,2057],[53,88],[71,14]],[[1008,1893],[-19,-53],[6,-40]],[[995,1800],[-43,-24],[-50,-3],[-49,-150]],[[853,1623],[-84,60],[-53,10],[-52,56]],[[664,1749],[165,177],[179,-33]],[[995,1800],[78,-14],[15,-93]],[[1088,1693],[-59,-99],[-47,-35],[-87,13],[-42,51]],[[1204,2287],[17,-39],[21,-125],[-94,-71],[-19,-22]],[[1129,2030],[-24,31]],[[1105,2061],[49,95],[11,41],[-84,117]],[[1081,2314],[59,10],[64,-37]],[[1105,2061],[-21,-66],[-36,42]],[[1026,2100],[-28,124]],[[998,2224],[-26,145]],[[972,2369],[40,-30],[69,-25]],[[0,2019],[60,-34],[-7,-96],[38,-120],[19,-31],[-39,-49],[-58,-4],[-12,27],[28,64],[8,59],[-30,92],[-7,92]],[[999,2012],[-13,-71],[22,-48]],[[664,1749],[-33,31],[-95,51],[33,34],[28,53],[-4,70],[36,36],[5,33]],[[1186,1951],[-57,79]],[[1204,2287],[186,132]],[[1390,2419],[30,-10],[94,-69],[52,-24],[79,-59],[23,-28],[21,-76],[-10,-46],[-45,-19]],[[2295,573],[-13,-41],[64,-98],[-62,24],[-44,2],[-20,-47],[-23,6],[8,49],[21,20],[31,75],[38,10]],[[972,2369],[-16,118]],[[956,2487],[59,23],[23,36],[35,16],[49,88],[42,40],[80,2],[-4,-34],[53,-101],[10,-38],[87,-100]],[[998,2224],[-37,-10],[-211,22]],[[750,2236],[33,57],[55,28],[3,43],[59,49],[10,28],[46,46]],[[1275,1835],[-44,-10],[-54,-108],[-84,-41],[-5,17]],[[758,2159],[-26,19],[18,58]]],"transform":{"scale":[0.000032721156676745356,0.00003294424294205445],"translate":[123.91438911100012,10.190894479000061]},"objects":{"bgysubmuns-municity-702220000":{"type":"GeometryCollection","geometries":[{"arcs":[[0,1,2]],"type":"Polygon","properties":{"adm1_psgc":700000000,"adm2_psgc":702200000,"adm3_psgc":702220000,"adm4_psgc":702220001,"adm4_en":"Alegria","geo_level":"Bgy","len_crs":6381,"area_crs":656272,"len_km":6,"area_km2":0},"id":702220001},{"arcs":[[3,4,5,6,7]],"type":"Polygon","properties":{"adm1_psgc":700000000,"adm2_psgc":702200000,"adm3_psgc":702220000,"adm4_psgc":702220002,"adm4_en":"Bangbang","geo_level":"Bgy","len_crs":3794,"area_crs":577758,"len_km":3,"area_km2":0},"id":702220002},{"arcs":[[8,9,10,11]],"type":"Polygon","properties":{"adm1_psgc":700000000,"adm2_psgc":702200000,"adm3_psgc":702220000,"adm4_psgc":702220003,"adm4_en":"Buagsong","geo_level":"Bgy","len_crs":3818,"area_crs":686304,"len_km":3,"area_km2":0},"id":702220003},{"arcs":[[12,13,-10]],"type":"Polygon","properties":{"adm1_psgc":700000000,"adm2_psgc":702200000,"adm3_psgc":702220000,"adm4_psgc":702220004,"adm4_en":"Catarman","geo_level":"Bgy","len_crs":3078,"area_crs":539732,"len_km":3,"area_km2":0},"id":702220004},{"arcs":[[14,15,16,17]],"type":"Polygon","properties":{"adm1_psgc":700000000,"adm2_psgc":702200000,"adm3_psgc":702220000,"adm4_psgc":702220005,"adm4_en":"Cogon","geo_level":"Bgy","len_crs":2880,"area_crs":300365,"len_km":2,"area_km2":0},"id":702220005},{"arcs":[[-17,18,-5,19,20,21]],"type":"Polygon","properties":{"adm1_psgc":700000000,"adm2_psgc":702200000,"adm3_psgc":702220000,"adm4_psgc":702220006,"adm4_en":"Dapitan","geo_level":"Bgy","len_crs":3275,"area_crs":486667,"len_km":3,"area_km2":0},"id":702220006},{"arcs":[[[22]],[[-7,23,-12,24]]],"type":"MultiPolygon","properties":{"adm1_psgc":700000000,"adm2_psgc":702200000,"adm3_psgc":702220000,"adm4_psgc":702220007,"adm4_en":"Day-as","geo_level":"Bgy","len_crs":10322,"area_crs":1107371,"len_km":10,"area_km2":1},"id":702220007},{"arcs":[[-3,25,-15,26,27]],"type":"Polygon","properties":{"adm1_psgc":700000000,"adm2_psgc":702200000,"adm3_psgc":702220000,"adm4_psgc":702220008,"adm4_en":"Gabi","geo_level":"Bgy","len_crs":6172,"area_crs":1756546,"len_km":6,"area_km2":1},"id":702220008},{"arcs":[[28]],"type":"Polygon","properties":{"adm1_psgc":700000000,"adm2_psgc":702200000,"adm3_psgc":702220000,"adm4_psgc":702220009,"adm4_en":"Gilutongan","geo_level":"Bgy","len_crs":3444,"area_crs":137868,"len_km":3,"area_km2":0},"id":702220009},{"arcs":[[-27,-18,-22,29,30]],"type":"Polygon","properties":{"adm1_psgc":700000000,"adm2_psgc":702200000,"adm3_psgc":702220000,"adm4_psgc":702220010,"adm4_en":"Ibabao","geo_level":"Bgy","len_crs":4847,"area_crs":1330833,"len_km":4,"area_km2":1},"id":702220010},{"arcs":[[-21,31,32,-30]],"type":"Polygon","properties":{"adm1_psgc":700000000,"adm2_psgc":702200000,"adm3_psgc":702220000,"adm4_psgc":702220011,"adm4_en":"Pilipog","geo_level":"Bgy","len_crs":3174,"area_crs":448847,"len_km":3,"area_km2":0},"id":702220011},{"arcs":[[-26,-2,33,-13,-9,-24,-6,-19,-16]],"type":"Polygon","properties":{"adm1_psgc":700000000,"adm2_psgc":702200000,"adm3_psgc":702220000,"adm4_psgc":702220012,"adm4_en":"Poblacion","geo_level":"Bgy","len_crs":7293,"area_crs":810195,"len_km":7,"area_km2":0},"id":702220012},{"arcs":[[-20,-4,34,-32]],"type":"Polygon","properties":{"adm1_psgc":700000000,"adm2_psgc":702200000,"adm3_psgc":702220000,"adm4_psgc":702220013,"adm4_en":"San Miguel","geo_level":"Bgy","len_crs":2938,"area_crs":352304,"len_km":2,"area_km2":0},"id":702220013}]}}}